ts_event,open,high,low,close,volume
2026-05-22 06:40:00+00:00,159.103,159.113,159.102,159.112,0
2026-05-22 06:41:00+00:00,159.113,159.114,159.105,159.109,0
2026-05-22 06:42:00+00:00,159.107,159.111,159.09,159.092,0
2026-05-22 06:43:00+00:00,159.094,159.103,159.094,159.1,0
2026-05-22 06:44:00+00:00,159.1,159.11,159.091,159.091,0
2026-05-22 06:45:00+00:00,159.09,159.106,159.09,159.102,0
2026-05-22 06:46:00+00:00,159.102,159.112,159.1,159.112,0
2026-05-22 06:47:00+00:00,159.111,159.114,159.106,159.113,0
2026-05-22 06:48:00+00:00,159.112,159.124,159.11,159.119,0
2026-05-22 06:49:00+00:00,159.118,159.123,159.115,159.12,0
2026-05-22 06:50:00+00:00,159.121,159.126,159.118,159.12,0
2026-05-22 06:51:00+00:00,159.117,159.117,159.113,159.116,0
2026-05-22 06:52:00+00:00,159.114,159.125,159.113,159.114,0
2026-05-22 06:53:00+00:00,159.115,159.125,159.112,159.118,0
2026-05-22 06:54:00+00:00,159.118,159.128,159.115,159.119,0
2026-05-22 06:55:00+00:00,159.118,159.122,159.107,159.109,0
2026-05-22 06:56:00+00:00,159.109,159.111,159.104,159.106,0
2026-05-22 06:57:00+00:00,159.107,159.11,159.105,159.105,0
2026-05-22 06:58:00+00:00,159.103,159.11,159.1,159.105,0
2026-05-22 06:59:00+00:00,159.106,159.111,159.104,159.106,0
2026-05-22 07:00:00+00:00,159.104,159.127,159.103,159.12,0
2026-05-22 07:01:00+00:00,159.123,159.127,159.115,159.126,0
2026-05-22 07:02:00+00:00,159.125,159.128,159.116,159.116,0
2026-05-22 07:03:00+00:00,159.118,159.126,159.108,159.116,0
2026-05-22 07:04:00+00:00,159.117,159.12,159.113,159.114,0
2026-05-22 07:05:00+00:00,159.113,159.12,159.113,159.119,0
2026-05-22 07:06:00+00:00,159.119,159.119,159.114,159.115,0
2026-05-22 07:07:00+00:00,159.114,159.127,159.113,159.127,0
2026-05-22 07:08:00+00:00,159.128,159.13,159.128,159.13,0
2026-05-22 07:09:00+00:00,159.129,159.138,159.12,159.12,0
2026-05-22 07:10:00+00:00,159.12,159.127,159.118,159.127,0
2026-05-22 07:11:00+00:00,159.125,159.13,159.124,159.129,0
2026-05-22 07:12:00+00:00,159.13,159.131,159.128,159.13,0
2026-05-22 07:13:00+00:00,159.131,159.136,159.131,159.134,0
2026-05-22 07:14:00+00:00,159.132,159.141,159.128,159.136,0
2026-05-22 07:15:00+00:00,159.138,159.14,159.117,159.117,0
2026-05-22 07:16:00+00:00,159.118,159.123,159.117,159.121,0
2026-05-22 07:17:00+00:00,159.121,159.123,159.115,159.119,0
2026-05-22 07:18:00+00:00,159.121,159.131,159.121,159.127,0
2026-05-22 07:19:00+00:00,159.126,159.137,159.125,159.127,0
2026-05-22 07:20:00+00:00,159.127,159.136,159.127,159.132,0
2026-05-22 07:21:00+00:00,159.131,159.137,159.125,159.132,0
2026-05-22 07:22:00+00:00,159.132,159.132,159.115,159.122,0
2026-05-22 07:23:00+00:00,159.121,159.124,159.116,159.12,0
2026-05-22 07:24:00+00:00,159.122,159.124,159.12,159.124,0
2026-05-22 07:25:00+00:00,159.126,159.129,159.123,159.123,0
2026-05-22 07:26:00+00:00,159.124,159.125,159.114,159.12,0
2026-05-22 07:27:00+00:00,159.119,159.119,159.112,159.115,0
2026-05-22 07:28:00+00:00,159.116,159.122,159.115,159.117,0
2026-05-22 07:29:00+00:00,159.113,159.122,159.112,159.118,0
2026-05-22 07:30:00+00:00,159.119,159.124,159.114,159.117,0
2026-05-22 07:31:00+00:00,159.118,159.133,159.116,159.128,0
2026-05-22 07:32:00+00:00,159.128,159.133,159.127,159.13,0
2026-05-22 07:33:00+00:00,159.131,159.137,159.126,159.126,0
2026-05-22 07:34:00+00:00,159.126,159.131,159.126,159.128,0
2026-05-22 07:35:00+00:00,159.129,159.132,159.122,159.125,0
2026-05-22 07:36:00+00:00,159.125,159.136,159.125,159.134,0
2026-05-22 07:37:00+00:00,159.133,159.135,159.124,159.125,0
2026-05-22 07:38:00+00:00,159.126,159.126,159.116,159.124,0
2026-05-22 07:39:00+00:00,159.125,159.133,159.125,159.131,0
2026-05-22 07:40:00+00:00,159.132,159.136,159.125,159.125,0
2026-05-22 07:41:00+00:00,159.125,159.128,159.125,159.127,0
2026-05-22 07:42:00+00:00,159.126,159.131,159.126,159.13,0
2026-05-22 07:43:00+00:00,159.128,159.133,159.127,159.13,0
2026-05-22 07:44:00+00:00,159.129,159.132,159.128,159.129,0
2026-05-22 07:45:00+00:00,159.13,159.131,159.126,159.126,0
2026-05-22 07:46:00+00:00,159.127,159.129,159.121,159.125,0
2026-05-22 07:47:00+00:00,159.125,159.125,159.116,159.118,0
2026-05-22 07:48:00+00:00,159.117,159.121,159.117,159.12,0
2026-05-22 07:49:00+00:00,159.121,159.124,159.114,159.12,0
2026-05-22 07:50:00+00:00,159.121,159.127,159.12,159.124,0
2026-05-22 07:51:00+00:00,159.122,159.133,159.122,159.131,0
2026-05-22 07:52:00+00:00,159.129,159.129,159.126,159.126,0
2026-05-22 07:53:00+00:00,159.127,159.129,159.127,159.129,0
2026-05-22 07:54:00+00:00,159.129,159.129,159.12,159.128,0
2026-05-22 07:55:00+00:00,159.129,159.142,159.128,159.136,0
2026-05-22 07:56:00+00:00,159.133,159.141,159.133,159.133,0
2026-05-22 07:57:00+00:00,159.132,159.132,159.12,159.132,0
2026-05-22 07:58:00+00:00,159.13,159.133,159.128,159.131,0
2026-05-22 07:59:00+00:00,159.128,159.137,159.127,159.129,0
2026-05-22 08:00:00+00:00,159.13,159.135,159.116,159.132,0
2026-05-22 08:01:00+00:00,159.133,159.135,159.114,159.127,0
2026-05-22 08:02:00+00:00,159.128,159.129,159.117,159.124,0
2026-05-22 08:03:00+00:00,159.125,159.125,159.118,159.121,0
2026-05-22 08:04:00+00:00,159.12,159.126,159.12,159.126,0
2026-05-22 08:05:00+00:00,159.127,159.13,159.123,159.123,0
2026-05-22 08:06:00+00:00,159.125,159.127,159.121,159.125,0
2026-05-22 08:07:00+00:00,159.122,159.128,159.115,159.121,0
2026-05-22 08:08:00+00:00,159.122,159.127,159.119,159.127,0
2026-05-22 08:09:00+00:00,159.127,159.127,159.11,159.116,0
2026-05-22 08:10:00+00:00,159.117,159.121,159.107,159.109,0
2026-05-22 08:11:00+00:00,159.108,159.115,159.101,159.115,0
2026-05-22 08:12:00+00:00,159.114,159.117,159.105,159.117,0
2026-05-22 08:13:00+00:00,159.115,159.129,159.115,159.126,0
2026-05-22 08:14:00+00:00,159.124,159.127,159.114,159.127,0
2026-05-22 08:15:00+00:00,159.127,159.127,159.106,159.113,0
2026-05-22 08:16:00+00:00,159.114,159.115,159.103,159.106,0
2026-05-22 08:17:00+00:00,159.104,159.109,159.093,159.098,0
2026-05-22 08:18:00+00:00,159.1,159.1,159.082,159.09,0
2026-05-22 08:19:00+00:00,159.09,159.092,159.081,159.081,0
2026-05-22 08:20:00+00:00,159.08,159.084,159.054,159.054,0
2026-05-22 08:21:00+00:00,159.054,159.09,159.054,159.09,0
2026-05-22 08:22:00+00:00,159.093,159.1,159.091,159.092,0
2026-05-22 08:23:00+00:00,159.092,159.101,159.092,159.096,0
2026-05-22 08:24:00+00:00,159.094,159.096,159.09,159.09,0
2026-05-22 08:25:00+00:00,159.091,159.091,159.076,159.084,0
2026-05-22 08:26:00+00:00,159.084,159.09,159.082,159.084,0
2026-05-22 08:27:00+00:00,159.085,159.091,159.085,159.086,0
2026-05-22 08:28:00+00:00,159.087,159.105,159.087,159.095,0
2026-05-22 08:29:00+00:00,159.093,159.095,159.087,159.087,0
2026-05-22 08:30:00+00:00,159.086,159.092,159.086,159.09,0
2026-05-22 08:31:00+00:00,159.092,159.104,159.092,159.093,0
2026-05-22 08:32:00+00:00,159.093,159.103,159.093,159.098,0
2026-05-22 08:33:00+00:00,159.099,159.111,159.096,159.101,0
2026-05-22 08:34:00+00:00,159.102,159.129,159.098,159.11,0
2026-05-22 08:35:00+00:00,159.113,159.128,159.108,159.109,0
2026-05-22 08:36:00+00:00,159.11,159.118,159.101,159.101,0
2026-05-22 08:37:00+00:00,159.106,159.106,159.094,159.1,0
2026-05-22 08:38:00+00:00,159.101,159.112,159.09,159.096,0
2026-05-22 08:39:00+00:00,159.098,159.101,159.087,159.094,0
2026-05-22 08:40:00+00:00,159.095,159.101,159.091,159.092,0
2026-05-22 08:41:00+00:00,159.092,159.099,159.088,159.092,0
2026-05-22 08:42:00+00:00,159.09,159.092,159.085,159.09,0
2026-05-22 08:43:00+00:00,159.09,159.092,159.082,159.091,0
2026-05-22 08:44:00+00:00,159.092,159.105,159.091,159.104,0
2026-05-22 08:45:00+00:00,159.104,159.104,159.091,159.092,0
2026-05-22 08:46:00+00:00,159.092,159.093,159.087,159.091,0
2026-05-22 08:47:00+00:00,159.091,159.099,159.091,159.095,0
2026-05-22 08:48:00+00:00,159.095,159.099,159.094,159.094,0
2026-05-22 08:49:00+00:00,159.096,159.099,159.096,159.099,0
2026-05-22 08:50:00+00:00,159.099,159.099,159.088,159.088,0
2026-05-22 08:51:00+00:00,159.088,159.09,159.078,159.08,0
2026-05-22 08:52:00+00:00,159.082,159.088,159.065,159.065,0
2026-05-22 08:53:00+00:00,159.068,159.075,159.059,159.074,0
2026-05-22 08:54:00+00:00,159.075,159.075,159.064,159.074,0
2026-05-22 08:55:00+00:00,159.073,159.089,159.07,159.089,0
2026-05-22 08:56:00+00:00,159.088,159.088,159.077,159.086,0
2026-05-22 08:57:00+00:00,159.086,159.095,159.085,159.094,0
2026-05-22 08:58:00+00:00,159.095,159.098,159.067,159.077,0
2026-05-22 08:59:00+00:00,159.075,159.1,159.075,159.09,0
2026-05-22 09:00:00+00:00,159.09,159.111,159.09,159.097,0
2026-05-22 09:01:00+00:00,159.098,159.109,159.097,159.101,0
2026-05-22 09:02:00+00:00,159.099,159.099,159.083,159.086,0
2026-05-22 09:03:00+00:00,159.086,159.1,159.086,159.1,0
2026-05-22 09:04:00+00:00,159.099,159.099,159.089,159.089,0
2026-05-22 09:05:00+00:00,159.094,159.1,159.091,159.091,0
2026-05-22 09:06:00+00:00,159.093,159.098,159.087,159.096,0
2026-05-22 09:07:00+00:00,159.094,159.101,159.09,159.094,0
2026-05-22 09:08:00+00:00,159.093,159.099,159.091,159.094,0
2026-05-22 09:09:00+00:00,159.095,159.097,159.089,159.092,0
2026-05-22 09:10:00+00:00,159.091,159.098,159.09,159.098,0
2026-05-22 09:11:00+00:00,159.098,159.101,159.098,159.101,0
2026-05-22 09:12:00+00:00,159.103,159.109,159.102,159.102,0
2026-05-22 09:13:00+00:00,159.103,159.103,159.097,159.101,0
2026-05-22 09:14:00+00:00,159.102,159.111,159.101,159.111,0
2026-05-22 09:15:00+00:00,159.111,159.128,159.111,159.127,0
2026-05-22 09:16:00+00:00,159.128,159.13,159.126,159.127,0
2026-05-22 09:17:00+00:00,159.126,159.141,159.126,159.141,0
2026-05-22 09:18:00+00:00,159.142,159.145,159.136,159.138,0
2026-05-22 09:19:00+00:00,159.138,159.139,159.135,159.137,0
2026-05-22 09:20:00+00:00,159.135,159.144,159.135,159.139,0
2026-05-22 09:21:00+00:00,159.138,159.138,159.127,159.133,0
2026-05-22 09:22:00+00:00,159.132,159.134,159.13,159.132,0
2026-05-22 09:23:00+00:00,159.132,159.133,159.127,159.127,0
2026-05-22 09:24:00+00:00,159.128,159.134,159.128,159.132,0
2026-05-22 09:25:00+00:00,159.131,159.137,159.124,159.125,0
2026-05-22 09:26:00+00:00,159.127,159.128,159.126,159.126,0
2026-05-22 09:27:00+00:00,159.125,159.128,159.124,159.126,0
2026-05-22 09:28:00+00:00,159.127,159.129,159.126,159.126,0
2026-05-22 09:29:00+00:00,159.127,159.139,159.127,159.137,0
2026-05-22 09:30:00+00:00,159.137,159.137,159.13,159.135,0
2026-05-22 09:31:00+00:00,159.133,159.134,159.122,159.123,0
2026-05-22 09:32:00+00:00,159.122,159.125,159.122,159.123,0
2026-05-22 09:33:00+00:00,159.121,159.123,159.114,159.122,0
2026-05-22 09:34:00+00:00,159.123,159.125,159.123,159.124,0
2026-05-22 09:35:00+00:00,159.122,159.122,159.118,159.121,0
2026-05-22 09:36:00+00:00,159.122,159.123,159.118,159.123,0
2026-05-22 09:37:00+00:00,159.124,159.124,159.122,159.123,0
2026-05-22 09:38:00+00:00,159.123,159.125,159.117,159.123,0
2026-05-22 09:39:00+00:00,159.121,159.121,159.114,159.115,0
2026-05-22 09:40:00+00:00,159.115,159.123,159.115,159.115,0
2026-05-22 09:41:00+00:00,159.116,159.119,159.115,159.115,0
2026-05-22 09:42:00+00:00,159.119,159.123,159.119,159.122,0
2026-05-22 09:43:00+00:00,159.122,159.123,159.122,159.122,0
2026-05-22 09:44:00+00:00,159.123,159.125,159.121,159.123,0
2026-05-22 09:45:00+00:00,159.126,159.126,159.119,159.121,0
2026-05-22 09:46:00+00:00,159.121,159.124,159.121,159.122,0
2026-05-22 09:47:00+00:00,159.123,159.123,159.116,159.116,0
2026-05-22 09:48:00+00:00,159.117,159.122,159.117,159.122,0
2026-05-22 09:49:00+00:00,159.122,159.123,159.118,159.12,0
2026-05-22 09:50:00+00:00,159.12,159.12,159.115,159.116,0
2026-05-22 09:51:00+00:00,159.117,159.122,159.115,159.122,0
2026-05-22 09:52:00+00:00,159.123,159.123,159.115,159.115,0
2026-05-22 09:53:00+00:00,159.12,159.12,159.115,159.115,0
2026-05-22 09:54:00+00:00,159.113,159.113,159.103,159.104,0
2026-05-22 09:55:00+00:00,159.103,159.103,159.096,159.099,0
2026-05-22 09:56:00+00:00,159.099,159.102,159.098,159.1,0
2026-05-22 09:57:00+00:00,159.101,159.108,159.082,159.108,0
2026-05-22 09:58:00+00:00,159.107,159.119,159.103,159.114,0
2026-05-22 09:59:00+00:00,159.113,159.113,159.101,159.101,0
2026-05-22 10:00:00+00:00,159.1,159.102,159.095,159.095,0
2026-05-22 10:01:00+00:00,159.096,159.1,159.091,159.093,0
2026-05-22 10:02:00+00:00,159.093,159.096,159.087,159.089,0
2026-05-22 10:03:00+00:00,159.09,159.098,159.089,159.09,0
2026-05-22 10:04:00+00:00,159.091,159.094,159.09,159.09,0
2026-05-22 10:05:00+00:00,159.088,159.09,159.082,159.084,0
2026-05-22 10:06:00+00:00,159.082,159.086,159.079,159.086,0
2026-05-22 10:07:00+00:00,159.087,159.09,159.087,159.088,0
2026-05-22 10:08:00+00:00,159.089,159.089,159.083,159.085,0
2026-05-22 10:09:00+00:00,159.085,159.085,159.082,159.085,0
2026-05-22 10:10:00+00:00,159.085,159.085,159.078,159.081,0
2026-05-22 10:11:00+00:00,159.081,159.086,159.08,159.08,0
2026-05-22 10:12:00+00:00,159.079,159.086,159.079,159.085,0
2026-05-22 10:13:00+00:00,159.086,159.09,159.085,159.089,0
2026-05-22 10:14:00+00:00,159.09,159.098,159.09,159.097,0
2026-05-22 10:15:00+00:00,159.101,159.104,159.1,159.102,0
2026-05-22 10:16:00+00:00,159.103,159.112,159.101,159.103,0
2026-05-22 10:17:00+00:00,159.102,159.102,159.1,159.1,0
2026-05-22 10:18:00+00:00,159.101,159.101,159.091,159.092,0
2026-05-22 10:19:00+00:00,159.092,159.1,159.092,159.096,0
2026-05-22 10:20:00+00:00,159.096,159.111,159.096,159.111,0
2026-05-22 10:21:00+00:00,159.108,159.11,159.105,159.108,0
2026-05-22 10:22:00+00:00,159.104,159.104,159.09,159.098,0
2026-05-22 10:23:00+00:00,159.098,159.102,159.098,159.1,0
2026-05-22 10:24:00+00:00,159.101,159.101,159.096,159.096,0
2026-05-22 10:25:00+00:00,159.097,159.1,159.097,159.1,0
2026-05-22 10:26:00+00:00,159.101,159.11,159.101,159.102,0
2026-05-22 10:27:00+00:00,159.101,159.102,159.097,159.099,0
2026-05-22 10:28:00+00:00,159.099,159.099,159.098,159.099,0
2026-05-22 10:29:00+00:00,159.1,159.111,159.1,159.111,0
2026-05-22 10:30:00+00:00,159.109,159.111,159.103,159.107,0
2026-05-22 10:31:00+00:00,159.108,159.121,159.108,159.116,0
2026-05-22 10:32:00+00:00,159.117,159.123,159.116,159.122,0
2026-05-22 10:33:00+00:00,159.12,159.122,159.115,159.121,0
2026-05-22 10:34:00+00:00,159.121,159.132,159.12,159.128,0
2026-05-22 10:35:00+00:00,159.125,159.132,159.113,159.114,0
2026-05-22 10:36:00+00:00,159.116,159.122,159.116,159.12,0
2026-05-22 10:37:00+00:00,159.12,159.121,159.115,159.115,0
2026-05-22 10:38:00+00:00,159.113,159.119,159.113,159.115,0
2026-05-22 10:39:00+00:00,159.113,159.115,159.112,159.114,0
2026-05-22 10:40:00+00:00,159.115,159.115,159.114,159.115,0
2026-05-22 10:41:00+00:00,159.115,159.121,159.115,159.115,0
2026-05-22 10:42:00+00:00,159.116,159.123,159.114,159.122,0
2026-05-22 10:43:00+00:00,159.124,159.124,159.113,159.115,0
2026-05-22 10:44:00+00:00,159.116,159.121,159.114,159.121,0
2026-05-22 10:45:00+00:00,159.12,159.123,159.118,159.118,0
2026-05-22 10:46:00+00:00,159.117,159.118,159.115,159.115,0
2026-05-22 10:47:00+00:00,159.115,159.122,159.115,159.121,0
2026-05-22 10:48:00+00:00,159.12,159.123,159.116,159.12,0
2026-05-22 10:49:00+00:00,159.12,159.124,159.12,159.124,0
2026-05-22 10:50:00+00:00,159.124,159.125,159.123,159.124,0
2026-05-22 10:51:00+00:00,159.125,159.125,159.123,159.124,0
2026-05-22 10:52:00+00:00,159.124,159.125,159.122,159.125,0
2026-05-22 10:53:00+00:00,159.123,159.123,159.123,159.123,0
2026-05-22 10:54:00+00:00,159.123,159.127,159.123,159.123,0
2026-05-22 10:55:00+00:00,159.124,159.133,159.123,159.124,0
2026-05-22 10:56:00+00:00,159.124,159.129,159.124,159.127,0
2026-05-22 10:57:00+00:00,159.127,159.13,159.123,159.123,0
2026-05-22 10:58:00+00:00,159.126,159.131,159.125,159.125,0
2026-05-22 10:59:00+00:00,159.124,159.124,159.121,159.123,0
2026-05-22 11:00:00+00:00,159.123,159.124,159.122,159.124,0
2026-05-22 11:01:00+00:00,159.124,159.133,159.122,159.128,0
2026-05-22 11:02:00+00:00,159.127,159.133,159.126,159.126,0
2026-05-22 11:03:00+00:00,159.126,159.127,159.126,159.127,0
2026-05-22 11:04:00+00:00,159.127,159.13,159.126,159.127,0
2026-05-22 11:05:00+00:00,159.128,159.133,159.128,159.13,0
2026-05-22 11:06:00+00:00,159.13,159.131,159.121,159.127,0
2026-05-22 11:07:00+00:00,159.127,159.134,159.127,159.133,0
2026-05-22 11:08:00+00:00,159.134,159.134,159.128,159.131,0
2026-05-22 11:09:00+00:00,159.131,159.135,159.131,159.134,0
2026-05-22 11:10:00+00:00,159.138,159.142,159.136,159.136,0
2026-05-22 11:11:00+00:00,159.136,159.14,159.136,159.137,0
2026-05-22 11:12:00+00:00,159.141,159.143,159.135,159.136,0
2026-05-22 11:13:00+00:00,159.136,159.137,159.136,159.137,0
2026-05-22 11:14:00+00:00,159.136,159.142,159.136,159.138,0
2026-05-22 11:15:00+00:00,159.139,159.143,159.136,159.137,0
2026-05-22 11:16:00+00:00,159.136,159.136,159.129,159.131,0
2026-05-22 11:17:00+00:00,159.131,159.131,159.129,159.129,0
2026-05-22 11:18:00+00:00,159.127,159.134,159.127,159.133,0
2026-05-22 11:19:00+00:00,159.132,159.135,159.132,159.135,0
2026-05-22 11:20:00+00:00,159.135,159.135,159.128,159.128,0
2026-05-22 11:21:00+00:00,159.13,159.133,159.13,159.131,0
2026-05-22 11:22:00+00:00,159.133,159.134,159.131,159.132,0
2026-05-22 11:23:00+00:00,159.133,159.133,159.127,159.131,0
2026-05-22 11:24:00+00:00,159.128,159.132,159.128,159.129,0
2026-05-22 11:25:00+00:00,159.129,159.131,159.129,159.13,0
2026-05-22 11:26:00+00:00,159.129,159.129,159.12,159.122,0
2026-05-22 11:27:00+00:00,159.12,159.133,159.12,159.131,0
2026-05-22 11:28:00+00:00,159.132,159.138,159.131,159.134,0
2026-05-22 11:29:00+00:00,159.133,159.135,159.133,159.134,0
2026-05-22 11:30:00+00:00,159.134,159.136,159.132,159.135,0
2026-05-22 11:31:00+00:00,159.135,159.137,159.133,159.135,0
2026-05-22 11:32:00+00:00,159.136,159.141,159.135,159.137,0
2026-05-22 11:33:00+00:00,159.138,159.139,159.135,159.135,0
2026-05-22 11:34:00+00:00,159.133,159.138,159.128,159.135,0
2026-05-22 11:35:00+00:00,159.136,159.136,159.127,159.128,0
2026-05-22 11:36:00+00:00,159.127,159.128,159.118,159.124,0
2026-05-22 11:37:00+00:00,159.124,159.124,159.122,159.124,0
2026-05-22 11:38:00+00:00,159.123,159.127,159.121,159.122,0
2026-05-22 11:39:00+00:00,159.121,159.14,159.117,159.138,0
2026-05-22 11:40:00+00:00,159.138,159.138,159.136,159.137,0
2026-05-22 11:41:00+00:00,159.137,159.138,159.133,159.138,0
2026-05-22 11:42:00+00:00,159.142,159.142,159.137,159.138,0
2026-05-22 11:43:00+00:00,159.136,159.138,159.133,159.136,0
2026-05-22 11:44:00+00:00,159.134,159.134,159.124,159.131,0
2026-05-22 11:45:00+00:00,159.131,159.131,159.122,159.129,0
2026-05-22 11:46:00+00:00,159.129,159.129,159.125,159.129,0
2026-05-22 11:47:00+00:00,159.13,159.131,159.113,159.125,0
2026-05-22 11:48:00+00:00,159.126,159.129,159.123,159.128,0
2026-05-22 11:49:00+00:00,159.128,159.14,159.126,159.132,0
2026-05-22 11:50:00+00:00,159.132,159.138,159.131,159.135,0
2026-05-22 11:51:00+00:00,159.135,159.137,159.129,159.137,0
2026-05-22 11:52:00+00:00,159.136,159.136,159.13,159.131,0
2026-05-22 11:53:00+00:00,159.13,159.133,159.129,159.13,0
2026-05-22 11:54:00+00:00,159.13,159.13,159.129,159.129,0
2026-05-22 11:55:00+00:00,159.127,159.132,159.127,159.129,0
2026-05-22 11:56:00+00:00,159.125,159.133,159.123,159.129,0
2026-05-22 11:57:00+00:00,159.129,159.138,159.117,159.13,0
2026-05-22 11:58:00+00:00,159.132,159.14,159.13,159.136,0
2026-05-22 11:59:00+00:00,159.136,159.141,159.133,159.138,0
2026-05-22 12:00:00+00:00,159.136,159.145,159.133,159.137,0
2026-05-22 12:01:00+00:00,159.136,159.141,159.13,159.137,0
2026-05-22 12:02:00+00:00,159.136,159.139,159.125,159.129,0
2026-05-22 12:03:00+00:00,159.129,159.146,159.129,159.142,0
2026-05-22 12:04:00+00:00,159.145,159.148,159.138,159.145,0
2026-05-22 12:05:00+00:00,159.145,159.147,159.134,159.139,0
2026-05-22 12:06:00+00:00,159.14,159.143,159.138,159.138,0
2026-05-22 12:07:00+00:00,159.14,159.146,159.131,159.142,0
2026-05-22 12:08:00+00:00,159.142,159.142,159.137,159.14,0
2026-05-22 12:09:00+00:00,159.141,159.141,159.14,159.141,0
2026-05-22 12:10:00+00:00,159.139,159.14,159.137,159.138,0
2026-05-22 12:11:00+00:00,159.137,159.138,159.134,159.138,0
2026-05-22 12:12:00+00:00,159.139,159.139,159.06,159.093,0
2026-05-22 12:13:00+00:00,159.093,159.102,159.076,159.09,0
2026-05-22 12:14:00+00:00,159.09,159.11,159.085,159.089,0
2026-05-22 12:15:00+00:00,159.088,159.1,159.078,159.089,0
2026-05-22 12:16:00+00:00,159.089,159.098,159.079,159.092,0
2026-05-22 12:17:00+00:00,159.091,159.109,159.086,159.103,0
2026-05-22 12:18:00+00:00,159.106,159.111,159.094,159.094,0
2026-05-22 12:19:00+00:00,159.095,159.099,159.078,159.087,0
2026-05-22 12:20:00+00:00,159.089,159.108,159.088,159.091,0
2026-05-22 12:21:00+00:00,159.092,159.107,159.09,159.098,0
2026-05-22 12:22:00+00:00,159.098,159.112,159.094,159.103,0
2026-05-22 12:23:00+00:00,159.106,159.115,159.1,159.102,0
2026-05-22 12:24:00+00:00,159.101,159.101,159.089,159.089,0
2026-05-22 12:25:00+00:00,159.09,159.107,159.089,159.097,0
2026-05-22 12:26:00+00:00,159.097,159.112,159.097,159.101,0
2026-05-22 12:27:00+00:00,159.101,159.124,159.101,159.122,0
2026-05-22 12:28:00+00:00,159.121,159.123,159.115,159.115,0
2026-05-22 12:29:00+00:00,159.115,159.123,159.114,159.115,0
2026-05-22 12:30:00+00:00,159.115,159.122,159.112,159.113,0
2026-05-22 12:31:00+00:00,159.114,159.115,159.108,159.115,0
2026-05-22 12:32:00+00:00,159.116,159.124,159.11,159.117,0
2026-05-22 12:33:00+00:00,159.118,159.122,159.103,159.111,0
2026-05-22 12:34:00+00:00,159.111,159.119,159.111,159.111,0
2026-05-22 12:35:00+00:00,159.112,159.116,159.112,159.114,0
2026-05-22 12:36:00+00:00,159.113,159.12,159.112,159.114,0
2026-05-22 12:37:00+00:00,159.114,159.115,159.112,159.114,0
2026-05-22 12:38:00+00:00,159.113,159.113,159.105,159.106,0
2026-05-22 12:39:00+00:00,159.109,159.113,159.101,159.104,0
2026-05-22 12:40:00+00:00,159.104,159.11,159.101,159.104,0
2026-05-22 12:41:00+00:00,159.105,159.105,159.104,159.104,0
2026-05-22 12:42:00+00:00,159.102,159.113,159.102,159.111,0
2026-05-22 12:43:00+00:00,159.112,159.12,159.111,159.114,0
2026-05-22 12:44:00+00:00,159.114,159.114,159.108,159.113,0
2026-05-22 12:45:00+00:00,159.112,159.112,159.098,159.098,0
2026-05-22 12:46:00+00:00,159.099,159.103,159.097,159.1,0
2026-05-22 12:47:00+00:00,159.099,159.103,159.09,159.103,0
2026-05-22 12:48:00+00:00,159.103,159.103,159.1,159.1,0
2026-05-22 12:49:00+00:00,159.101,159.101,159.093,159.1,0
2026-05-22 12:50:00+00:00,159.1,159.104,159.098,159.102,0
2026-05-22 12:51:00+00:00,159.103,159.105,159.1,159.104,0
2026-05-22 12:52:00+00:00,159.105,159.105,159.101,159.103,0
2026-05-22 12:53:00+00:00,159.103,159.103,159.098,159.101,0
2026-05-22 12:54:00+00:00,159.101,159.102,159.091,159.098,0
2026-05-22 12:55:00+00:00,159.098,159.106,159.094,159.104,0
2026-05-22 12:56:00+00:00,159.103,159.114,159.1,159.1,0
2026-05-22 12:57:00+00:00,159.101,159.103,159.096,159.101,0
2026-05-22 12:58:00+00:00,159.101,159.105,159.097,159.097,0
2026-05-22 12:59:00+00:00,159.095,159.1,159.072,159.077,0
2026-05-22 13:00:00+00:00,159.076,159.088,159.064,159.079,0
2026-05-22 13:01:00+00:00,159.078,159.095,159.078,159.089,0
2026-05-22 13:02:00+00:00,159.088,159.097,159.086,159.091,0
2026-05-22 13:03:00+00:00,159.091,159.094,159.075,159.075,0
2026-05-22 13:04:00+00:00,159.076,159.099,159.075,159.088,0
2026-05-22 13:05:00+00:00,159.088,159.088,159.076,159.085,0
2026-05-22 13:06:00+00:00,159.086,159.089,159.084,159.088,0
2026-05-22 13:07:00+00:00,159.087,159.087,159.07,159.074,0
2026-05-22 13:08:00+00:00,159.075,159.076,159.069,159.069,0
2026-05-22 13:09:00+00:00,159.074,159.075,159.014,159.015,0
2026-05-22 13:10:00+00:00,159.014,159.043,159.013,159.022,0
2026-05-22 13:11:00+00:00,159.023,159.027,158.989,159.002,0
2026-05-22 13:12:00+00:00,159.0,159.017,158.999,159.017,0
2026-05-22 13:13:00+00:00,159.017,159.036,159.004,159.029,0
2026-05-22 13:14:00+00:00,159.029,159.042,159.026,159.031,0
2026-05-22 13:15:00+00:00,159.032,159.04,159.024,159.029,0
2026-05-22 13:16:00+00:00,159.031,159.038,159.026,159.028,0
2026-05-22 13:17:00+00:00,159.027,159.045,159.026,159.039,0
2026-05-22 13:18:00+00:00,159.039,159.04,159.029,159.039,0
2026-05-22 13:19:00+00:00,159.038,159.061,159.035,159.039,0
2026-05-22 13:20:00+00:00,159.039,159.066,159.031,159.055,0
2026-05-22 13:21:00+00:00,159.056,159.066,159.053,159.065,0
2026-05-22 13:22:00+00:00,159.065,159.08,159.065,159.075,0
2026-05-22 13:23:00+00:00,159.075,159.087,159.075,159.079,0
2026-05-22 13:24:00+00:00,159.08,159.08,159.076,159.076,0
2026-05-22 13:25:00+00:00,159.076,159.078,159.065,159.065,0
2026-05-22 13:26:00+00:00,159.066,159.073,159.049,159.049,0
2026-05-22 13:27:00+00:00,159.05,159.061,159.049,159.05,0
2026-05-22 13:28:00+00:00,159.052,159.055,159.048,159.05,0
2026-05-22 13:29:00+00:00,159.049,159.061,159.047,159.059,0
2026-05-22 13:30:00+00:00,159.059,159.063,159.051,159.055,0
2026-05-22 13:31:00+00:00,159.054,159.055,159.036,159.036,0
2026-05-22 13:32:00+00:00,159.036,159.039,159.029,159.039,0
2026-05-22 13:33:00+00:00,159.039,159.075,159.031,159.075,0
2026-05-22 13:34:00+00:00,159.075,159.078,159.056,159.056,0
2026-05-22 13:35:00+00:00,159.055,159.061,159.031,159.05,0
2026-05-22 13:36:00+00:00,159.049,159.052,159.041,159.049,0
2026-05-22 13:37:00+00:00,159.048,159.063,159.046,159.06,0
2026-05-22 13:38:00+00:00,159.06,159.08,159.059,159.08,0
2026-05-22 13:39:00+00:00,159.084,159.088,159.077,159.08,0
2026-05-22 13:40:00+00:00,159.08,159.099,159.068,159.087,0
2026-05-22 13:41:00+00:00,159.089,159.095,159.082,159.088,0
2026-05-22 13:42:00+00:00,159.087,159.124,159.086,159.111,0
2026-05-22 13:43:00+00:00,159.112,159.114,159.081,159.086,0
2026-05-22 13:44:00+00:00,159.085,159.096,159.085,159.092,0
2026-05-22 13:45:00+00:00,159.092,159.103,159.088,159.101,0
2026-05-22 13:46:00+00:00,159.097,159.108,159.095,159.108,0
2026-05-22 13:47:00+00:00,159.11,159.121,159.106,159.118,0
2026-05-22 13:48:00+00:00,159.122,159.131,159.115,159.116,0
2026-05-22 13:49:00+00:00,159.118,159.137,159.118,159.124,0
2026-05-22 13:50:00+00:00,159.125,159.137,159.124,159.127,0
2026-05-22 13:51:00+00:00,159.127,159.134,159.114,159.121,0
2026-05-22 13:52:00+00:00,159.12,159.128,159.117,159.118,0
2026-05-22 13:53:00+00:00,159.117,159.127,159.115,159.117,0
2026-05-22 13:54:00+00:00,159.116,159.124,159.103,159.103,0
2026-05-22 13:55:00+00:00,159.104,159.119,159.1,159.114,0
2026-05-22 13:56:00+00:00,159.115,159.121,159.107,159.12,0
2026-05-22 13:57:00+00:00,159.12,159.13,159.115,159.127,0
2026-05-22 13:58:00+00:00,159.128,159.129,159.105,159.106,0
2026-05-22 13:59:00+00:00,159.107,159.115,159.087,159.088,0
2026-05-22 14:00:00+00:00,159.084,159.157,159.066,159.145,0
2026-05-22 14:01:00+00:00,159.145,159.157,159.116,159.137,0
2026-05-22 14:02:00+00:00,159.136,159.153,159.115,159.152,0
2026-05-22 14:03:00+00:00,159.151,159.162,159.141,159.152,0
2026-05-22 14:04:00+00:00,159.152,159.165,159.147,159.156,0
2026-05-22 14:05:00+00:00,159.157,159.167,159.156,159.166,0
2026-05-22 14:06:00+00:00,159.164,159.173,159.15,159.154,0
2026-05-22 14:07:00+00:00,159.151,159.163,159.151,159.162,0
2026-05-22 14:08:00+00:00,159.161,159.163,159.142,159.157,0
2026-05-22 14:09:00+00:00,159.158,159.162,159.133,159.136,0
2026-05-22 14:10:00+00:00,159.136,159.142,159.128,159.139,0
2026-05-22 14:11:00+00:00,159.14,159.15,159.136,159.148,0
2026-05-22 14:12:00+00:00,159.147,159.149,159.141,159.147,0
2026-05-22 14:13:00+00:00,159.148,159.174,159.148,159.166,0
2026-05-22 14:14:00+00:00,159.165,159.17,159.162,159.167,0
2026-05-22 14:15:00+00:00,159.168,159.168,159.153,159.164,0
2026-05-22 14:16:00+00:00,159.165,159.165,159.155,159.164,0
2026-05-22 14:17:00+00:00,159.163,159.176,159.157,159.163,0
2026-05-22 14:18:00+00:00,159.164,159.17,159.155,159.155,0
2026-05-22 14:19:00+00:00,159.158,159.163,159.158,159.163,0
2026-05-22 14:20:00+00:00,159.16,159.171,159.158,159.169,0
2026-05-22 14:21:00+00:00,159.169,159.174,159.162,159.165,0
2026-05-22 14:22:00+00:00,159.165,159.17,159.162,159.164,0
2026-05-22 14:23:00+00:00,159.163,159.17,159.155,159.168,0
2026-05-22 14:24:00+00:00,159.169,159.172,159.161,159.164,0
2026-05-22 14:25:00+00:00,159.164,159.166,159.153,159.153,0
2026-05-22 14:26:00+00:00,159.153,159.154,159.149,159.154,0
2026-05-22 14:27:00+00:00,159.154,159.154,159.139,159.139,0
2026-05-22 14:28:00+00:00,159.14,159.148,159.138,159.143,0
2026-05-22 14:29:00+00:00,159.145,159.158,159.143,159.154,0
2026-05-22 14:30:00+00:00,159.155,159.157,159.141,159.142,0
2026-05-22 14:31:00+00:00,159.142,159.153,159.137,159.146,0
2026-05-22 14:32:00+00:00,159.147,159.148,159.137,159.14,0
2026-05-22 14:33:00+00:00,159.14,159.148,159.136,159.143,0
2026-05-22 14:34:00+00:00,159.142,159.142,159.128,159.141,0
2026-05-22 14:35:00+00:00,159.141,159.141,159.132,159.137,0
2026-05-22 14:36:00+00:00,159.138,159.14,159.132,159.139,0
2026-05-22 14:37:00+00:00,159.135,159.14,159.131,159.137,0
2026-05-22 14:38:00+00:00,159.136,159.141,159.132,159.137,0
2026-05-22 14:39:00+00:00,159.139,159.153,159.139,159.149,0
2026-05-22 14:40:00+00:00,159.149,159.151,159.138,159.147,0
2026-05-22 14:41:00+00:00,159.147,159.148,159.136,159.14,0
2026-05-22 14:42:00+00:00,159.141,159.146,159.134,159.134,0
2026-05-22 14:43:00+00:00,159.135,159.141,159.134,159.141,0
2026-05-22 14:44:00+00:00,159.141,159.141,159.134,159.138,0
2026-05-22 14:45:00+00:00,159.138,159.138,159.117,159.123,0
2026-05-22 14:46:00+00:00,159.124,159.127,159.116,159.124,0
2026-05-22 14:47:00+00:00,159.125,159.129,159.12,159.128,0
2026-05-22 14:48:00+00:00,159.128,159.151,159.127,159.151,0
2026-05-22 14:49:00+00:00,159.152,159.152,159.139,159.145,0
2026-05-22 14:50:00+00:00,159.145,159.16,159.143,159.153,0
2026-05-22 14:51:00+00:00,159.152,159.154,159.149,159.153,0
2026-05-22 14:52:00+00:00,159.153,159.156,159.142,159.144,0
2026-05-22 14:53:00+00:00,159.143,159.144,159.115,159.117,0
2026-05-22 14:54:00+00:00,159.117,159.126,159.117,159.118,0
2026-05-22 14:55:00+00:00,159.119,159.135,159.116,159.116,0
2026-05-22 14:56:00+00:00,159.117,159.121,159.106,159.117,0
2026-05-22 14:57:00+00:00,159.119,159.134,159.089,159.107,0
2026-05-22 14:58:00+00:00,159.108,159.121,159.097,159.101,0
2026-05-22 14:59:00+00:00,159.102,159.116,159.101,159.101,0
2026-05-22 15:00:00+00:00,159.1,159.128,159.1,159.122,0
2026-05-22 15:01:00+00:00,159.122,159.137,159.119,159.121,0
2026-05-22 15:02:00+00:00,159.121,159.122,159.103,159.108,0
2026-05-22 15:03:00+00:00,159.11,159.131,159.109,159.124,0
2026-05-22 15:04:00+00:00,159.121,159.123,159.095,159.099,0
2026-05-22 15:05:00+00:00,159.099,159.11,159.086,159.089,0
2026-05-22 15:06:00+00:00,159.087,159.108,159.085,159.099,0
2026-05-22 15:07:00+00:00,159.098,159.098,159.086,159.088,0
2026-05-22 15:08:00+00:00,159.088,159.116,159.088,159.114,0
2026-05-22 15:09:00+00:00,159.112,159.123,159.112,159.112,0
2026-05-22 15:10:00+00:00,159.113,159.118,159.113,159.117,0
2026-05-22 15:11:00+00:00,159.119,159.121,159.107,159.108,0
2026-05-22 15:12:00+00:00,159.108,159.123,159.098,159.122,0
2026-05-22 15:13:00+00:00,159.119,159.122,159.112,159.115,0
2026-05-22 15:14:00+00:00,159.114,159.121,159.112,159.115,0
2026-05-22 15:15:00+00:00,159.113,159.114,159.099,159.102,0
2026-05-22 15:16:00+00:00,159.103,159.109,159.096,159.109,0
2026-05-22 15:17:00+00:00,159.11,159.12,159.11,159.118,0
2026-05-22 15:18:00+00:00,159.119,159.122,159.114,159.119,0
2026-05-22 15:19:00+00:00,159.121,159.122,159.113,159.114,0
2026-05-22 15:20:00+00:00,159.116,159.122,159.114,159.121,0
2026-05-22 15:21:00+00:00,159.122,159.132,159.122,159.127,0
2026-05-22 15:22:00+00:00,159.127,159.131,159.127,159.128,0
2026-05-22 15:23:00+00:00,159.128,159.128,159.124,159.125,0
2026-05-22 15:24:00+00:00,159.126,159.135,159.121,159.132,0
2026-05-22 15:25:00+00:00,159.134,159.137,159.129,159.133,0
2026-05-22 15:26:00+00:00,159.133,159.136,159.128,159.131,0
2026-05-22 15:27:00+00:00,159.132,159.133,159.126,159.127,0
2026-05-22 15:28:00+00:00,159.124,159.126,159.113,159.12,0
2026-05-22 15:29:00+00:00,159.122,159.132,159.122,159.127,0
2026-05-22 15:30:00+00:00,159.125,159.135,159.122,159.123,0
2026-05-22 15:31:00+00:00,159.122,159.136,159.114,159.131,0
2026-05-22 15:32:00+00:00,159.132,159.139,159.131,159.139,0
2026-05-22 15:33:00+00:00,159.137,159.153,159.129,159.147,0
2026-05-22 15:34:00+00:00,159.148,159.162,159.148,159.161,0
2026-05-22 15:35:00+00:00,159.162,159.171,159.154,159.168,0
2026-05-22 15:36:00+00:00,159.167,159.174,159.162,159.162,0
2026-05-22 15:37:00+00:00,159.162,159.175,159.161,159.173,0
2026-05-22 15:38:00+00:00,159.173,159.178,159.166,159.177,0
2026-05-22 15:39:00+00:00,159.176,159.181,159.175,159.177,0
2026-05-22 15:40:00+00:00,159.178,159.178,159.172,159.175,0
2026-05-22 15:41:00+00:00,159.174,159.183,159.167,159.178,0
2026-05-22 15:42:00+00:00,159.177,159.188,159.175,159.184,0
2026-05-22 15:43:00+00:00,159.185,159.191,159.175,159.183,0
2026-05-22 15:44:00+00:00,159.184,159.196,159.182,159.192,0
2026-05-22 15:45:00+00:00,159.194,159.197,159.186,159.187,0
2026-05-22 15:46:00+00:00,159.19,159.194,159.187,159.19,0
2026-05-22 15:47:00+00:00,159.191,159.195,159.188,159.191,0
2026-05-22 15:48:00+00:00,159.193,159.198,159.19,159.196,0
2026-05-22 15:49:00+00:00,159.196,159.218,159.171,159.19,0
2026-05-22 15:50:00+00:00,159.191,159.199,159.19,159.196,0
2026-05-22 15:51:00+00:00,159.198,159.2,159.188,159.199,0
2026-05-22 15:52:00+00:00,159.201,159.214,159.199,159.21,0
2026-05-22 15:53:00+00:00,159.208,159.209,159.2,159.201,0
2026-05-22 15:54:00+00:00,159.202,159.219,159.201,159.21,0
2026-05-22 15:55:00+00:00,159.208,159.224,159.196,159.219,0
2026-05-22 15:56:00+00:00,159.22,159.227,159.216,159.225,0
2026-05-22 15:57:00+00:00,159.231,159.232,159.215,159.223,0
2026-05-22 15:58:00+00:00,159.222,159.222,159.199,159.201,0
2026-05-22 15:59:00+00:00,159.201,159.211,159.197,159.199,0
2026-05-22 16:00:00+00:00,159.199,159.23,159.197,159.211,0
2026-05-22 16:01:00+00:00,159.209,159.213,159.198,159.198,0
2026-05-22 16:02:00+00:00,159.2,159.209,159.195,159.199,0
2026-05-22 16:03:00+00:00,159.2,159.212,159.2,159.21,0
2026-05-22 16:04:00+00:00,159.21,159.221,159.21,159.22,0
2026-05-22 16:05:00+00:00,159.222,159.224,159.215,159.222,0
2026-05-22 16:06:00+00:00,159.223,159.223,159.215,159.221,0
2026-05-22 16:07:00+00:00,159.219,159.224,159.213,159.217,0
2026-05-22 16:08:00+00:00,159.219,159.226,159.216,159.217,0
2026-05-22 16:09:00+00:00,159.217,159.229,159.214,159.214,0
2026-05-22 16:10:00+00:00,159.215,159.215,159.192,159.197,0
2026-05-22 16:11:00+00:00,159.199,159.199,159.181,159.184,0
2026-05-22 16:12:00+00:00,159.187,159.187,159.179,159.182,0
2026-05-22 16:13:00+00:00,159.182,159.185,159.175,159.185,0
2026-05-22 16:14:00+00:00,159.187,159.189,159.182,159.189,0
2026-05-22 16:15:00+00:00,159.19,159.206,159.189,159.2,0
2026-05-22 16:16:00+00:00,159.199,159.2,159.19,159.191,0
2026-05-22 16:17:00+00:00,159.19,159.196,159.187,159.188,0
2026-05-22 16:18:00+00:00,159.189,159.2,159.185,159.186,0
2026-05-22 16:19:00+00:00,159.188,159.197,159.188,159.196,0
2026-05-22 16:20:00+00:00,159.197,159.197,159.187,159.189,0
2026-05-22 16:21:00+00:00,159.188,159.197,159.184,159.195,0
2026-05-22 16:22:00+00:00,159.194,159.197,159.188,159.189,0
2026-05-22 16:23:00+00:00,159.189,159.189,159.186,159.187,0
2026-05-22 16:24:00+00:00,159.187,159.188,159.18,159.185,0
2026-05-22 16:25:00+00:00,159.186,159.186,159.173,159.178,0
2026-05-22 16:26:00+00:00,159.178,159.179,159.164,159.164,0
2026-05-22 16:27:00+00:00,159.163,159.176,159.162,159.172,0
2026-05-22 16:28:00+00:00,159.172,159.175,159.172,159.173,0
2026-05-22 16:29:00+00:00,159.174,159.175,159.163,159.168,0
2026-05-22 16:30:00+00:00,159.169,159.169,159.159,159.163,0
2026-05-22 16:31:00+00:00,159.163,159.164,159.157,159.161,0
2026-05-22 16:32:00+00:00,159.16,159.162,159.153,159.162,0
2026-05-22 16:33:00+00:00,159.162,159.188,159.162,159.186,0
2026-05-22 16:34:00+00:00,159.185,159.187,159.175,159.175,0
2026-05-22 16:35:00+00:00,159.173,159.185,159.173,159.178,0
2026-05-22 16:36:00+00:00,159.181,159.186,159.175,159.181,0
2026-05-22 16:37:00+00:00,159.182,159.185,159.177,159.184,0
2026-05-22 16:38:00+00:00,159.182,159.195,159.179,159.186,0
2026-05-22 16:39:00+00:00,159.187,159.196,159.186,159.191,0
2026-05-22 16:40:00+00:00,159.192,159.195,159.192,159.195,0
2026-05-22 16:41:00+00:00,159.195,159.197,159.187,159.187,0
2026-05-22 16:42:00+00:00,159.187,159.198,159.187,159.197,0
2026-05-22 16:43:00+00:00,159.198,159.21,159.195,159.195,0
2026-05-22 16:44:00+00:00,159.195,159.198,159.19,159.198,0
2026-05-22 16:45:00+00:00,159.198,159.198,159.197,159.197,0
2026-05-22 16:46:00+00:00,159.197,159.197,159.175,159.176,0
2026-05-22 16:47:00+00:00,159.178,159.186,159.175,159.186,0
2026-05-22 16:48:00+00:00,159.186,159.188,159.18,159.188,0
2026-05-22 16:49:00+00:00,159.19,159.194,159.189,159.189,0
2026-05-22 16:50:00+00:00,159.188,159.198,159.186,159.195,0
2026-05-22 16:51:00+00:00,159.195,159.197,159.187,159.191,0
2026-05-22 16:52:00+00:00,159.19,159.198,159.189,159.191,0
2026-05-22 16:53:00+00:00,159.194,159.194,159.186,159.186,0
2026-05-22 16:54:00+00:00,159.186,159.189,159.182,159.189,0
2026-05-22 16:55:00+00:00,159.187,159.193,159.186,159.189,0
2026-05-22 16:56:00+00:00,159.188,159.19,159.181,159.185,0
2026-05-22 16:57:00+00:00,159.184,159.189,159.179,159.184,0
2026-05-22 16:58:00+00:00,159.184,159.184,159.179,159.183,0
2026-05-22 16:59:00+00:00,159.183,159.185,159.171,159.174,0
2026-05-22 17:00:00+00:00,159.171,159.172,159.158,159.165,0
2026-05-22 17:01:00+00:00,159.165,159.167,159.162,159.164,0
2026-05-22 17:02:00+00:00,159.165,159.165,159.15,159.154,0
2026-05-22 17:03:00+00:00,159.153,159.154,159.146,159.15,0
2026-05-22 17:04:00+00:00,159.149,159.165,159.147,159.154,0
2026-05-22 17:05:00+00:00,159.154,159.156,159.146,159.148,0
2026-05-22 17:06:00+00:00,159.151,159.155,159.148,159.151,0
2026-05-22 17:07:00+00:00,159.152,159.17,159.151,159.165,0
2026-05-22 17:08:00+00:00,159.165,159.167,159.162,159.162,0
2026-05-22 17:09:00+00:00,159.162,159.164,159.148,159.149,0
2026-05-22 17:10:00+00:00,159.151,159.152,159.144,159.144,0
2026-05-22 17:11:00+00:00,159.143,159.143,159.136,159.138,0
2026-05-22 17:12:00+00:00,159.136,159.152,159.136,159.151,0
2026-05-22 17:13:00+00:00,159.151,159.154,159.15,159.152,0
2026-05-22 17:14:00+00:00,159.153,159.156,159.145,159.145,0
2026-05-22 17:15:00+00:00,159.146,159.147,159.135,159.139,0
2026-05-22 17:16:00+00:00,159.139,159.141,159.135,159.138,0
2026-05-22 17:17:00+00:00,159.139,159.142,159.135,159.14,0
2026-05-22 17:18:00+00:00,159.141,159.152,159.14,159.152,0
2026-05-22 17:19:00+00:00,159.15,159.169,159.14,159.165,0
2026-05-22 17:20:00+00:00,159.168,159.168,159.154,159.163,0
2026-05-22 17:21:00+00:00,159.164,159.18,159.164,159.169,0
2026-05-22 17:22:00+00:00,159.169,159.173,159.164,159.173,0
2026-05-22 17:23:00+00:00,159.174,159.178,159.173,159.175,0
2026-05-22 17:24:00+00:00,159.176,159.179,159.156,159.156,0
2026-05-22 17:25:00+00:00,159.154,159.161,159.149,159.149,0
2026-05-22 17:26:00+00:00,159.149,159.155,159.149,159.15,0
2026-05-22 17:27:00+00:00,159.148,159.151,159.136,159.139,0
2026-05-22 17:28:00+00:00,159.139,159.16,159.105,159.147,0
2026-05-22 17:29:00+00:00,159.145,159.163,159.089,159.097,0
2026-05-22 17:30:00+00:00,159.095,159.096,159.065,159.069,0
2026-05-22 17:31:00+00:00,159.067,159.105,159.062,159.102,0
2026-05-22 17:32:00+00:00,159.103,159.118,159.095,159.105,0
2026-05-22 17:33:00+00:00,159.103,159.125,159.103,159.116,0
2026-05-22 17:34:00+00:00,159.115,159.126,159.111,159.125,0
2026-05-22 17:35:00+00:00,159.125,159.127,159.119,159.12,0
2026-05-22 17:36:00+00:00,159.121,159.124,159.111,159.111,0
2026-05-22 17:37:00+00:00,159.112,159.112,159.099,159.102,0
2026-05-22 17:38:00+00:00,159.104,159.104,159.093,159.099,0
2026-05-22 17:39:00+00:00,159.098,159.104,159.09,159.1,0
2026-05-22 17:40:00+00:00,159.102,159.117,159.092,159.115,0
2026-05-22 17:41:00+00:00,159.114,159.114,159.093,159.1,0
2026-05-22 17:42:00+00:00,159.098,159.098,159.088,159.09,0
2026-05-22 17:43:00+00:00,159.09,159.094,159.087,159.091,0
2026-05-22 17:44:00+00:00,159.09,159.106,159.086,159.106,0
2026-05-22 17:45:00+00:00,159.105,159.116,159.099,159.116,0
2026-05-22 17:46:00+00:00,159.115,159.118,159.108,159.118,0
2026-05-22 17:47:00+00:00,159.123,159.128,159.115,159.118,0
2026-05-22 17:48:00+00:00,159.118,159.128,159.116,159.127,0
2026-05-22 17:49:00+00:00,159.129,159.131,159.122,159.13,0
2026-05-22 17:50:00+00:00,159.129,159.141,159.129,159.139,0
2026-05-22 17:51:00+00:00,159.14,159.14,159.117,159.122,0
2026-05-22 17:52:00+00:00,159.119,159.13,159.118,159.13,0
2026-05-22 17:53:00+00:00,159.13,159.131,159.127,159.128,0
2026-05-22 17:54:00+00:00,159.128,159.142,159.119,159.136,0
2026-05-22 17:55:00+00:00,159.135,159.139,159.13,159.137,0
2026-05-22 17:56:00+00:00,159.139,159.14,159.138,159.138,0
2026-05-22 17:57:00+00:00,159.134,159.134,159.115,159.124,0
2026-05-22 17:58:00+00:00,159.124,159.125,159.118,159.123,0
2026-05-22 17:59:00+00:00,159.124,159.132,159.124,159.129,0
2026-05-22 18:00:00+00:00,159.129,159.132,159.126,159.13,0
2026-05-22 18:01:00+00:00,159.131,159.133,159.127,159.131,0
2026-05-22 18:02:00+00:00,159.13,159.132,159.116,159.116,0
2026-05-22 18:03:00+00:00,159.119,159.127,159.115,159.119,0
2026-05-22 18:04:00+00:00,159.121,159.166,159.118,159.121,0
2026-05-22 18:05:00+00:00,159.122,159.123,159.111,159.122,0
2026-05-22 18:06:00+00:00,159.123,159.143,159.122,159.139,0
2026-05-22 18:07:00+00:00,159.144,159.144,159.127,159.129,0
2026-05-22 18:08:00+00:00,159.129,159.134,159.124,159.132,0
2026-05-22 18:09:00+00:00,159.13,159.135,159.125,159.135,0
2026-05-22 18:10:00+00:00,159.137,159.147,159.137,159.147,0
2026-05-22 18:11:00+00:00,159.146,159.147,159.137,159.147,0
2026-05-22 18:12:00+00:00,159.149,159.149,159.146,159.146,0
2026-05-22 18:13:00+00:00,159.148,159.151,159.147,159.149,0
2026-05-22 18:14:00+00:00,159.147,159.156,159.147,159.147,0
2026-05-22 18:15:00+00:00,159.148,159.149,159.139,159.147,0
2026-05-22 18:16:00+00:00,159.148,159.148,159.146,159.148,0
2026-05-22 18:17:00+00:00,159.15,159.152,159.147,159.149,0
2026-05-22 18:18:00+00:00,159.149,159.149,159.138,159.147,0
2026-05-22 18:19:00+00:00,159.148,159.152,159.146,159.151,0
2026-05-22 18:20:00+00:00,159.152,159.152,159.149,159.15,0
2026-05-22 18:21:00+00:00,159.147,159.149,159.145,159.147,0
2026-05-22 18:22:00+00:00,159.148,159.154,159.133,159.136,0
2026-05-22 18:23:00+00:00,159.137,159.141,159.137,159.14,0
2026-05-22 18:24:00+00:00,159.14,159.14,159.13,159.137,0
2026-05-22 18:25:00+00:00,159.138,159.15,159.135,159.149,0
2026-05-22 18:26:00+00:00,159.148,159.149,159.14,159.148,0
2026-05-22 18:27:00+00:00,159.147,159.147,159.13,159.137,0
2026-05-22 18:28:00+00:00,159.137,159.152,159.137,159.148,0
2026-05-22 18:29:00+00:00,159.15,159.154,159.15,159.153,0
2026-05-22 18:30:00+00:00,159.15,159.162,159.15,159.161,0
2026-05-22 18:31:00+00:00,159.162,159.162,159.156,159.156,0
2026-05-22 18:32:00+00:00,159.157,159.16,159.152,159.152,0
2026-05-22 18:33:00+00:00,159.151,159.154,159.149,159.154,0
2026-05-22 18:34:00+00:00,159.156,159.156,159.151,159.151,0
2026-05-22 18:35:00+00:00,159.153,159.156,159.15,159.152,0
2026-05-22 18:36:00+00:00,159.151,159.152,159.15,159.15,0
2026-05-22 18:37:00+00:00,159.151,159.152,159.144,159.146,0
2026-05-22 18:38:00+00:00,159.151,159.153,159.146,159.147,0
2026-05-22 18:39:00+00:00,159.149,159.149,159.099,159.137,0
2026-05-22 18:40:00+00:00,159.138,159.14,159.127,159.136,0
2026-05-22 18:41:00+00:00,159.137,159.141,159.126,159.128,0
2026-05-22 18:42:00+00:00,159.129,159.137,159.125,159.137,0
2026-05-22 18:43:00+00:00,159.136,159.138,159.125,159.127,0
2026-05-22 18:44:00+00:00,159.128,159.136,159.125,159.136,0
2026-05-22 18:45:00+00:00,159.133,159.137,159.126,159.137,0
2026-05-22 18:46:00+00:00,159.138,159.14,159.136,159.14,0
2026-05-22 18:47:00+00:00,159.144,159.148,159.141,159.147,0
2026-05-22 18:48:00+00:00,159.145,159.145,159.14,159.14,0
2026-05-22 18:49:00+00:00,159.141,159.141,159.136,159.136,0
2026-05-22 18:50:00+00:00,159.135,159.135,159.129,159.133,0
2026-05-22 18:51:00+00:00,159.133,159.133,159.125,159.128,0
2026-05-22 18:52:00+00:00,159.132,159.137,159.132,159.136,0
2026-05-22 18:53:00+00:00,159.136,159.136,159.123,159.124,0
2026-05-22 18:54:00+00:00,159.125,159.133,159.124,159.129,0
2026-05-22 18:55:00+00:00,159.127,159.129,159.125,159.127,0
2026-05-22 18:56:00+00:00,159.128,159.128,159.126,159.126,0
2026-05-22 18:57:00+00:00,159.128,159.136,159.125,159.127,0
2026-05-22 18:58:00+00:00,159.127,159.13,159.125,159.126,0
2026-05-22 18:59:00+00:00,159.125,159.136,159.125,159.132,0
2026-05-22 19:00:00+00:00,159.133,159.133,159.105,159.11,0
2026-05-22 19:01:00+00:00,159.112,159.137,159.102,159.122,0
2026-05-22 19:02:00+00:00,159.12,159.145,159.099,159.141,0
2026-05-22 19:03:00+00:00,159.142,159.149,159.124,159.143,0
2026-05-22 19:04:00+00:00,159.142,159.145,159.131,159.139,0
2026-05-22 19:05:00+00:00,159.139,159.143,159.129,159.134,0
2026-05-22 19:06:00+00:00,159.136,159.144,159.136,159.144,0
2026-05-22 19:07:00+00:00,159.143,159.143,159.136,159.139,0
2026-05-22 19:08:00+00:00,159.139,159.139,159.136,159.136,0
2026-05-22 19:09:00+00:00,159.138,159.139,159.135,159.136,0
2026-05-22 19:10:00+00:00,159.136,159.139,159.132,159.139,0
2026-05-22 19:11:00+00:00,159.14,159.14,159.138,159.138,0
2026-05-22 19:12:00+00:00,159.138,159.139,159.137,159.137,0
2026-05-22 19:13:00+00:00,159.139,159.141,159.138,159.139,0
2026-05-22 19:14:00+00:00,159.14,159.147,159.14,159.14,0
2026-05-22 19:15:00+00:00,159.142,159.142,159.134,159.136,0
2026-05-22 19:16:00+00:00,159.139,159.141,159.136,159.136,0
2026-05-22 19:17:00+00:00,159.135,159.138,159.135,159.135,0
2026-05-22 19:18:00+00:00,159.134,159.134,159.126,159.129,0
2026-05-22 19:19:00+00:00,159.13,159.132,159.128,159.128,0
2026-05-22 19:20:00+00:00,159.128,159.139,159.128,159.137,0
2026-05-22 19:21:00+00:00,159.137,159.138,159.131,159.132,0
2026-05-22 19:22:00+00:00,159.132,159.133,159.128,159.128,0
2026-05-22 19:23:00+00:00,159.128,159.131,159.127,159.128,0
2026-05-22 19:24:00+00:00,159.128,159.13,159.127,159.128,0
2026-05-22 19:25:00+00:00,159.129,159.129,159.128,159.129,0
2026-05-22 19:26:00+00:00,159.13,159.131,159.129,159.13,0
2026-05-22 19:27:00+00:00,159.13,159.131,159.127,159.129,0
2026-05-22 19:28:00+00:00,159.132,159.138,159.132,159.135,0
2026-05-22 19:29:00+00:00,159.136,159.145,159.136,159.141,0
2026-05-22 19:30:00+00:00,159.139,159.149,159.139,159.146,0
2026-05-22 19:31:00+00:00,159.148,159.151,159.146,159.149,0
2026-05-22 19:32:00+00:00,159.15,159.152,159.14,159.143,0
2026-05-22 19:33:00+00:00,159.145,159.145,159.142,159.143,0
2026-05-22 19:34:00+00:00,159.142,159.149,159.142,159.144,0
2026-05-22 19:35:00+00:00,159.144,159.146,159.141,159.141,0
2026-05-22 19:36:00+00:00,159.139,159.14,159.139,159.14,0
2026-05-22 19:37:00+00:00,159.14,159.141,159.139,159.14,0
2026-05-22 19:38:00+00:00,159.141,159.151,159.141,159.15,0
2026-05-22 19:39:00+00:00,159.149,159.151,159.149,159.15,0
2026-05-22 19:40:00+00:00,159.15,159.151,159.15,159.151,0
2026-05-22 19:41:00+00:00,159.152,159.152,159.15,159.151,0
2026-05-22 19:42:00+00:00,159.152,159.153,159.151,159.152,0
2026-05-22 19:43:00+00:00,159.153,159.155,159.15,159.151,0
2026-05-22 19:44:00+00:00,159.15,159.152,159.142,159.15,0
2026-05-22 19:45:00+00:00,159.152,159.153,159.149,159.152,0
2026-05-22 19:46:00+00:00,159.155,159.161,159.154,159.157,0
2026-05-22 19:47:00+00:00,159.158,159.161,159.151,159.154,0
2026-05-22 19:48:00+00:00,159.154,159.161,159.152,159.155,0
2026-05-22 19:49:00+00:00,159.153,159.154,159.151,159.152,0
2026-05-22 19:50:00+00:00,159.152,159.154,159.15,159.153,0
2026-05-22 19:51:00+00:00,159.153,159.159,159.151,159.151,0
2026-05-22 19:52:00+00:00,159.15,159.154,159.15,159.153,0
2026-05-22 19:53:00+00:00,159.152,159.152,159.149,159.15,0
2026-05-22 19:54:00+00:00,159.15,159.151,159.149,159.149,0
2026-05-22 19:55:00+00:00,159.15,159.15,159.144,159.15,0
2026-05-22 19:56:00+00:00,159.149,159.151,159.14,159.151,0
2026-05-22 19:57:00+00:00,159.15,159.168,159.145,159.166,0
2026-05-22 19:58:00+00:00,159.165,159.168,159.156,159.16,0
2026-05-22 19:59:00+00:00,159.162,159.169,159.16,159.165,0
2026-05-22 20:00:00+00:00,159.168,159.171,159.154,159.169,0
2026-05-22 20:01:00+00:00,159.17,159.172,159.166,159.169,0
2026-05-22 20:02:00+00:00,159.169,159.169,159.166,159.166,0
2026-05-22 20:03:00+00:00,159.164,159.165,159.159,159.161,0
2026-05-22 20:04:00+00:00,159.162,159.162,159.159,159.16,0
2026-05-22 20:05:00+00:00,159.163,159.164,159.163,159.164,0
2026-05-22 20:06:00+00:00,159.166,159.166,159.164,159.164,0
2026-05-22 20:07:00+00:00,159.165,159.165,159.163,159.164,0
2026-05-22 20:08:00+00:00,159.165,159.166,159.163,159.166,0
2026-05-22 20:09:00+00:00,159.164,159.165,159.163,159.164,0
2026-05-22 20:10:00+00:00,159.166,159.167,159.164,159.164,0
2026-05-22 20:11:00+00:00,159.164,159.164,159.164,159.164,0
2026-05-22 20:12:00+00:00,159.162,159.162,159.162,159.162,0
2026-05-22 20:13:00+00:00,159.157,159.157,159.149,159.151,0
2026-05-22 20:14:00+00:00,159.151,159.163,159.151,159.163,0
2026-05-22 20:15:00+00:00,159.163,159.163,159.163,159.163,0
2026-05-22 20:16:00+00:00,159.165,159.165,159.161,159.161,0
2026-05-22 20:17:00+00:00,159.167,159.168,159.164,159.165,0
2026-05-22 20:18:00+00:00,159.166,159.166,159.165,159.165,0
2026-05-22 20:19:00+00:00,159.165,159.166,159.164,159.164,0
2026-05-22 20:20:00+00:00,159.164,159.164,159.164,159.164,0
2026-05-22 20:21:00+00:00,159.164,159.164,159.164,159.164,0
2026-05-22 20:22:00+00:00,159.164,159.164,159.164,159.164,0
2026-05-22 20:23:00+00:00,159.164,159.164,159.164,159.164,0
2026-05-22 20:24:00+00:00,159.164,159.164,159.164,159.164,0
2026-05-22 20:25:00+00:00,159.167,159.175,159.165,159.169,0
2026-05-22 20:26:00+00:00,159.171,159.179,159.171,159.179,0
2026-05-22 20:27:00+00:00,159.175,159.178,159.175,159.178,0
2026-05-22 20:28:00+00:00,159.177,159.177,159.15,159.15,0
2026-05-22 20:29:00+00:00,159.149,159.165,159.141,159.163,0
2026-05-22 20:30:00+00:00,159.167,159.167,159.162,159.162,0
2026-05-22 20:31:00+00:00,159.165,159.179,159.163,159.175,0
2026-05-22 20:32:00+00:00,159.176,159.176,159.164,159.174,0
2026-05-22 20:33:00+00:00,159.175,159.175,159.162,159.164,0
2026-05-22 20:34:00+00:00,159.165,159.172,159.159,159.159,0
2026-05-22 20:35:00+00:00,159.164,159.164,159.153,159.155,0
2026-05-22 20:36:00+00:00,159.155,159.155,159.151,159.152,0
2026-05-22 20:37:00+00:00,159.155,159.155,159.153,159.154,0
2026-05-22 20:38:00+00:00,159.155,159.156,159.153,159.154,0
2026-05-22 20:39:00+00:00,159.153,159.154,159.151,159.152,0
2026-05-22 20:40:00+00:00,159.157,159.165,159.156,159.16,0
2026-05-22 20:41:00+00:00,159.161,159.165,159.161,159.163,0
2026-05-22 20:42:00+00:00,159.164,159.178,159.162,159.178,0
2026-05-22 20:43:00+00:00,159.176,159.178,159.173,159.176,0
2026-05-22 20:44:00+00:00,159.178,159.179,159.175,159.178,0
2026-05-22 20:45:00+00:00,159.179,159.189,159.175,159.186,0
2026-05-22 20:46:00+00:00,159.186,159.187,159.171,159.182,0
2026-05-22 20:47:00+00:00,159.182,159.184,159.18,159.182,0
2026-05-22 20:48:00+00:00,159.182,159.183,159.181,159.182,0
2026-05-22 20:49:00+00:00,159.182,159.194,159.181,159.182,0
2026-05-22 20:50:00+00:00,159.182,159.186,159.18,159.181,0
2026-05-22 20:51:00+00:00,159.182,159.183,159.178,159.178,0
2026-05-22 20:52:00+00:00,159.176,159.181,159.176,159.178,0
2026-05-22 20:53:00+00:00,159.18,159.182,159.179,159.179,0
2026-05-22 20:54:00+00:00,159.18,159.192,159.179,159.181,0
2026-05-22 20:55:00+00:00,159.184,159.203,159.178,159.199,0
2026-05-22 20:56:00+00:00,159.2,159.204,159.191,159.195,0
2026-05-22 20:57:00+00:00,159.194,159.195,159.188,159.189,0
2026-05-22 20:58:00+00:00,159.189,159.19,159.185,159.19,0
2026-05-22 20:59:00+00:00,159.187,159.187,159.155,159.155,0
2026-05-22 21:00:00+00:00,159.155,159.155,159.155,159.155,0
2026-05-22 21:01:00+00:00,159.155,159.155,159.155,159.155,0
2026-05-22 21:02:00+00:00,159.155,159.155,159.155,159.155,0
2026-05-22 21:03:00+00:00,159.155,159.155,159.155,159.155,0
2026-05-22 21:04:00+00:00,159.155,159.155,159.155,159.155,0
2026-05-22 21:05:00+00:00,159.155,159.155,159.155,159.155,0
2026-05-22 21:06:00+00:00,159.155,159.155,159.155,159.155,0
2026-05-22 21:07:00+00:00,159.155,159.155,159.155,159.155,0
2026-05-22 21:08:00+00:00,159.155,159.155,159.155,159.155,0
2026-05-22 21:09:00+00:00,159.155,159.155,159.155,159.155,0
2026-05-22 21:10:00+00:00,159.155,159.155,159.155,159.155,0
2026-05-22 21:11:00+00:00,159.155,159.155,159.155,159.155,0
2026-05-22 21:12:00+00:00,159.155,159.155,159.155,159.155,0
2026-05-22 21:13:00+00:00,159.155,159.155,159.155,159.155,0
2026-05-22 21:14:00+00:00,159.155,159.155,159.155,159.155,0
2026-05-22 21:15:00+00:00,159.155,159.155,159.155,159.155,0
2026-05-22 21:16:00+00:00,159.155,159.155,159.155,159.155,0
2026-05-22 21:17:00+00:00,159.155,159.155,159.155,159.155,0
2026-05-22 21:18:00+00:00,159.155,159.155,159.155,159.155,0
2026-05-22 21:19:00+00:00,159.155,159.155,159.155,159.155,0
2026-05-22 21:20:00+00:00,159.155,159.155,159.155,159.155,0
2026-05-22 21:21:00+00:00,159.155,159.155,159.155,159.155,0
2026-05-22 21:22:00+00:00,159.155,159.155,159.155,159.155,0
2026-05-22 21:23:00+00:00,159.155,159.155,159.155,159.155,0
2026-05-22 21:24:00+00:00,159.155,159.155,159.155,159.155,0
2026-05-22 21:25:00+00:00,159.155,159.155,159.155,159.155,0
2026-05-22 21:26:00+00:00,159.155,159.155,159.155,159.155,0
2026-05-22 21:27:00+00:00,159.155,159.155,159.155,159.155,0
2026-05-22 21:28:00+00:00,159.155,159.155,159.155,159.155,0
2026-05-22 21:29:00+00:00,159.155,159.155,159.155,159.155,0
2026-05-22 21:30:00+00:00,159.155,159.155,159.155,159.155,0
2026-05-22 21:31:00+00:00,159.155,159.155,159.155,159.155,0
2026-05-22 21:32:00+00:00,159.155,159.155,159.155,159.155,0
2026-05-22 21:33:00+00:00,159.155,159.155,159.155,159.155,0
2026-05-22 21:34:00+00:00,159.155,159.155,159.155,159.155,0
2026-05-22 21:35:00+00:00,159.155,159.155,159.155,159.155,0
2026-05-22 21:36:00+00:00,159.155,159.155,159.155,159.155,0
2026-05-22 21:37:00+00:00,159.155,159.155,159.155,159.155,0
2026-05-22 21:38:00+00:00,159.155,159.155,159.155,159.155,0
2026-05-22 21:39:00+00:00,159.155,159.155,159.155,159.155,0
2026-05-22 21:40:00+00:00,159.155,159.155,159.155,159.155,0
2026-05-22 21:41:00+00:00,159.155,159.155,159.155,159.155,0
2026-05-22 21:42:00+00:00,159.155,159.155,159.155,159.155,0
2026-05-22 21:43:00+00:00,159.155,159.155,159.155,159.155,0
2026-05-22 21:44:00+00:00,159.155,159.155,159.155,159.155,0
2026-05-22 21:45:00+00:00,159.155,159.155,159.155,159.155,0
2026-05-22 21:46:00+00:00,159.155,159.155,159.155,159.155,0
2026-05-22 21:47:00+00:00,159.155,159.155,159.155,159.155,0
2026-05-22 21:48:00+00:00,159.155,159.155,159.155,159.155,0
2026-05-22 21:49:00+00:00,159.155,159.155,159.155,159.155,0
2026-05-22 21:50:00+00:00,159.155,159.155,159.155,159.155,0
2026-05-22 21:51:00+00:00,159.155,159.155,159.155,159.155,0
2026-05-22 21:52:00+00:00,159.155,159.155,159.155,159.155,0
2026-05-22 21:53:00+00:00,159.155,159.155,159.155,159.155,0
2026-05-22 21:54:00+00:00,159.155,159.155,159.155,159.155,0
2026-05-22 21:55:00+00:00,159.155,159.155,159.155,159.155,0
2026-05-22 21:56:00+00:00,159.155,159.155,159.155,159.155,0
2026-05-22 21:57:00+00:00,159.155,159.155,159.155,159.155,0
2026-05-22 21:58:00+00:00,159.155,159.155,159.155,159.155,0
2026-05-22 21:59:00+00:00,159.155,159.155,159.155,159.155,0
2026-05-22 22:00:00+00:00,159.155,159.155,159.155,159.155,0
2026-05-22 22:01:00+00:00,159.155,159.155,159.155,159.155,0
2026-05-22 22:02:00+00:00,159.155,159.155,159.155,159.155,0
2026-05-22 22:03:00+00:00,159.155,159.155,159.155,159.155,0
2026-05-22 22:04:00+00:00,159.155,159.155,159.155,159.155,0
2026-05-22 22:05:00+00:00,159.155,159.155,159.155,159.155,0
2026-05-22 22:06:00+00:00,159.155,159.155,159.155,159.155,0
2026-05-22 22:07:00+00:00,159.155,159.155,159.155,159.155,0
2026-05-22 22:08:00+00:00,159.155,159.155,159.155,159.155,0
2026-05-22 22:09:00+00:00,159.155,159.155,159.155,159.155,0
2026-05-22 22:10:00+00:00,159.155,159.155,159.155,159.155,0
2026-05-22 22:11:00+00:00,159.155,159.155,159.155,159.155,0
2026-05-22 22:12:00+00:00,159.155,159.155,159.155,159.155,0
2026-05-22 22:13:00+00:00,159.155,159.155,159.155,159.155,0
2026-05-22 22:14:00+00:00,159.155,159.155,159.155,159.155,0
2026-05-22 22:15:00+00:00,159.155,159.155,159.155,159.155,0
2026-05-22 22:16:00+00:00,159.155,159.155,159.155,159.155,0
2026-05-22 22:17:00+00:00,159.155,159.155,159.155,159.155,0
2026-05-22 22:18:00+00:00,159.155,159.155,159.155,159.155,0
2026-05-22 22:19:00+00:00,159.155,159.155,159.155,159.155,0
2026-05-22 22:20:00+00:00,159.155,159.155,159.155,159.155,0
2026-05-22 22:21:00+00:00,159.155,159.155,159.155,159.155,0
2026-05-22 22:22:00+00:00,159.155,159.155,159.155,159.155,0
2026-05-22 22:23:00+00:00,159.155,159.155,159.155,159.155,0
2026-05-22 22:24:00+00:00,159.155,159.155,159.155,159.155,0
2026-05-22 22:25:00+00:00,159.155,159.155,159.155,159.155,0
2026-05-22 22:26:00+00:00,159.155,159.155,159.155,159.155,0
2026-05-22 22:27:00+00:00,159.155,159.155,159.155,159.155,0
2026-05-22 22:28:00+00:00,159.155,159.155,159.155,159.155,0
2026-05-22 22:29:00+00:00,159.155,159.155,159.155,159.155,0
2026-05-22 22:30:00+00:00,159.155,159.155,159.155,159.155,0
2026-05-22 22:31:00+00:00,159.155,159.155,159.155,159.155,0
2026-05-22 22:32:00+00:00,159.155,159.155,159.155,159.155,0
2026-05-22 22:33:00+00:00,159.155,159.155,159.155,159.155,0
2026-05-22 22:34:00+00:00,159.155,159.155,159.155,159.155,0
2026-05-22 22:35:00+00:00,159.155,159.155,159.155,159.155,0
2026-05-22 22:36:00+00:00,159.155,159.155,159.155,159.155,0
2026-05-22 22:37:00+00:00,159.155,159.155,159.155,159.155,0
2026-05-22 22:38:00+00:00,159.155,159.155,159.155,159.155,0
2026-05-22 22:39:00+00:00,159.155,159.155,159.155,159.155,0
2026-05-22 22:40:00+00:00,159.155,159.155,159.155,159.155,0
2026-05-22 22:41:00+00:00,159.155,159.155,159.155,159.155,0
2026-05-22 22:42:00+00:00,159.155,159.155,159.155,159.155,0
2026-05-22 22:43:00+00:00,159.155,159.155,159.155,159.155,0
2026-05-22 22:44:00+00:00,159.155,159.155,159.155,159.155,0
2026-05-22 22:45:00+00:00,159.155,159.155,159.155,159.155,0
2026-05-22 22:46:00+00:00,159.155,159.155,159.155,159.155,0
2026-05-22 22:47:00+00:00,159.155,159.155,159.155,159.155,0
2026-05-22 22:48:00+00:00,159.155,159.155,159.155,159.155,0
2026-05-22 22:49:00+00:00,159.155,159.155,159.155,159.155,0
2026-05-22 22:50:00+00:00,159.155,159.155,159.155,159.155,0
2026-05-22 22:51:00+00:00,159.155,159.155,159.155,159.155,0
2026-05-22 22:52:00+00:00,159.155,159.155,159.155,159.155,0
2026-05-22 22:53:00+00:00,159.155,159.155,159.155,159.155,0
2026-05-22 22:54:00+00:00,159.155,159.155,159.155,159.155,0
2026-05-22 22:55:00+00:00,159.155,159.155,159.155,159.155,0
2026-05-22 22:56:00+00:00,159.155,159.155,159.155,159.155,0
2026-05-22 22:57:00+00:00,159.155,159.155,159.155,159.155,0
2026-05-22 22:58:00+00:00,159.155,159.155,159.155,159.155,0
2026-05-22 22:59:00+00:00,159.155,159.155,159.155,159.155,0
2026-05-22 23:00:00+00:00,159.155,159.155,159.155,159.155,0
2026-05-22 23:01:00+00:00,159.155,159.155,159.155,159.155,0
2026-05-22 23:02:00+00:00,159.155,159.155,159.155,159.155,0
2026-05-22 23:03:00+00:00,159.155,159.155,159.155,159.155,0
2026-05-22 23:04:00+00:00,159.155,159.155,159.155,159.155,0
2026-05-22 23:05:00+00:00,159.155,159.155,159.155,159.155,0
2026-05-22 23:06:00+00:00,159.155,159.155,159.155,159.155,0
2026-05-22 23:07:00+00:00,159.155,159.155,159.155,159.155,0
2026-05-22 23:08:00+00:00,159.155,159.155,159.155,159.155,0
2026-05-22 23:09:00+00:00,159.155,159.155,159.155,159.155,0
2026-05-22 23:10:00+00:00,159.155,159.155,159.155,159.155,0
2026-05-22 23:11:00+00:00,159.155,159.155,159.155,159.155,0
2026-05-22 23:12:00+00:00,159.155,159.155,159.155,159.155,0
2026-05-22 23:13:00+00:00,159.155,159.155,159.155,159.155,0
2026-05-22 23:14:00+00:00,159.155,159.155,159.155,159.155,0
2026-05-22 23:15:00+00:00,159.155,159.155,159.155,159.155,0
2026-05-22 23:16:00+00:00,159.155,159.155,159.155,159.155,0
2026-05-22 23:17:00+00:00,159.155,159.155,159.155,159.155,0
2026-05-22 23:18:00+00:00,159.155,159.155,159.155,159.155,0
2026-05-22 23:19:00+00:00,159.155,159.155,159.155,159.155,0
2026-05-22 23:20:00+00:00,159.155,159.155,159.155,159.155,0
2026-05-22 23:21:00+00:00,159.155,159.155,159.155,159.155,0
2026-05-22 23:22:00+00:00,159.155,159.155,159.155,159.155,0
2026-05-22 23:23:00+00:00,159.155,159.155,159.155,159.155,0
2026-05-22 23:24:00+00:00,159.155,159.155,159.155,159.155,0
2026-05-22 23:25:00+00:00,159.155,159.155,159.155,159.155,0
2026-05-22 23:26:00+00:00,159.155,159.155,159.155,159.155,0
2026-05-22 23:27:00+00:00,159.155,159.155,159.155,159.155,0
2026-05-22 23:28:00+00:00,159.155,159.155,159.155,159.155,0
2026-05-22 23:29:00+00:00,159.155,159.155,159.155,159.155,0
2026-05-22 23:30:00+00:00,159.155,159.155,159.155,159.155,0
2026-05-22 23:31:00+00:00,159.155,159.155,159.155,159.155,0
2026-05-22 23:32:00+00:00,159.155,159.155,159.155,159.155,0
2026-05-22 23:33:00+00:00,159.155,159.155,159.155,159.155,0
2026-05-22 23:34:00+00:00,159.155,159.155,159.155,159.155,0
2026-05-22 23:35:00+00:00,159.155,159.155,159.155,159.155,0
2026-05-22 23:36:00+00:00,159.155,159.155,159.155,159.155,0
2026-05-22 23:37:00+00:00,159.155,159.155,159.155,159.155,0
2026-05-22 23:38:00+00:00,159.155,159.155,159.155,159.155,0
2026-05-22 23:39:00+00:00,159.155,159.155,159.155,159.155,0
2026-05-22 23:40:00+00:00,159.155,159.155,159.155,159.155,0
2026-05-22 23:41:00+00:00,159.155,159.155,159.155,159.155,0
2026-05-22 23:42:00+00:00,159.155,159.155,159.155,159.155,0
2026-05-22 23:43:00+00:00,159.155,159.155,159.155,159.155,0
2026-05-22 23:44:00+00:00,159.155,159.155,159.155,159.155,0
2026-05-22 23:45:00+00:00,159.155,159.155,159.155,159.155,0
2026-05-22 23:46:00+00:00,159.155,159.155,159.155,159.155,0
2026-05-22 23:47:00+00:00,159.155,159.155,159.155,159.155,0
2026-05-22 23:48:00+00:00,159.155,159.155,159.155,159.155,0
2026-05-22 23:49:00+00:00,159.155,159.155,159.155,159.155,0
2026-05-22 23:50:00+00:00,159.155,159.155,159.155,159.155,0
2026-05-22 23:51:00+00:00,159.155,159.155,159.155,159.155,0
2026-05-22 23:52:00+00:00,159.155,159.155,159.155,159.155,0
2026-05-22 23:53:00+00:00,159.155,159.155,159.155,159.155,0
2026-05-22 23:54:00+00:00,159.155,159.155,159.155,159.155,0
2026-05-22 23:55:00+00:00,159.155,159.155,159.155,159.155,0
2026-05-22 23:56:00+00:00,159.155,159.155,159.155,159.155,0
2026-05-22 23:57:00+00:00,159.155,159.155,159.155,159.155,0
2026-05-22 23:58:00+00:00,159.155,159.155,159.155,159.155,0
2026-05-22 23:59:00+00:00,159.155,159.155,159.155,159.155,0
2026-05-23 00:00:00+00:00,159.155,159.155,159.155,159.155,0
2026-05-23 00:01:00+00:00,159.155,159.155,159.155,159.155,0
2026-05-23 00:02:00+00:00,159.155,159.155,159.155,159.155,0
2026-05-23 00:03:00+00:00,159.155,159.155,159.155,159.155,0
2026-05-23 00:04:00+00:00,159.155,159.155,159.155,159.155,0
2026-05-23 00:05:00+00:00,159.155,159.155,159.155,159.155,0
2026-05-23 00:06:00+00:00,159.155,159.155,159.155,159.155,0
2026-05-23 00:07:00+00:00,159.155,159.155,159.155,159.155,0
2026-05-23 00:08:00+00:00,159.155,159.155,159.155,159.155,0
2026-05-23 00:09:00+00:00,159.155,159.155,159.155,159.155,0
2026-05-23 00:10:00+00:00,159.155,159.155,159.155,159.155,0
2026-05-23 00:11:00+00:00,159.155,159.155,159.155,159.155,0
2026-05-23 00:12:00+00:00,159.155,159.155,159.155,159.155,0
2026-05-23 00:13:00+00:00,159.155,159.155,159.155,159.155,0
2026-05-23 00:14:00+00:00,159.155,159.155,159.155,159.155,0
2026-05-23 00:15:00+00:00,159.155,159.155,159.155,159.155,0
2026-05-23 00:16:00+00:00,159.155,159.155,159.155,159.155,0
2026-05-23 00:17:00+00:00,159.155,159.155,159.155,159.155,0
2026-05-23 00:18:00+00:00,159.155,159.155,159.155,159.155,0
2026-05-23 00:19:00+00:00,159.155,159.155,159.155,159.155,0
2026-05-23 00:20:00+00:00,159.155,159.155,159.155,159.155,0
2026-05-23 00:21:00+00:00,159.155,159.155,159.155,159.155,0
2026-05-23 00:22:00+00:00,159.155,159.155,159.155,159.155,0
2026-05-23 00:23:00+00:00,159.155,159.155,159.155,159.155,0
2026-05-23 00:24:00+00:00,159.155,159.155,159.155,159.155,0
2026-05-23 00:25:00+00:00,159.155,159.155,159.155,159.155,0
2026-05-23 00:26:00+00:00,159.155,159.155,159.155,159.155,0
2026-05-23 00:27:00+00:00,159.155,159.155,159.155,159.155,0
2026-05-23 00:28:00+00:00,159.155,159.155,159.155,159.155,0
2026-05-23 00:29:00+00:00,159.155,159.155,159.155,159.155,0
2026-05-23 00:30:00+00:00,159.155,159.155,159.155,159.155,0
2026-05-23 00:31:00+00:00,159.155,159.155,159.155,159.155,0
2026-05-23 00:32:00+00:00,159.155,159.155,159.155,159.155,0
2026-05-23 00:33:00+00:00,159.155,159.155,159.155,159.155,0
2026-05-23 00:34:00+00:00,159.155,159.155,159.155,159.155,0
2026-05-23 00:35:00+00:00,159.155,159.155,159.155,159.155,0
2026-05-23 00:36:00+00:00,159.155,159.155,159.155,159.155,0
2026-05-23 00:37:00+00:00,159.155,159.155,159.155,159.155,0
2026-05-23 00:38:00+00:00,159.155,159.155,159.155,159.155,0
2026-05-23 00:39:00+00:00,159.155,159.155,159.155,159.155,0
2026-05-23 00:40:00+00:00,159.155,159.155,159.155,159.155,0
2026-05-23 00:41:00+00:00,159.155,159.155,159.155,159.155,0
2026-05-23 00:42:00+00:00,159.155,159.155,159.155,159.155,0
2026-05-23 00:43:00+00:00,159.155,159.155,159.155,159.155,0
2026-05-23 00:44:00+00:00,159.155,159.155,159.155,159.155,0
2026-05-23 00:45:00+00:00,159.155,159.155,159.155,159.155,0
2026-05-23 00:46:00+00:00,159.155,159.155,159.155,159.155,0
2026-05-23 00:47:00+00:00,159.155,159.155,159.155,159.155,0
2026-05-23 00:48:00+00:00,159.155,159.155,159.155,159.155,0
2026-05-23 00:49:00+00:00,159.155,159.155,159.155,159.155,0
2026-05-23 00:50:00+00:00,159.155,159.155,159.155,159.155,0
2026-05-23 00:51:00+00:00,159.155,159.155,159.155,159.155,0
2026-05-23 00:52:00+00:00,159.155,159.155,159.155,159.155,0
2026-05-23 00:53:00+00:00,159.155,159.155,159.155,159.155,0
2026-05-23 00:54:00+00:00,159.155,159.155,159.155,159.155,0
2026-05-23 00:55:00+00:00,159.155,159.155,159.155,159.155,0
2026-05-23 00:56:00+00:00,159.155,159.155,159.155,159.155,0
2026-05-23 00:57:00+00:00,159.155,159.155,159.155,159.155,0
2026-05-23 00:58:00+00:00,159.155,159.155,159.155,159.155,0
2026-05-23 00:59:00+00:00,159.155,159.155,159.155,159.155,0
2026-05-23 01:00:00+00:00,159.155,159.155,159.155,159.155,0
2026-05-23 01:01:00+00:00,159.155,159.155,159.155,159.155,0
2026-05-23 01:02:00+00:00,159.155,159.155,159.155,159.155,0
2026-05-23 01:03:00+00:00,159.155,159.155,159.155,159.155,0
2026-05-23 01:04:00+00:00,159.155,159.155,159.155,159.155,0
2026-05-23 01:05:00+00:00,159.155,159.155,159.155,159.155,0
2026-05-23 01:06:00+00:00,159.155,159.155,159.155,159.155,0
2026-05-23 01:07:00+00:00,159.155,159.155,159.155,159.155,0
2026-05-23 01:08:00+00:00,159.155,159.155,159.155,159.155,0
2026-05-23 01:09:00+00:00,159.155,159.155,159.155,159.155,0
2026-05-23 01:10:00+00:00,159.155,159.155,159.155,159.155,0
2026-05-23 01:11:00+00:00,159.155,159.155,159.155,159.155,0
2026-05-23 01:12:00+00:00,159.155,159.155,159.155,159.155,0
2026-05-23 01:13:00+00:00,159.155,159.155,159.155,159.155,0
2026-05-23 01:14:00+00:00,159.155,159.155,159.155,159.155,0
2026-05-23 01:15:00+00:00,159.155,159.155,159.155,159.155,0
2026-05-23 01:16:00+00:00,159.155,159.155,159.155,159.155,0
2026-05-23 01:17:00+00:00,159.155,159.155,159.155,159.155,0
2026-05-23 01:18:00+00:00,159.155,159.155,159.155,159.155,0
2026-05-23 01:19:00+00:00,159.155,159.155,159.155,159.155,0
2026-05-23 01:20:00+00:00,159.155,159.155,159.155,159.155,0
2026-05-23 01:21:00+00:00,159.155,159.155,159.155,159.155,0
2026-05-23 01:22:00+00:00,159.155,159.155,159.155,159.155,0
2026-05-23 01:23:00+00:00,159.155,159.155,159.155,159.155,0
2026-05-23 01:24:00+00:00,159.155,159.155,159.155,159.155,0
2026-05-23 01:25:00+00:00,159.155,159.155,159.155,159.155,0
2026-05-23 01:26:00+00:00,159.155,159.155,159.155,159.155,0
2026-05-23 01:27:00+00:00,159.155,159.155,159.155,159.155,0
2026-05-23 01:28:00+00:00,159.155,159.155,159.155,159.155,0
2026-05-23 01:29:00+00:00,159.155,159.155,159.155,159.155,0
2026-05-23 01:30:00+00:00,159.155,159.155,159.155,159.155,0
2026-05-23 01:31:00+00:00,159.155,159.155,159.155,159.155,0
2026-05-23 01:32:00+00:00,159.155,159.155,159.155,159.155,0
2026-05-23 01:33:00+00:00,159.155,159.155,159.155,159.155,0
2026-05-23 01:34:00+00:00,159.155,159.155,159.155,159.155,0
2026-05-23 01:35:00+00:00,159.155,159.155,159.155,159.155,0
2026-05-23 01:36:00+00:00,159.155,159.155,159.155,159.155,0
2026-05-23 01:37:00+00:00,159.155,159.155,159.155,159.155,0
2026-05-23 01:38:00+00:00,159.155,159.155,159.155,159.155,0
2026-05-23 01:39:00+00:00,159.155,159.155,159.155,159.155,0
2026-05-23 01:40:00+00:00,159.155,159.155,159.155,159.155,0
2026-05-23 01:41:00+00:00,159.155,159.155,159.155,159.155,0
2026-05-23 01:42:00+00:00,159.155,159.155,159.155,159.155,0
2026-05-23 01:43:00+00:00,159.155,159.155,159.155,159.155,0
2026-05-23 01:44:00+00:00,159.155,159.155,159.155,159.155,0
2026-05-23 01:45:00+00:00,159.155,159.155,159.155,159.155,0
2026-05-23 01:46:00+00:00,159.155,159.155,159.155,159.155,0
2026-05-23 01:47:00+00:00,159.155,159.155,159.155,159.155,0
2026-05-23 01:48:00+00:00,159.155,159.155,159.155,159.155,0
2026-05-23 01:49:00+00:00,159.155,159.155,159.155,159.155,0
2026-05-23 01:50:00+00:00,159.155,159.155,159.155,159.155,0
2026-05-23 01:51:00+00:00,159.155,159.155,159.155,159.155,0
2026-05-23 01:52:00+00:00,159.155,159.155,159.155,159.155,0
2026-05-23 01:53:00+00:00,159.155,159.155,159.155,159.155,0
2026-05-23 01:54:00+00:00,159.155,159.155,159.155,159.155,0
2026-05-23 01:55:00+00:00,159.155,159.155,159.155,159.155,0
2026-05-23 01:56:00+00:00,159.155,159.155,159.155,159.155,0
2026-05-23 01:57:00+00:00,159.155,159.155,159.155,159.155,0
2026-05-23 01:58:00+00:00,159.155,159.155,159.155,159.155,0
2026-05-23 01:59:00+00:00,159.155,159.155,159.155,159.155,0
2026-05-23 02:00:00+00:00,159.155,159.155,159.155,159.155,0
2026-05-23 02:01:00+00:00,159.155,159.155,159.155,159.155,0
2026-05-23 02:02:00+00:00,159.155,159.155,159.155,159.155,0
2026-05-23 02:03:00+00:00,159.155,159.155,159.155,159.155,0
2026-05-23 02:04:00+00:00,159.155,159.155,159.155,159.155,0
2026-05-23 02:05:00+00:00,159.155,159.155,159.155,159.155,0
2026-05-23 02:06:00+00:00,159.155,159.155,159.155,159.155,0
2026-05-23 02:07:00+00:00,159.155,159.155,159.155,159.155,0
2026-05-23 02:08:00+00:00,159.155,159.155,159.155,159.155,0
2026-05-23 02:09:00+00:00,159.155,159.155,159.155,159.155,0
2026-05-23 02:10:00+00:00,159.155,159.155,159.155,159.155,0
2026-05-23 02:11:00+00:00,159.155,159.155,159.155,159.155,0
2026-05-23 02:12:00+00:00,159.155,159.155,159.155,159.155,0
2026-05-23 02:13:00+00:00,159.155,159.155,159.155,159.155,0
2026-05-23 02:14:00+00:00,159.155,159.155,159.155,159.155,0
2026-05-23 02:15:00+00:00,159.155,159.155,159.155,159.155,0
2026-05-23 02:16:00+00:00,159.155,159.155,159.155,159.155,0
2026-05-23 02:17:00+00:00,159.155,159.155,159.155,159.155,0
2026-05-23 02:18:00+00:00,159.155,159.155,159.155,159.155,0
2026-05-23 02:19:00+00:00,159.155,159.155,159.155,159.155,0
2026-05-23 02:20:00+00:00,159.155,159.155,159.155,159.155,0
2026-05-23 02:21:00+00:00,159.155,159.155,159.155,159.155,0
2026-05-23 02:22:00+00:00,159.155,159.155,159.155,159.155,0
2026-05-23 02:23:00+00:00,159.155,159.155,159.155,159.155,0
2026-05-23 02:24:00+00:00,159.155,159.155,159.155,159.155,0
2026-05-23 02:25:00+00:00,159.155,159.155,159.155,159.155,0
2026-05-23 02:26:00+00:00,159.155,159.155,159.155,159.155,0
2026-05-23 02:27:00+00:00,159.155,159.155,159.155,159.155,0
2026-05-23 02:28:00+00:00,159.155,159.155,159.155,159.155,0
2026-05-23 02:29:00+00:00,159.155,159.155,159.155,159.155,0
2026-05-23 02:30:00+00:00,159.155,159.155,159.155,159.155,0
2026-05-23 02:31:00+00:00,159.155,159.155,159.155,159.155,0
2026-05-23 02:32:00+00:00,159.155,159.155,159.155,159.155,0
2026-05-23 02:33:00+00:00,159.155,159.155,159.155,159.155,0
2026-05-23 02:34:00+00:00,159.155,159.155,159.155,159.155,0
2026-05-23 02:35:00+00:00,159.155,159.155,159.155,159.155,0
2026-05-23 02:36:00+00:00,159.155,159.155,159.155,159.155,0
2026-05-23 02:37:00+00:00,159.155,159.155,159.155,159.155,0
2026-05-23 02:38:00+00:00,159.155,159.155,159.155,159.155,0
2026-05-23 02:39:00+00:00,159.155,159.155,159.155,159.155,0
2026-05-23 02:40:00+00:00,159.155,159.155,159.155,159.155,0
2026-05-23 02:41:00+00:00,159.155,159.155,159.155,159.155,0
2026-05-23 02:42:00+00:00,159.155,159.155,159.155,159.155,0
2026-05-23 02:43:00+00:00,159.155,159.155,159.155,159.155,0
2026-05-23 02:44:00+00:00,159.155,159.155,159.155,159.155,0
2026-05-23 02:45:00+00:00,159.155,159.155,159.155,159.155,0
2026-05-23 02:46:00+00:00,159.155,159.155,159.155,159.155,0
2026-05-23 02:47:00+00:00,159.155,159.155,159.155,159.155,0
2026-05-23 02:48:00+00:00,159.155,159.155,159.155,159.155,0
2026-05-23 02:49:00+00:00,159.155,159.155,159.155,159.155,0
2026-05-23 02:50:00+00:00,159.155,159.155,159.155,159.155,0
2026-05-23 02:51:00+00:00,159.155,159.155,159.155,159.155,0
2026-05-23 02:52:00+00:00,159.155,159.155,159.155,159.155,0
2026-05-23 02:53:00+00:00,159.155,159.155,159.155,159.155,0
2026-05-23 02:54:00+00:00,159.155,159.155,159.155,159.155,0
2026-05-23 02:55:00+00:00,159.155,159.155,159.155,159.155,0
2026-05-23 02:56:00+00:00,159.155,159.155,159.155,159.155,0
2026-05-23 02:57:00+00:00,159.155,159.155,159.155,159.155,0
2026-05-23 02:58:00+00:00,159.155,159.155,159.155,159.155,0
2026-05-23 02:59:00+00:00,159.155,159.155,159.155,159.155,0
2026-05-23 03:00:00+00:00,159.155,159.155,159.155,159.155,0
2026-05-23 03:01:00+00:00,159.155,159.155,159.155,159.155,0
2026-05-23 03:02:00+00:00,159.155,159.155,159.155,159.155,0
2026-05-23 03:03:00+00:00,159.155,159.155,159.155,159.155,0
2026-05-23 03:04:00+00:00,159.155,159.155,159.155,159.155,0
2026-05-23 03:05:00+00:00,159.155,159.155,159.155,159.155,0
2026-05-23 03:06:00+00:00,159.155,159.155,159.155,159.155,0
2026-05-23 03:07:00+00:00,159.155,159.155,159.155,159.155,0
2026-05-23 03:08:00+00:00,159.155,159.155,159.155,159.155,0
2026-05-23 03:09:00+00:00,159.155,159.155,159.155,159.155,0
2026-05-23 03:10:00+00:00,159.155,159.155,159.155,159.155,0
2026-05-23 03:11:00+00:00,159.155,159.155,159.155,159.155,0
2026-05-23 03:12:00+00:00,159.155,159.155,159.155,159.155,0
2026-05-23 03:13:00+00:00,159.155,159.155,159.155,159.155,0
2026-05-23 03:14:00+00:00,159.155,159.155,159.155,159.155,0
2026-05-23 03:15:00+00:00,159.155,159.155,159.155,159.155,0
2026-05-23 03:16:00+00:00,159.155,159.155,159.155,159.155,0
2026-05-23 03:17:00+00:00,159.155,159.155,159.155,159.155,0
2026-05-23 03:18:00+00:00,159.155,159.155,159.155,159.155,0
2026-05-23 03:19:00+00:00,159.155,159.155,159.155,159.155,0
2026-05-23 03:20:00+00:00,159.155,159.155,159.155,159.155,0
2026-05-23 03:21:00+00:00,159.155,159.155,159.155,159.155,0
2026-05-23 03:22:00+00:00,159.155,159.155,159.155,159.155,0
2026-05-23 03:23:00+00:00,159.155,159.155,159.155,159.155,0
2026-05-23 03:24:00+00:00,159.155,159.155,159.155,159.155,0
2026-05-23 03:25:00+00:00,159.155,159.155,159.155,159.155,0
2026-05-23 03:26:00+00:00,159.155,159.155,159.155,159.155,0
2026-05-23 03:27:00+00:00,159.155,159.155,159.155,159.155,0
2026-05-23 03:28:00+00:00,159.155,159.155,159.155,159.155,0
2026-05-23 03:29:00+00:00,159.155,159.155,159.155,159.155,0
2026-05-23 03:30:00+00:00,159.155,159.155,159.155,159.155,0
2026-05-23 03:31:00+00:00,159.155,159.155,159.155,159.155,0
2026-05-23 03:32:00+00:00,159.155,159.155,159.155,159.155,0
2026-05-23 03:33:00+00:00,159.155,159.155,159.155,159.155,0
2026-05-23 03:34:00+00:00,159.155,159.155,159.155,159.155,0
2026-05-23 03:35:00+00:00,159.155,159.155,159.155,159.155,0
2026-05-23 03:36:00+00:00,159.155,159.155,159.155,159.155,0
2026-05-23 03:37:00+00:00,159.155,159.155,159.155,159.155,0
2026-05-23 03:38:00+00:00,159.155,159.155,159.155,159.155,0
2026-05-23 03:39:00+00:00,159.155,159.155,159.155,159.155,0
2026-05-23 03:40:00+00:00,159.155,159.155,159.155,159.155,0
2026-05-23 03:41:00+00:00,159.155,159.155,159.155,159.155,0
2026-05-23 03:42:00+00:00,159.155,159.155,159.155,159.155,0
2026-05-23 03:43:00+00:00,159.155,159.155,159.155,159.155,0
2026-05-23 03:44:00+00:00,159.155,159.155,159.155,159.155,0
2026-05-23 03:45:00+00:00,159.155,159.155,159.155,159.155,0
2026-05-23 03:46:00+00:00,159.155,159.155,159.155,159.155,0
2026-05-23 03:47:00+00:00,159.155,159.155,159.155,159.155,0
2026-05-23 03:48:00+00:00,159.155,159.155,159.155,159.155,0
2026-05-23 03:49:00+00:00,159.155,159.155,159.155,159.155,0
2026-05-23 03:50:00+00:00,159.155,159.155,159.155,159.155,0
2026-05-23 03:51:00+00:00,159.155,159.155,159.155,159.155,0
2026-05-23 03:52:00+00:00,159.155,159.155,159.155,159.155,0
2026-05-23 03:53:00+00:00,159.155,159.155,159.155,159.155,0
2026-05-23 03:54:00+00:00,159.155,159.155,159.155,159.155,0
2026-05-23 03:55:00+00:00,159.155,159.155,159.155,159.155,0
2026-05-23 03:56:00+00:00,159.155,159.155,159.155,159.155,0
2026-05-23 03:57:00+00:00,159.155,159.155,159.155,159.155,0
2026-05-23 03:58:00+00:00,159.155,159.155,159.155,159.155,0
2026-05-23 03:59:00+00:00,159.155,159.155,159.155,159.155,0
2026-05-23 04:00:00+00:00,159.155,159.155,159.155,159.155,0
2026-05-23 04:01:00+00:00,159.155,159.155,159.155,159.155,0
2026-05-23 04:02:00+00:00,159.155,159.155,159.155,159.155,0
2026-05-23 04:03:00+00:00,159.155,159.155,159.155,159.155,0
2026-05-23 04:04:00+00:00,159.155,159.155,159.155,159.155,0
2026-05-23 04:05:00+00:00,159.155,159.155,159.155,159.155,0
2026-05-23 04:06:00+00:00,159.155,159.155,159.155,159.155,0
2026-05-23 04:07:00+00:00,159.155,159.155,159.155,159.155,0
2026-05-23 04:08:00+00:00,159.155,159.155,159.155,159.155,0
2026-05-23 04:09:00+00:00,159.155,159.155,159.155,159.155,0
2026-05-23 04:10:00+00:00,159.155,159.155,159.155,159.155,0
2026-05-23 04:11:00+00:00,159.155,159.155,159.155,159.155,0
2026-05-23 04:12:00+00:00,159.155,159.155,159.155,159.155,0
2026-05-23 04:13:00+00:00,159.155,159.155,159.155,159.155,0
2026-05-23 04:14:00+00:00,159.155,159.155,159.155,159.155,0
2026-05-23 04:15:00+00:00,159.155,159.155,159.155,159.155,0
2026-05-23 04:16:00+00:00,159.155,159.155,159.155,159.155,0
2026-05-23 04:17:00+00:00,159.155,159.155,159.155,159.155,0
2026-05-23 04:18:00+00:00,159.155,159.155,159.155,159.155,0
2026-05-23 04:19:00+00:00,159.155,159.155,159.155,159.155,0
2026-05-23 04:20:00+00:00,159.155,159.155,159.155,159.155,0
2026-05-23 04:21:00+00:00,159.155,159.155,159.155,159.155,0
2026-05-23 04:22:00+00:00,159.155,159.155,159.155,159.155,0
2026-05-23 04:23:00+00:00,159.155,159.155,159.155,159.155,0
2026-05-23 04:24:00+00:00,159.155,159.155,159.155,159.155,0
2026-05-23 04:25:00+00:00,159.155,159.155,159.155,159.155,0
2026-05-23 04:26:00+00:00,159.155,159.155,159.155,159.155,0
2026-05-23 04:27:00+00:00,159.155,159.155,159.155,159.155,0
2026-05-23 04:28:00+00:00,159.155,159.155,159.155,159.155,0
2026-05-23 04:29:00+00:00,159.155,159.155,159.155,159.155,0
2026-05-23 04:30:00+00:00,159.155,159.155,159.155,159.155,0
2026-05-23 04:31:00+00:00,159.155,159.155,159.155,159.155,0
2026-05-23 04:32:00+00:00,159.155,159.155,159.155,159.155,0
2026-05-23 04:33:00+00:00,159.155,159.155,159.155,159.155,0
2026-05-23 04:34:00+00:00,159.155,159.155,159.155,159.155,0
2026-05-23 04:35:00+00:00,159.155,159.155,159.155,159.155,0
2026-05-23 04:36:00+00:00,159.155,159.155,159.155,159.155,0
2026-05-23 04:37:00+00:00,159.155,159.155,159.155,159.155,0
2026-05-23 04:38:00+00:00,159.155,159.155,159.155,159.155,0
2026-05-23 04:39:00+00:00,159.155,159.155,159.155,159.155,0
2026-05-23 04:40:00+00:00,159.155,159.155,159.155,159.155,0
2026-05-23 04:41:00+00:00,159.155,159.155,159.155,159.155,0
2026-05-23 04:42:00+00:00,159.155,159.155,159.155,159.155,0
2026-05-23 04:43:00+00:00,159.155,159.155,159.155,159.155,0
2026-05-23 04:44:00+00:00,159.155,159.155,159.155,159.155,0
2026-05-23 04:45:00+00:00,159.155,159.155,159.155,159.155,0
2026-05-23 04:46:00+00:00,159.155,159.155,159.155,159.155,0
2026-05-23 04:47:00+00:00,159.155,159.155,159.155,159.155,0
2026-05-23 04:48:00+00:00,159.155,159.155,159.155,159.155,0
2026-05-23 04:49:00+00:00,159.155,159.155,159.155,159.155,0
2026-05-23 04:50:00+00:00,159.155,159.155,159.155,159.155,0
2026-05-23 04:51:00+00:00,159.155,159.155,159.155,159.155,0
2026-05-23 04:52:00+00:00,159.155,159.155,159.155,159.155,0
2026-05-23 04:53:00+00:00,159.155,159.155,159.155,159.155,0
2026-05-23 04:54:00+00:00,159.155,159.155,159.155,159.155,0
2026-05-23 04:55:00+00:00,159.155,159.155,159.155,159.155,0
2026-05-23 04:56:00+00:00,159.155,159.155,159.155,159.155,0
2026-05-23 04:57:00+00:00,159.155,159.155,159.155,159.155,0
2026-05-23 04:58:00+00:00,159.155,159.155,159.155,159.155,0
2026-05-23 04:59:00+00:00,159.155,159.155,159.155,159.155,0
2026-05-23 05:00:00+00:00,159.155,159.155,159.155,159.155,0
2026-05-23 05:01:00+00:00,159.155,159.155,159.155,159.155,0
2026-05-23 05:02:00+00:00,159.155,159.155,159.155,159.155,0
2026-05-23 05:03:00+00:00,159.155,159.155,159.155,159.155,0
2026-05-23 05:04:00+00:00,159.155,159.155,159.155,159.155,0
2026-05-23 05:05:00+00:00,159.155,159.155,159.155,159.155,0
2026-05-23 05:06:00+00:00,159.155,159.155,159.155,159.155,0
2026-05-23 05:07:00+00:00,159.155,159.155,159.155,159.155,0
2026-05-23 05:08:00+00:00,159.155,159.155,159.155,159.155,0
2026-05-23 05:09:00+00:00,159.155,159.155,159.155,159.155,0
2026-05-23 05:10:00+00:00,159.155,159.155,159.155,159.155,0
2026-05-23 05:11:00+00:00,159.155,159.155,159.155,159.155,0
2026-05-23 05:12:00+00:00,159.155,159.155,159.155,159.155,0
2026-05-23 05:13:00+00:00,159.155,159.155,159.155,159.155,0
2026-05-23 05:14:00+00:00,159.155,159.155,159.155,159.155,0
2026-05-23 05:15:00+00:00,159.155,159.155,159.155,159.155,0
2026-05-23 05:16:00+00:00,159.155,159.155,159.155,159.155,0
2026-05-23 05:17:00+00:00,159.155,159.155,159.155,159.155,0
2026-05-23 05:18:00+00:00,159.155,159.155,159.155,159.155,0
2026-05-23 05:19:00+00:00,159.155,159.155,159.155,159.155,0
2026-05-23 05:20:00+00:00,159.155,159.155,159.155,159.155,0
2026-05-23 05:21:00+00:00,159.155,159.155,159.155,159.155,0
2026-05-23 05:22:00+00:00,159.155,159.155,159.155,159.155,0
2026-05-23 05:23:00+00:00,159.155,159.155,159.155,159.155,0
2026-05-23 05:24:00+00:00,159.155,159.155,159.155,159.155,0
2026-05-23 05:25:00+00:00,159.155,159.155,159.155,159.155,0
2026-05-23 05:26:00+00:00,159.155,159.155,159.155,159.155,0
2026-05-23 05:27:00+00:00,159.155,159.155,159.155,159.155,0
2026-05-23 05:28:00+00:00,159.155,159.155,159.155,159.155,0
2026-05-23 05:29:00+00:00,159.155,159.155,159.155,159.155,0
2026-05-23 05:30:00+00:00,159.155,159.155,159.155,159.155,0
2026-05-23 05:31:00+00:00,159.155,159.155,159.155,159.155,0
2026-05-23 05:32:00+00:00,159.155,159.155,159.155,159.155,0
2026-05-23 05:33:00+00:00,159.155,159.155,159.155,159.155,0
2026-05-23 05:34:00+00:00,159.155,159.155,159.155,159.155,0
2026-05-23 05:35:00+00:00,159.155,159.155,159.155,159.155,0
2026-05-23 05:36:00+00:00,159.155,159.155,159.155,159.155,0
2026-05-23 05:37:00+00:00,159.155,159.155,159.155,159.155,0
2026-05-23 05:38:00+00:00,159.155,159.155,159.155,159.155,0
2026-05-23 05:39:00+00:00,159.155,159.155,159.155,159.155,0
2026-05-23 05:40:00+00:00,159.155,159.155,159.155,159.155,0
2026-05-23 05:41:00+00:00,159.155,159.155,159.155,159.155,0
2026-05-23 05:42:00+00:00,159.155,159.155,159.155,159.155,0
2026-05-23 05:43:00+00:00,159.155,159.155,159.155,159.155,0
2026-05-23 05:44:00+00:00,159.155,159.155,159.155,159.155,0
2026-05-23 05:45:00+00:00,159.155,159.155,159.155,159.155,0
2026-05-23 05:46:00+00:00,159.155,159.155,159.155,159.155,0
2026-05-23 05:47:00+00:00,159.155,159.155,159.155,159.155,0
2026-05-23 05:48:00+00:00,159.155,159.155,159.155,159.155,0
2026-05-23 05:49:00+00:00,159.155,159.155,159.155,159.155,0
2026-05-23 05:50:00+00:00,159.155,159.155,159.155,159.155,0
2026-05-23 05:51:00+00:00,159.155,159.155,159.155,159.155,0
2026-05-23 05:52:00+00:00,159.155,159.155,159.155,159.155,0
2026-05-23 05:53:00+00:00,159.155,159.155,159.155,159.155,0
2026-05-23 05:54:00+00:00,159.155,159.155,159.155,159.155,0
2026-05-23 05:55:00+00:00,159.155,159.155,159.155,159.155,0
2026-05-23 05:56:00+00:00,159.155,159.155,159.155,159.155,0
2026-05-23 05:57:00+00:00,159.155,159.155,159.155,159.155,0
2026-05-23 05:58:00+00:00,159.155,159.155,159.155,159.155,0
2026-05-23 05:59:00+00:00,159.155,159.155,159.155,159.155,0
2026-05-23 06:00:00+00:00,159.155,159.155,159.155,159.155,0
2026-05-23 06:01:00+00:00,159.155,159.155,159.155,159.155,0
2026-05-23 06:02:00+00:00,159.155,159.155,159.155,159.155,0
2026-05-23 06:03:00+00:00,159.155,159.155,159.155,159.155,0
2026-05-23 06:04:00+00:00,159.155,159.155,159.155,159.155,0
2026-05-23 06:05:00+00:00,159.155,159.155,159.155,159.155,0
2026-05-23 06:06:00+00:00,159.155,159.155,159.155,159.155,0
2026-05-23 06:07:00+00:00,159.155,159.155,159.155,159.155,0
2026-05-23 06:08:00+00:00,159.155,159.155,159.155,159.155,0
2026-05-23 06:09:00+00:00,159.155,159.155,159.155,159.155,0
2026-05-23 06:10:00+00:00,159.155,159.155,159.155,159.155,0
2026-05-23 06:11:00+00:00,159.155,159.155,159.155,159.155,0
2026-05-23 06:12:00+00:00,159.155,159.155,159.155,159.155,0
2026-05-23 06:13:00+00:00,159.155,159.155,159.155,159.155,0
2026-05-23 06:14:00+00:00,159.155,159.155,159.155,159.155,0
2026-05-23 06:15:00+00:00,159.155,159.155,159.155,159.155,0
2026-05-23 06:16:00+00:00,159.155,159.155,159.155,159.155,0
2026-05-23 06:17:00+00:00,159.155,159.155,159.155,159.155,0
2026-05-23 06:18:00+00:00,159.155,159.155,159.155,159.155,0
2026-05-23 06:19:00+00:00,159.155,159.155,159.155,159.155,0
2026-05-23 06:20:00+00:00,159.155,159.155,159.155,159.155,0
2026-05-23 06:21:00+00:00,159.155,159.155,159.155,159.155,0
2026-05-23 06:22:00+00:00,159.155,159.155,159.155,159.155,0
2026-05-23 06:23:00+00:00,159.155,159.155,159.155,159.155,0
2026-05-23 06:24:00+00:00,159.155,159.155,159.155,159.155,0
2026-05-23 06:25:00+00:00,159.155,159.155,159.155,159.155,0
2026-05-23 06:26:00+00:00,159.155,159.155,159.155,159.155,0
2026-05-23 06:27:00+00:00,159.155,159.155,159.155,159.155,0
2026-05-23 06:28:00+00:00,159.155,159.155,159.155,159.155,0
2026-05-23 06:29:00+00:00,159.155,159.155,159.155,159.155,0
2026-05-23 06:30:00+00:00,159.155,159.155,159.155,159.155,0
2026-05-23 06:31:00+00:00,159.155,159.155,159.155,159.155,0
2026-05-23 06:32:00+00:00,159.155,159.155,159.155,159.155,0
2026-05-23 06:33:00+00:00,159.155,159.155,159.155,159.155,0
2026-05-23 06:34:00+00:00,159.155,159.155,159.155,159.155,0
2026-05-23 06:35:00+00:00,159.155,159.155,159.155,159.155,0
2026-05-23 06:36:00+00:00,159.155,159.155,159.155,159.155,0
2026-05-23 06:37:00+00:00,159.155,159.155,159.155,159.155,0
2026-05-23 06:38:00+00:00,159.155,159.155,159.155,159.155,0
2026-05-23 06:39:00+00:00,159.155,159.155,159.155,159.155,0
2026-05-23 06:40:00+00:00,159.155,159.155,159.155,159.155,0
2026-05-23 06:41:00+00:00,159.155,159.155,159.155,159.155,0
2026-05-23 06:42:00+00:00,159.155,159.155,159.155,159.155,0
2026-05-23 06:43:00+00:00,159.155,159.155,159.155,159.155,0
2026-05-23 06:44:00+00:00,159.155,159.155,159.155,159.155,0
2026-05-23 06:45:00+00:00,159.155,159.155,159.155,159.155,0
2026-05-23 06:46:00+00:00,159.155,159.155,159.155,159.155,0
2026-05-23 06:47:00+00:00,159.155,159.155,159.155,159.155,0
2026-05-23 06:48:00+00:00,159.155,159.155,159.155,159.155,0
2026-05-23 06:49:00+00:00,159.155,159.155,159.155,159.155,0
2026-05-23 06:50:00+00:00,159.155,159.155,159.155,159.155,0
2026-05-23 06:51:00+00:00,159.155,159.155,159.155,159.155,0
2026-05-23 06:52:00+00:00,159.155,159.155,159.155,159.155,0
2026-05-23 06:53:00+00:00,159.155,159.155,159.155,159.155,0
2026-05-23 06:54:00+00:00,159.155,159.155,159.155,159.155,0
2026-05-23 06:55:00+00:00,159.155,159.155,159.155,159.155,0
2026-05-23 06:56:00+00:00,159.155,159.155,159.155,159.155,0
2026-05-23 06:57:00+00:00,159.155,159.155,159.155,159.155,0
2026-05-23 06:58:00+00:00,159.155,159.155,159.155,159.155,0
2026-05-23 06:59:00+00:00,159.155,159.155,159.155,159.155,0
2026-05-23 07:00:00+00:00,159.155,159.155,159.155,159.155,0
2026-05-23 07:01:00+00:00,159.155,159.155,159.155,159.155,0
2026-05-23 07:02:00+00:00,159.155,159.155,159.155,159.155,0
2026-05-23 07:03:00+00:00,159.155,159.155,159.155,159.155,0
2026-05-23 07:04:00+00:00,159.155,159.155,159.155,159.155,0
2026-05-23 07:05:00+00:00,159.155,159.155,159.155,159.155,0
2026-05-23 07:06:00+00:00,159.155,159.155,159.155,159.155,0
2026-05-23 07:07:00+00:00,159.155,159.155,159.155,159.155,0
2026-05-23 07:08:00+00:00,159.155,159.155,159.155,159.155,0
2026-05-23 07:09:00+00:00,159.155,159.155,159.155,159.155,0
2026-05-23 07:10:00+00:00,159.155,159.155,159.155,159.155,0
2026-05-23 07:11:00+00:00,159.155,159.155,159.155,159.155,0
2026-05-23 07:12:00+00:00,159.155,159.155,159.155,159.155,0
2026-05-23 07:13:00+00:00,159.155,159.155,159.155,159.155,0
2026-05-23 07:14:00+00:00,159.155,159.155,159.155,159.155,0
2026-05-23 07:15:00+00:00,159.155,159.155,159.155,159.155,0
2026-05-23 07:16:00+00:00,159.155,159.155,159.155,159.155,0
2026-05-23 07:17:00+00:00,159.155,159.155,159.155,159.155,0
2026-05-23 07:18:00+00:00,159.155,159.155,159.155,159.155,0
2026-05-23 07:19:00+00:00,159.155,159.155,159.155,159.155,0
2026-05-23 07:20:00+00:00,159.155,159.155,159.155,159.155,0
2026-05-23 07:21:00+00:00,159.155,159.155,159.155,159.155,0
2026-05-23 07:22:00+00:00,159.155,159.155,159.155,159.155,0
2026-05-23 07:23:00+00:00,159.155,159.155,159.155,159.155,0
2026-05-23 07:24:00+00:00,159.155,159.155,159.155,159.155,0
2026-05-23 07:25:00+00:00,159.155,159.155,159.155,159.155,0
2026-05-23 07:26:00+00:00,159.155,159.155,159.155,159.155,0
2026-05-23 07:27:00+00:00,159.155,159.155,159.155,159.155,0
2026-05-23 07:28:00+00:00,159.155,159.155,159.155,159.155,0
2026-05-23 07:29:00+00:00,159.155,159.155,159.155,159.155,0
2026-05-23 07:30:00+00:00,159.155,159.155,159.155,159.155,0
2026-05-23 07:31:00+00:00,159.155,159.155,159.155,159.155,0
2026-05-23 07:32:00+00:00,159.155,159.155,159.155,159.155,0
2026-05-23 07:33:00+00:00,159.155,159.155,159.155,159.155,0
2026-05-23 07:34:00+00:00,159.155,159.155,159.155,159.155,0
2026-05-23 07:35:00+00:00,159.155,159.155,159.155,159.155,0
2026-05-23 07:36:00+00:00,159.155,159.155,159.155,159.155,0
2026-05-23 07:37:00+00:00,159.155,159.155,159.155,159.155,0
2026-05-23 07:38:00+00:00,159.155,159.155,159.155,159.155,0
2026-05-23 07:39:00+00:00,159.155,159.155,159.155,159.155,0
2026-05-23 07:40:00+00:00,159.155,159.155,159.155,159.155,0
2026-05-23 07:41:00+00:00,159.155,159.155,159.155,159.155,0
2026-05-23 07:42:00+00:00,159.155,159.155,159.155,159.155,0
2026-05-23 07:43:00+00:00,159.155,159.155,159.155,159.155,0
2026-05-23 07:44:00+00:00,159.155,159.155,159.155,159.155,0
2026-05-23 07:45:00+00:00,159.155,159.155,159.155,159.155,0
2026-05-23 07:46:00+00:00,159.155,159.155,159.155,159.155,0
2026-05-23 07:47:00+00:00,159.155,159.155,159.155,159.155,0
2026-05-23 07:48:00+00:00,159.155,159.155,159.155,159.155,0
2026-05-23 07:49:00+00:00,159.155,159.155,159.155,159.155,0
2026-05-23 07:50:00+00:00,159.155,159.155,159.155,159.155,0
2026-05-23 07:51:00+00:00,159.155,159.155,159.155,159.155,0
2026-05-23 07:52:00+00:00,159.155,159.155,159.155,159.155,0
2026-05-23 07:53:00+00:00,159.155,159.155,159.155,159.155,0
2026-05-23 07:54:00+00:00,159.155,159.155,159.155,159.155,0
2026-05-23 07:55:00+00:00,159.155,159.155,159.155,159.155,0
2026-05-23 07:56:00+00:00,159.155,159.155,159.155,159.155,0
2026-05-23 07:57:00+00:00,159.155,159.155,159.155,159.155,0
2026-05-23 07:58:00+00:00,159.155,159.155,159.155,159.155,0
2026-05-23 07:59:00+00:00,159.155,159.155,159.155,159.155,0
2026-05-23 08:00:00+00:00,159.155,159.155,159.155,159.155,0
2026-05-23 08:01:00+00:00,159.155,159.155,159.155,159.155,0
2026-05-23 08:02:00+00:00,159.155,159.155,159.155,159.155,0
2026-05-23 08:03:00+00:00,159.155,159.155,159.155,159.155,0
2026-05-23 08:04:00+00:00,159.155,159.155,159.155,159.155,0
2026-05-23 08:05:00+00:00,159.155,159.155,159.155,159.155,0
2026-05-23 08:06:00+00:00,159.155,159.155,159.155,159.155,0
2026-05-23 08:07:00+00:00,159.155,159.155,159.155,159.155,0
2026-05-23 08:08:00+00:00,159.155,159.155,159.155,159.155,0
2026-05-23 08:09:00+00:00,159.155,159.155,159.155,159.155,0
2026-05-23 08:10:00+00:00,159.155,159.155,159.155,159.155,0
2026-05-23 08:11:00+00:00,159.155,159.155,159.155,159.155,0
2026-05-23 08:12:00+00:00,159.155,159.155,159.155,159.155,0
2026-05-23 08:13:00+00:00,159.155,159.155,159.155,159.155,0
2026-05-23 08:14:00+00:00,159.155,159.155,159.155,159.155,0
2026-05-23 08:15:00+00:00,159.155,159.155,159.155,159.155,0
2026-05-23 08:16:00+00:00,159.155,159.155,159.155,159.155,0
2026-05-23 08:17:00+00:00,159.155,159.155,159.155,159.155,0
2026-05-23 08:18:00+00:00,159.155,159.155,159.155,159.155,0
2026-05-23 08:19:00+00:00,159.155,159.155,159.155,159.155,0
2026-05-23 08:20:00+00:00,159.155,159.155,159.155,159.155,0
2026-05-23 08:21:00+00:00,159.155,159.155,159.155,159.155,0
2026-05-23 08:22:00+00:00,159.155,159.155,159.155,159.155,0
2026-05-23 08:23:00+00:00,159.155,159.155,159.155,159.155,0
2026-05-23 08:24:00+00:00,159.155,159.155,159.155,159.155,0
2026-05-23 08:25:00+00:00,159.155,159.155,159.155,159.155,0
2026-05-23 08:26:00+00:00,159.155,159.155,159.155,159.155,0
2026-05-23 08:27:00+00:00,159.155,159.155,159.155,159.155,0
2026-05-23 08:28:00+00:00,159.155,159.155,159.155,159.155,0
2026-05-23 08:29:00+00:00,159.155,159.155,159.155,159.155,0
2026-05-23 08:30:00+00:00,159.155,159.155,159.155,159.155,0
2026-05-23 08:31:00+00:00,159.155,159.155,159.155,159.155,0
2026-05-23 08:32:00+00:00,159.155,159.155,159.155,159.155,0
2026-05-23 08:33:00+00:00,159.155,159.155,159.155,159.155,0
2026-05-23 08:34:00+00:00,159.155,159.155,159.155,159.155,0
2026-05-23 08:35:00+00:00,159.155,159.155,159.155,159.155,0
2026-05-23 08:36:00+00:00,159.155,159.155,159.155,159.155,0
2026-05-23 08:37:00+00:00,159.155,159.155,159.155,159.155,0
2026-05-23 08:38:00+00:00,159.155,159.155,159.155,159.155,0
2026-05-23 08:39:00+00:00,159.155,159.155,159.155,159.155,0
2026-05-23 08:40:00+00:00,159.155,159.155,159.155,159.155,0
2026-05-23 08:41:00+00:00,159.155,159.155,159.155,159.155,0
2026-05-23 08:42:00+00:00,159.155,159.155,159.155,159.155,0
2026-05-23 08:43:00+00:00,159.155,159.155,159.155,159.155,0
2026-05-23 08:44:00+00:00,159.155,159.155,159.155,159.155,0
2026-05-23 08:45:00+00:00,159.155,159.155,159.155,159.155,0
2026-05-23 08:46:00+00:00,159.155,159.155,159.155,159.155,0
2026-05-23 08:47:00+00:00,159.155,159.155,159.155,159.155,0
2026-05-23 08:48:00+00:00,159.155,159.155,159.155,159.155,0
2026-05-23 08:49:00+00:00,159.155,159.155,159.155,159.155,0
2026-05-23 08:50:00+00:00,159.155,159.155,159.155,159.155,0
2026-05-23 08:51:00+00:00,159.155,159.155,159.155,159.155,0
2026-05-23 08:52:00+00:00,159.155,159.155,159.155,159.155,0
2026-05-23 08:53:00+00:00,159.155,159.155,159.155,159.155,0
2026-05-23 08:54:00+00:00,159.155,159.155,159.155,159.155,0
2026-05-23 08:55:00+00:00,159.155,159.155,159.155,159.155,0
2026-05-23 08:56:00+00:00,159.155,159.155,159.155,159.155,0
2026-05-23 08:57:00+00:00,159.155,159.155,159.155,159.155,0
2026-05-23 08:58:00+00:00,159.155,159.155,159.155,159.155,0
2026-05-23 08:59:00+00:00,159.155,159.155,159.155,159.155,0
2026-05-23 09:00:00+00:00,159.155,159.155,159.155,159.155,0
2026-05-23 09:01:00+00:00,159.155,159.155,159.155,159.155,0
2026-05-23 09:02:00+00:00,159.155,159.155,159.155,159.155,0
2026-05-23 09:03:00+00:00,159.155,159.155,159.155,159.155,0
2026-05-23 09:04:00+00:00,159.155,159.155,159.155,159.155,0
2026-05-23 09:05:00+00:00,159.155,159.155,159.155,159.155,0
2026-05-23 09:06:00+00:00,159.155,159.155,159.155,159.155,0
2026-05-23 09:07:00+00:00,159.155,159.155,159.155,159.155,0
2026-05-23 09:08:00+00:00,159.155,159.155,159.155,159.155,0
2026-05-23 09:09:00+00:00,159.155,159.155,159.155,159.155,0
2026-05-23 09:10:00+00:00,159.155,159.155,159.155,159.155,0
2026-05-23 09:11:00+00:00,159.155,159.155,159.155,159.155,0
2026-05-23 09:12:00+00:00,159.155,159.155,159.155,159.155,0
2026-05-23 09:13:00+00:00,159.155,159.155,159.155,159.155,0
2026-05-23 09:14:00+00:00,159.155,159.155,159.155,159.155,0
2026-05-23 09:15:00+00:00,159.155,159.155,159.155,159.155,0
2026-05-23 09:16:00+00:00,159.155,159.155,159.155,159.155,0
2026-05-23 09:17:00+00:00,159.155,159.155,159.155,159.155,0
2026-05-23 09:18:00+00:00,159.155,159.155,159.155,159.155,0
2026-05-23 09:19:00+00:00,159.155,159.155,159.155,159.155,0
2026-05-23 09:20:00+00:00,159.155,159.155,159.155,159.155,0
2026-05-23 09:21:00+00:00,159.155,159.155,159.155,159.155,0
2026-05-23 09:22:00+00:00,159.155,159.155,159.155,159.155,0
2026-05-23 09:23:00+00:00,159.155,159.155,159.155,159.155,0
2026-05-23 09:24:00+00:00,159.155,159.155,159.155,159.155,0
2026-05-23 09:25:00+00:00,159.155,159.155,159.155,159.155,0
2026-05-23 09:26:00+00:00,159.155,159.155,159.155,159.155,0
2026-05-23 09:27:00+00:00,159.155,159.155,159.155,159.155,0
2026-05-23 09:28:00+00:00,159.155,159.155,159.155,159.155,0
2026-05-23 09:29:00+00:00,159.155,159.155,159.155,159.155,0
2026-05-23 09:30:00+00:00,159.155,159.155,159.155,159.155,0
2026-05-23 09:31:00+00:00,159.155,159.155,159.155,159.155,0
2026-05-23 09:32:00+00:00,159.155,159.155,159.155,159.155,0
2026-05-23 09:33:00+00:00,159.155,159.155,159.155,159.155,0
2026-05-23 09:34:00+00:00,159.155,159.155,159.155,159.155,0
2026-05-23 09:35:00+00:00,159.155,159.155,159.155,159.155,0
2026-05-23 09:36:00+00:00,159.155,159.155,159.155,159.155,0
2026-05-23 09:37:00+00:00,159.155,159.155,159.155,159.155,0
2026-05-23 09:38:00+00:00,159.155,159.155,159.155,159.155,0
2026-05-23 09:39:00+00:00,159.155,159.155,159.155,159.155,0
2026-05-23 09:40:00+00:00,159.155,159.155,159.155,159.155,0
2026-05-23 09:41:00+00:00,159.155,159.155,159.155,159.155,0
2026-05-23 09:42:00+00:00,159.155,159.155,159.155,159.155,0
2026-05-23 09:43:00+00:00,159.155,159.155,159.155,159.155,0
2026-05-23 09:44:00+00:00,159.155,159.155,159.155,159.155,0
2026-05-23 09:45:00+00:00,159.155,159.155,159.155,159.155,0
2026-05-23 09:46:00+00:00,159.155,159.155,159.155,159.155,0
2026-05-23 09:47:00+00:00,159.155,159.155,159.155,159.155,0
2026-05-23 09:48:00+00:00,159.155,159.155,159.155,159.155,0
2026-05-23 09:49:00+00:00,159.155,159.155,159.155,159.155,0
2026-05-23 09:50:00+00:00,159.155,159.155,159.155,159.155,0
2026-05-23 09:51:00+00:00,159.155,159.155,159.155,159.155,0
2026-05-23 09:52:00+00:00,159.155,159.155,159.155,159.155,0
2026-05-23 09:53:00+00:00,159.155,159.155,159.155,159.155,0
2026-05-23 09:54:00+00:00,159.155,159.155,159.155,159.155,0
2026-05-23 09:55:00+00:00,159.155,159.155,159.155,159.155,0
2026-05-23 09:56:00+00:00,159.155,159.155,159.155,159.155,0
2026-05-23 09:57:00+00:00,159.155,159.155,159.155,159.155,0
2026-05-23 09:58:00+00:00,159.155,159.155,159.155,159.155,0
2026-05-23 09:59:00+00:00,159.155,159.155,159.155,159.155,0
2026-05-23 10:00:00+00:00,159.155,159.155,159.155,159.155,0
2026-05-23 10:01:00+00:00,159.155,159.155,159.155,159.155,0
2026-05-23 10:02:00+00:00,159.155,159.155,159.155,159.155,0
2026-05-23 10:03:00+00:00,159.155,159.155,159.155,159.155,0
2026-05-23 10:04:00+00:00,159.155,159.155,159.155,159.155,0
2026-05-23 10:05:00+00:00,159.155,159.155,159.155,159.155,0
2026-05-23 10:06:00+00:00,159.155,159.155,159.155,159.155,0
2026-05-23 10:07:00+00:00,159.155,159.155,159.155,159.155,0
2026-05-23 10:08:00+00:00,159.155,159.155,159.155,159.155,0
2026-05-23 10:09:00+00:00,159.155,159.155,159.155,159.155,0
2026-05-23 10:10:00+00:00,159.155,159.155,159.155,159.155,0
2026-05-23 10:11:00+00:00,159.155,159.155,159.155,159.155,0
2026-05-23 10:12:00+00:00,159.155,159.155,159.155,159.155,0
2026-05-23 10:13:00+00:00,159.155,159.155,159.155,159.155,0
2026-05-23 10:14:00+00:00,159.155,159.155,159.155,159.155,0
2026-05-23 10:15:00+00:00,159.155,159.155,159.155,159.155,0
2026-05-23 10:16:00+00:00,159.155,159.155,159.155,159.155,0
2026-05-23 10:17:00+00:00,159.155,159.155,159.155,159.155,0
2026-05-23 10:18:00+00:00,159.155,159.155,159.155,159.155,0
2026-05-23 10:19:00+00:00,159.155,159.155,159.155,159.155,0
2026-05-23 10:20:00+00:00,159.155,159.155,159.155,159.155,0
2026-05-23 10:21:00+00:00,159.155,159.155,159.155,159.155,0
2026-05-23 10:22:00+00:00,159.155,159.155,159.155,159.155,0
2026-05-23 10:23:00+00:00,159.155,159.155,159.155,159.155,0
2026-05-23 10:24:00+00:00,159.155,159.155,159.155,159.155,0
2026-05-23 10:25:00+00:00,159.155,159.155,159.155,159.155,0
2026-05-23 10:26:00+00:00,159.155,159.155,159.155,159.155,0
2026-05-23 10:27:00+00:00,159.155,159.155,159.155,159.155,0
2026-05-23 10:28:00+00:00,159.155,159.155,159.155,159.155,0
2026-05-23 10:29:00+00:00,159.155,159.155,159.155,159.155,0
2026-05-23 10:30:00+00:00,159.155,159.155,159.155,159.155,0
2026-05-23 10:31:00+00:00,159.155,159.155,159.155,159.155,0
2026-05-23 10:32:00+00:00,159.155,159.155,159.155,159.155,0
2026-05-23 10:33:00+00:00,159.155,159.155,159.155,159.155,0
2026-05-23 10:34:00+00:00,159.155,159.155,159.155,159.155,0
2026-05-23 10:35:00+00:00,159.155,159.155,159.155,159.155,0
2026-05-23 10:36:00+00:00,159.155,159.155,159.155,159.155,0
2026-05-23 10:37:00+00:00,159.155,159.155,159.155,159.155,0
2026-05-23 10:38:00+00:00,159.155,159.155,159.155,159.155,0
2026-05-23 10:39:00+00:00,159.155,159.155,159.155,159.155,0
2026-05-23 10:40:00+00:00,159.155,159.155,159.155,159.155,0
2026-05-23 10:41:00+00:00,159.155,159.155,159.155,159.155,0
2026-05-23 10:42:00+00:00,159.155,159.155,159.155,159.155,0
2026-05-23 10:43:00+00:00,159.155,159.155,159.155,159.155,0
2026-05-23 10:44:00+00:00,159.155,159.155,159.155,159.155,0
2026-05-23 10:45:00+00:00,159.155,159.155,159.155,159.155,0
2026-05-23 10:46:00+00:00,159.155,159.155,159.155,159.155,0
2026-05-23 10:47:00+00:00,159.155,159.155,159.155,159.155,0
2026-05-23 10:48:00+00:00,159.155,159.155,159.155,159.155,0
2026-05-23 10:49:00+00:00,159.155,159.155,159.155,159.155,0
2026-05-23 10:50:00+00:00,159.155,159.155,159.155,159.155,0
2026-05-23 10:51:00+00:00,159.155,159.155,159.155,159.155,0
2026-05-23 10:52:00+00:00,159.155,159.155,159.155,159.155,0
2026-05-23 10:53:00+00:00,159.155,159.155,159.155,159.155,0
2026-05-23 10:54:00+00:00,159.155,159.155,159.155,159.155,0
2026-05-23 10:55:00+00:00,159.155,159.155,159.155,159.155,0
2026-05-23 10:56:00+00:00,159.155,159.155,159.155,159.155,0
2026-05-23 10:57:00+00:00,159.155,159.155,159.155,159.155,0
2026-05-23 10:58:00+00:00,159.155,159.155,159.155,159.155,0
2026-05-23 10:59:00+00:00,159.155,159.155,159.155,159.155,0
2026-05-23 11:00:00+00:00,159.155,159.155,159.155,159.155,0
2026-05-23 11:01:00+00:00,159.155,159.155,159.155,159.155,0
2026-05-23 11:02:00+00:00,159.155,159.155,159.155,159.155,0
2026-05-23 11:03:00+00:00,159.155,159.155,159.155,159.155,0
2026-05-23 11:04:00+00:00,159.155,159.155,159.155,159.155,0
2026-05-23 11:05:00+00:00,159.155,159.155,159.155,159.155,0
2026-05-23 11:06:00+00:00,159.155,159.155,159.155,159.155,0
2026-05-23 11:07:00+00:00,159.155,159.155,159.155,159.155,0
2026-05-23 11:08:00+00:00,159.155,159.155,159.155,159.155,0
2026-05-23 11:09:00+00:00,159.155,159.155,159.155,159.155,0
2026-05-23 11:10:00+00:00,159.155,159.155,159.155,159.155,0
2026-05-23 11:11:00+00:00,159.155,159.155,159.155,159.155,0
2026-05-23 11:12:00+00:00,159.155,159.155,159.155,159.155,0
2026-05-23 11:13:00+00:00,159.155,159.155,159.155,159.155,0
2026-05-23 11:14:00+00:00,159.155,159.155,159.155,159.155,0
2026-05-23 11:15:00+00:00,159.155,159.155,159.155,159.155,0
2026-05-23 11:16:00+00:00,159.155,159.155,159.155,159.155,0
2026-05-23 11:17:00+00:00,159.155,159.155,159.155,159.155,0
2026-05-23 11:18:00+00:00,159.155,159.155,159.155,159.155,0
2026-05-23 11:19:00+00:00,159.155,159.155,159.155,159.155,0
2026-05-23 11:20:00+00:00,159.155,159.155,159.155,159.155,0
2026-05-23 11:21:00+00:00,159.155,159.155,159.155,159.155,0
2026-05-23 11:22:00+00:00,159.155,159.155,159.155,159.155,0
2026-05-23 11:23:00+00:00,159.155,159.155,159.155,159.155,0
2026-05-23 11:24:00+00:00,159.155,159.155,159.155,159.155,0
2026-05-23 11:25:00+00:00,159.155,159.155,159.155,159.155,0
2026-05-23 11:26:00+00:00,159.155,159.155,159.155,159.155,0
2026-05-23 11:27:00+00:00,159.155,159.155,159.155,159.155,0
2026-05-23 11:28:00+00:00,159.155,159.155,159.155,159.155,0
2026-05-23 11:29:00+00:00,159.155,159.155,159.155,159.155,0
2026-05-23 11:30:00+00:00,159.155,159.155,159.155,159.155,0
2026-05-23 11:31:00+00:00,159.155,159.155,159.155,159.155,0
2026-05-23 11:32:00+00:00,159.155,159.155,159.155,159.155,0
2026-05-23 11:33:00+00:00,159.155,159.155,159.155,159.155,0
2026-05-23 11:34:00+00:00,159.155,159.155,159.155,159.155,0
2026-05-23 11:35:00+00:00,159.155,159.155,159.155,159.155,0
2026-05-23 11:36:00+00:00,159.155,159.155,159.155,159.155,0
2026-05-23 11:37:00+00:00,159.155,159.155,159.155,159.155,0
2026-05-23 11:38:00+00:00,159.155,159.155,159.155,159.155,0
2026-05-23 11:39:00+00:00,159.155,159.155,159.155,159.155,0
2026-05-23 11:40:00+00:00,159.155,159.155,159.155,159.155,0
2026-05-23 11:41:00+00:00,159.155,159.155,159.155,159.155,0
2026-05-23 11:42:00+00:00,159.155,159.155,159.155,159.155,0
2026-05-23 11:43:00+00:00,159.155,159.155,159.155,159.155,0
2026-05-23 11:44:00+00:00,159.155,159.155,159.155,159.155,0
2026-05-23 11:45:00+00:00,159.155,159.155,159.155,159.155,0
2026-05-23 11:46:00+00:00,159.155,159.155,159.155,159.155,0
2026-05-23 11:47:00+00:00,159.155,159.155,159.155,159.155,0
2026-05-23 11:48:00+00:00,159.155,159.155,159.155,159.155,0
2026-05-23 11:49:00+00:00,159.155,159.155,159.155,159.155,0
2026-05-23 11:50:00+00:00,159.155,159.155,159.155,159.155,0
2026-05-23 11:51:00+00:00,159.155,159.155,159.155,159.155,0
2026-05-23 11:52:00+00:00,159.155,159.155,159.155,159.155,0
2026-05-23 11:53:00+00:00,159.155,159.155,159.155,159.155,0
2026-05-23 11:54:00+00:00,159.155,159.155,159.155,159.155,0
2026-05-23 11:55:00+00:00,159.155,159.155,159.155,159.155,0
2026-05-23 11:56:00+00:00,159.155,159.155,159.155,159.155,0
2026-05-23 11:57:00+00:00,159.155,159.155,159.155,159.155,0
2026-05-23 11:58:00+00:00,159.155,159.155,159.155,159.155,0
2026-05-23 11:59:00+00:00,159.155,159.155,159.155,159.155,0
2026-05-23 12:00:00+00:00,159.155,159.155,159.155,159.155,0
2026-05-23 12:01:00+00:00,159.155,159.155,159.155,159.155,0
2026-05-23 12:02:00+00:00,159.155,159.155,159.155,159.155,0
2026-05-23 12:03:00+00:00,159.155,159.155,159.155,159.155,0
2026-05-23 12:04:00+00:00,159.155,159.155,159.155,159.155,0
2026-05-23 12:05:00+00:00,159.155,159.155,159.155,159.155,0
2026-05-23 12:06:00+00:00,159.155,159.155,159.155,159.155,0
2026-05-23 12:07:00+00:00,159.155,159.155,159.155,159.155,0
2026-05-23 12:08:00+00:00,159.155,159.155,159.155,159.155,0
2026-05-23 12:09:00+00:00,159.155,159.155,159.155,159.155,0
2026-05-23 12:10:00+00:00,159.155,159.155,159.155,159.155,0
2026-05-23 12:11:00+00:00,159.155,159.155,159.155,159.155,0
2026-05-23 12:12:00+00:00,159.155,159.155,159.155,159.155,0
2026-05-23 12:13:00+00:00,159.155,159.155,159.155,159.155,0
2026-05-23 12:14:00+00:00,159.155,159.155,159.155,159.155,0
2026-05-23 12:15:00+00:00,159.155,159.155,159.155,159.155,0
2026-05-23 12:16:00+00:00,159.155,159.155,159.155,159.155,0
2026-05-23 12:17:00+00:00,159.155,159.155,159.155,159.155,0
2026-05-23 12:18:00+00:00,159.155,159.155,159.155,159.155,0
2026-05-23 12:19:00+00:00,159.155,159.155,159.155,159.155,0
2026-05-23 12:20:00+00:00,159.155,159.155,159.155,159.155,0
2026-05-23 12:21:00+00:00,159.155,159.155,159.155,159.155,0
2026-05-23 12:22:00+00:00,159.155,159.155,159.155,159.155,0
2026-05-23 12:23:00+00:00,159.155,159.155,159.155,159.155,0
2026-05-23 12:24:00+00:00,159.155,159.155,159.155,159.155,0
2026-05-23 12:25:00+00:00,159.155,159.155,159.155,159.155,0
2026-05-23 12:26:00+00:00,159.155,159.155,159.155,159.155,0
2026-05-23 12:27:00+00:00,159.155,159.155,159.155,159.155,0
2026-05-23 12:28:00+00:00,159.155,159.155,159.155,159.155,0
2026-05-23 12:29:00+00:00,159.155,159.155,159.155,159.155,0
2026-05-23 12:30:00+00:00,159.155,159.155,159.155,159.155,0
2026-05-23 12:31:00+00:00,159.155,159.155,159.155,159.155,0
2026-05-23 12:32:00+00:00,159.155,159.155,159.155,159.155,0
2026-05-23 12:33:00+00:00,159.155,159.155,159.155,159.155,0
2026-05-23 12:34:00+00:00,159.155,159.155,159.155,159.155,0
2026-05-23 12:35:00+00:00,159.155,159.155,159.155,159.155,0
2026-05-23 12:36:00+00:00,159.155,159.155,159.155,159.155,0
2026-05-23 12:37:00+00:00,159.155,159.155,159.155,159.155,0
2026-05-23 12:38:00+00:00,159.155,159.155,159.155,159.155,0
2026-05-23 12:39:00+00:00,159.155,159.155,159.155,159.155,0
2026-05-23 12:40:00+00:00,159.155,159.155,159.155,159.155,0
2026-05-23 12:41:00+00:00,159.155,159.155,159.155,159.155,0
2026-05-23 12:42:00+00:00,159.155,159.155,159.155,159.155,0
2026-05-23 12:43:00+00:00,159.155,159.155,159.155,159.155,0
2026-05-23 12:44:00+00:00,159.155,159.155,159.155,159.155,0
2026-05-23 12:45:00+00:00,159.155,159.155,159.155,159.155,0
2026-05-23 12:46:00+00:00,159.155,159.155,159.155,159.155,0
2026-05-23 12:47:00+00:00,159.155,159.155,159.155,159.155,0
2026-05-23 12:48:00+00:00,159.155,159.155,159.155,159.155,0
2026-05-23 12:49:00+00:00,159.155,159.155,159.155,159.155,0
2026-05-23 12:50:00+00:00,159.155,159.155,159.155,159.155,0
2026-05-23 12:51:00+00:00,159.155,159.155,159.155,159.155,0
2026-05-23 12:52:00+00:00,159.155,159.155,159.155,159.155,0
2026-05-23 12:53:00+00:00,159.155,159.155,159.155,159.155,0
2026-05-23 12:54:00+00:00,159.155,159.155,159.155,159.155,0
2026-05-23 12:55:00+00:00,159.155,159.155,159.155,159.155,0
2026-05-23 12:56:00+00:00,159.155,159.155,159.155,159.155,0
2026-05-23 12:57:00+00:00,159.155,159.155,159.155,159.155,0
2026-05-23 12:58:00+00:00,159.155,159.155,159.155,159.155,0
2026-05-23 12:59:00+00:00,159.155,159.155,159.155,159.155,0
2026-05-23 13:00:00+00:00,159.155,159.155,159.155,159.155,0
2026-05-23 13:01:00+00:00,159.155,159.155,159.155,159.155,0
2026-05-23 13:02:00+00:00,159.155,159.155,159.155,159.155,0
2026-05-23 13:03:00+00:00,159.155,159.155,159.155,159.155,0
2026-05-23 13:04:00+00:00,159.155,159.155,159.155,159.155,0
2026-05-23 13:05:00+00:00,159.155,159.155,159.155,159.155,0
2026-05-23 13:06:00+00:00,159.155,159.155,159.155,159.155,0
2026-05-23 13:07:00+00:00,159.155,159.155,159.155,159.155,0
2026-05-23 13:08:00+00:00,159.155,159.155,159.155,159.155,0
2026-05-23 13:09:00+00:00,159.155,159.155,159.155,159.155,0
2026-05-23 13:10:00+00:00,159.155,159.155,159.155,159.155,0
2026-05-23 13:11:00+00:00,159.155,159.155,159.155,159.155,0
2026-05-23 13:12:00+00:00,159.155,159.155,159.155,159.155,0
2026-05-23 13:13:00+00:00,159.155,159.155,159.155,159.155,0
2026-05-23 13:14:00+00:00,159.155,159.155,159.155,159.155,0
2026-05-23 13:15:00+00:00,159.155,159.155,159.155,159.155,0
2026-05-23 13:16:00+00:00,159.155,159.155,159.155,159.155,0
2026-05-23 13:17:00+00:00,159.155,159.155,159.155,159.155,0
2026-05-23 13:18:00+00:00,159.155,159.155,159.155,159.155,0
2026-05-23 13:19:00+00:00,159.155,159.155,159.155,159.155,0
2026-05-23 13:20:00+00:00,159.155,159.155,159.155,159.155,0
2026-05-23 13:21:00+00:00,159.155,159.155,159.155,159.155,0
2026-05-23 13:22:00+00:00,159.155,159.155,159.155,159.155,0
2026-05-23 13:23:00+00:00,159.155,159.155,159.155,159.155,0
2026-05-23 13:24:00+00:00,159.155,159.155,159.155,159.155,0
2026-05-23 13:25:00+00:00,159.155,159.155,159.155,159.155,0
2026-05-23 13:26:00+00:00,159.155,159.155,159.155,159.155,0
2026-05-23 13:27:00+00:00,159.155,159.155,159.155,159.155,0
2026-05-23 13:28:00+00:00,159.155,159.155,159.155,159.155,0
2026-05-23 13:29:00+00:00,159.155,159.155,159.155,159.155,0
2026-05-23 13:30:00+00:00,159.155,159.155,159.155,159.155,0
2026-05-23 13:31:00+00:00,159.155,159.155,159.155,159.155,0
2026-05-23 13:32:00+00:00,159.155,159.155,159.155,159.155,0
2026-05-23 13:33:00+00:00,159.155,159.155,159.155,159.155,0
2026-05-23 13:34:00+00:00,159.155,159.155,159.155,159.155,0
2026-05-23 13:35:00+00:00,159.155,159.155,159.155,159.155,0
2026-05-23 13:36:00+00:00,159.155,159.155,159.155,159.155,0
2026-05-23 13:37:00+00:00,159.155,159.155,159.155,159.155,0
2026-05-23 13:38:00+00:00,159.155,159.155,159.155,159.155,0
2026-05-23 13:39:00+00:00,159.155,159.155,159.155,159.155,0
2026-05-23 13:40:00+00:00,159.155,159.155,159.155,159.155,0
2026-05-23 13:41:00+00:00,159.155,159.155,159.155,159.155,0
2026-05-23 13:42:00+00:00,159.155,159.155,159.155,159.155,0
2026-05-23 13:43:00+00:00,159.155,159.155,159.155,159.155,0
2026-05-23 13:44:00+00:00,159.155,159.155,159.155,159.155,0
2026-05-23 13:45:00+00:00,159.155,159.155,159.155,159.155,0
2026-05-23 13:46:00+00:00,159.155,159.155,159.155,159.155,0
2026-05-23 13:47:00+00:00,159.155,159.155,159.155,159.155,0
2026-05-23 13:48:00+00:00,159.155,159.155,159.155,159.155,0
2026-05-23 13:49:00+00:00,159.155,159.155,159.155,159.155,0
2026-05-23 13:50:00+00:00,159.155,159.155,159.155,159.155,0
2026-05-23 13:51:00+00:00,159.155,159.155,159.155,159.155,0
2026-05-23 13:52:00+00:00,159.155,159.155,159.155,159.155,0
2026-05-23 13:53:00+00:00,159.155,159.155,159.155,159.155,0
2026-05-23 13:54:00+00:00,159.155,159.155,159.155,159.155,0
2026-05-23 13:55:00+00:00,159.155,159.155,159.155,159.155,0
2026-05-23 13:56:00+00:00,159.155,159.155,159.155,159.155,0
2026-05-23 13:57:00+00:00,159.155,159.155,159.155,159.155,0
2026-05-23 13:58:00+00:00,159.155,159.155,159.155,159.155,0
2026-05-23 13:59:00+00:00,159.155,159.155,159.155,159.155,0
2026-05-23 14:00:00+00:00,159.155,159.155,159.155,159.155,0
2026-05-23 14:01:00+00:00,159.155,159.155,159.155,159.155,0
2026-05-23 14:02:00+00:00,159.155,159.155,159.155,159.155,0
2026-05-23 14:03:00+00:00,159.155,159.155,159.155,159.155,0
2026-05-23 14:04:00+00:00,159.155,159.155,159.155,159.155,0
2026-05-23 14:05:00+00:00,159.155,159.155,159.155,159.155,0
2026-05-23 14:06:00+00:00,159.155,159.155,159.155,159.155,0
2026-05-23 14:07:00+00:00,159.155,159.155,159.155,159.155,0
2026-05-23 14:08:00+00:00,159.155,159.155,159.155,159.155,0
2026-05-23 14:09:00+00:00,159.155,159.155,159.155,159.155,0
2026-05-23 14:10:00+00:00,159.155,159.155,159.155,159.155,0
2026-05-23 14:11:00+00:00,159.155,159.155,159.155,159.155,0
2026-05-23 14:12:00+00:00,159.155,159.155,159.155,159.155,0
2026-05-23 14:13:00+00:00,159.155,159.155,159.155,159.155,0
2026-05-23 14:14:00+00:00,159.155,159.155,159.155,159.155,0
2026-05-23 14:15:00+00:00,159.155,159.155,159.155,159.155,0
2026-05-23 14:16:00+00:00,159.155,159.155,159.155,159.155,0
2026-05-23 14:17:00+00:00,159.155,159.155,159.155,159.155,0
2026-05-23 14:18:00+00:00,159.155,159.155,159.155,159.155,0
2026-05-23 14:19:00+00:00,159.155,159.155,159.155,159.155,0
2026-05-23 14:20:00+00:00,159.155,159.155,159.155,159.155,0
2026-05-23 14:21:00+00:00,159.155,159.155,159.155,159.155,0
2026-05-23 14:22:00+00:00,159.155,159.155,159.155,159.155,0
2026-05-23 14:23:00+00:00,159.155,159.155,159.155,159.155,0
2026-05-23 14:24:00+00:00,159.155,159.155,159.155,159.155,0
2026-05-23 14:25:00+00:00,159.155,159.155,159.155,159.155,0
2026-05-23 14:26:00+00:00,159.155,159.155,159.155,159.155,0
2026-05-23 14:27:00+00:00,159.155,159.155,159.155,159.155,0
2026-05-23 14:28:00+00:00,159.155,159.155,159.155,159.155,0
2026-05-23 14:29:00+00:00,159.155,159.155,159.155,159.155,0
2026-05-23 14:30:00+00:00,159.155,159.155,159.155,159.155,0
2026-05-23 14:31:00+00:00,159.155,159.155,159.155,159.155,0
2026-05-23 14:32:00+00:00,159.155,159.155,159.155,159.155,0
2026-05-23 14:33:00+00:00,159.155,159.155,159.155,159.155,0
2026-05-23 14:34:00+00:00,159.155,159.155,159.155,159.155,0
2026-05-23 14:35:00+00:00,159.155,159.155,159.155,159.155,0
2026-05-23 14:36:00+00:00,159.155,159.155,159.155,159.155,0
2026-05-23 14:37:00+00:00,159.155,159.155,159.155,159.155,0
2026-05-23 14:38:00+00:00,159.155,159.155,159.155,159.155,0
2026-05-23 14:39:00+00:00,159.155,159.155,159.155,159.155,0
2026-05-23 14:40:00+00:00,159.155,159.155,159.155,159.155,0
2026-05-23 14:41:00+00:00,159.155,159.155,159.155,159.155,0
2026-05-23 14:42:00+00:00,159.155,159.155,159.155,159.155,0
2026-05-23 14:43:00+00:00,159.155,159.155,159.155,159.155,0
2026-05-23 14:44:00+00:00,159.155,159.155,159.155,159.155,0
2026-05-23 14:45:00+00:00,159.155,159.155,159.155,159.155,0
2026-05-23 14:46:00+00:00,159.155,159.155,159.155,159.155,0
2026-05-23 14:47:00+00:00,159.155,159.155,159.155,159.155,0
2026-05-23 14:48:00+00:00,159.155,159.155,159.155,159.155,0
2026-05-23 14:49:00+00:00,159.155,159.155,159.155,159.155,0
2026-05-23 14:50:00+00:00,159.155,159.155,159.155,159.155,0
2026-05-23 14:51:00+00:00,159.155,159.155,159.155,159.155,0
2026-05-23 14:52:00+00:00,159.155,159.155,159.155,159.155,0
2026-05-23 14:53:00+00:00,159.155,159.155,159.155,159.155,0
2026-05-23 14:54:00+00:00,159.155,159.155,159.155,159.155,0
2026-05-23 14:55:00+00:00,159.155,159.155,159.155,159.155,0
2026-05-23 14:56:00+00:00,159.155,159.155,159.155,159.155,0
2026-05-23 14:57:00+00:00,159.155,159.155,159.155,159.155,0
2026-05-23 14:58:00+00:00,159.155,159.155,159.155,159.155,0
2026-05-23 14:59:00+00:00,159.155,159.155,159.155,159.155,0
2026-05-23 15:00:00+00:00,159.155,159.155,159.155,159.155,0
2026-05-23 15:01:00+00:00,159.155,159.155,159.155,159.155,0
2026-05-23 15:02:00+00:00,159.155,159.155,159.155,159.155,0
2026-05-23 15:03:00+00:00,159.155,159.155,159.155,159.155,0
2026-05-23 15:04:00+00:00,159.155,159.155,159.155,159.155,0
2026-05-23 15:05:00+00:00,159.155,159.155,159.155,159.155,0
2026-05-23 15:06:00+00:00,159.155,159.155,159.155,159.155,0
2026-05-23 15:07:00+00:00,159.155,159.155,159.155,159.155,0
2026-05-23 15:08:00+00:00,159.155,159.155,159.155,159.155,0
2026-05-23 15:09:00+00:00,159.155,159.155,159.155,159.155,0
2026-05-23 15:10:00+00:00,159.155,159.155,159.155,159.155,0
2026-05-23 15:11:00+00:00,159.155,159.155,159.155,159.155,0
2026-05-23 15:12:00+00:00,159.155,159.155,159.155,159.155,0
2026-05-23 15:13:00+00:00,159.155,159.155,159.155,159.155,0
2026-05-23 15:14:00+00:00,159.155,159.155,159.155,159.155,0
2026-05-23 15:15:00+00:00,159.155,159.155,159.155,159.155,0
2026-05-23 15:16:00+00:00,159.155,159.155,159.155,159.155,0
2026-05-23 15:17:00+00:00,159.155,159.155,159.155,159.155,0
2026-05-23 15:18:00+00:00,159.155,159.155,159.155,159.155,0
2026-05-23 15:19:00+00:00,159.155,159.155,159.155,159.155,0
2026-05-23 15:20:00+00:00,159.155,159.155,159.155,159.155,0
2026-05-23 15:21:00+00:00,159.155,159.155,159.155,159.155,0
2026-05-23 15:22:00+00:00,159.155,159.155,159.155,159.155,0
2026-05-23 15:23:00+00:00,159.155,159.155,159.155,159.155,0
2026-05-23 15:24:00+00:00,159.155,159.155,159.155,159.155,0
2026-05-23 15:25:00+00:00,159.155,159.155,159.155,159.155,0
2026-05-23 15:26:00+00:00,159.155,159.155,159.155,159.155,0
2026-05-23 15:27:00+00:00,159.155,159.155,159.155,159.155,0
2026-05-23 15:28:00+00:00,159.155,159.155,159.155,159.155,0
2026-05-23 15:29:00+00:00,159.155,159.155,159.155,159.155,0
2026-05-23 15:30:00+00:00,159.155,159.155,159.155,159.155,0
2026-05-23 15:31:00+00:00,159.155,159.155,159.155,159.155,0
2026-05-23 15:32:00+00:00,159.155,159.155,159.155,159.155,0
2026-05-23 15:33:00+00:00,159.155,159.155,159.155,159.155,0
2026-05-23 15:34:00+00:00,159.155,159.155,159.155,159.155,0
2026-05-23 15:35:00+00:00,159.155,159.155,159.155,159.155,0
2026-05-23 15:36:00+00:00,159.155,159.155,159.155,159.155,0
2026-05-23 15:37:00+00:00,159.155,159.155,159.155,159.155,0
2026-05-23 15:38:00+00:00,159.155,159.155,159.155,159.155,0
2026-05-23 15:39:00+00:00,159.155,159.155,159.155,159.155,0
2026-05-23 15:40:00+00:00,159.155,159.155,159.155,159.155,0
2026-05-23 15:41:00+00:00,159.155,159.155,159.155,159.155,0
2026-05-23 15:42:00+00:00,159.155,159.155,159.155,159.155,0
2026-05-23 15:43:00+00:00,159.155,159.155,159.155,159.155,0
2026-05-23 15:44:00+00:00,159.155,159.155,159.155,159.155,0
2026-05-23 15:45:00+00:00,159.155,159.155,159.155,159.155,0
2026-05-23 15:46:00+00:00,159.155,159.155,159.155,159.155,0
2026-05-23 15:47:00+00:00,159.155,159.155,159.155,159.155,0
2026-05-23 15:48:00+00:00,159.155,159.155,159.155,159.155,0
2026-05-23 15:49:00+00:00,159.155,159.155,159.155,159.155,0
2026-05-23 15:50:00+00:00,159.155,159.155,159.155,159.155,0
2026-05-23 15:51:00+00:00,159.155,159.155,159.155,159.155,0
2026-05-23 15:52:00+00:00,159.155,159.155,159.155,159.155,0
2026-05-23 15:53:00+00:00,159.155,159.155,159.155,159.155,0
2026-05-23 15:54:00+00:00,159.155,159.155,159.155,159.155,0
2026-05-23 15:55:00+00:00,159.155,159.155,159.155,159.155,0
2026-05-23 15:56:00+00:00,159.155,159.155,159.155,159.155,0
2026-05-23 15:57:00+00:00,159.155,159.155,159.155,159.155,0
2026-05-23 15:58:00+00:00,159.155,159.155,159.155,159.155,0
2026-05-23 15:59:00+00:00,159.155,159.155,159.155,159.155,0
2026-05-23 16:00:00+00:00,159.155,159.155,159.155,159.155,0
2026-05-23 16:01:00+00:00,159.155,159.155,159.155,159.155,0
2026-05-23 16:02:00+00:00,159.155,159.155,159.155,159.155,0
2026-05-23 16:03:00+00:00,159.155,159.155,159.155,159.155,0
2026-05-23 16:04:00+00:00,159.155,159.155,159.155,159.155,0
2026-05-23 16:05:00+00:00,159.155,159.155,159.155,159.155,0
2026-05-23 16:06:00+00:00,159.155,159.155,159.155,159.155,0
2026-05-23 16:07:00+00:00,159.155,159.155,159.155,159.155,0
2026-05-23 16:08:00+00:00,159.155,159.155,159.155,159.155,0
2026-05-23 16:09:00+00:00,159.155,159.155,159.155,159.155,0
2026-05-23 16:10:00+00:00,159.155,159.155,159.155,159.155,0
2026-05-23 16:11:00+00:00,159.155,159.155,159.155,159.155,0
2026-05-23 16:12:00+00:00,159.155,159.155,159.155,159.155,0
2026-05-23 16:13:00+00:00,159.155,159.155,159.155,159.155,0
2026-05-23 16:14:00+00:00,159.155,159.155,159.155,159.155,0
2026-05-23 16:15:00+00:00,159.155,159.155,159.155,159.155,0
2026-05-23 16:16:00+00:00,159.155,159.155,159.155,159.155,0
2026-05-23 16:17:00+00:00,159.155,159.155,159.155,159.155,0
2026-05-23 16:18:00+00:00,159.155,159.155,159.155,159.155,0
2026-05-23 16:19:00+00:00,159.155,159.155,159.155,159.155,0
2026-05-23 16:20:00+00:00,159.155,159.155,159.155,159.155,0
2026-05-23 16:21:00+00:00,159.155,159.155,159.155,159.155,0
2026-05-23 16:22:00+00:00,159.155,159.155,159.155,159.155,0
2026-05-23 16:23:00+00:00,159.155,159.155,159.155,159.155,0
2026-05-23 16:24:00+00:00,159.155,159.155,159.155,159.155,0
2026-05-23 16:25:00+00:00,159.155,159.155,159.155,159.155,0
2026-05-23 16:26:00+00:00,159.155,159.155,159.155,159.155,0
2026-05-23 16:27:00+00:00,159.155,159.155,159.155,159.155,0
2026-05-23 16:28:00+00:00,159.155,159.155,159.155,159.155,0
2026-05-23 16:29:00+00:00,159.155,159.155,159.155,159.155,0
2026-05-23 16:30:00+00:00,159.155,159.155,159.155,159.155,0
2026-05-23 16:31:00+00:00,159.155,159.155,159.155,159.155,0
2026-05-23 16:32:00+00:00,159.155,159.155,159.155,159.155,0
2026-05-23 16:33:00+00:00,159.155,159.155,159.155,159.155,0
2026-05-23 16:34:00+00:00,159.155,159.155,159.155,159.155,0
2026-05-23 16:35:00+00:00,159.155,159.155,159.155,159.155,0
2026-05-23 16:36:00+00:00,159.155,159.155,159.155,159.155,0
2026-05-23 16:37:00+00:00,159.155,159.155,159.155,159.155,0
2026-05-23 16:38:00+00:00,159.155,159.155,159.155,159.155,0
2026-05-23 16:39:00+00:00,159.155,159.155,159.155,159.155,0
2026-05-23 16:40:00+00:00,159.155,159.155,159.155,159.155,0
2026-05-23 16:41:00+00:00,159.155,159.155,159.155,159.155,0
2026-05-23 16:42:00+00:00,159.155,159.155,159.155,159.155,0
2026-05-23 16:43:00+00:00,159.155,159.155,159.155,159.155,0
2026-05-23 16:44:00+00:00,159.155,159.155,159.155,159.155,0
2026-05-23 16:45:00+00:00,159.155,159.155,159.155,159.155,0
2026-05-23 16:46:00+00:00,159.155,159.155,159.155,159.155,0
2026-05-23 16:47:00+00:00,159.155,159.155,159.155,159.155,0
2026-05-23 16:48:00+00:00,159.155,159.155,159.155,159.155,0
2026-05-23 16:49:00+00:00,159.155,159.155,159.155,159.155,0
2026-05-23 16:50:00+00:00,159.155,159.155,159.155,159.155,0
2026-05-23 16:51:00+00:00,159.155,159.155,159.155,159.155,0
2026-05-23 16:52:00+00:00,159.155,159.155,159.155,159.155,0
2026-05-23 16:53:00+00:00,159.155,159.155,159.155,159.155,0
2026-05-23 16:54:00+00:00,159.155,159.155,159.155,159.155,0
2026-05-23 16:55:00+00:00,159.155,159.155,159.155,159.155,0
2026-05-23 16:56:00+00:00,159.155,159.155,159.155,159.155,0
2026-05-23 16:57:00+00:00,159.155,159.155,159.155,159.155,0
2026-05-23 16:58:00+00:00,159.155,159.155,159.155,159.155,0
2026-05-23 16:59:00+00:00,159.155,159.155,159.155,159.155,0
2026-05-23 17:00:00+00:00,159.155,159.155,159.155,159.155,0
2026-05-23 17:01:00+00:00,159.155,159.155,159.155,159.155,0
2026-05-23 17:02:00+00:00,159.155,159.155,159.155,159.155,0
2026-05-23 17:03:00+00:00,159.155,159.155,159.155,159.155,0
2026-05-23 17:04:00+00:00,159.155,159.155,159.155,159.155,0
2026-05-23 17:05:00+00:00,159.155,159.155,159.155,159.155,0
2026-05-23 17:06:00+00:00,159.155,159.155,159.155,159.155,0
2026-05-23 17:07:00+00:00,159.155,159.155,159.155,159.155,0
2026-05-23 17:08:00+00:00,159.155,159.155,159.155,159.155,0
2026-05-23 17:09:00+00:00,159.155,159.155,159.155,159.155,0
2026-05-23 17:10:00+00:00,159.155,159.155,159.155,159.155,0
2026-05-23 17:11:00+00:00,159.155,159.155,159.155,159.155,0
2026-05-23 17:12:00+00:00,159.155,159.155,159.155,159.155,0
2026-05-23 17:13:00+00:00,159.155,159.155,159.155,159.155,0
2026-05-23 17:14:00+00:00,159.155,159.155,159.155,159.155,0
2026-05-23 17:15:00+00:00,159.155,159.155,159.155,159.155,0
2026-05-23 17:16:00+00:00,159.155,159.155,159.155,159.155,0
2026-05-23 17:17:00+00:00,159.155,159.155,159.155,159.155,0
2026-05-23 17:18:00+00:00,159.155,159.155,159.155,159.155,0
2026-05-23 17:19:00+00:00,159.155,159.155,159.155,159.155,0
2026-05-23 17:20:00+00:00,159.155,159.155,159.155,159.155,0
2026-05-23 17:21:00+00:00,159.155,159.155,159.155,159.155,0
2026-05-23 17:22:00+00:00,159.155,159.155,159.155,159.155,0
2026-05-23 17:23:00+00:00,159.155,159.155,159.155,159.155,0
2026-05-23 17:24:00+00:00,159.155,159.155,159.155,159.155,0
2026-05-23 17:25:00+00:00,159.155,159.155,159.155,159.155,0
2026-05-23 17:26:00+00:00,159.155,159.155,159.155,159.155,0
2026-05-23 17:27:00+00:00,159.155,159.155,159.155,159.155,0
2026-05-23 17:28:00+00:00,159.155,159.155,159.155,159.155,0
2026-05-23 17:29:00+00:00,159.155,159.155,159.155,159.155,0
2026-05-23 17:30:00+00:00,159.155,159.155,159.155,159.155,0
2026-05-23 17:31:00+00:00,159.155,159.155,159.155,159.155,0
2026-05-23 17:32:00+00:00,159.155,159.155,159.155,159.155,0
2026-05-23 17:33:00+00:00,159.155,159.155,159.155,159.155,0
2026-05-23 17:34:00+00:00,159.155,159.155,159.155,159.155,0
2026-05-23 17:35:00+00:00,159.155,159.155,159.155,159.155,0
2026-05-23 17:36:00+00:00,159.155,159.155,159.155,159.155,0
2026-05-23 17:37:00+00:00,159.155,159.155,159.155,159.155,0
2026-05-23 17:38:00+00:00,159.155,159.155,159.155,159.155,0
2026-05-23 17:39:00+00:00,159.155,159.155,159.155,159.155,0
2026-05-23 17:40:00+00:00,159.155,159.155,159.155,159.155,0
2026-05-23 17:41:00+00:00,159.155,159.155,159.155,159.155,0
2026-05-23 17:42:00+00:00,159.155,159.155,159.155,159.155,0
2026-05-23 17:43:00+00:00,159.155,159.155,159.155,159.155,0
2026-05-23 17:44:00+00:00,159.155,159.155,159.155,159.155,0
2026-05-23 17:45:00+00:00,159.155,159.155,159.155,159.155,0
2026-05-23 17:46:00+00:00,159.155,159.155,159.155,159.155,0
2026-05-23 17:47:00+00:00,159.155,159.155,159.155,159.155,0
2026-05-23 17:48:00+00:00,159.155,159.155,159.155,159.155,0
2026-05-23 17:49:00+00:00,159.155,159.155,159.155,159.155,0
2026-05-23 17:50:00+00:00,159.155,159.155,159.155,159.155,0
2026-05-23 17:51:00+00:00,159.155,159.155,159.155,159.155,0
2026-05-23 17:52:00+00:00,159.155,159.155,159.155,159.155,0
2026-05-23 17:53:00+00:00,159.155,159.155,159.155,159.155,0
2026-05-23 17:54:00+00:00,159.155,159.155,159.155,159.155,0
2026-05-23 17:55:00+00:00,159.155,159.155,159.155,159.155,0
2026-05-23 17:56:00+00:00,159.155,159.155,159.155,159.155,0
2026-05-23 17:57:00+00:00,159.155,159.155,159.155,159.155,0
2026-05-23 17:58:00+00:00,159.155,159.155,159.155,159.155,0
2026-05-23 17:59:00+00:00,159.155,159.155,159.155,159.155,0
2026-05-23 18:00:00+00:00,159.155,159.155,159.155,159.155,0
2026-05-23 18:01:00+00:00,159.155,159.155,159.155,159.155,0
2026-05-23 18:02:00+00:00,159.155,159.155,159.155,159.155,0
2026-05-23 18:03:00+00:00,159.155,159.155,159.155,159.155,0
2026-05-23 18:04:00+00:00,159.155,159.155,159.155,159.155,0
2026-05-23 18:05:00+00:00,159.155,159.155,159.155,159.155,0
2026-05-23 18:06:00+00:00,159.155,159.155,159.155,159.155,0
2026-05-23 18:07:00+00:00,159.155,159.155,159.155,159.155,0
2026-05-23 18:08:00+00:00,159.155,159.155,159.155,159.155,0
2026-05-23 18:09:00+00:00,159.155,159.155,159.155,159.155,0
2026-05-23 18:10:00+00:00,159.155,159.155,159.155,159.155,0
2026-05-23 18:11:00+00:00,159.155,159.155,159.155,159.155,0
2026-05-23 18:12:00+00:00,159.155,159.155,159.155,159.155,0
2026-05-23 18:13:00+00:00,159.155,159.155,159.155,159.155,0
2026-05-23 18:14:00+00:00,159.155,159.155,159.155,159.155,0
2026-05-23 18:15:00+00:00,159.155,159.155,159.155,159.155,0
2026-05-23 18:16:00+00:00,159.155,159.155,159.155,159.155,0
2026-05-23 18:17:00+00:00,159.155,159.155,159.155,159.155,0
2026-05-23 18:18:00+00:00,159.155,159.155,159.155,159.155,0
2026-05-23 18:19:00+00:00,159.155,159.155,159.155,159.155,0
2026-05-23 18:20:00+00:00,159.155,159.155,159.155,159.155,0
2026-05-23 18:21:00+00:00,159.155,159.155,159.155,159.155,0
2026-05-23 18:22:00+00:00,159.155,159.155,159.155,159.155,0
2026-05-23 18:23:00+00:00,159.155,159.155,159.155,159.155,0
2026-05-23 18:24:00+00:00,159.155,159.155,159.155,159.155,0
2026-05-23 18:25:00+00:00,159.155,159.155,159.155,159.155,0
2026-05-23 18:26:00+00:00,159.155,159.155,159.155,159.155,0
2026-05-23 18:27:00+00:00,159.155,159.155,159.155,159.155,0
2026-05-23 18:28:00+00:00,159.155,159.155,159.155,159.155,0
2026-05-23 18:29:00+00:00,159.155,159.155,159.155,159.155,0
2026-05-23 18:30:00+00:00,159.155,159.155,159.155,159.155,0
2026-05-23 18:31:00+00:00,159.155,159.155,159.155,159.155,0
2026-05-23 18:32:00+00:00,159.155,159.155,159.155,159.155,0
2026-05-23 18:33:00+00:00,159.155,159.155,159.155,159.155,0
2026-05-23 18:34:00+00:00,159.155,159.155,159.155,159.155,0
2026-05-23 18:35:00+00:00,159.155,159.155,159.155,159.155,0
2026-05-23 18:36:00+00:00,159.155,159.155,159.155,159.155,0
2026-05-23 18:37:00+00:00,159.155,159.155,159.155,159.155,0
2026-05-23 18:38:00+00:00,159.155,159.155,159.155,159.155,0
2026-05-23 18:39:00+00:00,159.155,159.155,159.155,159.155,0
2026-05-23 18:40:00+00:00,159.155,159.155,159.155,159.155,0
2026-05-23 18:41:00+00:00,159.155,159.155,159.155,159.155,0
2026-05-23 18:42:00+00:00,159.155,159.155,159.155,159.155,0
2026-05-23 18:43:00+00:00,159.155,159.155,159.155,159.155,0
2026-05-23 18:44:00+00:00,159.155,159.155,159.155,159.155,0
2026-05-23 18:45:00+00:00,159.155,159.155,159.155,159.155,0
2026-05-23 18:46:00+00:00,159.155,159.155,159.155,159.155,0
2026-05-23 18:47:00+00:00,159.155,159.155,159.155,159.155,0
2026-05-23 18:48:00+00:00,159.155,159.155,159.155,159.155,0
2026-05-23 18:49:00+00:00,159.155,159.155,159.155,159.155,0
2026-05-23 18:50:00+00:00,159.155,159.155,159.155,159.155,0
2026-05-23 18:51:00+00:00,159.155,159.155,159.155,159.155,0
2026-05-23 18:52:00+00:00,159.155,159.155,159.155,159.155,0
2026-05-23 18:53:00+00:00,159.155,159.155,159.155,159.155,0
2026-05-23 18:54:00+00:00,159.155,159.155,159.155,159.155,0
2026-05-23 18:55:00+00:00,159.155,159.155,159.155,159.155,0
2026-05-23 18:56:00+00:00,159.155,159.155,159.155,159.155,0
2026-05-23 18:57:00+00:00,159.155,159.155,159.155,159.155,0
2026-05-23 18:58:00+00:00,159.155,159.155,159.155,159.155,0
2026-05-23 18:59:00+00:00,159.155,159.155,159.155,159.155,0
2026-05-23 19:00:00+00:00,159.155,159.155,159.155,159.155,0
2026-05-23 19:01:00+00:00,159.155,159.155,159.155,159.155,0
2026-05-23 19:02:00+00:00,159.155,159.155,159.155,159.155,0
2026-05-23 19:03:00+00:00,159.155,159.155,159.155,159.155,0
2026-05-23 19:04:00+00:00,159.155,159.155,159.155,159.155,0
2026-05-23 19:05:00+00:00,159.155,159.155,159.155,159.155,0
2026-05-23 19:06:00+00:00,159.155,159.155,159.155,159.155,0
2026-05-23 19:07:00+00:00,159.155,159.155,159.155,159.155,0
2026-05-23 19:08:00+00:00,159.155,159.155,159.155,159.155,0
2026-05-23 19:09:00+00:00,159.155,159.155,159.155,159.155,0
2026-05-23 19:10:00+00:00,159.155,159.155,159.155,159.155,0
2026-05-23 19:11:00+00:00,159.155,159.155,159.155,159.155,0
2026-05-23 19:12:00+00:00,159.155,159.155,159.155,159.155,0
2026-05-23 19:13:00+00:00,159.155,159.155,159.155,159.155,0
2026-05-23 19:14:00+00:00,159.155,159.155,159.155,159.155,0
2026-05-23 19:15:00+00:00,159.155,159.155,159.155,159.155,0
2026-05-23 19:16:00+00:00,159.155,159.155,159.155,159.155,0
2026-05-23 19:17:00+00:00,159.155,159.155,159.155,159.155,0
2026-05-23 19:18:00+00:00,159.155,159.155,159.155,159.155,0
2026-05-23 19:19:00+00:00,159.155,159.155,159.155,159.155,0
2026-05-23 19:20:00+00:00,159.155,159.155,159.155,159.155,0
2026-05-23 19:21:00+00:00,159.155,159.155,159.155,159.155,0
2026-05-23 19:22:00+00:00,159.155,159.155,159.155,159.155,0
2026-05-23 19:23:00+00:00,159.155,159.155,159.155,159.155,0
2026-05-23 19:24:00+00:00,159.155,159.155,159.155,159.155,0
2026-05-23 19:25:00+00:00,159.155,159.155,159.155,159.155,0
2026-05-23 19:26:00+00:00,159.155,159.155,159.155,159.155,0
2026-05-23 19:27:00+00:00,159.155,159.155,159.155,159.155,0
2026-05-23 19:28:00+00:00,159.155,159.155,159.155,159.155,0
2026-05-23 19:29:00+00:00,159.155,159.155,159.155,159.155,0
2026-05-23 19:30:00+00:00,159.155,159.155,159.155,159.155,0
2026-05-23 19:31:00+00:00,159.155,159.155,159.155,159.155,0
2026-05-23 19:32:00+00:00,159.155,159.155,159.155,159.155,0
2026-05-23 19:33:00+00:00,159.155,159.155,159.155,159.155,0
2026-05-23 19:34:00+00:00,159.155,159.155,159.155,159.155,0
2026-05-23 19:35:00+00:00,159.155,159.155,159.155,159.155,0
2026-05-23 19:36:00+00:00,159.155,159.155,159.155,159.155,0
2026-05-23 19:37:00+00:00,159.155,159.155,159.155,159.155,0
2026-05-23 19:38:00+00:00,159.155,159.155,159.155,159.155,0
2026-05-23 19:39:00+00:00,159.155,159.155,159.155,159.155,0
2026-05-23 19:40:00+00:00,159.155,159.155,159.155,159.155,0
2026-05-23 19:41:00+00:00,159.155,159.155,159.155,159.155,0
2026-05-23 19:42:00+00:00,159.155,159.155,159.155,159.155,0
2026-05-23 19:43:00+00:00,159.155,159.155,159.155,159.155,0
2026-05-23 19:44:00+00:00,159.155,159.155,159.155,159.155,0
2026-05-23 19:45:00+00:00,159.155,159.155,159.155,159.155,0
2026-05-23 19:46:00+00:00,159.155,159.155,159.155,159.155,0
2026-05-23 19:47:00+00:00,159.155,159.155,159.155,159.155,0
2026-05-23 19:48:00+00:00,159.155,159.155,159.155,159.155,0
2026-05-23 19:49:00+00:00,159.155,159.155,159.155,159.155,0
2026-05-23 19:50:00+00:00,159.155,159.155,159.155,159.155,0
2026-05-23 19:51:00+00:00,159.155,159.155,159.155,159.155,0
2026-05-23 19:52:00+00:00,159.155,159.155,159.155,159.155,0
2026-05-23 19:53:00+00:00,159.155,159.155,159.155,159.155,0
2026-05-23 19:54:00+00:00,159.155,159.155,159.155,159.155,0
2026-05-23 19:55:00+00:00,159.155,159.155,159.155,159.155,0
2026-05-23 19:56:00+00:00,159.155,159.155,159.155,159.155,0
2026-05-23 19:57:00+00:00,159.155,159.155,159.155,159.155,0
2026-05-23 19:58:00+00:00,159.155,159.155,159.155,159.155,0
2026-05-23 19:59:00+00:00,159.155,159.155,159.155,159.155,0
2026-05-23 20:00:00+00:00,159.155,159.155,159.155,159.155,0
2026-05-23 20:01:00+00:00,159.155,159.155,159.155,159.155,0
2026-05-23 20:02:00+00:00,159.155,159.155,159.155,159.155,0
2026-05-23 20:03:00+00:00,159.155,159.155,159.155,159.155,0
2026-05-23 20:04:00+00:00,159.155,159.155,159.155,159.155,0
2026-05-23 20:05:00+00:00,159.155,159.155,159.155,159.155,0
2026-05-23 20:06:00+00:00,159.155,159.155,159.155,159.155,0
2026-05-23 20:07:00+00:00,159.155,159.155,159.155,159.155,0
2026-05-23 20:08:00+00:00,159.155,159.155,159.155,159.155,0
2026-05-23 20:09:00+00:00,159.155,159.155,159.155,159.155,0
2026-05-23 20:10:00+00:00,159.155,159.155,159.155,159.155,0
2026-05-23 20:11:00+00:00,159.155,159.155,159.155,159.155,0
2026-05-23 20:12:00+00:00,159.155,159.155,159.155,159.155,0
2026-05-23 20:13:00+00:00,159.155,159.155,159.155,159.155,0
2026-05-23 20:14:00+00:00,159.155,159.155,159.155,159.155,0
2026-05-23 20:15:00+00:00,159.155,159.155,159.155,159.155,0
2026-05-23 20:16:00+00:00,159.155,159.155,159.155,159.155,0
2026-05-23 20:17:00+00:00,159.155,159.155,159.155,159.155,0
2026-05-23 20:18:00+00:00,159.155,159.155,159.155,159.155,0
2026-05-23 20:19:00+00:00,159.155,159.155,159.155,159.155,0
2026-05-23 20:20:00+00:00,159.155,159.155,159.155,159.155,0
2026-05-23 20:21:00+00:00,159.155,159.155,159.155,159.155,0
2026-05-23 20:22:00+00:00,159.155,159.155,159.155,159.155,0
2026-05-23 20:23:00+00:00,159.155,159.155,159.155,159.155,0
2026-05-23 20:24:00+00:00,159.155,159.155,159.155,159.155,0
2026-05-23 20:25:00+00:00,159.155,159.155,159.155,159.155,0
2026-05-23 20:26:00+00:00,159.155,159.155,159.155,159.155,0
2026-05-23 20:27:00+00:00,159.155,159.155,159.155,159.155,0
2026-05-23 20:28:00+00:00,159.155,159.155,159.155,159.155,0
2026-05-23 20:29:00+00:00,159.155,159.155,159.155,159.155,0
2026-05-23 20:30:00+00:00,159.155,159.155,159.155,159.155,0
2026-05-23 20:31:00+00:00,159.155,159.155,159.155,159.155,0
2026-05-23 20:32:00+00:00,159.155,159.155,159.155,159.155,0
2026-05-23 20:33:00+00:00,159.155,159.155,159.155,159.155,0
2026-05-23 20:34:00+00:00,159.155,159.155,159.155,159.155,0
2026-05-23 20:35:00+00:00,159.155,159.155,159.155,159.155,0
2026-05-23 20:36:00+00:00,159.155,159.155,159.155,159.155,0
2026-05-23 20:37:00+00:00,159.155,159.155,159.155,159.155,0
2026-05-23 20:38:00+00:00,159.155,159.155,159.155,159.155,0
2026-05-23 20:39:00+00:00,159.155,159.155,159.155,159.155,0
2026-05-23 20:40:00+00:00,159.155,159.155,159.155,159.155,0
2026-05-23 20:41:00+00:00,159.155,159.155,159.155,159.155,0
2026-05-23 20:42:00+00:00,159.155,159.155,159.155,159.155,0
2026-05-23 20:43:00+00:00,159.155,159.155,159.155,159.155,0
2026-05-23 20:44:00+00:00,159.155,159.155,159.155,159.155,0
2026-05-23 20:45:00+00:00,159.155,159.155,159.155,159.155,0
2026-05-23 20:46:00+00:00,159.155,159.155,159.155,159.155,0
2026-05-23 20:47:00+00:00,159.155,159.155,159.155,159.155,0
2026-05-23 20:48:00+00:00,159.155,159.155,159.155,159.155,0
2026-05-23 20:49:00+00:00,159.155,159.155,159.155,159.155,0
2026-05-23 20:50:00+00:00,159.155,159.155,159.155,159.155,0
2026-05-23 20:51:00+00:00,159.155,159.155,159.155,159.155,0
2026-05-23 20:52:00+00:00,159.155,159.155,159.155,159.155,0
2026-05-23 20:53:00+00:00,159.155,159.155,159.155,159.155,0
2026-05-23 20:54:00+00:00,159.155,159.155,159.155,159.155,0
2026-05-23 20:55:00+00:00,159.155,159.155,159.155,159.155,0
2026-05-23 20:56:00+00:00,159.155,159.155,159.155,159.155,0
2026-05-23 20:57:00+00:00,159.155,159.155,159.155,159.155,0
2026-05-23 20:58:00+00:00,159.155,159.155,159.155,159.155,0
2026-05-23 20:59:00+00:00,159.155,159.155,159.155,159.155,0
2026-05-23 21:00:00+00:00,159.155,159.155,159.155,159.155,0
2026-05-23 21:01:00+00:00,159.155,159.155,159.155,159.155,0
2026-05-23 21:02:00+00:00,159.155,159.155,159.155,159.155,0
2026-05-23 21:03:00+00:00,159.155,159.155,159.155,159.155,0
2026-05-23 21:04:00+00:00,159.155,159.155,159.155,159.155,0
2026-05-23 21:05:00+00:00,159.155,159.155,159.155,159.155,0
2026-05-23 21:06:00+00:00,159.155,159.155,159.155,159.155,0
2026-05-23 21:07:00+00:00,159.155,159.155,159.155,159.155,0
2026-05-23 21:08:00+00:00,159.155,159.155,159.155,159.155,0
2026-05-23 21:09:00+00:00,159.155,159.155,159.155,159.155,0
2026-05-23 21:10:00+00:00,159.155,159.155,159.155,159.155,0
2026-05-23 21:11:00+00:00,159.155,159.155,159.155,159.155,0
2026-05-23 21:12:00+00:00,159.155,159.155,159.155,159.155,0
2026-05-23 21:13:00+00:00,159.155,159.155,159.155,159.155,0
2026-05-23 21:14:00+00:00,159.155,159.155,159.155,159.155,0
2026-05-23 21:15:00+00:00,159.155,159.155,159.155,159.155,0
2026-05-23 21:16:00+00:00,159.155,159.155,159.155,159.155,0
2026-05-23 21:17:00+00:00,159.155,159.155,159.155,159.155,0
2026-05-23 21:18:00+00:00,159.155,159.155,159.155,159.155,0
2026-05-23 21:19:00+00:00,159.155,159.155,159.155,159.155,0
2026-05-23 21:20:00+00:00,159.155,159.155,159.155,159.155,0
2026-05-23 21:21:00+00:00,159.155,159.155,159.155,159.155,0
2026-05-23 21:22:00+00:00,159.155,159.155,159.155,159.155,0
2026-05-23 21:23:00+00:00,159.155,159.155,159.155,159.155,0
2026-05-23 21:24:00+00:00,159.155,159.155,159.155,159.155,0
2026-05-23 21:25:00+00:00,159.155,159.155,159.155,159.155,0
2026-05-23 21:26:00+00:00,159.155,159.155,159.155,159.155,0
2026-05-23 21:27:00+00:00,159.155,159.155,159.155,159.155,0
2026-05-23 21:28:00+00:00,159.155,159.155,159.155,159.155,0
2026-05-23 21:29:00+00:00,159.155,159.155,159.155,159.155,0
2026-05-23 21:30:00+00:00,159.155,159.155,159.155,159.155,0
2026-05-23 21:31:00+00:00,159.155,159.155,159.155,159.155,0
2026-05-23 21:32:00+00:00,159.155,159.155,159.155,159.155,0
2026-05-23 21:33:00+00:00,159.155,159.155,159.155,159.155,0
2026-05-23 21:34:00+00:00,159.155,159.155,159.155,159.155,0
2026-05-23 21:35:00+00:00,159.155,159.155,159.155,159.155,0
2026-05-23 21:36:00+00:00,159.155,159.155,159.155,159.155,0
2026-05-23 21:37:00+00:00,159.155,159.155,159.155,159.155,0
2026-05-23 21:38:00+00:00,159.155,159.155,159.155,159.155,0
2026-05-23 21:39:00+00:00,159.155,159.155,159.155,159.155,0
2026-05-23 21:40:00+00:00,159.155,159.155,159.155,159.155,0
2026-05-23 21:41:00+00:00,159.155,159.155,159.155,159.155,0
2026-05-23 21:42:00+00:00,159.155,159.155,159.155,159.155,0
2026-05-23 21:43:00+00:00,159.155,159.155,159.155,159.155,0
2026-05-23 21:44:00+00:00,159.155,159.155,159.155,159.155,0
2026-05-23 21:45:00+00:00,159.155,159.155,159.155,159.155,0
2026-05-23 21:46:00+00:00,159.155,159.155,159.155,159.155,0
2026-05-23 21:47:00+00:00,159.155,159.155,159.155,159.155,0
2026-05-23 21:48:00+00:00,159.155,159.155,159.155,159.155,0
2026-05-23 21:49:00+00:00,159.155,159.155,159.155,159.155,0
2026-05-23 21:50:00+00:00,159.155,159.155,159.155,159.155,0
2026-05-23 21:51:00+00:00,159.155,159.155,159.155,159.155,0
2026-05-23 21:52:00+00:00,159.155,159.155,159.155,159.155,0
2026-05-23 21:53:00+00:00,159.155,159.155,159.155,159.155,0
2026-05-23 21:54:00+00:00,159.155,159.155,159.155,159.155,0
2026-05-23 21:55:00+00:00,159.155,159.155,159.155,159.155,0
2026-05-23 21:56:00+00:00,159.155,159.155,159.155,159.155,0
2026-05-23 21:57:00+00:00,159.155,159.155,159.155,159.155,0
2026-05-23 21:58:00+00:00,159.155,159.155,159.155,159.155,0
2026-05-23 21:59:00+00:00,159.155,159.155,159.155,159.155,0
2026-05-23 22:00:00+00:00,159.155,159.155,159.155,159.155,0
2026-05-23 22:01:00+00:00,159.155,159.155,159.155,159.155,0
2026-05-23 22:02:00+00:00,159.155,159.155,159.155,159.155,0
2026-05-23 22:03:00+00:00,159.155,159.155,159.155,159.155,0
2026-05-23 22:04:00+00:00,159.155,159.155,159.155,159.155,0
2026-05-23 22:05:00+00:00,159.155,159.155,159.155,159.155,0
2026-05-23 22:06:00+00:00,159.155,159.155,159.155,159.155,0
2026-05-23 22:07:00+00:00,159.155,159.155,159.155,159.155,0
2026-05-23 22:08:00+00:00,159.155,159.155,159.155,159.155,0
2026-05-23 22:09:00+00:00,159.155,159.155,159.155,159.155,0
2026-05-23 22:10:00+00:00,159.155,159.155,159.155,159.155,0
2026-05-23 22:11:00+00:00,159.155,159.155,159.155,159.155,0
2026-05-23 22:12:00+00:00,159.155,159.155,159.155,159.155,0
2026-05-23 22:13:00+00:00,159.155,159.155,159.155,159.155,0
2026-05-23 22:14:00+00:00,159.155,159.155,159.155,159.155,0
2026-05-23 22:15:00+00:00,159.155,159.155,159.155,159.155,0
2026-05-23 22:16:00+00:00,159.155,159.155,159.155,159.155,0
2026-05-23 22:17:00+00:00,159.155,159.155,159.155,159.155,0
2026-05-23 22:18:00+00:00,159.155,159.155,159.155,159.155,0
2026-05-23 22:19:00+00:00,159.155,159.155,159.155,159.155,0
2026-05-23 22:20:00+00:00,159.155,159.155,159.155,159.155,0
2026-05-23 22:21:00+00:00,159.155,159.155,159.155,159.155,0
2026-05-23 22:22:00+00:00,159.155,159.155,159.155,159.155,0
2026-05-23 22:23:00+00:00,159.155,159.155,159.155,159.155,0
2026-05-23 22:24:00+00:00,159.155,159.155,159.155,159.155,0
2026-05-23 22:25:00+00:00,159.155,159.155,159.155,159.155,0
2026-05-23 22:26:00+00:00,159.155,159.155,159.155,159.155,0
2026-05-23 22:27:00+00:00,159.155,159.155,159.155,159.155,0
2026-05-23 22:28:00+00:00,159.155,159.155,159.155,159.155,0
2026-05-23 22:29:00+00:00,159.155,159.155,159.155,159.155,0
2026-05-23 22:30:00+00:00,159.155,159.155,159.155,159.155,0
2026-05-23 22:31:00+00:00,159.155,159.155,159.155,159.155,0
2026-05-23 22:32:00+00:00,159.155,159.155,159.155,159.155,0
2026-05-23 22:33:00+00:00,159.155,159.155,159.155,159.155,0
2026-05-23 22:34:00+00:00,159.155,159.155,159.155,159.155,0
2026-05-23 22:35:00+00:00,159.155,159.155,159.155,159.155,0
2026-05-23 22:36:00+00:00,159.155,159.155,159.155,159.155,0
2026-05-23 22:37:00+00:00,159.155,159.155,159.155,159.155,0
2026-05-23 22:38:00+00:00,159.155,159.155,159.155,159.155,0
2026-05-23 22:39:00+00:00,159.155,159.155,159.155,159.155,0
2026-05-23 22:40:00+00:00,159.155,159.155,159.155,159.155,0
2026-05-23 22:41:00+00:00,159.155,159.155,159.155,159.155,0
2026-05-23 22:42:00+00:00,159.155,159.155,159.155,159.155,0
2026-05-23 22:43:00+00:00,159.155,159.155,159.155,159.155,0
2026-05-23 22:44:00+00:00,159.155,159.155,159.155,159.155,0
2026-05-23 22:45:00+00:00,159.155,159.155,159.155,159.155,0
2026-05-23 22:46:00+00:00,159.155,159.155,159.155,159.155,0
2026-05-23 22:47:00+00:00,159.155,159.155,159.155,159.155,0
2026-05-23 22:48:00+00:00,159.155,159.155,159.155,159.155,0
2026-05-23 22:49:00+00:00,159.155,159.155,159.155,159.155,0
2026-05-23 22:50:00+00:00,159.155,159.155,159.155,159.155,0
2026-05-23 22:51:00+00:00,159.155,159.155,159.155,159.155,0
2026-05-23 22:52:00+00:00,159.155,159.155,159.155,159.155,0
2026-05-23 22:53:00+00:00,159.155,159.155,159.155,159.155,0
2026-05-23 22:54:00+00:00,159.155,159.155,159.155,159.155,0
2026-05-23 22:55:00+00:00,159.155,159.155,159.155,159.155,0
2026-05-23 22:56:00+00:00,159.155,159.155,159.155,159.155,0
2026-05-23 22:57:00+00:00,159.155,159.155,159.155,159.155,0
2026-05-23 22:58:00+00:00,159.155,159.155,159.155,159.155,0
2026-05-23 22:59:00+00:00,159.155,159.155,159.155,159.155,0
2026-05-23 23:00:00+00:00,159.155,159.155,159.155,159.155,0
2026-05-23 23:01:00+00:00,159.155,159.155,159.155,159.155,0
2026-05-23 23:02:00+00:00,159.155,159.155,159.155,159.155,0
2026-05-23 23:03:00+00:00,159.155,159.155,159.155,159.155,0
2026-05-23 23:04:00+00:00,159.155,159.155,159.155,159.155,0
2026-05-23 23:05:00+00:00,159.155,159.155,159.155,159.155,0
2026-05-23 23:06:00+00:00,159.155,159.155,159.155,159.155,0
2026-05-23 23:07:00+00:00,159.155,159.155,159.155,159.155,0
2026-05-23 23:08:00+00:00,159.155,159.155,159.155,159.155,0
2026-05-23 23:09:00+00:00,159.155,159.155,159.155,159.155,0
2026-05-23 23:10:00+00:00,159.155,159.155,159.155,159.155,0
2026-05-23 23:11:00+00:00,159.155,159.155,159.155,159.155,0
2026-05-23 23:12:00+00:00,159.155,159.155,159.155,159.155,0
2026-05-23 23:13:00+00:00,159.155,159.155,159.155,159.155,0
2026-05-23 23:14:00+00:00,159.155,159.155,159.155,159.155,0
2026-05-23 23:15:00+00:00,159.155,159.155,159.155,159.155,0
2026-05-23 23:16:00+00:00,159.155,159.155,159.155,159.155,0
2026-05-23 23:17:00+00:00,159.155,159.155,159.155,159.155,0
2026-05-23 23:18:00+00:00,159.155,159.155,159.155,159.155,0
2026-05-23 23:19:00+00:00,159.155,159.155,159.155,159.155,0
2026-05-23 23:20:00+00:00,159.155,159.155,159.155,159.155,0
2026-05-23 23:21:00+00:00,159.155,159.155,159.155,159.155,0
2026-05-23 23:22:00+00:00,159.155,159.155,159.155,159.155,0
2026-05-23 23:23:00+00:00,159.155,159.155,159.155,159.155,0
2026-05-23 23:24:00+00:00,159.155,159.155,159.155,159.155,0
2026-05-23 23:25:00+00:00,159.155,159.155,159.155,159.155,0
2026-05-23 23:26:00+00:00,159.155,159.155,159.155,159.155,0
2026-05-23 23:27:00+00:00,159.155,159.155,159.155,159.155,0
2026-05-23 23:28:00+00:00,159.155,159.155,159.155,159.155,0
2026-05-23 23:29:00+00:00,159.155,159.155,159.155,159.155,0
2026-05-23 23:30:00+00:00,159.155,159.155,159.155,159.155,0
2026-05-23 23:31:00+00:00,159.155,159.155,159.155,159.155,0
2026-05-23 23:32:00+00:00,159.155,159.155,159.155,159.155,0
2026-05-23 23:33:00+00:00,159.155,159.155,159.155,159.155,0
2026-05-23 23:34:00+00:00,159.155,159.155,159.155,159.155,0
2026-05-23 23:35:00+00:00,159.155,159.155,159.155,159.155,0
2026-05-23 23:36:00+00:00,159.155,159.155,159.155,159.155,0
2026-05-23 23:37:00+00:00,159.155,159.155,159.155,159.155,0
2026-05-23 23:38:00+00:00,159.155,159.155,159.155,159.155,0
2026-05-23 23:39:00+00:00,159.155,159.155,159.155,159.155,0
2026-05-23 23:40:00+00:00,159.155,159.155,159.155,159.155,0
2026-05-23 23:41:00+00:00,159.155,159.155,159.155,159.155,0
2026-05-23 23:42:00+00:00,159.155,159.155,159.155,159.155,0
2026-05-23 23:43:00+00:00,159.155,159.155,159.155,159.155,0
2026-05-23 23:44:00+00:00,159.155,159.155,159.155,159.155,0
2026-05-23 23:45:00+00:00,159.155,159.155,159.155,159.155,0
2026-05-23 23:46:00+00:00,159.155,159.155,159.155,159.155,0
2026-05-23 23:47:00+00:00,159.155,159.155,159.155,159.155,0
2026-05-23 23:48:00+00:00,159.155,159.155,159.155,159.155,0
2026-05-23 23:49:00+00:00,159.155,159.155,159.155,159.155,0
2026-05-23 23:50:00+00:00,159.155,159.155,159.155,159.155,0
2026-05-23 23:51:00+00:00,159.155,159.155,159.155,159.155,0
2026-05-23 23:52:00+00:00,159.155,159.155,159.155,159.155,0
2026-05-23 23:53:00+00:00,159.155,159.155,159.155,159.155,0
2026-05-23 23:54:00+00:00,159.155,159.155,159.155,159.155,0
2026-05-23 23:55:00+00:00,159.155,159.155,159.155,159.155,0
2026-05-23 23:56:00+00:00,159.155,159.155,159.155,159.155,0
2026-05-23 23:57:00+00:00,159.155,159.155,159.155,159.155,0
2026-05-23 23:58:00+00:00,159.155,159.155,159.155,159.155,0
2026-05-23 23:59:00+00:00,159.155,159.155,159.155,159.155,0
2026-05-24 00:00:00+00:00,159.155,159.155,159.155,159.155,0
2026-05-24 00:01:00+00:00,159.155,159.155,159.155,159.155,0
2026-05-24 00:02:00+00:00,159.155,159.155,159.155,159.155,0
2026-05-24 00:03:00+00:00,159.155,159.155,159.155,159.155,0
2026-05-24 00:04:00+00:00,159.155,159.155,159.155,159.155,0
2026-05-24 00:05:00+00:00,159.155,159.155,159.155,159.155,0
2026-05-24 00:06:00+00:00,159.155,159.155,159.155,159.155,0
2026-05-24 00:07:00+00:00,159.155,159.155,159.155,159.155,0
2026-05-24 00:08:00+00:00,159.155,159.155,159.155,159.155,0
2026-05-24 00:09:00+00:00,159.155,159.155,159.155,159.155,0
2026-05-24 00:10:00+00:00,159.155,159.155,159.155,159.155,0
2026-05-24 00:11:00+00:00,159.155,159.155,159.155,159.155,0
2026-05-24 00:12:00+00:00,159.155,159.155,159.155,159.155,0
2026-05-24 00:13:00+00:00,159.155,159.155,159.155,159.155,0
2026-05-24 00:14:00+00:00,159.155,159.155,159.155,159.155,0
2026-05-24 00:15:00+00:00,159.155,159.155,159.155,159.155,0
2026-05-24 00:16:00+00:00,159.155,159.155,159.155,159.155,0
2026-05-24 00:17:00+00:00,159.155,159.155,159.155,159.155,0
2026-05-24 00:18:00+00:00,159.155,159.155,159.155,159.155,0
2026-05-24 00:19:00+00:00,159.155,159.155,159.155,159.155,0
2026-05-24 00:20:00+00:00,159.155,159.155,159.155,159.155,0
2026-05-24 00:21:00+00:00,159.155,159.155,159.155,159.155,0
2026-05-24 00:22:00+00:00,159.155,159.155,159.155,159.155,0
2026-05-24 00:23:00+00:00,159.155,159.155,159.155,159.155,0
2026-05-24 00:24:00+00:00,159.155,159.155,159.155,159.155,0
2026-05-24 00:25:00+00:00,159.155,159.155,159.155,159.155,0
2026-05-24 00:26:00+00:00,159.155,159.155,159.155,159.155,0
2026-05-24 00:27:00+00:00,159.155,159.155,159.155,159.155,0
2026-05-24 00:28:00+00:00,159.155,159.155,159.155,159.155,0
2026-05-24 00:29:00+00:00,159.155,159.155,159.155,159.155,0
2026-05-24 00:30:00+00:00,159.155,159.155,159.155,159.155,0
2026-05-24 00:31:00+00:00,159.155,159.155,159.155,159.155,0
2026-05-24 00:32:00+00:00,159.155,159.155,159.155,159.155,0
2026-05-24 00:33:00+00:00,159.155,159.155,159.155,159.155,0
2026-05-24 00:34:00+00:00,159.155,159.155,159.155,159.155,0
2026-05-24 00:35:00+00:00,159.155,159.155,159.155,159.155,0
2026-05-24 00:36:00+00:00,159.155,159.155,159.155,159.155,0
2026-05-24 00:37:00+00:00,159.155,159.155,159.155,159.155,0
2026-05-24 00:38:00+00:00,159.155,159.155,159.155,159.155,0
2026-05-24 00:39:00+00:00,159.155,159.155,159.155,159.155,0
2026-05-24 00:40:00+00:00,159.155,159.155,159.155,159.155,0
2026-05-24 00:41:00+00:00,159.155,159.155,159.155,159.155,0
2026-05-24 00:42:00+00:00,159.155,159.155,159.155,159.155,0
2026-05-24 00:43:00+00:00,159.155,159.155,159.155,159.155,0
2026-05-24 00:44:00+00:00,159.155,159.155,159.155,159.155,0
2026-05-24 00:45:00+00:00,159.155,159.155,159.155,159.155,0
2026-05-24 00:46:00+00:00,159.155,159.155,159.155,159.155,0
2026-05-24 00:47:00+00:00,159.155,159.155,159.155,159.155,0
2026-05-24 00:48:00+00:00,159.155,159.155,159.155,159.155,0
2026-05-24 00:49:00+00:00,159.155,159.155,159.155,159.155,0
2026-05-24 00:50:00+00:00,159.155,159.155,159.155,159.155,0
2026-05-24 00:51:00+00:00,159.155,159.155,159.155,159.155,0
2026-05-24 00:52:00+00:00,159.155,159.155,159.155,159.155,0
2026-05-24 00:53:00+00:00,159.155,159.155,159.155,159.155,0
2026-05-24 00:54:00+00:00,159.155,159.155,159.155,159.155,0
2026-05-24 00:55:00+00:00,159.155,159.155,159.155,159.155,0
2026-05-24 00:56:00+00:00,159.155,159.155,159.155,159.155,0
2026-05-24 00:57:00+00:00,159.155,159.155,159.155,159.155,0
2026-05-24 00:58:00+00:00,159.155,159.155,159.155,159.155,0
2026-05-24 00:59:00+00:00,159.155,159.155,159.155,159.155,0
2026-05-24 01:00:00+00:00,159.155,159.155,159.155,159.155,0
2026-05-24 01:01:00+00:00,159.155,159.155,159.155,159.155,0
2026-05-24 01:02:00+00:00,159.155,159.155,159.155,159.155,0
2026-05-24 01:03:00+00:00,159.155,159.155,159.155,159.155,0
2026-05-24 01:04:00+00:00,159.155,159.155,159.155,159.155,0
2026-05-24 01:05:00+00:00,159.155,159.155,159.155,159.155,0
2026-05-24 01:06:00+00:00,159.155,159.155,159.155,159.155,0
2026-05-24 01:07:00+00:00,159.155,159.155,159.155,159.155,0
2026-05-24 01:08:00+00:00,159.155,159.155,159.155,159.155,0
2026-05-24 01:09:00+00:00,159.155,159.155,159.155,159.155,0
2026-05-24 01:10:00+00:00,159.155,159.155,159.155,159.155,0
2026-05-24 01:11:00+00:00,159.155,159.155,159.155,159.155,0
2026-05-24 01:12:00+00:00,159.155,159.155,159.155,159.155,0
2026-05-24 01:13:00+00:00,159.155,159.155,159.155,159.155,0
2026-05-24 01:14:00+00:00,159.155,159.155,159.155,159.155,0
2026-05-24 01:15:00+00:00,159.155,159.155,159.155,159.155,0
2026-05-24 01:16:00+00:00,159.155,159.155,159.155,159.155,0
2026-05-24 01:17:00+00:00,159.155,159.155,159.155,159.155,0
2026-05-24 01:18:00+00:00,159.155,159.155,159.155,159.155,0
2026-05-24 01:19:00+00:00,159.155,159.155,159.155,159.155,0
2026-05-24 01:20:00+00:00,159.155,159.155,159.155,159.155,0
2026-05-24 01:21:00+00:00,159.155,159.155,159.155,159.155,0
2026-05-24 01:22:00+00:00,159.155,159.155,159.155,159.155,0
2026-05-24 01:23:00+00:00,159.155,159.155,159.155,159.155,0
2026-05-24 01:24:00+00:00,159.155,159.155,159.155,159.155,0
2026-05-24 01:25:00+00:00,159.155,159.155,159.155,159.155,0
2026-05-24 01:26:00+00:00,159.155,159.155,159.155,159.155,0
2026-05-24 01:27:00+00:00,159.155,159.155,159.155,159.155,0
2026-05-24 01:28:00+00:00,159.155,159.155,159.155,159.155,0
2026-05-24 01:29:00+00:00,159.155,159.155,159.155,159.155,0
2026-05-24 01:30:00+00:00,159.155,159.155,159.155,159.155,0
2026-05-24 01:31:00+00:00,159.155,159.155,159.155,159.155,0
2026-05-24 01:32:00+00:00,159.155,159.155,159.155,159.155,0
2026-05-24 01:33:00+00:00,159.155,159.155,159.155,159.155,0
2026-05-24 01:34:00+00:00,159.155,159.155,159.155,159.155,0
2026-05-24 01:35:00+00:00,159.155,159.155,159.155,159.155,0
2026-05-24 01:36:00+00:00,159.155,159.155,159.155,159.155,0
2026-05-24 01:37:00+00:00,159.155,159.155,159.155,159.155,0
2026-05-24 01:38:00+00:00,159.155,159.155,159.155,159.155,0
2026-05-24 01:39:00+00:00,159.155,159.155,159.155,159.155,0
2026-05-24 01:40:00+00:00,159.155,159.155,159.155,159.155,0
2026-05-24 01:41:00+00:00,159.155,159.155,159.155,159.155,0
2026-05-24 01:42:00+00:00,159.155,159.155,159.155,159.155,0
2026-05-24 01:43:00+00:00,159.155,159.155,159.155,159.155,0
2026-05-24 01:44:00+00:00,159.155,159.155,159.155,159.155,0
2026-05-24 01:45:00+00:00,159.155,159.155,159.155,159.155,0
2026-05-24 01:46:00+00:00,159.155,159.155,159.155,159.155,0
2026-05-24 01:47:00+00:00,159.155,159.155,159.155,159.155,0
2026-05-24 01:48:00+00:00,159.155,159.155,159.155,159.155,0
2026-05-24 01:49:00+00:00,159.155,159.155,159.155,159.155,0
2026-05-24 01:50:00+00:00,159.155,159.155,159.155,159.155,0
2026-05-24 01:51:00+00:00,159.155,159.155,159.155,159.155,0
2026-05-24 01:52:00+00:00,159.155,159.155,159.155,159.155,0
2026-05-24 01:53:00+00:00,159.155,159.155,159.155,159.155,0
2026-05-24 01:54:00+00:00,159.155,159.155,159.155,159.155,0
2026-05-24 01:55:00+00:00,159.155,159.155,159.155,159.155,0
2026-05-24 01:56:00+00:00,159.155,159.155,159.155,159.155,0
2026-05-24 01:57:00+00:00,159.155,159.155,159.155,159.155,0
2026-05-24 01:58:00+00:00,159.155,159.155,159.155,159.155,0
2026-05-24 01:59:00+00:00,159.155,159.155,159.155,159.155,0
2026-05-24 02:00:00+00:00,159.155,159.155,159.155,159.155,0
2026-05-24 02:01:00+00:00,159.155,159.155,159.155,159.155,0
2026-05-24 02:02:00+00:00,159.155,159.155,159.155,159.155,0
2026-05-24 02:03:00+00:00,159.155,159.155,159.155,159.155,0
2026-05-24 02:04:00+00:00,159.155,159.155,159.155,159.155,0
2026-05-24 02:05:00+00:00,159.155,159.155,159.155,159.155,0
2026-05-24 02:06:00+00:00,159.155,159.155,159.155,159.155,0
2026-05-24 02:07:00+00:00,159.155,159.155,159.155,159.155,0
2026-05-24 02:08:00+00:00,159.155,159.155,159.155,159.155,0
2026-05-24 02:09:00+00:00,159.155,159.155,159.155,159.155,0
2026-05-24 02:10:00+00:00,159.155,159.155,159.155,159.155,0
2026-05-24 02:11:00+00:00,159.155,159.155,159.155,159.155,0
2026-05-24 02:12:00+00:00,159.155,159.155,159.155,159.155,0
2026-05-24 02:13:00+00:00,159.155,159.155,159.155,159.155,0
2026-05-24 02:14:00+00:00,159.155,159.155,159.155,159.155,0
2026-05-24 02:15:00+00:00,159.155,159.155,159.155,159.155,0
2026-05-24 02:16:00+00:00,159.155,159.155,159.155,159.155,0
2026-05-24 02:17:00+00:00,159.155,159.155,159.155,159.155,0
2026-05-24 02:18:00+00:00,159.155,159.155,159.155,159.155,0
2026-05-24 02:19:00+00:00,159.155,159.155,159.155,159.155,0
2026-05-24 02:20:00+00:00,159.155,159.155,159.155,159.155,0
2026-05-24 02:21:00+00:00,159.155,159.155,159.155,159.155,0
2026-05-24 02:22:00+00:00,159.155,159.155,159.155,159.155,0
2026-05-24 02:23:00+00:00,159.155,159.155,159.155,159.155,0
2026-05-24 02:24:00+00:00,159.155,159.155,159.155,159.155,0
2026-05-24 02:25:00+00:00,159.155,159.155,159.155,159.155,0
2026-05-24 02:26:00+00:00,159.155,159.155,159.155,159.155,0
2026-05-24 02:27:00+00:00,159.155,159.155,159.155,159.155,0
2026-05-24 02:28:00+00:00,159.155,159.155,159.155,159.155,0
2026-05-24 02:29:00+00:00,159.155,159.155,159.155,159.155,0
2026-05-24 02:30:00+00:00,159.155,159.155,159.155,159.155,0
2026-05-24 02:31:00+00:00,159.155,159.155,159.155,159.155,0
2026-05-24 02:32:00+00:00,159.155,159.155,159.155,159.155,0
2026-05-24 02:33:00+00:00,159.155,159.155,159.155,159.155,0
2026-05-24 02:34:00+00:00,159.155,159.155,159.155,159.155,0
2026-05-24 02:35:00+00:00,159.155,159.155,159.155,159.155,0
2026-05-24 02:36:00+00:00,159.155,159.155,159.155,159.155,0
2026-05-24 02:37:00+00:00,159.155,159.155,159.155,159.155,0
2026-05-24 02:38:00+00:00,159.155,159.155,159.155,159.155,0
2026-05-24 02:39:00+00:00,159.155,159.155,159.155,159.155,0
2026-05-24 02:40:00+00:00,159.155,159.155,159.155,159.155,0
2026-05-24 02:41:00+00:00,159.155,159.155,159.155,159.155,0
2026-05-24 02:42:00+00:00,159.155,159.155,159.155,159.155,0
2026-05-24 02:43:00+00:00,159.155,159.155,159.155,159.155,0
2026-05-24 02:44:00+00:00,159.155,159.155,159.155,159.155,0
2026-05-24 02:45:00+00:00,159.155,159.155,159.155,159.155,0
2026-05-24 02:46:00+00:00,159.155,159.155,159.155,159.155,0
2026-05-24 02:47:00+00:00,159.155,159.155,159.155,159.155,0
2026-05-24 02:48:00+00:00,159.155,159.155,159.155,159.155,0
2026-05-24 02:49:00+00:00,159.155,159.155,159.155,159.155,0
2026-05-24 02:50:00+00:00,159.155,159.155,159.155,159.155,0
2026-05-24 02:51:00+00:00,159.155,159.155,159.155,159.155,0
2026-05-24 02:52:00+00:00,159.155,159.155,159.155,159.155,0
2026-05-24 02:53:00+00:00,159.155,159.155,159.155,159.155,0
2026-05-24 02:54:00+00:00,159.155,159.155,159.155,159.155,0
2026-05-24 02:55:00+00:00,159.155,159.155,159.155,159.155,0
2026-05-24 02:56:00+00:00,159.155,159.155,159.155,159.155,0
2026-05-24 02:57:00+00:00,159.155,159.155,159.155,159.155,0
2026-05-24 02:58:00+00:00,159.155,159.155,159.155,159.155,0
2026-05-24 02:59:00+00:00,159.155,159.155,159.155,159.155,0
2026-05-24 03:00:00+00:00,159.155,159.155,159.155,159.155,0
2026-05-24 03:01:00+00:00,159.155,159.155,159.155,159.155,0
2026-05-24 03:02:00+00:00,159.155,159.155,159.155,159.155,0
2026-05-24 03:03:00+00:00,159.155,159.155,159.155,159.155,0
2026-05-24 03:04:00+00:00,159.155,159.155,159.155,159.155,0
2026-05-24 03:05:00+00:00,159.155,159.155,159.155,159.155,0
2026-05-24 03:06:00+00:00,159.155,159.155,159.155,159.155,0
2026-05-24 03:07:00+00:00,159.155,159.155,159.155,159.155,0
2026-05-24 03:08:00+00:00,159.155,159.155,159.155,159.155,0
2026-05-24 03:09:00+00:00,159.155,159.155,159.155,159.155,0
2026-05-24 03:10:00+00:00,159.155,159.155,159.155,159.155,0
2026-05-24 03:11:00+00:00,159.155,159.155,159.155,159.155,0
2026-05-24 03:12:00+00:00,159.155,159.155,159.155,159.155,0
2026-05-24 03:13:00+00:00,159.155,159.155,159.155,159.155,0
2026-05-24 03:14:00+00:00,159.155,159.155,159.155,159.155,0
2026-05-24 03:15:00+00:00,159.155,159.155,159.155,159.155,0
2026-05-24 03:16:00+00:00,159.155,159.155,159.155,159.155,0
2026-05-24 03:17:00+00:00,159.155,159.155,159.155,159.155,0
2026-05-24 03:18:00+00:00,159.155,159.155,159.155,159.155,0
2026-05-24 03:19:00+00:00,159.155,159.155,159.155,159.155,0
2026-05-24 03:20:00+00:00,159.155,159.155,159.155,159.155,0
2026-05-24 03:21:00+00:00,159.155,159.155,159.155,159.155,0
2026-05-24 03:22:00+00:00,159.155,159.155,159.155,159.155,0
2026-05-24 03:23:00+00:00,159.155,159.155,159.155,159.155,0
2026-05-24 03:24:00+00:00,159.155,159.155,159.155,159.155,0
2026-05-24 03:25:00+00:00,159.155,159.155,159.155,159.155,0
2026-05-24 03:26:00+00:00,159.155,159.155,159.155,159.155,0
2026-05-24 03:27:00+00:00,159.155,159.155,159.155,159.155,0
2026-05-24 03:28:00+00:00,159.155,159.155,159.155,159.155,0
2026-05-24 03:29:00+00:00,159.155,159.155,159.155,159.155,0
2026-05-24 03:30:00+00:00,159.155,159.155,159.155,159.155,0
2026-05-24 03:31:00+00:00,159.155,159.155,159.155,159.155,0
2026-05-24 03:32:00+00:00,159.155,159.155,159.155,159.155,0
2026-05-24 03:33:00+00:00,159.155,159.155,159.155,159.155,0
2026-05-24 03:34:00+00:00,159.155,159.155,159.155,159.155,0
2026-05-24 03:35:00+00:00,159.155,159.155,159.155,159.155,0
2026-05-24 03:36:00+00:00,159.155,159.155,159.155,159.155,0
2026-05-24 03:37:00+00:00,159.155,159.155,159.155,159.155,0
2026-05-24 03:38:00+00:00,159.155,159.155,159.155,159.155,0
2026-05-24 03:39:00+00:00,159.155,159.155,159.155,159.155,0
2026-05-24 03:40:00+00:00,159.155,159.155,159.155,159.155,0
2026-05-24 03:41:00+00:00,159.155,159.155,159.155,159.155,0
2026-05-24 03:42:00+00:00,159.155,159.155,159.155,159.155,0
2026-05-24 03:43:00+00:00,159.155,159.155,159.155,159.155,0
2026-05-24 03:44:00+00:00,159.155,159.155,159.155,159.155,0
2026-05-24 03:45:00+00:00,159.155,159.155,159.155,159.155,0
2026-05-24 03:46:00+00:00,159.155,159.155,159.155,159.155,0
2026-05-24 03:47:00+00:00,159.155,159.155,159.155,159.155,0
2026-05-24 03:48:00+00:00,159.155,159.155,159.155,159.155,0
2026-05-24 03:49:00+00:00,159.155,159.155,159.155,159.155,0
2026-05-24 03:50:00+00:00,159.155,159.155,159.155,159.155,0
2026-05-24 03:51:00+00:00,159.155,159.155,159.155,159.155,0
2026-05-24 03:52:00+00:00,159.155,159.155,159.155,159.155,0
2026-05-24 03:53:00+00:00,159.155,159.155,159.155,159.155,0
2026-05-24 03:54:00+00:00,159.155,159.155,159.155,159.155,0
2026-05-24 03:55:00+00:00,159.155,159.155,159.155,159.155,0
2026-05-24 03:56:00+00:00,159.155,159.155,159.155,159.155,0
2026-05-24 03:57:00+00:00,159.155,159.155,159.155,159.155,0
2026-05-24 03:58:00+00:00,159.155,159.155,159.155,159.155,0
2026-05-24 03:59:00+00:00,159.155,159.155,159.155,159.155,0
2026-05-24 04:00:00+00:00,159.155,159.155,159.155,159.155,0
2026-05-24 04:01:00+00:00,159.155,159.155,159.155,159.155,0
2026-05-24 04:02:00+00:00,159.155,159.155,159.155,159.155,0
2026-05-24 04:03:00+00:00,159.155,159.155,159.155,159.155,0
2026-05-24 04:04:00+00:00,159.155,159.155,159.155,159.155,0
2026-05-24 04:05:00+00:00,159.155,159.155,159.155,159.155,0
2026-05-24 04:06:00+00:00,159.155,159.155,159.155,159.155,0
2026-05-24 04:07:00+00:00,159.155,159.155,159.155,159.155,0
2026-05-24 04:08:00+00:00,159.155,159.155,159.155,159.155,0
2026-05-24 04:09:00+00:00,159.155,159.155,159.155,159.155,0
2026-05-24 04:10:00+00:00,159.155,159.155,159.155,159.155,0
2026-05-24 04:11:00+00:00,159.155,159.155,159.155,159.155,0
2026-05-24 04:12:00+00:00,159.155,159.155,159.155,159.155,0
2026-05-24 04:13:00+00:00,159.155,159.155,159.155,159.155,0
2026-05-24 04:14:00+00:00,159.155,159.155,159.155,159.155,0
2026-05-24 04:15:00+00:00,159.155,159.155,159.155,159.155,0
2026-05-24 04:16:00+00:00,159.155,159.155,159.155,159.155,0
2026-05-24 04:17:00+00:00,159.155,159.155,159.155,159.155,0
2026-05-24 04:18:00+00:00,159.155,159.155,159.155,159.155,0
2026-05-24 04:19:00+00:00,159.155,159.155,159.155,159.155,0
2026-05-24 04:20:00+00:00,159.155,159.155,159.155,159.155,0
2026-05-24 04:21:00+00:00,159.155,159.155,159.155,159.155,0
2026-05-24 04:22:00+00:00,159.155,159.155,159.155,159.155,0
2026-05-24 04:23:00+00:00,159.155,159.155,159.155,159.155,0
2026-05-24 04:24:00+00:00,159.155,159.155,159.155,159.155,0
2026-05-24 04:25:00+00:00,159.155,159.155,159.155,159.155,0
2026-05-24 04:26:00+00:00,159.155,159.155,159.155,159.155,0
2026-05-24 04:27:00+00:00,159.155,159.155,159.155,159.155,0
2026-05-24 04:28:00+00:00,159.155,159.155,159.155,159.155,0
2026-05-24 04:29:00+00:00,159.155,159.155,159.155,159.155,0
2026-05-24 04:30:00+00:00,159.155,159.155,159.155,159.155,0
2026-05-24 04:31:00+00:00,159.155,159.155,159.155,159.155,0
2026-05-24 04:32:00+00:00,159.155,159.155,159.155,159.155,0
2026-05-24 04:33:00+00:00,159.155,159.155,159.155,159.155,0
2026-05-24 04:34:00+00:00,159.155,159.155,159.155,159.155,0
2026-05-24 04:35:00+00:00,159.155,159.155,159.155,159.155,0
2026-05-24 04:36:00+00:00,159.155,159.155,159.155,159.155,0
2026-05-24 04:37:00+00:00,159.155,159.155,159.155,159.155,0
2026-05-24 04:38:00+00:00,159.155,159.155,159.155,159.155,0
2026-05-24 04:39:00+00:00,159.155,159.155,159.155,159.155,0
2026-05-24 04:40:00+00:00,159.155,159.155,159.155,159.155,0
2026-05-24 04:41:00+00:00,159.155,159.155,159.155,159.155,0
2026-05-24 04:42:00+00:00,159.155,159.155,159.155,159.155,0
2026-05-24 04:43:00+00:00,159.155,159.155,159.155,159.155,0
2026-05-24 04:44:00+00:00,159.155,159.155,159.155,159.155,0
2026-05-24 04:45:00+00:00,159.155,159.155,159.155,159.155,0
2026-05-24 04:46:00+00:00,159.155,159.155,159.155,159.155,0
2026-05-24 04:47:00+00:00,159.155,159.155,159.155,159.155,0
2026-05-24 04:48:00+00:00,159.155,159.155,159.155,159.155,0
2026-05-24 04:49:00+00:00,159.155,159.155,159.155,159.155,0
2026-05-24 04:50:00+00:00,159.155,159.155,159.155,159.155,0
2026-05-24 04:51:00+00:00,159.155,159.155,159.155,159.155,0
2026-05-24 04:52:00+00:00,159.155,159.155,159.155,159.155,0
2026-05-24 04:53:00+00:00,159.155,159.155,159.155,159.155,0
2026-05-24 04:54:00+00:00,159.155,159.155,159.155,159.155,0
2026-05-24 04:55:00+00:00,159.155,159.155,159.155,159.155,0
2026-05-24 04:56:00+00:00,159.155,159.155,159.155,159.155,0
2026-05-24 04:57:00+00:00,159.155,159.155,159.155,159.155,0
2026-05-24 04:58:00+00:00,159.155,159.155,159.155,159.155,0
2026-05-24 04:59:00+00:00,159.155,159.155,159.155,159.155,0
2026-05-24 05:00:00+00:00,159.155,159.155,159.155,159.155,0
2026-05-24 05:01:00+00:00,159.155,159.155,159.155,159.155,0
2026-05-24 05:02:00+00:00,159.155,159.155,159.155,159.155,0
2026-05-24 05:03:00+00:00,159.155,159.155,159.155,159.155,0
2026-05-24 05:04:00+00:00,159.155,159.155,159.155,159.155,0
2026-05-24 05:05:00+00:00,159.155,159.155,159.155,159.155,0
2026-05-24 05:06:00+00:00,159.155,159.155,159.155,159.155,0
2026-05-24 05:07:00+00:00,159.155,159.155,159.155,159.155,0
2026-05-24 05:08:00+00:00,159.155,159.155,159.155,159.155,0
2026-05-24 05:09:00+00:00,159.155,159.155,159.155,159.155,0
2026-05-24 05:10:00+00:00,159.155,159.155,159.155,159.155,0
2026-05-24 05:11:00+00:00,159.155,159.155,159.155,159.155,0
2026-05-24 05:12:00+00:00,159.155,159.155,159.155,159.155,0
2026-05-24 05:13:00+00:00,159.155,159.155,159.155,159.155,0
2026-05-24 05:14:00+00:00,159.155,159.155,159.155,159.155,0
2026-05-24 05:15:00+00:00,159.155,159.155,159.155,159.155,0
2026-05-24 05:16:00+00:00,159.155,159.155,159.155,159.155,0
2026-05-24 05:17:00+00:00,159.155,159.155,159.155,159.155,0
2026-05-24 05:18:00+00:00,159.155,159.155,159.155,159.155,0
2026-05-24 05:19:00+00:00,159.155,159.155,159.155,159.155,0
2026-05-24 05:20:00+00:00,159.155,159.155,159.155,159.155,0
2026-05-24 05:21:00+00:00,159.155,159.155,159.155,159.155,0
2026-05-24 05:22:00+00:00,159.155,159.155,159.155,159.155,0
2026-05-24 05:23:00+00:00,159.155,159.155,159.155,159.155,0
2026-05-24 05:24:00+00:00,159.155,159.155,159.155,159.155,0
2026-05-24 05:25:00+00:00,159.155,159.155,159.155,159.155,0
2026-05-24 05:26:00+00:00,159.155,159.155,159.155,159.155,0
2026-05-24 05:27:00+00:00,159.155,159.155,159.155,159.155,0
2026-05-24 05:28:00+00:00,159.155,159.155,159.155,159.155,0
2026-05-24 05:29:00+00:00,159.155,159.155,159.155,159.155,0
2026-05-24 05:30:00+00:00,159.155,159.155,159.155,159.155,0
2026-05-24 05:31:00+00:00,159.155,159.155,159.155,159.155,0
2026-05-24 05:32:00+00:00,159.155,159.155,159.155,159.155,0
2026-05-24 05:33:00+00:00,159.155,159.155,159.155,159.155,0
2026-05-24 05:34:00+00:00,159.155,159.155,159.155,159.155,0
2026-05-24 05:35:00+00:00,159.155,159.155,159.155,159.155,0
2026-05-24 05:36:00+00:00,159.155,159.155,159.155,159.155,0
2026-05-24 05:37:00+00:00,159.155,159.155,159.155,159.155,0
2026-05-24 05:38:00+00:00,159.155,159.155,159.155,159.155,0
2026-05-24 05:39:00+00:00,159.155,159.155,159.155,159.155,0
2026-05-24 05:40:00+00:00,159.155,159.155,159.155,159.155,0
2026-05-24 05:41:00+00:00,159.155,159.155,159.155,159.155,0
2026-05-24 05:42:00+00:00,159.155,159.155,159.155,159.155,0
2026-05-24 05:43:00+00:00,159.155,159.155,159.155,159.155,0
2026-05-24 05:44:00+00:00,159.155,159.155,159.155,159.155,0
2026-05-24 05:45:00+00:00,159.155,159.155,159.155,159.155,0
2026-05-24 05:46:00+00:00,159.155,159.155,159.155,159.155,0
2026-05-24 05:47:00+00:00,159.155,159.155,159.155,159.155,0
2026-05-24 05:48:00+00:00,159.155,159.155,159.155,159.155,0
2026-05-24 05:49:00+00:00,159.155,159.155,159.155,159.155,0
2026-05-24 05:50:00+00:00,159.155,159.155,159.155,159.155,0
2026-05-24 05:51:00+00:00,159.155,159.155,159.155,159.155,0
2026-05-24 05:52:00+00:00,159.155,159.155,159.155,159.155,0
2026-05-24 05:53:00+00:00,159.155,159.155,159.155,159.155,0
2026-05-24 05:54:00+00:00,159.155,159.155,159.155,159.155,0
2026-05-24 05:55:00+00:00,159.155,159.155,159.155,159.155,0
2026-05-24 05:56:00+00:00,159.155,159.155,159.155,159.155,0
2026-05-24 05:57:00+00:00,159.155,159.155,159.155,159.155,0
2026-05-24 05:58:00+00:00,159.155,159.155,159.155,159.155,0
2026-05-24 05:59:00+00:00,159.155,159.155,159.155,159.155,0
2026-05-24 06:00:00+00:00,159.155,159.155,159.155,159.155,0
2026-05-24 06:01:00+00:00,159.155,159.155,159.155,159.155,0
2026-05-24 06:02:00+00:00,159.155,159.155,159.155,159.155,0
2026-05-24 06:03:00+00:00,159.155,159.155,159.155,159.155,0
2026-05-24 06:04:00+00:00,159.155,159.155,159.155,159.155,0
2026-05-24 06:05:00+00:00,159.155,159.155,159.155,159.155,0
2026-05-24 06:06:00+00:00,159.155,159.155,159.155,159.155,0
2026-05-24 06:07:00+00:00,159.155,159.155,159.155,159.155,0
2026-05-24 06:08:00+00:00,159.155,159.155,159.155,159.155,0
2026-05-24 06:09:00+00:00,159.155,159.155,159.155,159.155,0
2026-05-24 06:10:00+00:00,159.155,159.155,159.155,159.155,0
2026-05-24 06:11:00+00:00,159.155,159.155,159.155,159.155,0
2026-05-24 06:12:00+00:00,159.155,159.155,159.155,159.155,0
2026-05-24 06:13:00+00:00,159.155,159.155,159.155,159.155,0
2026-05-24 06:14:00+00:00,159.155,159.155,159.155,159.155,0
2026-05-24 06:15:00+00:00,159.155,159.155,159.155,159.155,0
2026-05-24 06:16:00+00:00,159.155,159.155,159.155,159.155,0
2026-05-24 06:17:00+00:00,159.155,159.155,159.155,159.155,0
2026-05-24 06:18:00+00:00,159.155,159.155,159.155,159.155,0
2026-05-24 06:19:00+00:00,159.155,159.155,159.155,159.155,0
2026-05-24 06:20:00+00:00,159.155,159.155,159.155,159.155,0
2026-05-24 06:21:00+00:00,159.155,159.155,159.155,159.155,0
2026-05-24 06:22:00+00:00,159.155,159.155,159.155,159.155,0
2026-05-24 06:23:00+00:00,159.155,159.155,159.155,159.155,0
2026-05-24 06:24:00+00:00,159.155,159.155,159.155,159.155,0
2026-05-24 06:25:00+00:00,159.155,159.155,159.155,159.155,0
2026-05-24 06:26:00+00:00,159.155,159.155,159.155,159.155,0
2026-05-24 06:27:00+00:00,159.155,159.155,159.155,159.155,0
2026-05-24 06:28:00+00:00,159.155,159.155,159.155,159.155,0
2026-05-24 06:29:00+00:00,159.155,159.155,159.155,159.155,0
2026-05-24 06:30:00+00:00,159.155,159.155,159.155,159.155,0
2026-05-24 06:31:00+00:00,159.155,159.155,159.155,159.155,0
2026-05-24 06:32:00+00:00,159.155,159.155,159.155,159.155,0
2026-05-24 06:33:00+00:00,159.155,159.155,159.155,159.155,0
2026-05-24 06:34:00+00:00,159.155,159.155,159.155,159.155,0
2026-05-24 06:35:00+00:00,159.155,159.155,159.155,159.155,0
2026-05-24 06:36:00+00:00,159.155,159.155,159.155,159.155,0
2026-05-24 06:37:00+00:00,159.155,159.155,159.155,159.155,0
2026-05-24 06:38:00+00:00,159.155,159.155,159.155,159.155,0
2026-05-24 06:39:00+00:00,159.155,159.155,159.155,159.155,0
2026-05-24 06:40:00+00:00,159.155,159.155,159.155,159.155,0
2026-05-24 06:41:00+00:00,159.155,159.155,159.155,159.155,0
2026-05-24 06:42:00+00:00,159.155,159.155,159.155,159.155,0
2026-05-24 06:43:00+00:00,159.155,159.155,159.155,159.155,0
2026-05-24 06:44:00+00:00,159.155,159.155,159.155,159.155,0
2026-05-24 06:45:00+00:00,159.155,159.155,159.155,159.155,0
2026-05-24 06:46:00+00:00,159.155,159.155,159.155,159.155,0
2026-05-24 06:47:00+00:00,159.155,159.155,159.155,159.155,0
2026-05-24 06:48:00+00:00,159.155,159.155,159.155,159.155,0
2026-05-24 06:49:00+00:00,159.155,159.155,159.155,159.155,0
2026-05-24 06:50:00+00:00,159.155,159.155,159.155,159.155,0
2026-05-24 06:51:00+00:00,159.155,159.155,159.155,159.155,0
2026-05-24 06:52:00+00:00,159.155,159.155,159.155,159.155,0
2026-05-24 06:53:00+00:00,159.155,159.155,159.155,159.155,0
2026-05-24 06:54:00+00:00,159.155,159.155,159.155,159.155,0
2026-05-24 06:55:00+00:00,159.155,159.155,159.155,159.155,0
2026-05-24 06:56:00+00:00,159.155,159.155,159.155,159.155,0
2026-05-24 06:57:00+00:00,159.155,159.155,159.155,159.155,0
2026-05-24 06:58:00+00:00,159.155,159.155,159.155,159.155,0
2026-05-24 06:59:00+00:00,159.155,159.155,159.155,159.155,0
2026-05-24 07:00:00+00:00,159.155,159.155,159.155,159.155,0
2026-05-24 07:01:00+00:00,159.155,159.155,159.155,159.155,0
2026-05-24 07:02:00+00:00,159.155,159.155,159.155,159.155,0
2026-05-24 07:03:00+00:00,159.155,159.155,159.155,159.155,0
2026-05-24 07:04:00+00:00,159.155,159.155,159.155,159.155,0
2026-05-24 07:05:00+00:00,159.155,159.155,159.155,159.155,0
2026-05-24 07:06:00+00:00,159.155,159.155,159.155,159.155,0
2026-05-24 07:07:00+00:00,159.155,159.155,159.155,159.155,0
2026-05-24 07:08:00+00:00,159.155,159.155,159.155,159.155,0
2026-05-24 07:09:00+00:00,159.155,159.155,159.155,159.155,0
2026-05-24 07:10:00+00:00,159.155,159.155,159.155,159.155,0
2026-05-24 07:11:00+00:00,159.155,159.155,159.155,159.155,0
2026-05-24 07:12:00+00:00,159.155,159.155,159.155,159.155,0
2026-05-24 07:13:00+00:00,159.155,159.155,159.155,159.155,0
2026-05-24 07:14:00+00:00,159.155,159.155,159.155,159.155,0
2026-05-24 07:15:00+00:00,159.155,159.155,159.155,159.155,0
2026-05-24 07:16:00+00:00,159.155,159.155,159.155,159.155,0
2026-05-24 07:17:00+00:00,159.155,159.155,159.155,159.155,0
2026-05-24 07:18:00+00:00,159.155,159.155,159.155,159.155,0
2026-05-24 07:19:00+00:00,159.155,159.155,159.155,159.155,0
2026-05-24 07:20:00+00:00,159.155,159.155,159.155,159.155,0
2026-05-24 07:21:00+00:00,159.155,159.155,159.155,159.155,0
2026-05-24 07:22:00+00:00,159.155,159.155,159.155,159.155,0
2026-05-24 07:23:00+00:00,159.155,159.155,159.155,159.155,0
2026-05-24 07:24:00+00:00,159.155,159.155,159.155,159.155,0
2026-05-24 07:25:00+00:00,159.155,159.155,159.155,159.155,0
2026-05-24 07:26:00+00:00,159.155,159.155,159.155,159.155,0
2026-05-24 07:27:00+00:00,159.155,159.155,159.155,159.155,0
2026-05-24 07:28:00+00:00,159.155,159.155,159.155,159.155,0
2026-05-24 07:29:00+00:00,159.155,159.155,159.155,159.155,0
2026-05-24 07:30:00+00:00,159.155,159.155,159.155,159.155,0
2026-05-24 07:31:00+00:00,159.155,159.155,159.155,159.155,0
2026-05-24 07:32:00+00:00,159.155,159.155,159.155,159.155,0
2026-05-24 07:33:00+00:00,159.155,159.155,159.155,159.155,0
2026-05-24 07:34:00+00:00,159.155,159.155,159.155,159.155,0
2026-05-24 07:35:00+00:00,159.155,159.155,159.155,159.155,0
2026-05-24 07:36:00+00:00,159.155,159.155,159.155,159.155,0
2026-05-24 07:37:00+00:00,159.155,159.155,159.155,159.155,0
2026-05-24 07:38:00+00:00,159.155,159.155,159.155,159.155,0
2026-05-24 07:39:00+00:00,159.155,159.155,159.155,159.155,0
2026-05-24 07:40:00+00:00,159.155,159.155,159.155,159.155,0
2026-05-24 07:41:00+00:00,159.155,159.155,159.155,159.155,0
2026-05-24 07:42:00+00:00,159.155,159.155,159.155,159.155,0
2026-05-24 07:43:00+00:00,159.155,159.155,159.155,159.155,0
2026-05-24 07:44:00+00:00,159.155,159.155,159.155,159.155,0
2026-05-24 07:45:00+00:00,159.155,159.155,159.155,159.155,0
2026-05-24 07:46:00+00:00,159.155,159.155,159.155,159.155,0
2026-05-24 07:47:00+00:00,159.155,159.155,159.155,159.155,0
2026-05-24 07:48:00+00:00,159.155,159.155,159.155,159.155,0
2026-05-24 07:49:00+00:00,159.155,159.155,159.155,159.155,0
2026-05-24 07:50:00+00:00,159.155,159.155,159.155,159.155,0
2026-05-24 07:51:00+00:00,159.155,159.155,159.155,159.155,0
2026-05-24 07:52:00+00:00,159.155,159.155,159.155,159.155,0
2026-05-24 07:53:00+00:00,159.155,159.155,159.155,159.155,0
2026-05-24 07:54:00+00:00,159.155,159.155,159.155,159.155,0
2026-05-24 07:55:00+00:00,159.155,159.155,159.155,159.155,0
2026-05-24 07:56:00+00:00,159.155,159.155,159.155,159.155,0
2026-05-24 07:57:00+00:00,159.155,159.155,159.155,159.155,0
2026-05-24 07:58:00+00:00,159.155,159.155,159.155,159.155,0
2026-05-24 07:59:00+00:00,159.155,159.155,159.155,159.155,0
2026-05-24 08:00:00+00:00,159.155,159.155,159.155,159.155,0
2026-05-24 08:01:00+00:00,159.155,159.155,159.155,159.155,0
2026-05-24 08:02:00+00:00,159.155,159.155,159.155,159.155,0
2026-05-24 08:03:00+00:00,159.155,159.155,159.155,159.155,0
2026-05-24 08:04:00+00:00,159.155,159.155,159.155,159.155,0
2026-05-24 08:05:00+00:00,159.155,159.155,159.155,159.155,0
2026-05-24 08:06:00+00:00,159.155,159.155,159.155,159.155,0
2026-05-24 08:07:00+00:00,159.155,159.155,159.155,159.155,0
2026-05-24 08:08:00+00:00,159.155,159.155,159.155,159.155,0
2026-05-24 08:09:00+00:00,159.155,159.155,159.155,159.155,0
2026-05-24 08:10:00+00:00,159.155,159.155,159.155,159.155,0
2026-05-24 08:11:00+00:00,159.155,159.155,159.155,159.155,0
2026-05-24 08:12:00+00:00,159.155,159.155,159.155,159.155,0
2026-05-24 08:13:00+00:00,159.155,159.155,159.155,159.155,0
2026-05-24 08:14:00+00:00,159.155,159.155,159.155,159.155,0
2026-05-24 08:15:00+00:00,159.155,159.155,159.155,159.155,0
2026-05-24 08:16:00+00:00,159.155,159.155,159.155,159.155,0
2026-05-24 08:17:00+00:00,159.155,159.155,159.155,159.155,0
2026-05-24 08:18:00+00:00,159.155,159.155,159.155,159.155,0
2026-05-24 08:19:00+00:00,159.155,159.155,159.155,159.155,0
2026-05-24 08:20:00+00:00,159.155,159.155,159.155,159.155,0
2026-05-24 08:21:00+00:00,159.155,159.155,159.155,159.155,0
2026-05-24 08:22:00+00:00,159.155,159.155,159.155,159.155,0
2026-05-24 08:23:00+00:00,159.155,159.155,159.155,159.155,0
2026-05-24 08:24:00+00:00,159.155,159.155,159.155,159.155,0
2026-05-24 08:25:00+00:00,159.155,159.155,159.155,159.155,0
2026-05-24 08:26:00+00:00,159.155,159.155,159.155,159.155,0
2026-05-24 08:27:00+00:00,159.155,159.155,159.155,159.155,0
2026-05-24 08:28:00+00:00,159.155,159.155,159.155,159.155,0
2026-05-24 08:29:00+00:00,159.155,159.155,159.155,159.155,0
2026-05-24 08:30:00+00:00,159.155,159.155,159.155,159.155,0
2026-05-24 08:31:00+00:00,159.155,159.155,159.155,159.155,0
2026-05-24 08:32:00+00:00,159.155,159.155,159.155,159.155,0
2026-05-24 08:33:00+00:00,159.155,159.155,159.155,159.155,0
2026-05-24 08:34:00+00:00,159.155,159.155,159.155,159.155,0
2026-05-24 08:35:00+00:00,159.155,159.155,159.155,159.155,0
2026-05-24 08:36:00+00:00,159.155,159.155,159.155,159.155,0
2026-05-24 08:37:00+00:00,159.155,159.155,159.155,159.155,0
2026-05-24 08:38:00+00:00,159.155,159.155,159.155,159.155,0
2026-05-24 08:39:00+00:00,159.155,159.155,159.155,159.155,0
2026-05-24 08:40:00+00:00,159.155,159.155,159.155,159.155,0
2026-05-24 08:41:00+00:00,159.155,159.155,159.155,159.155,0
2026-05-24 08:42:00+00:00,159.155,159.155,159.155,159.155,0
2026-05-24 08:43:00+00:00,159.155,159.155,159.155,159.155,0
2026-05-24 08:44:00+00:00,159.155,159.155,159.155,159.155,0
2026-05-24 08:45:00+00:00,159.155,159.155,159.155,159.155,0
2026-05-24 08:46:00+00:00,159.155,159.155,159.155,159.155,0
2026-05-24 08:47:00+00:00,159.155,159.155,159.155,159.155,0
2026-05-24 08:48:00+00:00,159.155,159.155,159.155,159.155,0
2026-05-24 08:49:00+00:00,159.155,159.155,159.155,159.155,0
2026-05-24 08:50:00+00:00,159.155,159.155,159.155,159.155,0
2026-05-24 08:51:00+00:00,159.155,159.155,159.155,159.155,0
2026-05-24 08:52:00+00:00,159.155,159.155,159.155,159.155,0
2026-05-24 08:53:00+00:00,159.155,159.155,159.155,159.155,0
2026-05-24 08:54:00+00:00,159.155,159.155,159.155,159.155,0
2026-05-24 08:55:00+00:00,159.155,159.155,159.155,159.155,0
2026-05-24 08:56:00+00:00,159.155,159.155,159.155,159.155,0
2026-05-24 08:57:00+00:00,159.155,159.155,159.155,159.155,0
2026-05-24 08:58:00+00:00,159.155,159.155,159.155,159.155,0
2026-05-24 08:59:00+00:00,159.155,159.155,159.155,159.155,0
2026-05-24 09:00:00+00:00,159.155,159.155,159.155,159.155,0
2026-05-24 09:01:00+00:00,159.155,159.155,159.155,159.155,0
2026-05-24 09:02:00+00:00,159.155,159.155,159.155,159.155,0
2026-05-24 09:03:00+00:00,159.155,159.155,159.155,159.155,0
2026-05-24 09:04:00+00:00,159.155,159.155,159.155,159.155,0
2026-05-24 09:05:00+00:00,159.155,159.155,159.155,159.155,0
2026-05-24 09:06:00+00:00,159.155,159.155,159.155,159.155,0
2026-05-24 09:07:00+00:00,159.155,159.155,159.155,159.155,0
2026-05-24 09:08:00+00:00,159.155,159.155,159.155,159.155,0
2026-05-24 09:09:00+00:00,159.155,159.155,159.155,159.155,0
2026-05-24 09:10:00+00:00,159.155,159.155,159.155,159.155,0
2026-05-24 09:11:00+00:00,159.155,159.155,159.155,159.155,0
2026-05-24 09:12:00+00:00,159.155,159.155,159.155,159.155,0
2026-05-24 09:13:00+00:00,159.155,159.155,159.155,159.155,0
2026-05-24 09:14:00+00:00,159.155,159.155,159.155,159.155,0
2026-05-24 09:15:00+00:00,159.155,159.155,159.155,159.155,0
2026-05-24 09:16:00+00:00,159.155,159.155,159.155,159.155,0
2026-05-24 09:17:00+00:00,159.155,159.155,159.155,159.155,0
2026-05-24 09:18:00+00:00,159.155,159.155,159.155,159.155,0
2026-05-24 09:19:00+00:00,159.155,159.155,159.155,159.155,0
2026-05-24 09:20:00+00:00,159.155,159.155,159.155,159.155,0
2026-05-24 09:21:00+00:00,159.155,159.155,159.155,159.155,0
2026-05-24 09:22:00+00:00,159.155,159.155,159.155,159.155,0
2026-05-24 09:23:00+00:00,159.155,159.155,159.155,159.155,0
2026-05-24 09:24:00+00:00,159.155,159.155,159.155,159.155,0
2026-05-24 09:25:00+00:00,159.155,159.155,159.155,159.155,0
2026-05-24 09:26:00+00:00,159.155,159.155,159.155,159.155,0
2026-05-24 09:27:00+00:00,159.155,159.155,159.155,159.155,0
2026-05-24 09:28:00+00:00,159.155,159.155,159.155,159.155,0
2026-05-24 09:29:00+00:00,159.155,159.155,159.155,159.155,0
2026-05-24 09:30:00+00:00,159.155,159.155,159.155,159.155,0
2026-05-24 09:31:00+00:00,159.155,159.155,159.155,159.155,0
2026-05-24 09:32:00+00:00,159.155,159.155,159.155,159.155,0
2026-05-24 09:33:00+00:00,159.155,159.155,159.155,159.155,0
2026-05-24 09:34:00+00:00,159.155,159.155,159.155,159.155,0
2026-05-24 09:35:00+00:00,159.155,159.155,159.155,159.155,0
2026-05-24 09:36:00+00:00,159.155,159.155,159.155,159.155,0
2026-05-24 09:37:00+00:00,159.155,159.155,159.155,159.155,0
2026-05-24 09:38:00+00:00,159.155,159.155,159.155,159.155,0
2026-05-24 09:39:00+00:00,159.155,159.155,159.155,159.155,0
2026-05-24 09:40:00+00:00,159.155,159.155,159.155,159.155,0
2026-05-24 09:41:00+00:00,159.155,159.155,159.155,159.155,0
2026-05-24 09:42:00+00:00,159.155,159.155,159.155,159.155,0
2026-05-24 09:43:00+00:00,159.155,159.155,159.155,159.155,0
2026-05-24 09:44:00+00:00,159.155,159.155,159.155,159.155,0
2026-05-24 09:45:00+00:00,159.155,159.155,159.155,159.155,0
2026-05-24 09:46:00+00:00,159.155,159.155,159.155,159.155,0
2026-05-24 09:47:00+00:00,159.155,159.155,159.155,159.155,0
2026-05-24 09:48:00+00:00,159.155,159.155,159.155,159.155,0
2026-05-24 09:49:00+00:00,159.155,159.155,159.155,159.155,0
2026-05-24 09:50:00+00:00,159.155,159.155,159.155,159.155,0
2026-05-24 09:51:00+00:00,159.155,159.155,159.155,159.155,0
2026-05-24 09:52:00+00:00,159.155,159.155,159.155,159.155,0
2026-05-24 09:53:00+00:00,159.155,159.155,159.155,159.155,0
2026-05-24 09:54:00+00:00,159.155,159.155,159.155,159.155,0
2026-05-24 09:55:00+00:00,159.155,159.155,159.155,159.155,0
2026-05-24 09:56:00+00:00,159.155,159.155,159.155,159.155,0
2026-05-24 09:57:00+00:00,159.155,159.155,159.155,159.155,0
2026-05-24 09:58:00+00:00,159.155,159.155,159.155,159.155,0
2026-05-24 09:59:00+00:00,159.155,159.155,159.155,159.155,0
2026-05-24 10:00:00+00:00,159.155,159.155,159.155,159.155,0
2026-05-24 10:01:00+00:00,159.155,159.155,159.155,159.155,0
2026-05-24 10:02:00+00:00,159.155,159.155,159.155,159.155,0
2026-05-24 10:03:00+00:00,159.155,159.155,159.155,159.155,0
2026-05-24 10:04:00+00:00,159.155,159.155,159.155,159.155,0
2026-05-24 10:05:00+00:00,159.155,159.155,159.155,159.155,0
2026-05-24 10:06:00+00:00,159.155,159.155,159.155,159.155,0
2026-05-24 10:07:00+00:00,159.155,159.155,159.155,159.155,0
2026-05-24 10:08:00+00:00,159.155,159.155,159.155,159.155,0
2026-05-24 10:09:00+00:00,159.155,159.155,159.155,159.155,0
2026-05-24 10:10:00+00:00,159.155,159.155,159.155,159.155,0
2026-05-24 10:11:00+00:00,159.155,159.155,159.155,159.155,0
2026-05-24 10:12:00+00:00,159.155,159.155,159.155,159.155,0
2026-05-24 10:13:00+00:00,159.155,159.155,159.155,159.155,0
2026-05-24 10:14:00+00:00,159.155,159.155,159.155,159.155,0
2026-05-24 10:15:00+00:00,159.155,159.155,159.155,159.155,0
2026-05-24 10:16:00+00:00,159.155,159.155,159.155,159.155,0
2026-05-24 10:17:00+00:00,159.155,159.155,159.155,159.155,0
2026-05-24 10:18:00+00:00,159.155,159.155,159.155,159.155,0
2026-05-24 10:19:00+00:00,159.155,159.155,159.155,159.155,0
2026-05-24 10:20:00+00:00,159.155,159.155,159.155,159.155,0
2026-05-24 10:21:00+00:00,159.155,159.155,159.155,159.155,0
2026-05-24 10:22:00+00:00,159.155,159.155,159.155,159.155,0
2026-05-24 10:23:00+00:00,159.155,159.155,159.155,159.155,0
2026-05-24 10:24:00+00:00,159.155,159.155,159.155,159.155,0
2026-05-24 10:25:00+00:00,159.155,159.155,159.155,159.155,0
2026-05-24 10:26:00+00:00,159.155,159.155,159.155,159.155,0
2026-05-24 10:27:00+00:00,159.155,159.155,159.155,159.155,0
2026-05-24 10:28:00+00:00,159.155,159.155,159.155,159.155,0
2026-05-24 10:29:00+00:00,159.155,159.155,159.155,159.155,0
2026-05-24 10:30:00+00:00,159.155,159.155,159.155,159.155,0
2026-05-24 10:31:00+00:00,159.155,159.155,159.155,159.155,0
2026-05-24 10:32:00+00:00,159.155,159.155,159.155,159.155,0
2026-05-24 10:33:00+00:00,159.155,159.155,159.155,159.155,0
2026-05-24 10:34:00+00:00,159.155,159.155,159.155,159.155,0
2026-05-24 10:35:00+00:00,159.155,159.155,159.155,159.155,0
2026-05-24 10:36:00+00:00,159.155,159.155,159.155,159.155,0
2026-05-24 10:37:00+00:00,159.155,159.155,159.155,159.155,0
2026-05-24 10:38:00+00:00,159.155,159.155,159.155,159.155,0
2026-05-24 10:39:00+00:00,159.155,159.155,159.155,159.155,0
2026-05-24 10:40:00+00:00,159.155,159.155,159.155,159.155,0
2026-05-24 10:41:00+00:00,159.155,159.155,159.155,159.155,0
2026-05-24 10:42:00+00:00,159.155,159.155,159.155,159.155,0
2026-05-24 10:43:00+00:00,159.155,159.155,159.155,159.155,0
2026-05-24 10:44:00+00:00,159.155,159.155,159.155,159.155,0
2026-05-24 10:45:00+00:00,159.155,159.155,159.155,159.155,0
2026-05-24 10:46:00+00:00,159.155,159.155,159.155,159.155,0
2026-05-24 10:47:00+00:00,159.155,159.155,159.155,159.155,0
2026-05-24 10:48:00+00:00,159.155,159.155,159.155,159.155,0
2026-05-24 10:49:00+00:00,159.155,159.155,159.155,159.155,0
2026-05-24 10:50:00+00:00,159.155,159.155,159.155,159.155,0
2026-05-24 10:51:00+00:00,159.155,159.155,159.155,159.155,0
2026-05-24 10:52:00+00:00,159.155,159.155,159.155,159.155,0
2026-05-24 10:53:00+00:00,159.155,159.155,159.155,159.155,0
2026-05-24 10:54:00+00:00,159.155,159.155,159.155,159.155,0
2026-05-24 10:55:00+00:00,159.155,159.155,159.155,159.155,0
2026-05-24 10:56:00+00:00,159.155,159.155,159.155,159.155,0
2026-05-24 10:57:00+00:00,159.155,159.155,159.155,159.155,0
2026-05-24 10:58:00+00:00,159.155,159.155,159.155,159.155,0
2026-05-24 10:59:00+00:00,159.155,159.155,159.155,159.155,0
2026-05-24 11:00:00+00:00,159.155,159.155,159.155,159.155,0
2026-05-24 11:01:00+00:00,159.155,159.155,159.155,159.155,0
2026-05-24 11:02:00+00:00,159.155,159.155,159.155,159.155,0
2026-05-24 11:03:00+00:00,159.155,159.155,159.155,159.155,0
2026-05-24 11:04:00+00:00,159.155,159.155,159.155,159.155,0
2026-05-24 11:05:00+00:00,159.155,159.155,159.155,159.155,0
2026-05-24 11:06:00+00:00,159.155,159.155,159.155,159.155,0
2026-05-24 11:07:00+00:00,159.155,159.155,159.155,159.155,0
2026-05-24 11:08:00+00:00,159.155,159.155,159.155,159.155,0
2026-05-24 11:09:00+00:00,159.155,159.155,159.155,159.155,0
2026-05-24 11:10:00+00:00,159.155,159.155,159.155,159.155,0
2026-05-24 11:11:00+00:00,159.155,159.155,159.155,159.155,0
2026-05-24 11:12:00+00:00,159.155,159.155,159.155,159.155,0
2026-05-24 11:13:00+00:00,159.155,159.155,159.155,159.155,0
2026-05-24 11:14:00+00:00,159.155,159.155,159.155,159.155,0
2026-05-24 11:15:00+00:00,159.155,159.155,159.155,159.155,0
2026-05-24 11:16:00+00:00,159.155,159.155,159.155,159.155,0
2026-05-24 11:17:00+00:00,159.155,159.155,159.155,159.155,0
2026-05-24 11:18:00+00:00,159.155,159.155,159.155,159.155,0
2026-05-24 11:19:00+00:00,159.155,159.155,159.155,159.155,0
2026-05-24 11:20:00+00:00,159.155,159.155,159.155,159.155,0
2026-05-24 11:21:00+00:00,159.155,159.155,159.155,159.155,0
2026-05-24 11:22:00+00:00,159.155,159.155,159.155,159.155,0
2026-05-24 11:23:00+00:00,159.155,159.155,159.155,159.155,0
2026-05-24 11:24:00+00:00,159.155,159.155,159.155,159.155,0
2026-05-24 11:25:00+00:00,159.155,159.155,159.155,159.155,0
2026-05-24 11:26:00+00:00,159.155,159.155,159.155,159.155,0
2026-05-24 11:27:00+00:00,159.155,159.155,159.155,159.155,0
2026-05-24 11:28:00+00:00,159.155,159.155,159.155,159.155,0
2026-05-24 11:29:00+00:00,159.155,159.155,159.155,159.155,0
2026-05-24 11:30:00+00:00,159.155,159.155,159.155,159.155,0
2026-05-24 11:31:00+00:00,159.155,159.155,159.155,159.155,0
2026-05-24 11:32:00+00:00,159.155,159.155,159.155,159.155,0
2026-05-24 11:33:00+00:00,159.155,159.155,159.155,159.155,0
2026-05-24 11:34:00+00:00,159.155,159.155,159.155,159.155,0
2026-05-24 11:35:00+00:00,159.155,159.155,159.155,159.155,0
2026-05-24 11:36:00+00:00,159.155,159.155,159.155,159.155,0
2026-05-24 11:37:00+00:00,159.155,159.155,159.155,159.155,0
2026-05-24 11:38:00+00:00,159.155,159.155,159.155,159.155,0
2026-05-24 11:39:00+00:00,159.155,159.155,159.155,159.155,0
2026-05-24 11:40:00+00:00,159.155,159.155,159.155,159.155,0
2026-05-24 11:41:00+00:00,159.155,159.155,159.155,159.155,0
2026-05-24 11:42:00+00:00,159.155,159.155,159.155,159.155,0
2026-05-24 11:43:00+00:00,159.155,159.155,159.155,159.155,0
2026-05-24 11:44:00+00:00,159.155,159.155,159.155,159.155,0
2026-05-24 11:45:00+00:00,159.155,159.155,159.155,159.155,0
2026-05-24 11:46:00+00:00,159.155,159.155,159.155,159.155,0
2026-05-24 11:47:00+00:00,159.155,159.155,159.155,159.155,0
2026-05-24 11:48:00+00:00,159.155,159.155,159.155,159.155,0
2026-05-24 11:49:00+00:00,159.155,159.155,159.155,159.155,0
2026-05-24 11:50:00+00:00,159.155,159.155,159.155,159.155,0
2026-05-24 11:51:00+00:00,159.155,159.155,159.155,159.155,0
2026-05-24 11:52:00+00:00,159.155,159.155,159.155,159.155,0
2026-05-24 11:53:00+00:00,159.155,159.155,159.155,159.155,0
2026-05-24 11:54:00+00:00,159.155,159.155,159.155,159.155,0
2026-05-24 11:55:00+00:00,159.155,159.155,159.155,159.155,0
2026-05-24 11:56:00+00:00,159.155,159.155,159.155,159.155,0
2026-05-24 11:57:00+00:00,159.155,159.155,159.155,159.155,0
2026-05-24 11:58:00+00:00,159.155,159.155,159.155,159.155,0
2026-05-24 11:59:00+00:00,159.155,159.155,159.155,159.155,0
2026-05-24 12:00:00+00:00,159.155,159.155,159.155,159.155,0
2026-05-24 12:01:00+00:00,159.155,159.155,159.155,159.155,0
2026-05-24 12:02:00+00:00,159.155,159.155,159.155,159.155,0
2026-05-24 12:03:00+00:00,159.155,159.155,159.155,159.155,0
2026-05-24 12:04:00+00:00,159.155,159.155,159.155,159.155,0
2026-05-24 12:05:00+00:00,159.155,159.155,159.155,159.155,0
2026-05-24 12:06:00+00:00,159.155,159.155,159.155,159.155,0
2026-05-24 12:07:00+00:00,159.155,159.155,159.155,159.155,0
2026-05-24 12:08:00+00:00,159.155,159.155,159.155,159.155,0
2026-05-24 12:09:00+00:00,159.155,159.155,159.155,159.155,0
2026-05-24 12:10:00+00:00,159.155,159.155,159.155,159.155,0
2026-05-24 12:11:00+00:00,159.155,159.155,159.155,159.155,0
2026-05-24 12:12:00+00:00,159.155,159.155,159.155,159.155,0
2026-05-24 12:13:00+00:00,159.155,159.155,159.155,159.155,0
2026-05-24 12:14:00+00:00,159.155,159.155,159.155,159.155,0
2026-05-24 12:15:00+00:00,159.155,159.155,159.155,159.155,0
2026-05-24 12:16:00+00:00,159.155,159.155,159.155,159.155,0
2026-05-24 12:17:00+00:00,159.155,159.155,159.155,159.155,0
2026-05-24 12:18:00+00:00,159.155,159.155,159.155,159.155,0
2026-05-24 12:19:00+00:00,159.155,159.155,159.155,159.155,0
2026-05-24 12:20:00+00:00,159.155,159.155,159.155,159.155,0
2026-05-24 12:21:00+00:00,159.155,159.155,159.155,159.155,0
2026-05-24 12:22:00+00:00,159.155,159.155,159.155,159.155,0
2026-05-24 12:23:00+00:00,159.155,159.155,159.155,159.155,0
2026-05-24 12:24:00+00:00,159.155,159.155,159.155,159.155,0
2026-05-24 12:25:00+00:00,159.155,159.155,159.155,159.155,0
2026-05-24 12:26:00+00:00,159.155,159.155,159.155,159.155,0
2026-05-24 12:27:00+00:00,159.155,159.155,159.155,159.155,0
2026-05-24 12:28:00+00:00,159.155,159.155,159.155,159.155,0
2026-05-24 12:29:00+00:00,159.155,159.155,159.155,159.155,0
2026-05-24 12:30:00+00:00,159.155,159.155,159.155,159.155,0
2026-05-24 12:31:00+00:00,159.155,159.155,159.155,159.155,0
2026-05-24 12:32:00+00:00,159.155,159.155,159.155,159.155,0
2026-05-24 12:33:00+00:00,159.155,159.155,159.155,159.155,0
2026-05-24 12:34:00+00:00,159.155,159.155,159.155,159.155,0
2026-05-24 12:35:00+00:00,159.155,159.155,159.155,159.155,0
2026-05-24 12:36:00+00:00,159.155,159.155,159.155,159.155,0
2026-05-24 12:37:00+00:00,159.155,159.155,159.155,159.155,0
2026-05-24 12:38:00+00:00,159.155,159.155,159.155,159.155,0
2026-05-24 12:39:00+00:00,159.155,159.155,159.155,159.155,0
2026-05-24 12:40:00+00:00,159.155,159.155,159.155,159.155,0
2026-05-24 12:41:00+00:00,159.155,159.155,159.155,159.155,0
2026-05-24 12:42:00+00:00,159.155,159.155,159.155,159.155,0
2026-05-24 12:43:00+00:00,159.155,159.155,159.155,159.155,0
2026-05-24 12:44:00+00:00,159.155,159.155,159.155,159.155,0
2026-05-24 12:45:00+00:00,159.155,159.155,159.155,159.155,0
2026-05-24 12:46:00+00:00,159.155,159.155,159.155,159.155,0
2026-05-24 12:47:00+00:00,159.155,159.155,159.155,159.155,0
2026-05-24 12:48:00+00:00,159.155,159.155,159.155,159.155,0
2026-05-24 12:49:00+00:00,159.155,159.155,159.155,159.155,0
2026-05-24 12:50:00+00:00,159.155,159.155,159.155,159.155,0
2026-05-24 12:51:00+00:00,159.155,159.155,159.155,159.155,0
2026-05-24 12:52:00+00:00,159.155,159.155,159.155,159.155,0
2026-05-24 12:53:00+00:00,159.155,159.155,159.155,159.155,0
2026-05-24 12:54:00+00:00,159.155,159.155,159.155,159.155,0
2026-05-24 12:55:00+00:00,159.155,159.155,159.155,159.155,0
2026-05-24 12:56:00+00:00,159.155,159.155,159.155,159.155,0
2026-05-24 12:57:00+00:00,159.155,159.155,159.155,159.155,0
2026-05-24 12:58:00+00:00,159.155,159.155,159.155,159.155,0
2026-05-24 12:59:00+00:00,159.155,159.155,159.155,159.155,0
2026-05-24 13:00:00+00:00,159.155,159.155,159.155,159.155,0
2026-05-24 13:01:00+00:00,159.155,159.155,159.155,159.155,0
2026-05-24 13:02:00+00:00,159.155,159.155,159.155,159.155,0
2026-05-24 13:03:00+00:00,159.155,159.155,159.155,159.155,0
2026-05-24 13:04:00+00:00,159.155,159.155,159.155,159.155,0
2026-05-24 13:05:00+00:00,159.155,159.155,159.155,159.155,0
2026-05-24 13:06:00+00:00,159.155,159.155,159.155,159.155,0
2026-05-24 13:07:00+00:00,159.155,159.155,159.155,159.155,0
2026-05-24 13:08:00+00:00,159.155,159.155,159.155,159.155,0
2026-05-24 13:09:00+00:00,159.155,159.155,159.155,159.155,0
2026-05-24 13:10:00+00:00,159.155,159.155,159.155,159.155,0
2026-05-24 13:11:00+00:00,159.155,159.155,159.155,159.155,0
2026-05-24 13:12:00+00:00,159.155,159.155,159.155,159.155,0
2026-05-24 13:13:00+00:00,159.155,159.155,159.155,159.155,0
2026-05-24 13:14:00+00:00,159.155,159.155,159.155,159.155,0
2026-05-24 13:15:00+00:00,159.155,159.155,159.155,159.155,0
2026-05-24 13:16:00+00:00,159.155,159.155,159.155,159.155,0
2026-05-24 13:17:00+00:00,159.155,159.155,159.155,159.155,0
2026-05-24 13:18:00+00:00,159.155,159.155,159.155,159.155,0
2026-05-24 13:19:00+00:00,159.155,159.155,159.155,159.155,0
2026-05-24 13:20:00+00:00,159.155,159.155,159.155,159.155,0
2026-05-24 13:21:00+00:00,159.155,159.155,159.155,159.155,0
2026-05-24 13:22:00+00:00,159.155,159.155,159.155,159.155,0
2026-05-24 13:23:00+00:00,159.155,159.155,159.155,159.155,0
2026-05-24 13:24:00+00:00,159.155,159.155,159.155,159.155,0
2026-05-24 13:25:00+00:00,159.155,159.155,159.155,159.155,0
2026-05-24 13:26:00+00:00,159.155,159.155,159.155,159.155,0
2026-05-24 13:27:00+00:00,159.155,159.155,159.155,159.155,0
2026-05-24 13:28:00+00:00,159.155,159.155,159.155,159.155,0
2026-05-24 13:29:00+00:00,159.155,159.155,159.155,159.155,0
2026-05-24 13:30:00+00:00,159.155,159.155,159.155,159.155,0
2026-05-24 13:31:00+00:00,159.155,159.155,159.155,159.155,0
2026-05-24 13:32:00+00:00,159.155,159.155,159.155,159.155,0
2026-05-24 13:33:00+00:00,159.155,159.155,159.155,159.155,0
2026-05-24 13:34:00+00:00,159.155,159.155,159.155,159.155,0
2026-05-24 13:35:00+00:00,159.155,159.155,159.155,159.155,0
2026-05-24 13:36:00+00:00,159.155,159.155,159.155,159.155,0
2026-05-24 13:37:00+00:00,159.155,159.155,159.155,159.155,0
2026-05-24 13:38:00+00:00,159.155,159.155,159.155,159.155,0
2026-05-24 13:39:00+00:00,159.155,159.155,159.155,159.155,0
2026-05-24 13:40:00+00:00,159.155,159.155,159.155,159.155,0
2026-05-24 13:41:00+00:00,159.155,159.155,159.155,159.155,0
2026-05-24 13:42:00+00:00,159.155,159.155,159.155,159.155,0
2026-05-24 13:43:00+00:00,159.155,159.155,159.155,159.155,0
2026-05-24 13:44:00+00:00,159.155,159.155,159.155,159.155,0
2026-05-24 13:45:00+00:00,159.155,159.155,159.155,159.155,0
2026-05-24 13:46:00+00:00,159.155,159.155,159.155,159.155,0
2026-05-24 13:47:00+00:00,159.155,159.155,159.155,159.155,0
2026-05-24 13:48:00+00:00,159.155,159.155,159.155,159.155,0
2026-05-24 13:49:00+00:00,159.155,159.155,159.155,159.155,0
2026-05-24 13:50:00+00:00,159.155,159.155,159.155,159.155,0
2026-05-24 13:51:00+00:00,159.155,159.155,159.155,159.155,0
2026-05-24 13:52:00+00:00,159.155,159.155,159.155,159.155,0
2026-05-24 13:53:00+00:00,159.155,159.155,159.155,159.155,0
2026-05-24 13:54:00+00:00,159.155,159.155,159.155,159.155,0
2026-05-24 13:55:00+00:00,159.155,159.155,159.155,159.155,0
2026-05-24 13:56:00+00:00,159.155,159.155,159.155,159.155,0
2026-05-24 13:57:00+00:00,159.155,159.155,159.155,159.155,0
2026-05-24 13:58:00+00:00,159.155,159.155,159.155,159.155,0
2026-05-24 13:59:00+00:00,159.155,159.155,159.155,159.155,0
2026-05-24 14:00:00+00:00,159.155,159.155,159.155,159.155,0
2026-05-24 14:01:00+00:00,159.155,159.155,159.155,159.155,0
2026-05-24 14:02:00+00:00,159.155,159.155,159.155,159.155,0
2026-05-24 14:03:00+00:00,159.155,159.155,159.155,159.155,0
2026-05-24 14:04:00+00:00,159.155,159.155,159.155,159.155,0
2026-05-24 14:05:00+00:00,159.155,159.155,159.155,159.155,0
2026-05-24 14:06:00+00:00,159.155,159.155,159.155,159.155,0
2026-05-24 14:07:00+00:00,159.155,159.155,159.155,159.155,0
2026-05-24 14:08:00+00:00,159.155,159.155,159.155,159.155,0
2026-05-24 14:09:00+00:00,159.155,159.155,159.155,159.155,0
2026-05-24 14:10:00+00:00,159.155,159.155,159.155,159.155,0
2026-05-24 14:11:00+00:00,159.155,159.155,159.155,159.155,0
2026-05-24 14:12:00+00:00,159.155,159.155,159.155,159.155,0
2026-05-24 14:13:00+00:00,159.155,159.155,159.155,159.155,0
2026-05-24 14:14:00+00:00,159.155,159.155,159.155,159.155,0
2026-05-24 14:15:00+00:00,159.155,159.155,159.155,159.155,0
2026-05-24 14:16:00+00:00,159.155,159.155,159.155,159.155,0
2026-05-24 14:17:00+00:00,159.155,159.155,159.155,159.155,0
2026-05-24 14:18:00+00:00,159.155,159.155,159.155,159.155,0
2026-05-24 14:19:00+00:00,159.155,159.155,159.155,159.155,0
2026-05-24 14:20:00+00:00,159.155,159.155,159.155,159.155,0
2026-05-24 14:21:00+00:00,159.155,159.155,159.155,159.155,0
2026-05-24 14:22:00+00:00,159.155,159.155,159.155,159.155,0
2026-05-24 14:23:00+00:00,159.155,159.155,159.155,159.155,0
2026-05-24 14:24:00+00:00,159.155,159.155,159.155,159.155,0
2026-05-24 14:25:00+00:00,159.155,159.155,159.155,159.155,0
2026-05-24 14:26:00+00:00,159.155,159.155,159.155,159.155,0
2026-05-24 14:27:00+00:00,159.155,159.155,159.155,159.155,0
2026-05-24 14:28:00+00:00,159.155,159.155,159.155,159.155,0
2026-05-24 14:29:00+00:00,159.155,159.155,159.155,159.155,0
2026-05-24 14:30:00+00:00,159.155,159.155,159.155,159.155,0
2026-05-24 14:31:00+00:00,159.155,159.155,159.155,159.155,0
2026-05-24 14:32:00+00:00,159.155,159.155,159.155,159.155,0
2026-05-24 14:33:00+00:00,159.155,159.155,159.155,159.155,0
2026-05-24 14:34:00+00:00,159.155,159.155,159.155,159.155,0
2026-05-24 14:35:00+00:00,159.155,159.155,159.155,159.155,0
2026-05-24 14:36:00+00:00,159.155,159.155,159.155,159.155,0
2026-05-24 14:37:00+00:00,159.155,159.155,159.155,159.155,0
2026-05-24 14:38:00+00:00,159.155,159.155,159.155,159.155,0
2026-05-24 14:39:00+00:00,159.155,159.155,159.155,159.155,0
2026-05-24 14:40:00+00:00,159.155,159.155,159.155,159.155,0
2026-05-24 14:41:00+00:00,159.155,159.155,159.155,159.155,0
2026-05-24 14:42:00+00:00,159.155,159.155,159.155,159.155,0
2026-05-24 14:43:00+00:00,159.155,159.155,159.155,159.155,0
2026-05-24 14:44:00+00:00,159.155,159.155,159.155,159.155,0
2026-05-24 14:45:00+00:00,159.155,159.155,159.155,159.155,0
2026-05-24 14:46:00+00:00,159.155,159.155,159.155,159.155,0
2026-05-24 14:47:00+00:00,159.155,159.155,159.155,159.155,0
2026-05-24 14:48:00+00:00,159.155,159.155,159.155,159.155,0
2026-05-24 14:49:00+00:00,159.155,159.155,159.155,159.155,0
2026-05-24 14:50:00+00:00,159.155,159.155,159.155,159.155,0
2026-05-24 14:51:00+00:00,159.155,159.155,159.155,159.155,0
2026-05-24 14:52:00+00:00,159.155,159.155,159.155,159.155,0
2026-05-24 14:53:00+00:00,159.155,159.155,159.155,159.155,0
2026-05-24 14:54:00+00:00,159.155,159.155,159.155,159.155,0
2026-05-24 14:55:00+00:00,159.155,159.155,159.155,159.155,0
2026-05-24 14:56:00+00:00,159.155,159.155,159.155,159.155,0
2026-05-24 14:57:00+00:00,159.155,159.155,159.155,159.155,0
2026-05-24 14:58:00+00:00,159.155,159.155,159.155,159.155,0
2026-05-24 14:59:00+00:00,159.155,159.155,159.155,159.155,0
2026-05-24 15:00:00+00:00,159.155,159.155,159.155,159.155,0
2026-05-24 15:01:00+00:00,159.155,159.155,159.155,159.155,0
2026-05-24 15:02:00+00:00,159.155,159.155,159.155,159.155,0
2026-05-24 15:03:00+00:00,159.155,159.155,159.155,159.155,0
2026-05-24 15:04:00+00:00,159.155,159.155,159.155,159.155,0
2026-05-24 15:05:00+00:00,159.155,159.155,159.155,159.155,0
2026-05-24 15:06:00+00:00,159.155,159.155,159.155,159.155,0
2026-05-24 15:07:00+00:00,159.155,159.155,159.155,159.155,0
2026-05-24 15:08:00+00:00,159.155,159.155,159.155,159.155,0
2026-05-24 15:09:00+00:00,159.155,159.155,159.155,159.155,0
2026-05-24 15:10:00+00:00,159.155,159.155,159.155,159.155,0
2026-05-24 15:11:00+00:00,159.155,159.155,159.155,159.155,0
2026-05-24 15:12:00+00:00,159.155,159.155,159.155,159.155,0
2026-05-24 15:13:00+00:00,159.155,159.155,159.155,159.155,0
2026-05-24 15:14:00+00:00,159.155,159.155,159.155,159.155,0
2026-05-24 15:15:00+00:00,159.155,159.155,159.155,159.155,0
2026-05-24 15:16:00+00:00,159.155,159.155,159.155,159.155,0
2026-05-24 15:17:00+00:00,159.155,159.155,159.155,159.155,0
2026-05-24 15:18:00+00:00,159.155,159.155,159.155,159.155,0
2026-05-24 15:19:00+00:00,159.155,159.155,159.155,159.155,0
2026-05-24 15:20:00+00:00,159.155,159.155,159.155,159.155,0
2026-05-24 15:21:00+00:00,159.155,159.155,159.155,159.155,0
2026-05-24 15:22:00+00:00,159.155,159.155,159.155,159.155,0
2026-05-24 15:23:00+00:00,159.155,159.155,159.155,159.155,0
2026-05-24 15:24:00+00:00,159.155,159.155,159.155,159.155,0
2026-05-24 15:25:00+00:00,159.155,159.155,159.155,159.155,0
2026-05-24 15:26:00+00:00,159.155,159.155,159.155,159.155,0
2026-05-24 15:27:00+00:00,159.155,159.155,159.155,159.155,0
2026-05-24 15:28:00+00:00,159.155,159.155,159.155,159.155,0
2026-05-24 15:29:00+00:00,159.155,159.155,159.155,159.155,0
2026-05-24 15:30:00+00:00,159.155,159.155,159.155,159.155,0
2026-05-24 15:31:00+00:00,159.155,159.155,159.155,159.155,0
2026-05-24 15:32:00+00:00,159.155,159.155,159.155,159.155,0
2026-05-24 15:33:00+00:00,159.155,159.155,159.155,159.155,0
2026-05-24 15:34:00+00:00,159.155,159.155,159.155,159.155,0
2026-05-24 15:35:00+00:00,159.155,159.155,159.155,159.155,0
2026-05-24 15:36:00+00:00,159.155,159.155,159.155,159.155,0
2026-05-24 15:37:00+00:00,159.155,159.155,159.155,159.155,0
2026-05-24 15:38:00+00:00,159.155,159.155,159.155,159.155,0
2026-05-24 15:39:00+00:00,159.155,159.155,159.155,159.155,0
2026-05-24 15:40:00+00:00,159.155,159.155,159.155,159.155,0
2026-05-24 15:41:00+00:00,159.155,159.155,159.155,159.155,0
2026-05-24 15:42:00+00:00,159.155,159.155,159.155,159.155,0
2026-05-24 15:43:00+00:00,159.155,159.155,159.155,159.155,0
2026-05-24 15:44:00+00:00,159.155,159.155,159.155,159.155,0
2026-05-24 15:45:00+00:00,159.155,159.155,159.155,159.155,0
2026-05-24 15:46:00+00:00,159.155,159.155,159.155,159.155,0
2026-05-24 15:47:00+00:00,159.155,159.155,159.155,159.155,0
2026-05-24 15:48:00+00:00,159.155,159.155,159.155,159.155,0
2026-05-24 15:49:00+00:00,159.155,159.155,159.155,159.155,0
2026-05-24 15:50:00+00:00,159.155,159.155,159.155,159.155,0
2026-05-24 15:51:00+00:00,159.155,159.155,159.155,159.155,0
2026-05-24 15:52:00+00:00,159.155,159.155,159.155,159.155,0
2026-05-24 15:53:00+00:00,159.155,159.155,159.155,159.155,0
2026-05-24 15:54:00+00:00,159.155,159.155,159.155,159.155,0
2026-05-24 15:55:00+00:00,159.155,159.155,159.155,159.155,0
2026-05-24 15:56:00+00:00,159.155,159.155,159.155,159.155,0
2026-05-24 15:57:00+00:00,159.155,159.155,159.155,159.155,0
2026-05-24 15:58:00+00:00,159.155,159.155,159.155,159.155,0
2026-05-24 15:59:00+00:00,159.155,159.155,159.155,159.155,0
2026-05-24 16:00:00+00:00,159.155,159.155,159.155,159.155,0
2026-05-24 16:01:00+00:00,159.155,159.155,159.155,159.155,0
2026-05-24 16:02:00+00:00,159.155,159.155,159.155,159.155,0
2026-05-24 16:03:00+00:00,159.155,159.155,159.155,159.155,0
2026-05-24 16:04:00+00:00,159.155,159.155,159.155,159.155,0
2026-05-24 16:05:00+00:00,159.155,159.155,159.155,159.155,0
2026-05-24 16:06:00+00:00,159.155,159.155,159.155,159.155,0
2026-05-24 16:07:00+00:00,159.155,159.155,159.155,159.155,0
2026-05-24 16:08:00+00:00,159.155,159.155,159.155,159.155,0
2026-05-24 16:09:00+00:00,159.155,159.155,159.155,159.155,0
2026-05-24 16:10:00+00:00,159.155,159.155,159.155,159.155,0
2026-05-24 16:11:00+00:00,159.155,159.155,159.155,159.155,0
2026-05-24 16:12:00+00:00,159.155,159.155,159.155,159.155,0
2026-05-24 16:13:00+00:00,159.155,159.155,159.155,159.155,0
2026-05-24 16:14:00+00:00,159.155,159.155,159.155,159.155,0
2026-05-24 16:15:00+00:00,159.155,159.155,159.155,159.155,0
2026-05-24 16:16:00+00:00,159.155,159.155,159.155,159.155,0
2026-05-24 16:17:00+00:00,159.155,159.155,159.155,159.155,0
2026-05-24 16:18:00+00:00,159.155,159.155,159.155,159.155,0
2026-05-24 16:19:00+00:00,159.155,159.155,159.155,159.155,0
2026-05-24 16:20:00+00:00,159.155,159.155,159.155,159.155,0
2026-05-24 16:21:00+00:00,159.155,159.155,159.155,159.155,0
2026-05-24 16:22:00+00:00,159.155,159.155,159.155,159.155,0
2026-05-24 16:23:00+00:00,159.155,159.155,159.155,159.155,0
2026-05-24 16:24:00+00:00,159.155,159.155,159.155,159.155,0
2026-05-24 16:25:00+00:00,159.155,159.155,159.155,159.155,0
2026-05-24 16:26:00+00:00,159.155,159.155,159.155,159.155,0
2026-05-24 16:27:00+00:00,159.155,159.155,159.155,159.155,0
2026-05-24 16:28:00+00:00,159.155,159.155,159.155,159.155,0
2026-05-24 16:29:00+00:00,159.155,159.155,159.155,159.155,0
2026-05-24 16:30:00+00:00,159.155,159.155,159.155,159.155,0
2026-05-24 16:31:00+00:00,159.155,159.155,159.155,159.155,0
2026-05-24 16:32:00+00:00,159.155,159.155,159.155,159.155,0
2026-05-24 16:33:00+00:00,159.155,159.155,159.155,159.155,0
2026-05-24 16:34:00+00:00,159.155,159.155,159.155,159.155,0
2026-05-24 16:35:00+00:00,159.155,159.155,159.155,159.155,0
2026-05-24 16:36:00+00:00,159.155,159.155,159.155,159.155,0
2026-05-24 16:37:00+00:00,159.155,159.155,159.155,159.155,0
2026-05-24 16:38:00+00:00,159.155,159.155,159.155,159.155,0
2026-05-24 16:39:00+00:00,159.155,159.155,159.155,159.155,0
2026-05-24 16:40:00+00:00,159.155,159.155,159.155,159.155,0
2026-05-24 16:41:00+00:00,159.155,159.155,159.155,159.155,0
2026-05-24 16:42:00+00:00,159.155,159.155,159.155,159.155,0
2026-05-24 16:43:00+00:00,159.155,159.155,159.155,159.155,0
2026-05-24 16:44:00+00:00,159.155,159.155,159.155,159.155,0
2026-05-24 16:45:00+00:00,159.155,159.155,159.155,159.155,0
2026-05-24 16:46:00+00:00,159.155,159.155,159.155,159.155,0
2026-05-24 16:47:00+00:00,159.155,159.155,159.155,159.155,0
2026-05-24 16:48:00+00:00,159.155,159.155,159.155,159.155,0
2026-05-24 16:49:00+00:00,159.155,159.155,159.155,159.155,0
2026-05-24 16:50:00+00:00,159.155,159.155,159.155,159.155,0
2026-05-24 16:51:00+00:00,159.155,159.155,159.155,159.155,0
2026-05-24 16:52:00+00:00,159.155,159.155,159.155,159.155,0
2026-05-24 16:53:00+00:00,159.155,159.155,159.155,159.155,0
2026-05-24 16:54:00+00:00,159.155,159.155,159.155,159.155,0
2026-05-24 16:55:00+00:00,159.155,159.155,159.155,159.155,0
2026-05-24 16:56:00+00:00,159.155,159.155,159.155,159.155,0
2026-05-24 16:57:00+00:00,159.155,159.155,159.155,159.155,0
2026-05-24 16:58:00+00:00,159.155,159.155,159.155,159.155,0
2026-05-24 16:59:00+00:00,159.155,159.155,159.155,159.155,0
2026-05-24 17:00:00+00:00,159.155,159.155,159.155,159.155,0
2026-05-24 17:01:00+00:00,159.155,159.155,159.155,159.155,0
2026-05-24 17:02:00+00:00,159.155,159.155,159.155,159.155,0
2026-05-24 17:03:00+00:00,159.155,159.155,159.155,159.155,0
2026-05-24 17:04:00+00:00,159.155,159.155,159.155,159.155,0
2026-05-24 17:05:00+00:00,159.155,159.155,159.155,159.155,0
2026-05-24 17:06:00+00:00,159.155,159.155,159.155,159.155,0
2026-05-24 17:07:00+00:00,159.155,159.155,159.155,159.155,0
2026-05-24 17:08:00+00:00,159.155,159.155,159.155,159.155,0
2026-05-24 17:09:00+00:00,159.155,159.155,159.155,159.155,0
2026-05-24 17:10:00+00:00,159.155,159.155,159.155,159.155,0
2026-05-24 17:11:00+00:00,159.155,159.155,159.155,159.155,0
2026-05-24 17:12:00+00:00,159.155,159.155,159.155,159.155,0
2026-05-24 17:13:00+00:00,159.155,159.155,159.155,159.155,0
2026-05-24 17:14:00+00:00,159.155,159.155,159.155,159.155,0
2026-05-24 17:15:00+00:00,159.155,159.155,159.155,159.155,0
2026-05-24 17:16:00+00:00,159.155,159.155,159.155,159.155,0
2026-05-24 17:17:00+00:00,159.155,159.155,159.155,159.155,0
2026-05-24 17:18:00+00:00,159.155,159.155,159.155,159.155,0
2026-05-24 17:19:00+00:00,159.155,159.155,159.155,159.155,0
2026-05-24 17:20:00+00:00,159.155,159.155,159.155,159.155,0
2026-05-24 17:21:00+00:00,159.155,159.155,159.155,159.155,0
2026-05-24 17:22:00+00:00,159.155,159.155,159.155,159.155,0
2026-05-24 17:23:00+00:00,159.155,159.155,159.155,159.155,0
2026-05-24 17:24:00+00:00,159.155,159.155,159.155,159.155,0
2026-05-24 17:25:00+00:00,159.155,159.155,159.155,159.155,0
2026-05-24 17:26:00+00:00,159.155,159.155,159.155,159.155,0
2026-05-24 17:27:00+00:00,159.155,159.155,159.155,159.155,0
2026-05-24 17:28:00+00:00,159.155,159.155,159.155,159.155,0
2026-05-24 17:29:00+00:00,159.155,159.155,159.155,159.155,0
2026-05-24 17:30:00+00:00,159.155,159.155,159.155,159.155,0
2026-05-24 17:31:00+00:00,159.155,159.155,159.155,159.155,0
2026-05-24 17:32:00+00:00,159.155,159.155,159.155,159.155,0
2026-05-24 17:33:00+00:00,159.155,159.155,159.155,159.155,0
2026-05-24 17:34:00+00:00,159.155,159.155,159.155,159.155,0
2026-05-24 17:35:00+00:00,159.155,159.155,159.155,159.155,0
2026-05-24 17:36:00+00:00,159.155,159.155,159.155,159.155,0
2026-05-24 17:37:00+00:00,159.155,159.155,159.155,159.155,0
2026-05-24 17:38:00+00:00,159.155,159.155,159.155,159.155,0
2026-05-24 17:39:00+00:00,159.155,159.155,159.155,159.155,0
2026-05-24 17:40:00+00:00,159.155,159.155,159.155,159.155,0
2026-05-24 17:41:00+00:00,159.155,159.155,159.155,159.155,0
2026-05-24 17:42:00+00:00,159.155,159.155,159.155,159.155,0
2026-05-24 17:43:00+00:00,159.155,159.155,159.155,159.155,0
2026-05-24 17:44:00+00:00,159.155,159.155,159.155,159.155,0
2026-05-24 17:45:00+00:00,159.155,159.155,159.155,159.155,0
2026-05-24 17:46:00+00:00,159.155,159.155,159.155,159.155,0
2026-05-24 17:47:00+00:00,159.155,159.155,159.155,159.155,0
2026-05-24 17:48:00+00:00,159.155,159.155,159.155,159.155,0
2026-05-24 17:49:00+00:00,159.155,159.155,159.155,159.155,0
2026-05-24 17:50:00+00:00,159.155,159.155,159.155,159.155,0
2026-05-24 17:51:00+00:00,159.155,159.155,159.155,159.155,0
2026-05-24 17:52:00+00:00,159.155,159.155,159.155,159.155,0
2026-05-24 17:53:00+00:00,159.155,159.155,159.155,159.155,0
2026-05-24 17:54:00+00:00,159.155,159.155,159.155,159.155,0
2026-05-24 17:55:00+00:00,159.155,159.155,159.155,159.155,0
2026-05-24 17:56:00+00:00,159.155,159.155,159.155,159.155,0
2026-05-24 17:57:00+00:00,159.155,159.155,159.155,159.155,0
2026-05-24 17:58:00+00:00,159.155,159.155,159.155,159.155,0
2026-05-24 17:59:00+00:00,159.155,159.155,159.155,159.155,0
2026-05-24 18:00:00+00:00,159.155,159.155,159.155,159.155,0
2026-05-24 18:01:00+00:00,159.155,159.155,159.155,159.155,0
2026-05-24 18:02:00+00:00,159.155,159.155,159.155,159.155,0
2026-05-24 18:03:00+00:00,159.155,159.155,159.155,159.155,0
2026-05-24 18:04:00+00:00,159.155,159.155,159.155,159.155,0
2026-05-24 18:05:00+00:00,159.155,159.155,159.155,159.155,0
2026-05-24 18:06:00+00:00,159.155,159.155,159.155,159.155,0
2026-05-24 18:07:00+00:00,159.155,159.155,159.155,159.155,0
2026-05-24 18:08:00+00:00,159.155,159.155,159.155,159.155,0
2026-05-24 18:09:00+00:00,159.155,159.155,159.155,159.155,0
2026-05-24 18:10:00+00:00,159.155,159.155,159.155,159.155,0
2026-05-24 18:11:00+00:00,159.155,159.155,159.155,159.155,0
2026-05-24 18:12:00+00:00,159.155,159.155,159.155,159.155,0
2026-05-24 18:13:00+00:00,159.155,159.155,159.155,159.155,0
2026-05-24 18:14:00+00:00,159.155,159.155,159.155,159.155,0
2026-05-24 18:15:00+00:00,159.155,159.155,159.155,159.155,0
2026-05-24 18:16:00+00:00,159.155,159.155,159.155,159.155,0
2026-05-24 18:17:00+00:00,159.155,159.155,159.155,159.155,0
2026-05-24 18:18:00+00:00,159.155,159.155,159.155,159.155,0
2026-05-24 18:19:00+00:00,159.155,159.155,159.155,159.155,0
2026-05-24 18:20:00+00:00,159.155,159.155,159.155,159.155,0
2026-05-24 18:21:00+00:00,159.155,159.155,159.155,159.155,0
2026-05-24 18:22:00+00:00,159.155,159.155,159.155,159.155,0
2026-05-24 18:23:00+00:00,159.155,159.155,159.155,159.155,0
2026-05-24 18:24:00+00:00,159.155,159.155,159.155,159.155,0
2026-05-24 18:25:00+00:00,159.155,159.155,159.155,159.155,0
2026-05-24 18:26:00+00:00,159.155,159.155,159.155,159.155,0
2026-05-24 18:27:00+00:00,159.155,159.155,159.155,159.155,0
2026-05-24 18:28:00+00:00,159.155,159.155,159.155,159.155,0
2026-05-24 18:29:00+00:00,159.155,159.155,159.155,159.155,0
2026-05-24 18:30:00+00:00,159.155,159.155,159.155,159.155,0
2026-05-24 18:31:00+00:00,159.155,159.155,159.155,159.155,0
2026-05-24 18:32:00+00:00,159.155,159.155,159.155,159.155,0
2026-05-24 18:33:00+00:00,159.155,159.155,159.155,159.155,0
2026-05-24 18:34:00+00:00,159.155,159.155,159.155,159.155,0
2026-05-24 18:35:00+00:00,159.155,159.155,159.155,159.155,0
2026-05-24 18:36:00+00:00,159.155,159.155,159.155,159.155,0
2026-05-24 18:37:00+00:00,159.155,159.155,159.155,159.155,0
2026-05-24 18:38:00+00:00,159.155,159.155,159.155,159.155,0
2026-05-24 18:39:00+00:00,159.155,159.155,159.155,159.155,0
2026-05-24 18:40:00+00:00,159.155,159.155,159.155,159.155,0
2026-05-24 18:41:00+00:00,159.155,159.155,159.155,159.155,0
2026-05-24 18:42:00+00:00,159.155,159.155,159.155,159.155,0
2026-05-24 18:43:00+00:00,159.155,159.155,159.155,159.155,0
2026-05-24 18:44:00+00:00,159.155,159.155,159.155,159.155,0
2026-05-24 18:45:00+00:00,159.155,159.155,159.155,159.155,0
2026-05-24 18:46:00+00:00,159.155,159.155,159.155,159.155,0
2026-05-24 18:47:00+00:00,159.155,159.155,159.155,159.155,0
2026-05-24 18:48:00+00:00,159.155,159.155,159.155,159.155,0
2026-05-24 18:49:00+00:00,159.155,159.155,159.155,159.155,0
2026-05-24 18:50:00+00:00,159.155,159.155,159.155,159.155,0
2026-05-24 18:51:00+00:00,159.155,159.155,159.155,159.155,0
2026-05-24 18:52:00+00:00,159.155,159.155,159.155,159.155,0
2026-05-24 18:53:00+00:00,159.155,159.155,159.155,159.155,0
2026-05-24 18:54:00+00:00,159.155,159.155,159.155,159.155,0
2026-05-24 18:55:00+00:00,159.155,159.155,159.155,159.155,0
2026-05-24 18:56:00+00:00,159.155,159.155,159.155,159.155,0
2026-05-24 18:57:00+00:00,159.155,159.155,159.155,159.155,0
2026-05-24 18:58:00+00:00,159.155,159.155,159.155,159.155,0
2026-05-24 18:59:00+00:00,159.155,159.155,159.155,159.155,0
2026-05-24 19:00:00+00:00,159.155,159.155,159.155,159.155,0
2026-05-24 19:01:00+00:00,159.155,159.155,159.155,159.155,0
2026-05-24 19:02:00+00:00,159.155,159.155,159.155,159.155,0
2026-05-24 19:03:00+00:00,159.155,159.155,159.155,159.155,0
2026-05-24 19:04:00+00:00,159.155,159.155,159.155,159.155,0
2026-05-24 19:05:00+00:00,159.155,159.155,159.155,159.155,0
2026-05-24 19:06:00+00:00,159.155,159.155,159.155,159.155,0
2026-05-24 19:07:00+00:00,159.155,159.155,159.155,159.155,0
2026-05-24 19:08:00+00:00,159.155,159.155,159.155,159.155,0
2026-05-24 19:09:00+00:00,159.155,159.155,159.155,159.155,0
2026-05-24 19:10:00+00:00,159.155,159.155,159.155,159.155,0
2026-05-24 19:11:00+00:00,159.155,159.155,159.155,159.155,0
2026-05-24 19:12:00+00:00,159.155,159.155,159.155,159.155,0
2026-05-24 19:13:00+00:00,159.155,159.155,159.155,159.155,0
2026-05-24 19:14:00+00:00,159.155,159.155,159.155,159.155,0
2026-05-24 19:15:00+00:00,159.155,159.155,159.155,159.155,0
2026-05-24 19:16:00+00:00,159.155,159.155,159.155,159.155,0
2026-05-24 19:17:00+00:00,159.155,159.155,159.155,159.155,0
2026-05-24 19:18:00+00:00,159.155,159.155,159.155,159.155,0
2026-05-24 19:19:00+00:00,159.155,159.155,159.155,159.155,0
2026-05-24 19:20:00+00:00,159.155,159.155,159.155,159.155,0
2026-05-24 19:21:00+00:00,159.155,159.155,159.155,159.155,0
2026-05-24 19:22:00+00:00,159.155,159.155,159.155,159.155,0
2026-05-24 19:23:00+00:00,159.155,159.155,159.155,159.155,0
2026-05-24 19:24:00+00:00,159.155,159.155,159.155,159.155,0
2026-05-24 19:25:00+00:00,159.155,159.155,159.155,159.155,0
2026-05-24 19:26:00+00:00,159.155,159.155,159.155,159.155,0
2026-05-24 19:27:00+00:00,159.155,159.155,159.155,159.155,0
2026-05-24 19:28:00+00:00,159.155,159.155,159.155,159.155,0
2026-05-24 19:29:00+00:00,159.155,159.155,159.155,159.155,0
2026-05-24 19:30:00+00:00,159.155,159.155,159.155,159.155,0
2026-05-24 19:31:00+00:00,159.155,159.155,159.155,159.155,0
2026-05-24 19:32:00+00:00,159.155,159.155,159.155,159.155,0
2026-05-24 19:33:00+00:00,159.155,159.155,159.155,159.155,0
2026-05-24 19:34:00+00:00,159.155,159.155,159.155,159.155,0
2026-05-24 19:35:00+00:00,159.155,159.155,159.155,159.155,0
2026-05-24 19:36:00+00:00,159.155,159.155,159.155,159.155,0
2026-05-24 19:37:00+00:00,159.155,159.155,159.155,159.155,0
2026-05-24 19:38:00+00:00,159.155,159.155,159.155,159.155,0
2026-05-24 19:39:00+00:00,159.155,159.155,159.155,159.155,0
2026-05-24 19:40:00+00:00,159.155,159.155,159.155,159.155,0
2026-05-24 19:41:00+00:00,159.155,159.155,159.155,159.155,0
2026-05-24 19:42:00+00:00,159.155,159.155,159.155,159.155,0
2026-05-24 19:43:00+00:00,159.155,159.155,159.155,159.155,0
2026-05-24 19:44:00+00:00,159.155,159.155,159.155,159.155,0
2026-05-24 19:45:00+00:00,159.155,159.155,159.155,159.155,0
2026-05-24 19:46:00+00:00,159.155,159.155,159.155,159.155,0
2026-05-24 19:47:00+00:00,159.155,159.155,159.155,159.155,0
2026-05-24 19:48:00+00:00,159.155,159.155,159.155,159.155,0
2026-05-24 19:49:00+00:00,159.155,159.155,159.155,159.155,0
2026-05-24 19:50:00+00:00,159.155,159.155,159.155,159.155,0
2026-05-24 19:51:00+00:00,159.155,159.155,159.155,159.155,0
2026-05-24 19:52:00+00:00,159.155,159.155,159.155,159.155,0
2026-05-24 19:53:00+00:00,159.155,159.155,159.155,159.155,0
2026-05-24 19:54:00+00:00,159.155,159.155,159.155,159.155,0
2026-05-24 19:55:00+00:00,159.155,159.155,159.155,159.155,0
2026-05-24 19:56:00+00:00,159.155,159.155,159.155,159.155,0
2026-05-24 19:57:00+00:00,159.155,159.155,159.155,159.155,0
2026-05-24 19:58:00+00:00,159.155,159.155,159.155,159.155,0
2026-05-24 19:59:00+00:00,159.155,159.155,159.155,159.155,0
2026-05-24 20:00:00+00:00,159.155,159.155,159.155,159.155,0
2026-05-24 20:01:00+00:00,159.155,159.155,159.155,159.155,0
2026-05-24 20:02:00+00:00,159.155,159.155,159.155,159.155,0
2026-05-24 20:03:00+00:00,159.155,159.155,159.155,159.155,0
2026-05-24 20:04:00+00:00,159.155,159.155,159.155,159.155,0
2026-05-24 20:05:00+00:00,159.155,159.155,159.155,159.155,0
2026-05-24 20:06:00+00:00,159.155,159.155,159.155,159.155,0
2026-05-24 20:07:00+00:00,159.155,159.155,159.155,159.155,0
2026-05-24 20:08:00+00:00,159.155,159.155,159.155,159.155,0
2026-05-24 20:09:00+00:00,159.155,159.155,159.155,159.155,0
2026-05-24 20:10:00+00:00,159.155,159.155,159.155,159.155,0
2026-05-24 20:11:00+00:00,159.155,159.155,159.155,159.155,0
2026-05-24 20:12:00+00:00,159.155,159.155,159.155,159.155,0
2026-05-24 20:13:00+00:00,159.155,159.155,159.155,159.155,0
2026-05-24 20:14:00+00:00,159.155,159.155,159.155,159.155,0
2026-05-24 20:15:00+00:00,159.155,159.155,159.155,159.155,0
2026-05-24 20:16:00+00:00,159.155,159.155,159.155,159.155,0
2026-05-24 20:17:00+00:00,159.155,159.155,159.155,159.155,0
2026-05-24 20:18:00+00:00,159.155,159.155,159.155,159.155,0
2026-05-24 20:19:00+00:00,159.155,159.155,159.155,159.155,0
2026-05-24 20:20:00+00:00,159.155,159.155,159.155,159.155,0
2026-05-24 20:21:00+00:00,159.155,159.155,159.155,159.155,0
2026-05-24 20:22:00+00:00,159.155,159.155,159.155,159.155,0
2026-05-24 20:23:00+00:00,159.155,159.155,159.155,159.155,0
2026-05-24 20:24:00+00:00,159.155,159.155,159.155,159.155,0
2026-05-24 20:25:00+00:00,159.155,159.155,159.155,159.155,0
2026-05-24 20:26:00+00:00,159.155,159.155,159.155,159.155,0
2026-05-24 20:27:00+00:00,159.155,159.155,159.155,159.155,0
2026-05-24 20:28:00+00:00,159.155,159.155,159.155,159.155,0
2026-05-24 20:29:00+00:00,159.155,159.155,159.155,159.155,0
2026-05-24 20:30:00+00:00,159.155,159.155,159.155,159.155,0
2026-05-24 20:31:00+00:00,159.155,159.155,159.155,159.155,0
2026-05-24 20:32:00+00:00,159.155,159.155,159.155,159.155,0
2026-05-24 20:33:00+00:00,159.155,159.155,159.155,159.155,0
2026-05-24 20:34:00+00:00,159.155,159.155,159.155,159.155,0
2026-05-24 20:35:00+00:00,159.155,159.155,159.155,159.155,0
2026-05-24 20:36:00+00:00,159.155,159.155,159.155,159.155,0
2026-05-24 20:37:00+00:00,159.155,159.155,159.155,159.155,0
2026-05-24 20:38:00+00:00,159.155,159.155,159.155,159.155,0
2026-05-24 20:39:00+00:00,159.155,159.155,159.155,159.155,0
2026-05-24 20:40:00+00:00,159.155,159.155,159.155,159.155,0
2026-05-24 20:41:00+00:00,159.155,159.155,159.155,159.155,0
2026-05-24 20:42:00+00:00,159.155,159.155,159.155,159.155,0
2026-05-24 20:43:00+00:00,159.155,159.155,159.155,159.155,0
2026-05-24 20:44:00+00:00,159.155,159.155,159.155,159.155,0
2026-05-24 20:45:00+00:00,159.155,159.155,159.155,159.155,0
2026-05-24 20:46:00+00:00,159.155,159.155,159.155,159.155,0
2026-05-24 20:47:00+00:00,159.155,159.155,159.155,159.155,0
2026-05-24 20:48:00+00:00,159.155,159.155,159.155,159.155,0
2026-05-24 20:49:00+00:00,159.155,159.155,159.155,159.155,0
2026-05-24 20:50:00+00:00,159.155,159.155,159.155,159.155,0
2026-05-24 20:51:00+00:00,159.155,159.155,159.155,159.155,0
2026-05-24 20:52:00+00:00,159.155,159.155,159.155,159.155,0
2026-05-24 20:53:00+00:00,159.155,159.155,159.155,159.155,0
2026-05-24 20:54:00+00:00,159.155,159.155,159.155,159.155,0
2026-05-24 20:55:00+00:00,159.155,159.155,159.155,159.155,0
2026-05-24 20:56:00+00:00,159.155,159.155,159.155,159.155,0
2026-05-24 20:57:00+00:00,159.155,159.155,159.155,159.155,0
2026-05-24 20:58:00+00:00,159.155,159.155,159.155,159.155,0
2026-05-24 20:59:00+00:00,159.155,159.155,159.155,159.155,0
2026-05-24 21:00:00+00:00,158.786,158.786,158.769,158.785,0
2026-05-24 21:01:00+00:00,158.785,158.786,158.785,158.786,0
2026-05-24 21:02:00+00:00,158.786,158.786,158.786,158.786,0
2026-05-24 21:03:00+00:00,158.786,158.786,158.786,158.786,0
2026-05-24 21:04:00+00:00,158.789,158.789,158.789,158.789,0
2026-05-24 21:05:00+00:00,158.787,158.789,158.783,158.786,0
2026-05-24 21:06:00+00:00,158.784,158.786,158.784,158.784,0
2026-05-24 21:07:00+00:00,158.784,158.784,158.782,158.783,0
2026-05-24 21:08:00+00:00,158.783,158.783,158.782,158.782,0
2026-05-24 21:09:00+00:00,158.781,158.781,158.78,158.781,0
2026-05-24 21:10:00+00:00,158.785,158.789,158.783,158.783,0
2026-05-24 21:11:00+00:00,158.783,158.789,158.783,158.787,0
2026-05-24 21:12:00+00:00,158.787,158.787,158.783,158.785,0
2026-05-24 21:13:00+00:00,158.784,158.858,158.779,158.779,0
2026-05-24 21:14:00+00:00,158.778,158.779,158.772,158.779,0
2026-05-24 21:15:00+00:00,158.778,158.853,158.774,158.788,0
2026-05-24 21:16:00+00:00,158.787,158.796,158.785,158.796,0
2026-05-24 21:17:00+00:00,158.797,158.797,158.796,158.796,0
2026-05-24 21:18:00+00:00,158.796,158.836,158.787,158.787,0
2026-05-24 21:19:00+00:00,158.787,158.794,158.783,158.791,0
2026-05-24 21:20:00+00:00,158.789,158.793,158.787,158.788,0
2026-05-24 21:21:00+00:00,158.788,158.79,158.787,158.788,0
2026-05-24 21:22:00+00:00,158.788,158.788,158.788,158.788,0
2026-05-24 21:23:00+00:00,158.792,158.794,158.779,158.791,0
2026-05-24 21:24:00+00:00,158.779,158.779,158.779,158.779,0
2026-05-24 21:25:00+00:00,158.781,158.789,158.781,158.785,0
2026-05-24 21:26:00+00:00,158.784,158.79,158.783,158.787,0
2026-05-24 21:27:00+00:00,158.787,158.787,158.783,158.785,0
2026-05-24 21:28:00+00:00,158.785,158.789,158.781,158.782,0
2026-05-24 21:29:00+00:00,158.781,158.785,158.781,158.785,0
2026-05-24 21:30:00+00:00,158.781,158.781,158.781,158.781,0
2026-05-24 21:31:00+00:00,158.781,158.851,158.781,158.817,0
2026-05-24 21:32:00+00:00,158.817,158.879,158.817,158.827,0
2026-05-24 21:33:00+00:00,158.826,158.874,158.824,158.874,0
2026-05-24 21:34:00+00:00,158.874,158.884,158.821,158.821,0
2026-05-24 21:35:00+00:00,158.817,158.817,158.817,158.817,0
2026-05-24 21:36:00+00:00,158.811,158.811,158.773,158.779,0
2026-05-24 21:37:00+00:00,158.834,158.836,158.834,158.836,0
2026-05-24 21:38:00+00:00,158.835,158.836,158.814,158.814,0
2026-05-24 21:39:00+00:00,158.813,158.896,158.813,158.896,0
2026-05-24 21:40:00+00:00,158.897,158.897,158.82,158.82,0
2026-05-24 21:41:00+00:00,158.82,158.82,158.814,158.817,0
2026-05-24 21:42:00+00:00,158.813,158.829,158.813,158.829,0
2026-05-24 21:43:00+00:00,158.829,158.829,158.814,158.828,0
2026-05-24 21:44:00+00:00,158.828,158.828,158.819,158.826,0
2026-05-24 21:45:00+00:00,158.819,158.819,158.813,158.813,0
2026-05-24 21:46:00+00:00,158.813,158.813,158.813,158.813,0
2026-05-24 21:47:00+00:00,158.814,158.814,158.814,158.814,0
2026-05-24 21:48:00+00:00,158.814,158.816,158.813,158.813,0
2026-05-24 21:49:00+00:00,158.814,158.814,158.814,158.814,0
2026-05-24 21:50:00+00:00,158.813,158.814,158.813,158.814,0
2026-05-24 21:51:00+00:00,158.814,158.814,158.814,158.814,0
2026-05-24 21:52:00+00:00,158.814,158.814,158.813,158.813,0
2026-05-24 21:53:00+00:00,158.816,158.816,158.816,158.816,0
2026-05-24 21:54:00+00:00,158.816,158.816,158.816,158.816,0
2026-05-24 21:55:00+00:00,158.816,158.816,158.816,158.816,0
2026-05-24 21:56:00+00:00,158.816,158.846,158.816,158.846,0
2026-05-24 21:57:00+00:00,158.846,158.846,158.846,158.846,0
2026-05-24 21:58:00+00:00,158.846,158.846,158.846,158.846,0
2026-05-24 21:59:00+00:00,158.846,158.869,158.845,158.869,0
2026-05-24 22:00:00+00:00,158.869,158.961,158.869,158.936,0
2026-05-24 22:01:00+00:00,158.94,158.951,158.897,158.921,0
2026-05-24 22:02:00+00:00,158.928,158.928,158.875,158.879,0
2026-05-24 22:03:00+00:00,158.873,158.904,158.85,158.881,0
2026-05-24 22:04:00+00:00,158.881,158.884,158.859,158.87,0
2026-05-24 22:05:00+00:00,158.865,158.865,158.835,158.839,0
2026-05-24 22:06:00+00:00,158.84,158.867,158.84,158.852,0
2026-05-24 22:07:00+00:00,158.855,158.855,158.835,158.837,0
2026-05-24 22:08:00+00:00,158.838,158.844,158.823,158.836,0
2026-05-24 22:09:00+00:00,158.835,158.839,158.823,158.839,0
2026-05-24 22:10:00+00:00,158.849,158.877,158.847,158.876,0
2026-05-24 22:11:00+00:00,158.867,158.889,158.863,158.877,0
2026-05-24 22:12:00+00:00,158.881,158.888,158.867,158.867,0
2026-05-24 22:13:00+00:00,158.864,158.877,158.861,158.863,0
2026-05-24 22:14:00+00:00,158.862,158.888,158.862,158.877,0
2026-05-24 22:15:00+00:00,158.875,158.887,158.859,158.876,0
2026-05-24 22:16:00+00:00,158.877,158.884,158.873,158.883,0
2026-05-24 22:17:00+00:00,158.881,158.917,158.876,158.901,0
2026-05-24 22:18:00+00:00,158.898,158.907,158.888,158.9,0
2026-05-24 22:19:00+00:00,158.901,158.916,158.898,158.913,0
2026-05-24 22:20:00+00:00,158.911,158.915,158.9,158.912,0
2026-05-24 22:21:00+00:00,158.912,158.915,158.886,158.899,0
2026-05-24 22:22:00+00:00,158.899,158.899,158.872,158.874,0
2026-05-24 22:23:00+00:00,158.875,158.888,158.874,158.886,0
2026-05-24 22:24:00+00:00,158.885,158.899,158.885,158.899,0
2026-05-24 22:25:00+00:00,158.9,158.9,158.875,158.878,0
2026-05-24 22:26:00+00:00,158.883,158.885,158.875,158.88,0
2026-05-24 22:27:00+00:00,158.88,158.88,158.84,158.853,0
2026-05-24 22:28:00+00:00,158.852,158.857,158.849,158.85,0
2026-05-24 22:29:00+00:00,158.849,158.864,158.849,158.862,0
2026-05-24 22:30:00+00:00,158.86,158.861,158.832,158.838,0
2026-05-24 22:31:00+00:00,158.839,158.848,158.822,158.843,0
2026-05-24 22:32:00+00:00,158.841,158.85,158.834,158.835,0
2026-05-24 22:33:00+00:00,158.832,158.846,158.824,158.842,0
2026-05-24 22:34:00+00:00,158.844,158.851,158.838,158.844,0
2026-05-24 22:35:00+00:00,158.844,158.853,158.826,158.85,0
2026-05-24 22:36:00+00:00,158.848,158.851,158.838,158.851,0
2026-05-24 22:37:00+00:00,158.85,158.853,158.849,158.851,0
2026-05-24 22:38:00+00:00,158.851,158.854,158.838,158.844,0
2026-05-24 22:39:00+00:00,158.845,158.85,158.841,158.841,0
2026-05-24 22:40:00+00:00,158.846,158.852,158.84,158.852,0
2026-05-24 22:41:00+00:00,158.852,158.865,158.849,158.863,0
2026-05-24 22:42:00+00:00,158.862,158.863,158.855,158.858,0
2026-05-24 22:43:00+00:00,158.855,158.862,158.85,158.862,0
2026-05-24 22:44:00+00:00,158.861,158.861,158.851,158.853,0
2026-05-24 22:45:00+00:00,158.853,158.865,158.851,158.856,0
2026-05-24 22:46:00+00:00,158.856,158.862,158.841,158.852,0
2026-05-24 22:47:00+00:00,158.852,158.858,158.852,158.857,0
2026-05-24 22:48:00+00:00,158.856,158.862,158.855,158.856,0
2026-05-24 22:49:00+00:00,158.855,158.862,158.853,158.853,0
2026-05-24 22:50:00+00:00,158.854,158.854,158.852,158.852,0
2026-05-24 22:51:00+00:00,158.852,158.861,158.847,158.86,0
2026-05-24 22:52:00+00:00,158.858,158.874,158.858,158.874,0
2026-05-24 22:53:00+00:00,158.874,158.874,158.852,158.863,0
2026-05-24 22:54:00+00:00,158.866,158.873,158.863,158.864,0
2026-05-24 22:55:00+00:00,158.864,158.876,158.864,158.875,0
2026-05-24 22:56:00+00:00,158.875,158.878,158.874,158.875,0
2026-05-24 22:57:00+00:00,158.875,158.879,158.873,158.878,0
2026-05-24 22:58:00+00:00,158.876,158.877,158.87,158.874,0
2026-05-24 22:59:00+00:00,158.873,158.879,158.864,158.878,0
2026-05-24 23:00:00+00:00,158.877,158.878,158.861,158.862,0
2026-05-24 23:01:00+00:00,158.861,158.868,158.86,158.864,0
2026-05-24 23:02:00+00:00,158.864,158.871,158.862,158.867,0
2026-05-24 23:03:00+00:00,158.866,158.866,158.858,158.858,0
2026-05-24 23:04:00+00:00,158.859,158.863,158.851,158.852,0
2026-05-24 23:05:00+00:00,158.853,158.863,158.846,158.863,0
2026-05-24 23:06:00+00:00,158.861,158.868,158.854,158.858,0
2026-05-24 23:07:00+00:00,158.862,158.864,158.852,158.86,0
2026-05-24 23:08:00+00:00,158.858,158.858,158.848,158.85,0
2026-05-24 23:09:00+00:00,158.849,158.85,158.839,158.85,0
2026-05-24 23:10:00+00:00,158.851,158.852,158.84,158.846,0
2026-05-24 23:11:00+00:00,158.846,158.864,158.845,158.861,0
2026-05-24 23:12:00+00:00,158.863,158.874,158.861,158.865,0
2026-05-24 23:13:00+00:00,158.864,158.868,158.862,158.865,0
2026-05-24 23:14:00+00:00,158.866,158.871,158.865,158.868,0
2026-05-24 23:15:00+00:00,158.866,158.867,158.864,158.866,0
2026-05-24 23:16:00+00:00,158.865,158.87,158.863,158.864,0
2026-05-24 23:17:00+00:00,158.864,158.886,158.861,158.869,0
2026-05-24 23:18:00+00:00,158.877,158.877,158.872,158.875,0
2026-05-24 23:19:00+00:00,158.875,158.875,158.872,158.874,0
2026-05-24 23:20:00+00:00,158.875,158.875,158.863,158.866,0
2026-05-24 23:21:00+00:00,158.872,158.878,158.868,158.87,0
2026-05-24 23:22:00+00:00,158.87,158.875,158.868,158.869,0
2026-05-24 23:23:00+00:00,158.865,158.865,158.864,158.864,0
2026-05-24 23:24:00+00:00,158.865,158.874,158.864,158.865,0
2026-05-24 23:25:00+00:00,158.876,158.876,158.872,158.876,0
2026-05-24 23:26:00+00:00,158.876,158.876,158.866,158.866,0
2026-05-24 23:27:00+00:00,158.866,158.867,158.864,158.867,0
2026-05-24 23:28:00+00:00,158.866,158.866,158.865,158.866,0
2026-05-24 23:29:00+00:00,158.867,158.877,158.866,158.877,0
2026-05-24 23:30:00+00:00,158.879,158.879,158.877,158.877,0
2026-05-24 23:31:00+00:00,158.876,158.876,158.875,158.875,0
2026-05-24 23:32:00+00:00,158.876,158.877,158.876,158.877,0
2026-05-24 23:33:00+00:00,158.877,158.877,158.875,158.875,0
2026-05-24 23:34:00+00:00,158.878,158.887,158.878,158.882,0
2026-05-24 23:35:00+00:00,158.883,158.894,158.879,158.889,0
2026-05-24 23:36:00+00:00,158.892,158.892,158.889,158.889,0
2026-05-24 23:37:00+00:00,158.888,158.89,158.888,158.89,0
2026-05-24 23:38:00+00:00,158.89,158.89,158.885,158.887,0
2026-05-24 23:39:00+00:00,158.887,158.887,158.879,158.879,0
2026-05-24 23:40:00+00:00,158.88,158.894,158.877,158.891,0
2026-05-24 23:41:00+00:00,158.893,158.906,158.892,158.904,0
2026-05-24 23:42:00+00:00,158.902,158.905,158.902,158.903,0
2026-05-24 23:43:00+00:00,158.902,158.903,158.9,158.901,0
2026-05-24 23:44:00+00:00,158.904,158.911,158.904,158.906,0
2026-05-24 23:45:00+00:00,158.909,158.92,158.909,158.914,0
2026-05-24 23:46:00+00:00,158.913,158.915,158.907,158.915,0
2026-05-24 23:47:00+00:00,158.916,158.917,158.915,158.915,0
2026-05-24 23:48:00+00:00,158.916,158.92,158.915,158.916,0
2026-05-24 23:49:00+00:00,158.916,158.926,158.916,158.916,0
2026-05-24 23:50:00+00:00,158.916,158.918,158.915,158.915,0
2026-05-24 23:51:00+00:00,158.916,158.929,158.916,158.927,0
2026-05-24 23:52:00+00:00,158.926,158.933,158.926,158.93,0
2026-05-24 23:53:00+00:00,158.929,158.93,158.927,158.928,0
2026-05-24 23:54:00+00:00,158.934,158.94,158.933,158.938,0
2026-05-24 23:55:00+00:00,158.938,158.943,158.935,158.943,0
2026-05-24 23:56:00+00:00,158.943,158.954,158.941,158.952,0
2026-05-24 23:57:00+00:00,158.951,158.96,158.951,158.955,0
2026-05-24 23:58:00+00:00,158.953,158.961,158.952,158.952,0
2026-05-24 23:59:00+00:00,158.954,158.955,158.954,158.954,0
2026-05-25 00:00:00+00:00,158.954,158.961,158.94,158.94,0
2026-05-25 00:01:00+00:00,158.941,158.941,158.923,158.926,0
2026-05-25 00:02:00+00:00,158.923,158.929,158.923,158.925,0
2026-05-25 00:03:00+00:00,158.926,158.927,158.924,158.925,0
2026-05-25 00:04:00+00:00,158.925,158.952,158.925,158.952,0
2026-05-25 00:05:00+00:00,158.953,158.953,158.95,158.95,0
2026-05-25 00:06:00+00:00,158.949,158.951,158.937,158.938,0
2026-05-25 00:07:00+00:00,158.938,158.938,158.925,158.925,0
2026-05-25 00:08:00+00:00,158.928,158.928,158.913,158.918,0
2026-05-25 00:09:00+00:00,158.917,158.936,158.914,158.92,0
2026-05-25 00:10:00+00:00,158.92,158.92,158.905,158.911,0
2026-05-25 00:11:00+00:00,158.911,158.914,158.902,158.904,0
2026-05-25 00:12:00+00:00,158.903,158.925,158.902,158.912,0
2026-05-25 00:13:00+00:00,158.912,158.912,158.911,158.912,0
2026-05-25 00:14:00+00:00,158.912,158.92,158.912,158.913,0
2026-05-25 00:15:00+00:00,158.913,158.915,158.901,158.903,0
2026-05-25 00:16:00+00:00,158.903,158.903,158.889,158.891,0
2026-05-25 00:17:00+00:00,158.89,158.902,158.89,158.89,0
2026-05-25 00:18:00+00:00,158.891,158.891,158.888,158.89,0
2026-05-25 00:19:00+00:00,158.891,158.898,158.89,158.89,0
2026-05-25 00:20:00+00:00,158.89,158.903,158.889,158.9,0
2026-05-25 00:21:00+00:00,158.9,158.901,158.897,158.899,0
2026-05-25 00:22:00+00:00,158.898,158.9,158.898,158.9,0
2026-05-25 00:23:00+00:00,158.901,158.901,158.887,158.893,0
2026-05-25 00:24:00+00:00,158.891,158.898,158.886,158.893,0
2026-05-25 00:25:00+00:00,158.894,158.901,158.889,158.9,0
2026-05-25 00:26:00+00:00,158.901,158.912,158.901,158.904,0
2026-05-25 00:27:00+00:00,158.907,158.91,158.904,158.909,0
2026-05-25 00:28:00+00:00,158.908,158.91,158.902,158.91,0
2026-05-25 00:29:00+00:00,158.908,158.908,158.894,158.894,0
2026-05-25 00:30:00+00:00,158.893,158.9,158.89,158.891,0
2026-05-25 00:31:00+00:00,158.892,158.913,158.892,158.913,0
2026-05-25 00:32:00+00:00,158.912,158.913,158.899,158.899,0
2026-05-25 00:33:00+00:00,158.9,158.906,158.9,158.901,0
2026-05-25 00:34:00+00:00,158.901,158.904,158.9,158.903,0
2026-05-25 00:35:00+00:00,158.902,158.913,158.9,158.913,0
2026-05-25 00:36:00+00:00,158.912,158.92,158.906,158.92,0
2026-05-25 00:37:00+00:00,158.92,158.934,158.912,158.913,0
2026-05-25 00:38:00+00:00,158.912,158.914,158.912,158.913,0
2026-05-25 00:39:00+00:00,158.912,158.915,158.911,158.915,0
2026-05-25 00:40:00+00:00,158.917,158.917,158.912,158.914,0
2026-05-25 00:41:00+00:00,158.914,158.914,158.913,158.914,0
2026-05-25 00:42:00+00:00,158.914,158.923,158.914,158.922,0
2026-05-25 00:43:00+00:00,158.919,158.923,158.913,158.915,0
2026-05-25 00:44:00+00:00,158.913,158.913,158.901,158.903,0
2026-05-25 00:45:00+00:00,158.902,158.904,158.9,158.901,0
2026-05-25 00:46:00+00:00,158.901,158.901,158.886,158.886,0
2026-05-25 00:47:00+00:00,158.886,158.888,158.877,158.877,0
2026-05-25 00:48:00+00:00,158.877,158.892,158.876,158.88,0
2026-05-25 00:49:00+00:00,158.879,158.885,158.845,158.859,0
2026-05-25 00:50:00+00:00,158.857,158.875,158.853,158.864,0
2026-05-25 00:51:00+00:00,158.864,158.865,158.848,158.848,0
2026-05-25 00:52:00+00:00,158.849,158.867,158.849,158.86,0
2026-05-25 00:53:00+00:00,158.858,158.862,158.84,158.843,0
2026-05-25 00:54:00+00:00,158.844,158.87,158.831,158.87,0
2026-05-25 00:55:00+00:00,158.87,158.87,158.845,158.851,0
2026-05-25 00:56:00+00:00,158.857,158.874,158.854,158.874,0
2026-05-25 00:57:00+00:00,158.873,158.894,158.873,158.892,0
2026-05-25 00:58:00+00:00,158.891,158.914,158.89,158.914,0
2026-05-25 00:59:00+00:00,158.915,158.923,158.895,158.897,0
2026-05-25 01:00:00+00:00,158.896,158.899,158.886,158.89,0
2026-05-25 01:01:00+00:00,158.888,158.89,158.884,158.886,0
2026-05-25 01:02:00+00:00,158.888,158.892,158.879,158.881,0
2026-05-25 01:03:00+00:00,158.882,158.883,158.87,158.875,0
2026-05-25 01:04:00+00:00,158.874,158.881,158.874,158.877,0
2026-05-25 01:05:00+00:00,158.878,158.878,158.874,158.876,0
2026-05-25 01:06:00+00:00,158.875,158.875,158.86,158.861,0
2026-05-25 01:07:00+00:00,158.861,158.865,158.857,158.864,0
2026-05-25 01:08:00+00:00,158.866,158.884,158.863,158.88,0
2026-05-25 01:09:00+00:00,158.881,158.884,158.871,158.874,0
2026-05-25 01:10:00+00:00,158.875,158.889,158.871,158.884,0
2026-05-25 01:11:00+00:00,158.883,158.885,158.875,158.875,0
2026-05-25 01:12:00+00:00,158.877,158.88,158.872,158.88,0
2026-05-25 01:13:00+00:00,158.878,158.88,158.859,158.864,0
2026-05-25 01:14:00+00:00,158.864,158.864,158.81,158.812,0
2026-05-25 01:15:00+00:00,158.811,158.825,158.81,158.824,0
2026-05-25 01:16:00+00:00,158.825,158.826,158.817,158.823,0
2026-05-25 01:17:00+00:00,158.823,158.836,158.821,158.823,0
2026-05-25 01:18:00+00:00,158.824,158.83,158.821,158.827,0
2026-05-25 01:19:00+00:00,158.826,158.834,158.795,158.796,0
2026-05-25 01:20:00+00:00,158.796,158.81,158.789,158.805,0
2026-05-25 01:21:00+00:00,158.807,158.811,158.806,158.81,0
2026-05-25 01:22:00+00:00,158.81,158.815,158.81,158.813,0
2026-05-25 01:23:00+00:00,158.814,158.814,158.799,158.799,0
2026-05-25 01:24:00+00:00,158.8,158.801,158.786,158.8,0
2026-05-25 01:25:00+00:00,158.799,158.8,158.789,158.798,0
2026-05-25 01:26:00+00:00,158.798,158.798,158.779,158.779,0
2026-05-25 01:27:00+00:00,158.783,158.799,158.782,158.792,0
2026-05-25 01:28:00+00:00,158.792,158.796,158.785,158.785,0
2026-05-25 01:29:00+00:00,158.785,158.785,158.756,158.766,0
2026-05-25 01:30:00+00:00,158.768,158.769,158.758,158.768,0
2026-05-25 01:31:00+00:00,158.767,158.796,158.764,158.796,0
2026-05-25 01:32:00+00:00,158.795,158.81,158.788,158.808,0
2026-05-25 01:33:00+00:00,158.808,158.808,158.797,158.8,0
2026-05-25 01:34:00+00:00,158.799,158.809,158.799,158.807,0
2026-05-25 01:35:00+00:00,158.809,158.814,158.804,158.81,0
2026-05-25 01:36:00+00:00,158.809,158.814,158.799,158.8,0
2026-05-25 01:37:00+00:00,158.799,158.8,158.796,158.797,0
2026-05-25 01:38:00+00:00,158.798,158.801,158.798,158.801,0
2026-05-25 01:39:00+00:00,158.797,158.798,158.789,158.798,0
2026-05-25 01:40:00+00:00,158.797,158.801,158.796,158.8,0
2026-05-25 01:41:00+00:00,158.799,158.8,158.788,158.8,0
2026-05-25 01:42:00+00:00,158.801,158.806,158.8,158.8,0
2026-05-25 01:43:00+00:00,158.801,158.811,158.801,158.811,0
2026-05-25 01:44:00+00:00,158.812,158.831,158.812,158.83,0
2026-05-25 01:45:00+00:00,158.828,158.836,158.826,158.836,0
2026-05-25 01:46:00+00:00,158.835,158.85,158.833,158.838,0
2026-05-25 01:47:00+00:00,158.837,158.837,158.82,158.835,0
2026-05-25 01:48:00+00:00,158.838,158.84,158.834,158.834,0
2026-05-25 01:49:00+00:00,158.835,158.847,158.835,158.846,0
2026-05-25 01:50:00+00:00,158.846,158.85,158.846,158.849,0
2026-05-25 01:51:00+00:00,158.852,158.852,158.848,158.849,0
2026-05-25 01:52:00+00:00,158.849,158.854,158.847,158.849,0
2026-05-25 01:53:00+00:00,158.849,158.856,158.849,158.851,0
2026-05-25 01:54:00+00:00,158.85,158.861,158.85,158.861,0
2026-05-25 01:55:00+00:00,158.859,158.862,158.851,158.852,0
2026-05-25 01:56:00+00:00,158.851,158.874,158.851,158.873,0
2026-05-25 01:57:00+00:00,158.872,158.877,158.871,158.875,0
2026-05-25 01:58:00+00:00,158.876,158.88,158.872,158.872,0
2026-05-25 01:59:00+00:00,158.873,158.876,158.873,158.875,0
2026-05-25 02:00:00+00:00,158.874,158.874,158.861,158.863,0
2026-05-25 02:01:00+00:00,158.863,158.876,158.861,158.872,0
2026-05-25 02:02:00+00:00,158.873,158.877,158.871,158.871,0
2026-05-25 02:03:00+00:00,158.872,158.872,158.871,158.871,0
2026-05-25 02:04:00+00:00,158.873,158.875,158.873,158.875,0
2026-05-25 02:05:00+00:00,158.875,158.875,158.86,158.86,0
2026-05-25 02:06:00+00:00,158.86,158.86,158.845,158.849,0
2026-05-25 02:07:00+00:00,158.849,158.849,158.834,158.836,0
2026-05-25 02:08:00+00:00,158.836,158.84,158.836,158.838,0
2026-05-25 02:09:00+00:00,158.837,158.839,158.834,158.837,0
2026-05-25 02:10:00+00:00,158.836,158.839,158.835,158.839,0
2026-05-25 02:11:00+00:00,158.84,158.85,158.84,158.849,0
2026-05-25 02:12:00+00:00,158.85,158.85,158.847,158.848,0
2026-05-25 02:13:00+00:00,158.849,158.86,158.848,158.857,0
2026-05-25 02:14:00+00:00,158.855,158.857,158.853,158.856,0
2026-05-25 02:15:00+00:00,158.858,158.86,158.852,158.857,0
2026-05-25 02:16:00+00:00,158.858,158.875,158.858,158.871,0
2026-05-25 02:17:00+00:00,158.873,158.873,158.869,158.871,0
2026-05-25 02:18:00+00:00,158.868,158.868,158.846,158.854,0
2026-05-25 02:19:00+00:00,158.855,158.858,158.855,158.856,0
2026-05-25 02:20:00+00:00,158.857,158.86,158.857,158.859,0
2026-05-25 02:21:00+00:00,158.852,158.861,158.852,158.858,0
2026-05-25 02:22:00+00:00,158.86,158.868,158.86,158.861,0
2026-05-25 02:23:00+00:00,158.861,158.861,158.85,158.851,0
2026-05-25 02:24:00+00:00,158.85,158.85,158.848,158.849,0
2026-05-25 02:25:00+00:00,158.85,158.854,158.847,158.853,0
2026-05-25 02:26:00+00:00,158.854,158.861,158.853,158.861,0
2026-05-25 02:27:00+00:00,158.861,158.862,158.86,158.861,0
2026-05-25 02:28:00+00:00,158.862,158.862,158.858,158.859,0
2026-05-25 02:29:00+00:00,158.859,158.859,158.845,158.847,0
2026-05-25 02:30:00+00:00,158.845,158.847,158.844,158.845,0
2026-05-25 02:31:00+00:00,158.847,158.859,158.847,158.859,0
2026-05-25 02:32:00+00:00,158.858,158.858,158.85,158.85,0
2026-05-25 02:33:00+00:00,158.849,158.849,158.844,158.849,0
2026-05-25 02:34:00+00:00,158.854,158.854,158.849,158.852,0
2026-05-25 02:35:00+00:00,158.853,158.853,158.848,158.85,0
2026-05-25 02:36:00+00:00,158.847,158.847,158.836,158.84,0
2026-05-25 02:37:00+00:00,158.844,158.844,158.843,158.843,0
2026-05-25 02:38:00+00:00,158.845,158.845,158.841,158.843,0
2026-05-25 02:39:00+00:00,158.845,158.852,158.845,158.852,0
2026-05-25 02:40:00+00:00,158.85,158.856,158.847,158.847,0
2026-05-25 02:41:00+00:00,158.848,158.848,158.846,158.846,0
2026-05-25 02:42:00+00:00,158.847,158.847,158.844,158.845,0
2026-05-25 02:43:00+00:00,158.847,158.847,158.846,158.846,0
2026-05-25 02:44:00+00:00,158.847,158.847,158.846,158.846,0
2026-05-25 02:45:00+00:00,158.845,158.845,158.835,158.837,0
2026-05-25 02:46:00+00:00,158.843,158.845,158.836,158.845,0
2026-05-25 02:47:00+00:00,158.845,158.849,158.845,158.847,0
2026-05-25 02:48:00+00:00,158.845,158.848,158.845,158.845,0
2026-05-25 02:49:00+00:00,158.846,158.846,158.845,158.845,0
2026-05-25 02:50:00+00:00,158.845,158.845,158.845,158.845,0
2026-05-25 02:51:00+00:00,158.846,158.847,158.845,158.845,0
2026-05-25 02:52:00+00:00,158.844,158.844,158.844,158.844,0
2026-05-25 02:53:00+00:00,158.844,158.844,158.844,158.844,0
2026-05-25 02:54:00+00:00,158.845,158.845,158.845,158.845,0
2026-05-25 02:55:00+00:00,158.849,158.85,158.847,158.848,0
2026-05-25 02:56:00+00:00,158.852,158.855,158.85,158.851,0
2026-05-25 02:57:00+00:00,158.85,158.855,158.85,158.85,0
2026-05-25 02:58:00+00:00,158.848,158.851,158.847,158.85,0
2026-05-25 02:59:00+00:00,158.851,158.859,158.848,158.848,0
2026-05-25 03:00:00+00:00,158.849,158.849,158.832,158.84,0
2026-05-25 03:01:00+00:00,158.84,158.848,158.84,158.846,0
2026-05-25 03:02:00+00:00,158.846,158.857,158.846,158.857,0
2026-05-25 03:03:00+00:00,158.855,158.856,158.85,158.851,0
2026-05-25 03:04:00+00:00,158.856,158.859,158.85,158.857,0
2026-05-25 03:05:00+00:00,158.855,158.858,158.854,158.854,0
2026-05-25 03:06:00+00:00,158.857,158.858,158.852,158.854,0
2026-05-25 03:07:00+00:00,158.853,158.86,158.852,158.856,0
2026-05-25 03:08:00+00:00,158.856,158.871,158.856,158.865,0
2026-05-25 03:09:00+00:00,158.866,158.866,158.862,158.862,0
2026-05-25 03:10:00+00:00,158.864,158.867,158.863,158.866,0
2026-05-25 03:11:00+00:00,158.866,158.867,158.861,158.867,0
2026-05-25 03:12:00+00:00,158.867,158.867,158.866,158.866,0
2026-05-25 03:13:00+00:00,158.867,158.87,158.866,158.868,0
2026-05-25 03:14:00+00:00,158.867,158.869,158.865,158.866,0
2026-05-25 03:15:00+00:00,158.867,158.871,158.866,158.87,0
2026-05-25 03:16:00+00:00,158.869,158.871,158.869,158.871,0
2026-05-25 03:17:00+00:00,158.869,158.876,158.866,158.866,0
2026-05-25 03:18:00+00:00,158.87,158.87,158.861,158.863,0
2026-05-25 03:19:00+00:00,158.862,158.871,158.862,158.871,0
2026-05-25 03:20:00+00:00,158.87,158.871,158.869,158.871,0
2026-05-25 03:21:00+00:00,158.871,158.871,158.862,158.864,0
2026-05-25 03:22:00+00:00,158.866,158.881,158.866,158.874,0
2026-05-25 03:23:00+00:00,158.873,158.874,158.872,158.874,0
2026-05-25 03:24:00+00:00,158.872,158.874,158.87,158.87,0
2026-05-25 03:25:00+00:00,158.869,158.871,158.868,158.871,0
2026-05-25 03:26:00+00:00,158.869,158.871,158.869,158.87,0
2026-05-25 03:27:00+00:00,158.871,158.872,158.853,158.857,0
2026-05-25 03:28:00+00:00,158.857,158.87,158.857,158.87,0
2026-05-25 03:29:00+00:00,158.869,158.869,158.869,158.869,0
2026-05-25 03:30:00+00:00,158.868,158.868,158.868,158.868,0
2026-05-25 03:31:00+00:00,158.864,158.87,158.858,158.87,0
2026-05-25 03:32:00+00:00,158.869,158.869,158.869,158.869,0
2026-05-25 03:33:00+00:00,158.869,158.869,158.868,158.869,0
2026-05-25 03:34:00+00:00,158.869,158.869,158.869,158.869,0
2026-05-25 03:35:00+00:00,158.868,158.868,158.847,158.86,0
2026-05-25 03:36:00+00:00,158.859,158.861,158.859,158.86,0
2026-05-25 03:37:00+00:00,158.86,158.864,158.859,158.861,0
2026-05-25 03:38:00+00:00,158.861,158.864,158.861,158.862,0
2026-05-25 03:39:00+00:00,158.863,158.87,158.863,158.866,0
2026-05-25 03:40:00+00:00,158.869,158.869,158.865,158.866,0
2026-05-25 03:41:00+00:00,158.863,158.865,158.863,158.864,0
2026-05-25 03:42:00+00:00,158.866,158.866,158.864,158.866,0
2026-05-25 03:43:00+00:00,158.866,158.871,158.866,158.87,0
2026-05-25 03:44:00+00:00,158.869,158.875,158.867,158.871,0
2026-05-25 03:45:00+00:00,158.871,158.884,158.871,158.872,0
2026-05-25 03:46:00+00:00,158.877,158.89,158.877,158.887,0
2026-05-25 03:47:00+00:00,158.888,158.888,158.882,158.883,0
2026-05-25 03:48:00+00:00,158.882,158.889,158.882,158.886,0
2026-05-25 03:49:00+00:00,158.884,158.888,158.883,158.883,0
2026-05-25 03:50:00+00:00,158.884,158.884,158.877,158.879,0
2026-05-25 03:51:00+00:00,158.879,158.887,158.879,158.885,0
2026-05-25 03:52:00+00:00,158.884,158.884,158.873,158.875,0
2026-05-25 03:53:00+00:00,158.875,158.876,158.875,158.876,0
2026-05-25 03:54:00+00:00,158.879,158.885,158.879,158.885,0
2026-05-25 03:55:00+00:00,158.885,158.885,158.878,158.878,0
2026-05-25 03:56:00+00:00,158.881,158.885,158.881,158.885,0
2026-05-25 03:57:00+00:00,158.885,158.889,158.881,158.889,0
2026-05-25 03:58:00+00:00,158.889,158.889,158.88,158.883,0
2026-05-25 03:59:00+00:00,158.883,158.884,158.88,158.884,0
2026-05-25 04:00:00+00:00,158.886,158.886,158.874,158.883,0
2026-05-25 04:01:00+00:00,158.882,158.884,158.881,158.881,0
2026-05-25 04:02:00+00:00,158.881,158.885,158.88,158.885,0
2026-05-25 04:03:00+00:00,158.885,158.885,158.871,158.871,0
2026-05-25 04:04:00+00:00,158.874,158.874,158.871,158.873,0
2026-05-25 04:05:00+00:00,158.872,158.875,158.871,158.875,0
2026-05-25 04:06:00+00:00,158.875,158.896,158.875,158.894,0
2026-05-25 04:07:00+00:00,158.893,158.895,158.892,158.895,0
2026-05-25 04:08:00+00:00,158.894,158.896,158.894,158.894,0
2026-05-25 04:09:00+00:00,158.897,158.899,158.897,158.897,0
2026-05-25 04:10:00+00:00,158.896,158.896,158.896,158.896,0
2026-05-25 04:11:00+00:00,158.895,158.895,158.886,158.886,0
2026-05-25 04:12:00+00:00,158.887,158.894,158.887,158.894,0
2026-05-25 04:13:00+00:00,158.895,158.896,158.895,158.896,0
2026-05-25 04:14:00+00:00,158.895,158.898,158.895,158.898,0
2026-05-25 04:15:00+00:00,158.896,158.909,158.893,158.909,0
2026-05-25 04:16:00+00:00,158.907,158.907,158.899,158.904,0
2026-05-25 04:17:00+00:00,158.905,158.906,158.904,158.906,0
2026-05-25 04:18:00+00:00,158.904,158.908,158.904,158.908,0
2026-05-25 04:19:00+00:00,158.909,158.909,158.909,158.909,0
2026-05-25 04:20:00+00:00,158.91,158.91,158.908,158.909,0
2026-05-25 04:21:00+00:00,158.908,158.91,158.904,158.909,0
2026-05-25 04:22:00+00:00,158.91,158.911,158.91,158.91,0
2026-05-25 04:23:00+00:00,158.91,158.91,158.91,158.91,0
2026-05-25 04:24:00+00:00,158.91,158.912,158.91,158.91,0
2026-05-25 04:25:00+00:00,158.91,158.91,158.91,158.91,0
2026-05-25 04:26:00+00:00,158.91,158.91,158.909,158.91,0
2026-05-25 04:27:00+00:00,158.909,158.91,158.909,158.91,0
2026-05-25 04:28:00+00:00,158.91,158.91,158.91,158.91,0
2026-05-25 04:29:00+00:00,158.912,158.912,158.91,158.91,0
2026-05-25 04:30:00+00:00,158.909,158.909,158.898,158.899,0
2026-05-25 04:31:00+00:00,158.898,158.898,158.886,158.89,0
2026-05-25 04:32:00+00:00,158.889,158.895,158.886,158.895,0
2026-05-25 04:33:00+00:00,158.894,158.899,158.894,158.899,0
2026-05-25 04:34:00+00:00,158.898,158.9,158.898,158.899,0
2026-05-25 04:35:00+00:00,158.898,158.898,158.896,158.896,0
2026-05-25 04:36:00+00:00,158.897,158.897,158.885,158.885,0
2026-05-25 04:37:00+00:00,158.886,158.887,158.882,158.882,0
2026-05-25 04:38:00+00:00,158.878,158.88,158.874,158.879,0
2026-05-25 04:39:00+00:00,158.88,158.885,158.88,158.885,0
2026-05-25 04:40:00+00:00,158.886,158.89,158.882,158.885,0
2026-05-25 04:41:00+00:00,158.887,158.887,158.886,158.886,0
2026-05-25 04:42:00+00:00,158.886,158.886,158.886,158.886,0
2026-05-25 04:43:00+00:00,158.886,158.886,158.886,158.886,0
2026-05-25 04:44:00+00:00,158.886,158.886,158.882,158.885,0
2026-05-25 04:45:00+00:00,158.884,158.884,158.874,158.875,0
2026-05-25 04:46:00+00:00,158.874,158.874,158.874,158.874,0
2026-05-25 04:47:00+00:00,158.873,158.873,158.862,158.863,0
2026-05-25 04:48:00+00:00,158.862,158.862,158.86,158.86,0
2026-05-25 04:49:00+00:00,158.862,158.871,158.862,158.865,0
2026-05-25 04:50:00+00:00,158.865,158.865,158.86,158.86,0
2026-05-25 04:51:00+00:00,158.859,158.859,158.845,158.852,0
2026-05-25 04:52:00+00:00,158.853,158.863,158.852,158.863,0
2026-05-25 04:53:00+00:00,158.864,158.864,158.862,158.863,0
2026-05-25 04:54:00+00:00,158.861,158.861,158.86,158.86,0
2026-05-25 04:55:00+00:00,158.86,158.86,158.856,158.857,0
2026-05-25 04:56:00+00:00,158.857,158.857,158.848,158.856,0
2026-05-25 04:57:00+00:00,158.859,158.86,158.85,158.86,0
2026-05-25 04:58:00+00:00,158.859,158.861,158.854,158.86,0
2026-05-25 04:59:00+00:00,158.86,158.862,158.857,158.859,0
2026-05-25 05:00:00+00:00,158.861,158.865,158.86,158.865,0
2026-05-25 05:01:00+00:00,158.864,158.865,158.857,158.859,0
2026-05-25 05:02:00+00:00,158.858,158.861,158.858,158.859,0
2026-05-25 05:03:00+00:00,158.86,158.862,158.857,158.86,0
2026-05-25 05:04:00+00:00,158.861,158.864,158.861,158.861,0
2026-05-25 05:05:00+00:00,158.862,158.863,158.86,158.86,0
2026-05-25 05:06:00+00:00,158.861,158.861,158.845,158.85,0
2026-05-25 05:07:00+00:00,158.848,158.851,158.847,158.85,0
2026-05-25 05:08:00+00:00,158.851,158.853,158.848,158.85,0
2026-05-25 05:09:00+00:00,158.85,158.854,158.846,158.848,0
2026-05-25 05:10:00+00:00,158.849,158.849,158.843,158.845,0
2026-05-25 05:11:00+00:00,158.845,158.848,158.845,158.846,0
2026-05-25 05:12:00+00:00,158.848,158.854,158.848,158.85,0
2026-05-25 05:13:00+00:00,158.85,158.853,158.85,158.851,0
2026-05-25 05:14:00+00:00,158.852,158.856,158.852,158.852,0
2026-05-25 05:15:00+00:00,158.855,158.865,158.855,158.864,0
2026-05-25 05:16:00+00:00,158.864,158.867,158.862,158.863,0
2026-05-25 05:17:00+00:00,158.864,158.864,158.854,158.855,0
2026-05-25 05:18:00+00:00,158.858,158.863,158.854,158.854,0
2026-05-25 05:19:00+00:00,158.856,158.86,158.856,158.86,0
2026-05-25 05:20:00+00:00,158.861,158.863,158.861,158.862,0
2026-05-25 05:21:00+00:00,158.862,158.874,158.861,158.872,0
2026-05-25 05:22:00+00:00,158.871,158.871,158.859,158.861,0
2026-05-25 05:23:00+00:00,158.86,158.866,158.86,158.866,0
2026-05-25 05:24:00+00:00,158.865,158.866,158.861,158.866,0
2026-05-25 05:25:00+00:00,158.865,158.872,158.864,158.864,0
2026-05-25 05:26:00+00:00,158.862,158.872,158.862,158.872,0
2026-05-25 05:27:00+00:00,158.872,158.872,158.866,158.866,0
2026-05-25 05:28:00+00:00,158.868,158.871,158.868,158.868,0
2026-05-25 05:29:00+00:00,158.868,158.871,158.866,158.866,0
2026-05-25 05:30:00+00:00,158.867,158.871,158.86,158.861,0
2026-05-25 05:31:00+00:00,158.86,158.867,158.86,158.867,0
2026-05-25 05:32:00+00:00,158.869,158.869,158.863,158.867,0
2026-05-25 05:33:00+00:00,158.867,158.867,158.861,158.862,0
2026-05-25 05:34:00+00:00,158.863,158.868,158.862,158.863,0
2026-05-25 05:35:00+00:00,158.862,158.863,158.861,158.862,0
2026-05-25 05:36:00+00:00,158.86,158.862,158.86,158.862,0
2026-05-25 05:37:00+00:00,158.863,158.863,158.859,158.859,0
2026-05-25 05:38:00+00:00,158.859,158.862,158.859,158.862,0
2026-05-25 05:39:00+00:00,158.861,158.861,158.861,158.861,0
2026-05-25 05:40:00+00:00,158.862,158.873,158.862,158.873,0
2026-05-25 05:41:00+00:00,158.874,158.877,158.873,158.876,0
2026-05-25 05:42:00+00:00,158.877,158.888,158.877,158.886,0
2026-05-25 05:43:00+00:00,158.885,158.886,158.875,158.881,0
2026-05-25 05:44:00+00:00,158.881,158.884,158.873,158.875,0
2026-05-25 05:45:00+00:00,158.875,158.875,158.871,158.872,0
2026-05-25 05:46:00+00:00,158.871,158.873,158.871,158.873,0
2026-05-25 05:47:00+00:00,158.873,158.88,158.873,158.876,0
2026-05-25 05:48:00+00:00,158.876,158.887,158.875,158.886,0
2026-05-25 05:49:00+00:00,158.885,158.885,158.885,158.885,0
2026-05-25 05:50:00+00:00,158.886,158.887,158.885,158.887,0
2026-05-25 05:51:00+00:00,158.887,158.887,158.884,158.886,0
2026-05-25 05:52:00+00:00,158.886,158.888,158.886,158.887,0
2026-05-25 05:53:00+00:00,158.886,158.888,158.885,158.885,0
2026-05-25 05:54:00+00:00,158.886,158.888,158.886,158.886,0
2026-05-25 05:55:00+00:00,158.887,158.9,158.887,158.9,0
2026-05-25 05:56:00+00:00,158.902,158.915,158.899,158.913,0
2026-05-25 05:57:00+00:00,158.915,158.923,158.912,158.922,0
2026-05-25 05:58:00+00:00,158.922,158.936,158.921,158.924,0
2026-05-25 05:59:00+00:00,158.924,158.931,158.921,158.924,0
2026-05-25 06:00:00+00:00,158.924,158.936,158.923,158.93,0
2026-05-25 06:01:00+00:00,158.929,158.932,158.919,158.921,0
2026-05-25 06:02:00+00:00,158.92,158.925,158.909,158.91,0
2026-05-25 06:03:00+00:00,158.911,158.919,158.909,158.919,0
2026-05-25 06:04:00+00:00,158.919,158.925,158.913,158.913,0
2026-05-25 06:05:00+00:00,158.915,158.92,158.911,158.911,0
2026-05-25 06:06:00+00:00,158.909,158.909,158.898,158.905,0
2026-05-25 06:07:00+00:00,158.903,158.921,158.899,158.92,0
2026-05-25 06:08:00+00:00,158.919,158.92,158.907,158.91,0
2026-05-25 06:09:00+00:00,158.912,158.92,158.912,158.914,0
2026-05-25 06:10:00+00:00,158.911,158.911,158.9,158.904,0
2026-05-25 06:11:00+00:00,158.903,158.91,158.9,158.91,0
2026-05-25 06:12:00+00:00,158.914,158.914,158.908,158.911,0
2026-05-25 06:13:00+00:00,158.909,158.922,158.909,158.912,0
2026-05-25 06:14:00+00:00,158.911,158.915,158.911,158.912,0
2026-05-25 06:15:00+00:00,158.912,158.912,158.909,158.909,0
2026-05-25 06:16:00+00:00,158.909,158.911,158.898,158.909,0
2026-05-25 06:17:00+00:00,158.914,158.914,158.911,158.911,0
2026-05-25 06:18:00+00:00,158.91,158.91,158.897,158.901,0
2026-05-25 06:19:00+00:00,158.902,158.905,158.902,158.905,0
2026-05-25 06:20:00+00:00,158.906,158.913,158.906,158.91,0
2026-05-25 06:21:00+00:00,158.909,158.914,158.909,158.912,0
2026-05-25 06:22:00+00:00,158.912,158.915,158.907,158.91,0
2026-05-25 06:23:00+00:00,158.91,158.92,158.91,158.916,0
2026-05-25 06:24:00+00:00,158.913,158.915,158.909,158.912,0
2026-05-25 06:25:00+00:00,158.911,158.911,158.901,158.905,0
2026-05-25 06:26:00+00:00,158.904,158.906,158.901,158.901,0
2026-05-25 06:27:00+00:00,158.903,158.915,158.903,158.909,0
2026-05-25 06:28:00+00:00,158.909,158.91,158.908,158.91,0
2026-05-25 06:29:00+00:00,158.912,158.923,158.912,158.914,0
2026-05-25 06:30:00+00:00,158.917,158.922,158.907,158.908,0
2026-05-25 06:31:00+00:00,158.908,158.911,158.9,158.905,0
2026-05-25 06:32:00+00:00,158.904,158.916,158.902,158.916,0
2026-05-25 06:33:00+00:00,158.916,158.916,158.899,158.906,0
2026-05-25 06:34:00+00:00,158.908,158.909,158.897,158.897,0
2026-05-25 06:35:00+00:00,158.896,158.899,158.895,158.895,0
2026-05-25 06:36:00+00:00,158.894,158.91,158.89,158.898,0
2026-05-25 06:37:00+00:00,158.899,158.915,158.897,158.912,0
2026-05-25 06:38:00+00:00,158.912,158.919,158.912,158.913,0
2026-05-25 06:39:00+00:00,158.918,158.918,158.911,158.914,0
2026-05-25 06:40:00+00:00,158.916,158.921,158.914,158.915,0
2026-05-25 06:41:00+00:00,158.914,158.921,158.914,158.921,0
2026-05-25 06:42:00+00:00,158.921,158.922,158.92,158.921,0
2026-05-25 06:43:00+00:00,158.922,158.925,158.922,158.924,0
2026-05-25 06:44:00+00:00,158.923,158.925,158.923,158.924,0
2026-05-25 06:45:00+00:00,158.924,158.924,158.922,158.922,0
2026-05-25 06:46:00+00:00,158.923,158.923,158.912,158.912,0
2026-05-25 06:47:00+00:00,158.909,158.911,158.898,158.911,0
2026-05-25 06:48:00+00:00,158.912,158.912,158.91,158.911,0
2026-05-25 06:49:00+00:00,158.911,158.911,158.908,158.911,0
2026-05-25 06:50:00+00:00,158.911,158.922,158.91,158.921,0
2026-05-25 06:51:00+00:00,158.92,158.921,158.912,158.912,0
2026-05-25 06:52:00+00:00,158.914,158.921,158.914,158.92,0
2026-05-25 06:53:00+00:00,158.918,158.922,158.915,158.916,0
2026-05-25 06:54:00+00:00,158.912,158.914,158.909,158.912,0
2026-05-25 06:55:00+00:00,158.911,158.913,158.91,158.911,0
2026-05-25 06:56:00+00:00,158.912,158.913,158.911,158.913,0
2026-05-25 06:57:00+00:00,158.912,158.921,158.911,158.915,0
2026-05-25 06:58:00+00:00,158.916,158.917,158.907,158.909,0
2026-05-25 06:59:00+00:00,158.911,158.913,158.899,158.904,0
2026-05-25 07:00:00+00:00,158.902,158.921,158.9,158.917,0
2026-05-25 07:01:00+00:00,158.917,158.917,158.909,158.91,0
2026-05-25 07:02:00+00:00,158.909,158.916,158.9,158.91,0
2026-05-25 07:03:00+00:00,158.911,158.917,158.909,158.917,0
2026-05-25 07:04:00+00:00,158.918,158.929,158.915,158.929,0
2026-05-25 07:05:00+00:00,158.934,158.942,158.934,158.941,0
2026-05-25 07:06:00+00:00,158.942,158.952,158.942,158.948,0
2026-05-25 07:07:00+00:00,158.948,158.949,158.946,158.947,0
2026-05-25 07:08:00+00:00,158.945,158.962,158.945,158.959,0
2026-05-25 07:09:00+00:00,158.96,158.961,158.952,158.96,0
2026-05-25 07:10:00+00:00,158.961,158.964,158.96,158.964,0
2026-05-25 07:11:00+00:00,158.964,158.965,158.963,158.964,0
2026-05-25 07:12:00+00:00,158.964,158.969,158.962,158.966,0
2026-05-25 07:13:00+00:00,158.965,158.986,158.965,158.981,0
2026-05-25 07:14:00+00:00,158.981,158.989,158.98,158.987,0
2026-05-25 07:15:00+00:00,158.991,158.993,158.978,158.978,0
2026-05-25 07:16:00+00:00,158.977,158.987,158.971,158.986,0
2026-05-25 07:17:00+00:00,158.987,158.995,158.985,158.99,0
2026-05-25 07:18:00+00:00,158.991,159.035,158.989,159.033,0
2026-05-25 07:19:00+00:00,159.034,159.036,159.002,159.019,0
2026-05-25 07:20:00+00:00,159.022,159.034,159.022,159.031,0
2026-05-25 07:21:00+00:00,159.032,159.034,159.025,159.025,0
2026-05-25 07:22:00+00:00,159.027,159.039,159.021,159.037,0
2026-05-25 07:23:00+00:00,159.036,159.037,159.027,159.034,0
2026-05-25 07:24:00+00:00,159.034,159.034,159.021,159.023,0
2026-05-25 07:25:00+00:00,159.024,159.032,159.024,159.025,0
2026-05-25 07:26:00+00:00,159.025,159.031,159.021,159.021,0
2026-05-25 07:27:00+00:00,159.022,159.023,159.013,159.019,0
2026-05-25 07:28:00+00:00,159.02,159.025,159.019,159.024,0
2026-05-25 07:29:00+00:00,159.025,159.034,159.021,159.024,0
2026-05-25 07:30:00+00:00,159.024,159.025,159.022,159.025,0
2026-05-25 07:31:00+00:00,159.023,159.023,159.001,159.004,0
2026-05-25 07:32:00+00:00,159.003,159.003,158.972,158.978,0
2026-05-25 07:33:00+00:00,158.979,158.992,158.966,158.991,0
2026-05-25 07:34:00+00:00,158.993,159.011,158.993,159.004,0
2026-05-25 07:35:00+00:00,159.0,159.003,158.998,158.999,0
2026-05-25 07:36:00+00:00,158.998,159.004,158.993,159.003,0
2026-05-25 07:37:00+00:00,159.004,159.009,158.999,159.001,0
2026-05-25 07:38:00+00:00,159.001,159.001,158.996,158.997,0
2026-05-25 07:39:00+00:00,158.996,158.999,158.993,158.994,0
2026-05-25 07:40:00+00:00,158.995,158.996,158.988,158.988,0
2026-05-25 07:41:00+00:00,158.988,158.988,158.973,158.973,0
2026-05-25 07:42:00+00:00,158.977,158.982,158.973,158.974,0
2026-05-25 07:43:00+00:00,158.973,158.98,158.971,158.973,0
2026-05-25 07:44:00+00:00,158.973,158.974,158.964,158.971,0
2026-05-25 07:45:00+00:00,158.97,158.976,158.97,158.976,0
2026-05-25 07:46:00+00:00,158.976,158.988,158.976,158.979,0
2026-05-25 07:47:00+00:00,158.979,158.986,158.977,158.984,0
2026-05-25 07:48:00+00:00,158.982,158.985,158.978,158.983,0
2026-05-25 07:49:00+00:00,158.983,158.983,158.978,158.979,0
2026-05-25 07:50:00+00:00,158.978,158.979,158.97,158.97,0
2026-05-25 07:51:00+00:00,158.971,158.972,158.969,158.97,0
2026-05-25 07:52:00+00:00,158.969,158.97,158.96,158.967,0
2026-05-25 07:53:00+00:00,158.969,158.982,158.968,158.976,0
2026-05-25 07:54:00+00:00,158.976,158.978,158.97,158.975,0
2026-05-25 07:55:00+00:00,158.974,158.974,158.97,158.972,0
2026-05-25 07:56:00+00:00,158.972,158.986,158.972,158.979,0
2026-05-25 07:57:00+00:00,158.98,158.991,158.979,158.983,0
2026-05-25 07:58:00+00:00,158.985,158.985,158.973,158.975,0
2026-05-25 07:59:00+00:00,158.974,158.976,158.971,158.971,0
2026-05-25 08:00:00+00:00,158.971,158.99,158.964,158.989,0
2026-05-25 08:01:00+00:00,158.988,158.989,158.98,158.984,0
2026-05-25 08:02:00+00:00,158.984,158.99,158.976,158.987,0
2026-05-25 08:03:00+00:00,158.985,158.985,158.97,158.973,0
2026-05-25 08:04:00+00:00,158.973,158.984,158.969,158.981,0
2026-05-25 08:05:00+00:00,158.98,158.984,158.975,158.984,0
2026-05-25 08:06:00+00:00,158.984,158.985,158.966,158.966,0
2026-05-25 08:07:00+00:00,158.968,158.971,158.954,158.954,0
2026-05-25 08:08:00+00:00,158.954,158.956,158.951,158.954,0
2026-05-25 08:09:00+00:00,158.955,158.957,158.948,158.948,0
2026-05-25 08:10:00+00:00,158.948,158.948,158.932,158.932,0
2026-05-25 08:11:00+00:00,158.931,158.937,158.92,158.935,0
2026-05-25 08:12:00+00:00,158.935,158.935,158.933,158.934,0
2026-05-25 08:13:00+00:00,158.932,158.934,158.927,158.931,0
2026-05-25 08:14:00+00:00,158.931,158.941,158.924,158.938,0
2026-05-25 08:15:00+00:00,158.938,158.941,158.935,158.938,0
2026-05-25 08:16:00+00:00,158.938,158.95,158.937,158.948,0
2026-05-25 08:17:00+00:00,158.949,158.95,158.948,158.948,0
2026-05-25 08:18:00+00:00,158.95,158.953,158.95,158.952,0
2026-05-25 08:19:00+00:00,158.952,158.952,158.951,158.951,0
2026-05-25 08:20:00+00:00,158.95,158.95,158.944,158.947,0
2026-05-25 08:21:00+00:00,158.946,158.948,158.94,158.943,0
2026-05-25 08:22:00+00:00,158.942,158.946,158.937,158.946,0
2026-05-25 08:23:00+00:00,158.946,158.946,158.937,158.939,0
2026-05-25 08:24:00+00:00,158.938,158.941,158.936,158.94,0
2026-05-25 08:25:00+00:00,158.94,158.94,158.933,158.935,0
2026-05-25 08:26:00+00:00,158.935,158.94,158.934,158.937,0
2026-05-25 08:27:00+00:00,158.938,158.939,158.932,158.934,0
2026-05-25 08:28:00+00:00,158.933,158.935,158.933,158.934,0
2026-05-25 08:29:00+00:00,158.934,158.935,158.932,158.935,0
2026-05-25 08:30:00+00:00,158.934,158.938,158.925,158.925,0
2026-05-25 08:31:00+00:00,158.925,158.927,158.925,158.927,0
2026-05-25 08:32:00+00:00,158.928,158.928,158.924,158.927,0
2026-05-25 08:33:00+00:00,158.927,158.927,158.922,158.923,0
2026-05-25 08:34:00+00:00,158.924,158.924,158.923,158.924,0
2026-05-25 08:35:00+00:00,158.923,158.924,158.91,158.923,0
2026-05-25 08:36:00+00:00,158.922,158.935,158.919,158.921,0
2026-05-25 08:37:00+00:00,158.919,158.924,158.919,158.924,0
2026-05-25 08:38:00+00:00,158.925,158.935,158.922,158.935,0
2026-05-25 08:39:00+00:00,158.935,158.946,158.934,158.941,0
2026-05-25 08:40:00+00:00,158.939,158.939,158.935,158.937,0
2026-05-25 08:41:00+00:00,158.937,158.95,158.937,158.95,0
2026-05-25 08:42:00+00:00,158.95,158.95,158.948,158.95,0
2026-05-25 08:43:00+00:00,158.951,158.951,158.935,158.94,0
2026-05-25 08:44:00+00:00,158.941,158.941,158.935,158.936,0
2026-05-25 08:45:00+00:00,158.935,158.935,158.928,158.928,0
2026-05-25 08:46:00+00:00,158.929,158.935,158.927,158.934,0
2026-05-25 08:47:00+00:00,158.934,158.934,158.917,158.919,0
2026-05-25 08:48:00+00:00,158.921,158.923,158.916,158.919,0
2026-05-25 08:49:00+00:00,158.92,158.924,158.916,158.916,0
2026-05-25 08:50:00+00:00,158.917,158.923,158.913,158.921,0
2026-05-25 08:51:00+00:00,158.92,158.935,158.92,158.93,0
2026-05-25 08:52:00+00:00,158.932,158.951,158.93,158.941,0
2026-05-25 08:53:00+00:00,158.94,158.941,158.934,158.935,0
2026-05-25 08:54:00+00:00,158.934,158.936,158.932,158.935,0
2026-05-25 08:55:00+00:00,158.934,158.938,158.898,158.912,0
2026-05-25 08:56:00+00:00,158.913,158.925,158.911,158.925,0
2026-05-25 08:57:00+00:00,158.925,158.926,158.91,158.918,0
2026-05-25 08:58:00+00:00,158.92,158.928,158.913,158.913,0
2026-05-25 08:59:00+00:00,158.911,158.918,158.909,158.918,0
2026-05-25 09:00:00+00:00,158.914,158.915,158.913,158.915,0
2026-05-25 09:01:00+00:00,158.914,158.915,158.901,158.903,0
2026-05-25 09:02:00+00:00,158.903,158.909,158.896,158.903,0
2026-05-25 09:03:00+00:00,158.907,158.914,158.906,158.914,0
2026-05-25 09:04:00+00:00,158.913,158.913,158.906,158.908,0
2026-05-25 09:05:00+00:00,158.908,158.91,158.898,158.9,0
2026-05-25 09:06:00+00:00,158.903,158.912,158.901,158.911,0
2026-05-25 09:07:00+00:00,158.912,158.912,158.905,158.906,0
2026-05-25 09:08:00+00:00,158.907,158.914,158.906,158.913,0
2026-05-25 09:09:00+00:00,158.912,158.914,158.908,158.909,0
2026-05-25 09:10:00+00:00,158.911,158.911,158.905,158.91,0
2026-05-25 09:11:00+00:00,158.91,158.915,158.91,158.914,0
2026-05-25 09:12:00+00:00,158.914,158.926,158.914,158.915,0
2026-05-25 09:13:00+00:00,158.915,158.92,158.913,158.913,0
2026-05-25 09:14:00+00:00,158.913,158.937,158.913,158.937,0
2026-05-25 09:15:00+00:00,158.937,158.938,158.935,158.937,0
2026-05-25 09:16:00+00:00,158.938,158.938,158.932,158.932,0
2026-05-25 09:17:00+00:00,158.931,158.934,158.924,158.926,0
2026-05-25 09:18:00+00:00,158.925,158.928,158.925,158.927,0
2026-05-25 09:19:00+00:00,158.928,158.928,158.927,158.927,0
2026-05-25 09:20:00+00:00,158.928,158.94,158.928,158.929,0
2026-05-25 09:21:00+00:00,158.928,158.936,158.927,158.934,0
2026-05-25 09:22:00+00:00,158.935,158.939,158.93,158.937,0
2026-05-25 09:23:00+00:00,158.938,158.941,158.938,158.94,0
2026-05-25 09:24:00+00:00,158.94,158.94,158.938,158.939,0
2026-05-25 09:25:00+00:00,158.939,158.939,158.938,158.939,0
2026-05-25 09:26:00+00:00,158.938,158.938,158.924,158.925,0
2026-05-25 09:27:00+00:00,158.923,158.925,158.92,158.925,0
2026-05-25 09:28:00+00:00,158.927,158.934,158.925,158.93,0
2026-05-25 09:29:00+00:00,158.931,158.935,158.931,158.931,0
2026-05-25 09:30:00+00:00,158.93,158.93,158.926,158.926,0
2026-05-25 09:31:00+00:00,158.927,158.927,158.923,158.923,0
2026-05-25 09:32:00+00:00,158.923,158.923,158.918,158.918,0
2026-05-25 09:33:00+00:00,158.915,158.919,158.914,158.919,0
2026-05-25 09:34:00+00:00,158.918,158.923,158.915,158.921,0
2026-05-25 09:35:00+00:00,158.921,158.925,158.921,158.924,0
2026-05-25 09:36:00+00:00,158.926,158.931,158.925,158.927,0
2026-05-25 09:37:00+00:00,158.927,158.929,158.925,158.927,0
2026-05-25 09:38:00+00:00,158.926,158.926,158.924,158.925,0
2026-05-25 09:39:00+00:00,158.925,158.933,158.921,158.923,0
2026-05-25 09:40:00+00:00,158.922,158.923,158.913,158.914,0
2026-05-25 09:41:00+00:00,158.914,158.926,158.914,158.926,0
2026-05-25 09:42:00+00:00,158.925,158.925,158.921,158.921,0
2026-05-25 09:43:00+00:00,158.919,158.921,158.918,158.919,0
2026-05-25 09:44:00+00:00,158.92,158.92,158.919,158.919,0
2026-05-25 09:45:00+00:00,158.92,158.925,158.92,158.923,0
2026-05-25 09:46:00+00:00,158.923,158.924,158.915,158.924,0
2026-05-25 09:47:00+00:00,158.922,158.923,158.919,158.919,0
2026-05-25 09:48:00+00:00,158.917,158.926,158.916,158.926,0
2026-05-25 09:49:00+00:00,158.926,158.926,158.924,158.924,0
2026-05-25 09:50:00+00:00,158.923,158.925,158.923,158.925,0
2026-05-25 09:51:00+00:00,158.925,158.926,158.924,158.926,0
2026-05-25 09:52:00+00:00,158.925,158.926,158.924,158.924,0
2026-05-25 09:53:00+00:00,158.923,158.925,158.923,158.925,0
2026-05-25 09:54:00+00:00,158.927,158.928,158.924,158.926,0
2026-05-25 09:55:00+00:00,158.925,158.925,158.924,158.924,0
2026-05-25 09:56:00+00:00,158.925,158.925,158.925,158.925,0
2026-05-25 09:57:00+00:00,158.925,158.928,158.924,158.928,0
2026-05-25 09:58:00+00:00,158.928,158.936,158.927,158.935,0
2026-05-25 09:59:00+00:00,158.933,158.933,158.923,158.925,0
2026-05-25 10:00:00+00:00,158.924,158.924,158.92,158.92,0
2026-05-25 10:01:00+00:00,158.92,158.925,158.92,158.925,0
2026-05-25 10:02:00+00:00,158.926,158.926,158.924,158.924,0
2026-05-25 10:03:00+00:00,158.925,158.926,158.923,158.925,0
2026-05-25 10:04:00+00:00,158.926,158.926,158.919,158.921,0
2026-05-25 10:05:00+00:00,158.923,158.925,158.921,158.924,0
2026-05-25 10:06:00+00:00,158.924,158.926,158.923,158.926,0
2026-05-25 10:07:00+00:00,158.925,158.927,158.923,158.927,0
2026-05-25 10:08:00+00:00,158.927,158.935,158.923,158.923,0
2026-05-25 10:09:00+00:00,158.922,158.922,158.92,158.922,0
2026-05-25 10:10:00+00:00,158.921,158.927,158.918,158.927,0
2026-05-25 10:11:00+00:00,158.926,158.939,158.926,158.935,0
2026-05-25 10:12:00+00:00,158.935,158.935,158.935,158.935,0
2026-05-25 10:13:00+00:00,158.934,158.934,158.929,158.932,0
2026-05-25 10:14:00+00:00,158.931,158.932,158.931,158.931,0
2026-05-25 10:15:00+00:00,158.931,158.932,158.927,158.929,0
2026-05-25 10:16:00+00:00,158.929,158.929,158.924,158.927,0
2026-05-25 10:17:00+00:00,158.927,158.927,158.927,158.927,0
2026-05-25 10:18:00+00:00,158.927,158.927,158.926,158.927,0
2026-05-25 10:19:00+00:00,158.928,158.939,158.928,158.928,0
2026-05-25 10:20:00+00:00,158.928,158.935,158.928,158.934,0
2026-05-25 10:21:00+00:00,158.934,158.934,158.928,158.929,0
2026-05-25 10:22:00+00:00,158.93,158.93,158.929,158.93,0
2026-05-25 10:23:00+00:00,158.928,158.932,158.926,158.928,0
2026-05-25 10:24:00+00:00,158.928,158.93,158.928,158.93,0
2026-05-25 10:25:00+00:00,158.93,158.936,158.928,158.936,0
2026-05-25 10:26:00+00:00,158.936,158.936,158.929,158.929,0
2026-05-25 10:27:00+00:00,158.928,158.933,158.928,158.933,0
2026-05-25 10:28:00+00:00,158.93,158.933,158.93,158.931,0
2026-05-25 10:29:00+00:00,158.93,158.935,158.929,158.934,0
2026-05-25 10:30:00+00:00,158.934,158.934,158.928,158.928,0
2026-05-25 10:31:00+00:00,158.929,158.931,158.928,158.931,0
2026-05-25 10:32:00+00:00,158.931,158.935,158.929,158.933,0
2026-05-25 10:33:00+00:00,158.934,158.936,158.93,158.936,0
2026-05-25 10:34:00+00:00,158.937,158.949,158.937,158.946,0
2026-05-25 10:35:00+00:00,158.945,158.946,158.945,158.945,0
2026-05-25 10:36:00+00:00,158.947,158.95,158.94,158.94,0
2026-05-25 10:37:00+00:00,158.94,158.94,158.94,158.94,0
2026-05-25 10:38:00+00:00,158.942,158.944,158.939,158.941,0
2026-05-25 10:39:00+00:00,158.94,158.942,158.939,158.939,0
2026-05-25 10:40:00+00:00,158.94,158.94,158.937,158.938,0
2026-05-25 10:41:00+00:00,158.939,158.939,158.934,158.935,0
2026-05-25 10:42:00+00:00,158.933,158.938,158.933,158.938,0
2026-05-25 10:43:00+00:00,158.939,158.939,158.937,158.938,0
2026-05-25 10:44:00+00:00,158.937,158.937,158.929,158.929,0
2026-05-25 10:45:00+00:00,158.931,158.936,158.927,158.935,0
2026-05-25 10:46:00+00:00,158.932,158.937,158.932,158.937,0
2026-05-25 10:47:00+00:00,158.937,158.94,158.937,158.938,0
2026-05-25 10:48:00+00:00,158.938,158.94,158.936,158.938,0
2026-05-25 10:49:00+00:00,158.938,158.939,158.935,158.935,0
2026-05-25 10:50:00+00:00,158.935,158.938,158.935,158.936,0
2026-05-25 10:51:00+00:00,158.936,158.938,158.936,158.938,0
2026-05-25 10:52:00+00:00,158.938,158.938,158.935,158.937,0
2026-05-25 10:53:00+00:00,158.937,158.948,158.937,158.947,0
2026-05-25 10:54:00+00:00,158.945,158.945,158.938,158.939,0
2026-05-25 10:55:00+00:00,158.94,158.941,158.939,158.939,0
2026-05-25 10:56:00+00:00,158.939,158.94,158.939,158.94,0
2026-05-25 10:57:00+00:00,158.939,158.947,158.938,158.944,0
2026-05-25 10:58:00+00:00,158.945,158.945,158.94,158.941,0
2026-05-25 10:59:00+00:00,158.943,158.947,158.941,158.944,0
2026-05-25 11:00:00+00:00,158.944,158.948,158.94,158.94,0
2026-05-25 11:01:00+00:00,158.941,158.951,158.939,158.95,0
2026-05-25 11:02:00+00:00,158.949,158.951,158.945,158.951,0
2026-05-25 11:03:00+00:00,158.952,158.952,158.947,158.949,0
2026-05-25 11:04:00+00:00,158.949,158.95,158.948,158.95,0
2026-05-25 11:05:00+00:00,158.95,158.953,158.949,158.952,0
2026-05-25 11:06:00+00:00,158.952,158.958,158.951,158.953,0
2026-05-25 11:07:00+00:00,158.951,158.951,158.948,158.95,0
2026-05-25 11:08:00+00:00,158.951,158.951,158.949,158.949,0
2026-05-25 11:09:00+00:00,158.948,158.948,158.942,158.945,0
2026-05-25 11:10:00+00:00,158.944,158.945,158.939,158.944,0
2026-05-25 11:11:00+00:00,158.945,158.945,158.937,158.938,0
2026-05-25 11:12:00+00:00,158.938,158.941,158.937,158.938,0
2026-05-25 11:13:00+00:00,158.938,158.938,158.935,158.935,0
2026-05-25 11:14:00+00:00,158.935,158.937,158.935,158.936,0
2026-05-25 11:15:00+00:00,158.937,158.942,158.937,158.938,0
2026-05-25 11:16:00+00:00,158.938,158.938,158.937,158.937,0
2026-05-25 11:17:00+00:00,158.937,158.937,158.934,158.935,0
2026-05-25 11:18:00+00:00,158.934,158.934,158.933,158.934,0
2026-05-25 11:19:00+00:00,158.933,158.933,158.93,158.931,0
2026-05-25 11:20:00+00:00,158.931,158.935,158.93,158.935,0
2026-05-25 11:21:00+00:00,158.935,158.937,158.934,158.934,0
2026-05-25 11:22:00+00:00,158.934,158.936,158.933,158.936,0
2026-05-25 11:23:00+00:00,158.935,158.935,158.934,158.934,0
2026-05-25 11:24:00+00:00,158.937,158.938,158.935,158.936,0
2026-05-25 11:25:00+00:00,158.935,158.939,158.935,158.939,0
2026-05-25 11:26:00+00:00,158.938,158.94,158.938,158.939,0
2026-05-25 11:27:00+00:00,158.94,158.94,158.936,158.938,0
2026-05-25 11:28:00+00:00,158.938,158.939,158.937,158.937,0
2026-05-25 11:29:00+00:00,158.936,158.936,158.935,158.936,0
2026-05-25 11:30:00+00:00,158.936,158.937,158.918,158.919,0
2026-05-25 11:31:00+00:00,158.92,158.929,158.919,158.928,0
2026-05-25 11:32:00+00:00,158.926,158.93,158.925,158.926,0
2026-05-25 11:33:00+00:00,158.926,158.927,158.912,158.927,0
2026-05-25 11:34:00+00:00,158.928,158.928,158.927,158.927,0
2026-05-25 11:35:00+00:00,158.927,158.928,158.923,158.925,0
2026-05-25 11:36:00+00:00,158.924,158.925,158.913,158.913,0
2026-05-25 11:37:00+00:00,158.913,158.921,158.912,158.913,0
2026-05-25 11:38:00+00:00,158.913,158.914,158.9,158.912,0
2026-05-25 11:39:00+00:00,158.912,158.912,158.9,158.904,0
2026-05-25 11:40:00+00:00,158.903,158.908,158.901,158.905,0
2026-05-25 11:41:00+00:00,158.904,158.905,158.9,158.903,0
2026-05-25 11:42:00+00:00,158.904,158.908,158.901,158.903,0
2026-05-25 11:43:00+00:00,158.902,158.903,158.898,158.9,0
2026-05-25 11:44:00+00:00,158.901,158.902,158.897,158.899,0
2026-05-25 11:45:00+00:00,158.899,158.904,158.89,158.903,0
2026-05-25 11:46:00+00:00,158.904,158.904,158.9,158.9,0
2026-05-25 11:47:00+00:00,158.901,158.912,158.898,158.91,0
2026-05-25 11:48:00+00:00,158.911,158.913,158.899,158.906,0
2026-05-25 11:49:00+00:00,158.907,158.909,158.904,158.908,0
2026-05-25 11:50:00+00:00,158.906,158.909,158.906,158.908,0
2026-05-25 11:51:00+00:00,158.91,158.917,158.908,158.91,0
2026-05-25 11:52:00+00:00,158.908,158.908,158.904,158.906,0
2026-05-25 11:53:00+00:00,158.907,158.91,158.905,158.91,0
2026-05-25 11:54:00+00:00,158.91,158.91,158.9,158.905,0
2026-05-25 11:55:00+00:00,158.905,158.917,158.905,158.913,0
2026-05-25 11:56:00+00:00,158.917,158.924,158.915,158.923,0
2026-05-25 11:57:00+00:00,158.925,158.927,158.919,158.926,0
2026-05-25 11:58:00+00:00,158.929,158.939,158.925,158.933,0
2026-05-25 11:59:00+00:00,158.933,158.936,158.93,158.933,0
2026-05-25 12:00:00+00:00,158.933,158.94,158.927,158.927,0
2026-05-25 12:01:00+00:00,158.931,158.933,158.926,158.926,0
2026-05-25 12:02:00+00:00,158.928,158.928,158.923,158.924,0
2026-05-25 12:03:00+00:00,158.923,158.923,158.92,158.923,0
2026-05-25 12:04:00+00:00,158.921,158.922,158.909,158.914,0
2026-05-25 12:05:00+00:00,158.915,158.926,158.914,158.924,0
2026-05-25 12:06:00+00:00,158.924,158.927,158.921,158.926,0
2026-05-25 12:07:00+00:00,158.928,158.928,158.914,158.922,0
2026-05-25 12:08:00+00:00,158.922,158.924,158.913,158.914,0
2026-05-25 12:09:00+00:00,158.914,158.922,158.914,158.918,0
2026-05-25 12:10:00+00:00,158.918,158.918,158.914,158.916,0
2026-05-25 12:11:00+00:00,158.92,158.923,158.914,158.915,0
2026-05-25 12:12:00+00:00,158.918,158.921,158.913,158.913,0
2026-05-25 12:13:00+00:00,158.913,158.914,158.908,158.91,0
2026-05-25 12:14:00+00:00,158.911,158.911,158.897,158.901,0
2026-05-25 12:15:00+00:00,158.9,158.909,158.9,158.902,0
2026-05-25 12:16:00+00:00,158.902,158.902,158.898,158.899,0
2026-05-25 12:17:00+00:00,158.899,158.911,158.895,158.911,0
2026-05-25 12:18:00+00:00,158.91,158.912,158.902,158.904,0
2026-05-25 12:19:00+00:00,158.904,158.911,158.904,158.908,0
2026-05-25 12:20:00+00:00,158.911,158.921,158.911,158.921,0
2026-05-25 12:21:00+00:00,158.923,158.923,158.917,158.921,0
2026-05-25 12:22:00+00:00,158.92,158.921,158.91,158.91,0
2026-05-25 12:23:00+00:00,158.912,158.921,158.894,158.9,0
2026-05-25 12:24:00+00:00,158.899,158.908,158.898,158.901,0
2026-05-25 12:25:00+00:00,158.901,158.912,158.899,158.912,0
2026-05-25 12:26:00+00:00,158.912,158.913,158.911,158.912,0
2026-05-25 12:27:00+00:00,158.911,158.911,158.907,158.909,0
2026-05-25 12:28:00+00:00,158.908,158.909,158.906,158.909,0
2026-05-25 12:29:00+00:00,158.908,158.912,158.908,158.912,0
2026-05-25 12:30:00+00:00,158.911,158.921,158.91,158.916,0
2026-05-25 12:31:00+00:00,158.914,158.915,158.897,158.903,0
2026-05-25 12:32:00+00:00,158.903,158.905,158.899,158.9,0
2026-05-25 12:33:00+00:00,158.9,158.909,158.898,158.907,0
2026-05-25 12:34:00+00:00,158.907,158.907,158.896,158.9,0
2026-05-25 12:35:00+00:00,158.9,158.901,158.898,158.899,0
2026-05-25 12:36:00+00:00,158.899,158.901,158.898,158.9,0
2026-05-25 12:37:00+00:00,158.901,158.903,158.9,158.9,0
2026-05-25 12:38:00+00:00,158.9,158.905,158.895,158.9,0
2026-05-25 12:39:00+00:00,158.9,158.903,158.899,158.901,0
2026-05-25 12:40:00+00:00,158.901,158.902,158.891,158.9,0
2026-05-25 12:41:00+00:00,158.899,158.899,158.89,158.895,0
2026-05-25 12:42:00+00:00,158.894,158.897,158.89,158.894,0
2026-05-25 12:43:00+00:00,158.895,158.899,158.892,158.894,0
2026-05-25 12:44:00+00:00,158.893,158.895,158.889,158.893,0
2026-05-25 12:45:00+00:00,158.893,158.905,158.884,158.886,0
2026-05-25 12:46:00+00:00,158.885,158.886,158.878,158.882,0
2026-05-25 12:47:00+00:00,158.883,158.887,158.88,158.88,0
2026-05-25 12:48:00+00:00,158.881,158.887,158.879,158.885,0
2026-05-25 12:49:00+00:00,158.886,158.888,158.886,158.887,0
2026-05-25 12:50:00+00:00,158.887,158.889,158.884,158.889,0
2026-05-25 12:51:00+00:00,158.889,158.898,158.888,158.893,0
2026-05-25 12:52:00+00:00,158.893,158.898,158.892,158.893,0
2026-05-25 12:53:00+00:00,158.895,158.898,158.894,158.896,0
2026-05-25 12:54:00+00:00,158.894,158.899,158.893,158.898,0
2026-05-25 12:55:00+00:00,158.897,158.898,158.896,158.896,0
2026-05-25 12:56:00+00:00,158.897,158.898,158.895,158.896,0
2026-05-25 12:57:00+00:00,158.897,158.901,158.897,158.9,0
2026-05-25 12:58:00+00:00,158.9,158.908,158.9,158.9,0
2026-05-25 12:59:00+00:00,158.9,158.901,158.898,158.9,0
2026-05-25 13:00:00+00:00,158.9,158.903,158.898,158.898,0
2026-05-25 13:01:00+00:00,158.899,158.904,158.898,158.903,0
2026-05-25 13:02:00+00:00,158.902,158.906,158.898,158.9,0
2026-05-25 13:03:00+00:00,158.9,158.9,158.898,158.9,0
2026-05-25 13:04:00+00:00,158.901,158.903,158.893,158.9,0
2026-05-25 13:05:00+00:00,158.899,158.9,158.897,158.899,0
2026-05-25 13:06:00+00:00,158.899,158.901,158.895,158.899,0
2026-05-25 13:07:00+00:00,158.899,158.901,158.895,158.895,0
2026-05-25 13:08:00+00:00,158.895,158.899,158.89,158.89,0
2026-05-25 13:09:00+00:00,158.892,158.898,158.89,158.893,0
2026-05-25 13:10:00+00:00,158.892,158.897,158.888,158.889,0
2026-05-25 13:11:00+00:00,158.889,158.898,158.885,158.898,0
2026-05-25 13:12:00+00:00,158.898,158.899,158.895,158.895,0
2026-05-25 13:13:00+00:00,158.896,158.897,158.889,158.891,0
2026-05-25 13:14:00+00:00,158.894,158.896,158.888,158.891,0
2026-05-25 13:15:00+00:00,158.89,158.9,158.89,158.899,0
2026-05-25 13:16:00+00:00,158.898,158.898,158.888,158.896,0
2026-05-25 13:17:00+00:00,158.896,158.898,158.895,158.897,0
2026-05-25 13:18:00+00:00,158.897,158.898,158.897,158.898,0
2026-05-25 13:19:00+00:00,158.897,158.909,158.897,158.904,0
2026-05-25 13:20:00+00:00,158.904,158.912,158.898,158.91,0
2026-05-25 13:21:00+00:00,158.91,158.91,158.899,158.901,0
2026-05-25 13:22:00+00:00,158.902,158.91,158.9,158.904,0
2026-05-25 13:23:00+00:00,158.904,158.909,158.9,158.909,0
2026-05-25 13:24:00+00:00,158.91,158.91,158.905,158.909,0
2026-05-25 13:25:00+00:00,158.908,158.911,158.906,158.91,0
2026-05-25 13:26:00+00:00,158.909,158.911,158.899,158.907,0
2026-05-25 13:27:00+00:00,158.908,158.91,158.902,158.906,0
2026-05-25 13:28:00+00:00,158.907,158.915,158.904,158.911,0
2026-05-25 13:29:00+00:00,158.91,158.912,158.91,158.911,0
2026-05-25 13:30:00+00:00,158.911,158.912,158.898,158.91,0
2026-05-25 13:31:00+00:00,158.906,158.91,158.897,158.9,0
2026-05-25 13:32:00+00:00,158.9,158.911,158.899,158.911,0
2026-05-25 13:33:00+00:00,158.911,158.911,158.899,158.906,0
2026-05-25 13:34:00+00:00,158.908,158.91,158.901,158.903,0
2026-05-25 13:35:00+00:00,158.904,158.91,158.903,158.908,0
2026-05-25 13:36:00+00:00,158.909,158.91,158.903,158.907,0
2026-05-25 13:37:00+00:00,158.908,158.908,158.898,158.903,0
2026-05-25 13:38:00+00:00,158.904,158.911,158.901,158.91,0
2026-05-25 13:39:00+00:00,158.91,158.911,158.898,158.907,0
2026-05-25 13:40:00+00:00,158.908,158.908,158.901,158.901,0
2026-05-25 13:41:00+00:00,158.902,158.91,158.901,158.904,0
2026-05-25 13:42:00+00:00,158.905,158.907,158.899,158.907,0
2026-05-25 13:43:00+00:00,158.906,158.908,158.906,158.908,0
2026-05-25 13:44:00+00:00,158.909,158.909,158.902,158.908,0
2026-05-25 13:45:00+00:00,158.909,158.909,158.902,158.904,0
2026-05-25 13:46:00+00:00,158.905,158.91,158.905,158.908,0
2026-05-25 13:47:00+00:00,158.909,158.921,158.909,158.914,0
2026-05-25 13:48:00+00:00,158.914,158.92,158.91,158.912,0
2026-05-25 13:49:00+00:00,158.913,158.916,158.913,158.916,0
2026-05-25 13:50:00+00:00,158.915,158.916,158.911,158.913,0
2026-05-25 13:51:00+00:00,158.912,158.916,158.911,158.914,0
2026-05-25 13:52:00+00:00,158.915,158.922,158.911,158.913,0
2026-05-25 13:53:00+00:00,158.915,158.92,158.912,158.913,0
2026-05-25 13:54:00+00:00,158.915,158.919,158.913,158.914,0
2026-05-25 13:55:00+00:00,158.913,158.914,158.91,158.911,0
2026-05-25 13:56:00+00:00,158.91,158.918,158.91,158.915,0
2026-05-25 13:57:00+00:00,158.917,158.922,158.914,158.914,0
2026-05-25 13:58:00+00:00,158.914,158.916,158.911,158.914,0
2026-05-25 13:59:00+00:00,158.914,158.918,158.908,158.917,0
2026-05-25 14:00:00+00:00,158.92,158.92,158.913,158.919,0
2026-05-25 14:01:00+00:00,158.918,158.918,158.909,158.909,0
2026-05-25 14:02:00+00:00,158.911,158.922,158.911,158.915,0
2026-05-25 14:03:00+00:00,158.918,158.918,158.912,158.912,0
2026-05-25 14:04:00+00:00,158.911,158.911,158.903,158.911,0
2026-05-25 14:05:00+00:00,158.91,158.912,158.909,158.911,0
2026-05-25 14:06:00+00:00,158.91,158.91,158.909,158.909,0
2026-05-25 14:07:00+00:00,158.909,158.916,158.909,158.914,0
2026-05-25 14:08:00+00:00,158.914,158.915,158.913,158.914,0
2026-05-25 14:09:00+00:00,158.912,158.913,158.907,158.908,0
2026-05-25 14:10:00+00:00,158.909,158.911,158.909,158.91,0
2026-05-25 14:11:00+00:00,158.91,158.91,158.909,158.91,0
2026-05-25 14:12:00+00:00,158.91,158.915,158.908,158.914,0
2026-05-25 14:13:00+00:00,158.914,158.916,158.912,158.913,0
2026-05-25 14:14:00+00:00,158.913,158.914,158.913,158.913,0
2026-05-25 14:15:00+00:00,158.913,158.913,158.91,158.91,0
2026-05-25 14:16:00+00:00,158.909,158.911,158.908,158.911,0
2026-05-25 14:17:00+00:00,158.913,158.913,158.911,158.912,0
2026-05-25 14:18:00+00:00,158.913,158.913,158.911,158.911,0
2026-05-25 14:19:00+00:00,158.911,158.911,158.909,158.91,0
2026-05-25 14:20:00+00:00,158.91,158.91,158.903,158.909,0
2026-05-25 14:21:00+00:00,158.908,158.908,158.9,158.902,0
2026-05-25 14:22:00+00:00,158.903,158.91,158.899,158.904,0
2026-05-25 14:23:00+00:00,158.904,158.909,158.899,158.9,0
2026-05-25 14:24:00+00:00,158.899,158.903,158.899,158.902,0
2026-05-25 14:25:00+00:00,158.903,158.907,158.903,158.906,0
2026-05-25 14:26:00+00:00,158.906,158.91,158.902,158.904,0
2026-05-25 14:27:00+00:00,158.907,158.907,158.903,158.905,0
2026-05-25 14:28:00+00:00,158.905,158.906,158.903,158.905,0
2026-05-25 14:29:00+00:00,158.906,158.909,158.903,158.908,0
2026-05-25 14:30:00+00:00,158.906,158.91,158.904,158.909,0
2026-05-25 14:31:00+00:00,158.907,158.911,158.906,158.909,0
2026-05-25 14:32:00+00:00,158.91,158.911,158.908,158.909,0
2026-05-25 14:33:00+00:00,158.91,158.913,158.909,158.911,0
2026-05-25 14:34:00+00:00,158.91,158.912,158.909,158.912,0
2026-05-25 14:35:00+00:00,158.911,158.916,158.911,158.913,0
2026-05-25 14:36:00+00:00,158.914,158.915,158.911,158.911,0
2026-05-25 14:37:00+00:00,158.912,158.916,158.912,158.916,0
2026-05-25 14:38:00+00:00,158.915,158.915,158.912,158.912,0
2026-05-25 14:39:00+00:00,158.911,158.911,158.909,158.909,0
2026-05-25 14:40:00+00:00,158.909,158.909,158.908,158.909,0
2026-05-25 14:41:00+00:00,158.908,158.909,158.888,158.894,0
2026-05-25 14:42:00+00:00,158.895,158.9,158.894,158.9,0
2026-05-25 14:43:00+00:00,158.9,158.903,158.9,158.901,0
2026-05-25 14:44:00+00:00,158.903,158.903,158.896,158.897,0
2026-05-25 14:45:00+00:00,158.898,158.9,158.896,158.9,0
2026-05-25 14:46:00+00:00,158.9,158.903,158.894,158.899,0
2026-05-25 14:47:00+00:00,158.9,158.91,158.898,158.9,0
2026-05-25 14:48:00+00:00,158.9,158.909,158.895,158.9,0
2026-05-25 14:49:00+00:00,158.899,158.905,158.897,158.905,0
2026-05-25 14:50:00+00:00,158.904,158.904,158.899,158.901,0
2026-05-25 14:51:00+00:00,158.904,158.907,158.9,158.902,0
2026-05-25 14:52:00+00:00,158.9,158.902,158.9,158.901,0
2026-05-25 14:53:00+00:00,158.902,158.905,158.9,158.904,0
2026-05-25 14:54:00+00:00,158.903,158.916,158.902,158.915,0
2026-05-25 14:55:00+00:00,158.914,158.914,158.9,158.902,0
2026-05-25 14:56:00+00:00,158.904,158.909,158.904,158.908,0
2026-05-25 14:57:00+00:00,158.91,158.925,158.908,158.922,0
2026-05-25 14:58:00+00:00,158.921,158.922,158.91,158.915,0
2026-05-25 14:59:00+00:00,158.914,158.923,158.909,158.917,0
2026-05-25 15:00:00+00:00,158.92,158.926,158.92,158.924,0
2026-05-25 15:01:00+00:00,158.924,158.924,158.921,158.924,0
2026-05-25 15:02:00+00:00,158.924,158.936,158.923,158.925,0
2026-05-25 15:03:00+00:00,158.929,158.93,158.925,158.926,0
2026-05-25 15:04:00+00:00,158.925,158.931,158.923,158.924,0
2026-05-25 15:05:00+00:00,158.926,158.932,158.923,158.929,0
2026-05-25 15:06:00+00:00,158.929,158.933,158.927,158.932,0
2026-05-25 15:07:00+00:00,158.936,158.946,158.928,158.93,0
2026-05-25 15:08:00+00:00,158.932,158.935,158.931,158.932,0
2026-05-25 15:09:00+00:00,158.932,158.948,158.932,158.945,0
2026-05-25 15:10:00+00:00,158.946,158.946,158.908,158.908,0
2026-05-25 15:11:00+00:00,158.908,158.917,158.885,158.911,0
2026-05-25 15:12:00+00:00,158.91,158.921,158.907,158.914,0
2026-05-25 15:13:00+00:00,158.913,158.921,158.912,158.92,0
2026-05-25 15:14:00+00:00,158.92,158.928,158.92,158.922,0
2026-05-25 15:15:00+00:00,158.923,158.924,158.914,158.919,0
2026-05-25 15:16:00+00:00,158.922,158.925,158.917,158.919,0
2026-05-25 15:17:00+00:00,158.919,158.923,158.914,158.92,0
2026-05-25 15:18:00+00:00,158.916,158.916,158.91,158.912,0
2026-05-25 15:19:00+00:00,158.912,158.913,158.899,158.909,0
2026-05-25 15:20:00+00:00,158.91,158.91,158.899,158.9,0
2026-05-25 15:21:00+00:00,158.902,158.914,158.901,158.908,0
2026-05-25 15:22:00+00:00,158.908,158.908,158.906,158.907,0
2026-05-25 15:23:00+00:00,158.907,158.912,158.901,158.902,0
2026-05-25 15:24:00+00:00,158.903,158.913,158.901,158.912,0
2026-05-25 15:25:00+00:00,158.912,158.912,158.902,158.909,0
2026-05-25 15:26:00+00:00,158.908,158.908,158.891,158.902,0
2026-05-25 15:27:00+00:00,158.902,158.911,158.899,158.911,0
2026-05-25 15:28:00+00:00,158.912,158.912,158.902,158.902,0
2026-05-25 15:29:00+00:00,158.901,158.912,158.898,158.905,0
2026-05-25 15:30:00+00:00,158.906,158.907,158.903,158.905,0
2026-05-25 15:31:00+00:00,158.906,158.909,158.9,158.9,0
2026-05-25 15:32:00+00:00,158.9,158.902,158.899,158.899,0
2026-05-25 15:33:00+00:00,158.899,158.902,158.899,158.899,0
2026-05-25 15:34:00+00:00,158.896,158.899,158.891,158.899,0
2026-05-25 15:35:00+00:00,158.898,158.899,158.893,158.893,0
2026-05-25 15:36:00+00:00,158.893,158.9,158.893,158.897,0
2026-05-25 15:37:00+00:00,158.897,158.9,158.891,158.9,0
2026-05-25 15:38:00+00:00,158.899,158.9,158.899,158.9,0
2026-05-25 15:39:00+00:00,158.9,158.901,158.899,158.901,0
2026-05-25 15:40:00+00:00,158.902,158.902,158.901,158.901,0
2026-05-25 15:41:00+00:00,158.902,158.912,158.902,158.907,0
2026-05-25 15:42:00+00:00,158.906,158.907,158.899,158.899,0
2026-05-25 15:43:00+00:00,158.901,158.901,158.898,158.898,0
2026-05-25 15:44:00+00:00,158.9,158.9,158.899,158.899,0
2026-05-25 15:45:00+00:00,158.9,158.902,158.899,158.902,0
2026-05-25 15:46:00+00:00,158.9,158.9,158.889,158.893,0
2026-05-25 15:47:00+00:00,158.892,158.898,158.892,158.898,0
2026-05-25 15:48:00+00:00,158.896,158.904,158.895,158.901,0
2026-05-25 15:49:00+00:00,158.901,158.904,158.901,158.904,0
2026-05-25 15:50:00+00:00,158.903,158.909,158.9,158.9,0
2026-05-25 15:51:00+00:00,158.9,158.903,158.899,158.899,0
2026-05-25 15:52:00+00:00,158.899,158.899,158.88,158.884,0
2026-05-25 15:53:00+00:00,158.885,158.888,158.884,158.888,0
2026-05-25 15:54:00+00:00,158.89,158.891,158.888,158.888,0
2026-05-25 15:55:00+00:00,158.888,158.889,158.888,158.889,0
2026-05-25 15:56:00+00:00,158.889,158.889,158.886,158.886,0
2026-05-25 15:57:00+00:00,158.887,158.894,158.887,158.894,0
2026-05-25 15:58:00+00:00,158.893,158.897,158.893,158.895,0
2026-05-25 15:59:00+00:00,158.895,158.897,158.895,158.897,0
2026-05-25 16:00:00+00:00,158.895,158.902,158.895,158.902,0
2026-05-25 16:01:00+00:00,158.901,158.909,158.899,158.901,0
2026-05-25 16:02:00+00:00,158.902,158.902,158.896,158.896,0
2026-05-25 16:03:00+00:00,158.895,158.898,158.892,158.898,0
2026-05-25 16:04:00+00:00,158.9,158.911,158.9,158.906,0
2026-05-25 16:05:00+00:00,158.905,158.913,158.904,158.913,0
2026-05-25 16:06:00+00:00,158.913,158.914,158.913,158.913,0
2026-05-25 16:07:00+00:00,158.913,158.913,158.904,158.904,0
2026-05-25 16:08:00+00:00,158.902,158.902,158.898,158.899,0
2026-05-25 16:09:00+00:00,158.9,158.904,158.9,158.903,0
2026-05-25 16:10:00+00:00,158.904,158.908,158.903,158.906,0
2026-05-25 16:11:00+00:00,158.903,158.906,158.898,158.899,0
2026-05-25 16:12:00+00:00,158.9,158.91,158.899,158.91,0
2026-05-25 16:13:00+00:00,158.911,158.911,158.904,158.904,0
2026-05-25 16:14:00+00:00,158.904,158.908,158.901,158.901,0
2026-05-25 16:15:00+00:00,158.9,158.901,158.9,158.901,0
2026-05-25 16:16:00+00:00,158.902,158.91,158.902,158.905,0
2026-05-25 16:17:00+00:00,158.907,158.907,158.902,158.902,0
2026-05-25 16:18:00+00:00,158.902,158.911,158.901,158.91,0
2026-05-25 16:19:00+00:00,158.91,158.913,158.91,158.912,0
2026-05-25 16:20:00+00:00,158.913,158.913,158.909,158.909,0
2026-05-25 16:21:00+00:00,158.911,158.913,158.906,158.906,0
2026-05-25 16:22:00+00:00,158.909,158.911,158.907,158.908,0
2026-05-25 16:23:00+00:00,158.909,158.915,158.903,158.913,0
2026-05-25 16:24:00+00:00,158.914,158.914,158.907,158.908,0
2026-05-25 16:25:00+00:00,158.909,158.91,158.904,158.91,0
2026-05-25 16:26:00+00:00,158.911,158.913,158.911,158.912,0
2026-05-25 16:27:00+00:00,158.912,158.912,158.912,158.912,0
2026-05-25 16:28:00+00:00,158.912,158.912,158.912,158.912,0
2026-05-25 16:29:00+00:00,158.914,158.919,158.913,158.913,0
2026-05-25 16:30:00+00:00,158.913,158.913,158.913,158.913,0
2026-05-25 16:31:00+00:00,158.917,158.919,158.913,158.914,0
2026-05-25 16:32:00+00:00,158.913,158.913,158.911,158.911,0
2026-05-25 16:33:00+00:00,158.911,158.914,158.911,158.914,0
2026-05-25 16:34:00+00:00,158.914,158.914,158.911,158.913,0
2026-05-25 16:35:00+00:00,158.914,158.914,158.908,158.909,0
2026-05-25 16:36:00+00:00,158.91,158.911,158.907,158.907,0
2026-05-25 16:37:00+00:00,158.907,158.907,158.906,158.907,0
2026-05-25 16:38:00+00:00,158.906,158.907,158.902,158.906,0
2026-05-25 16:39:00+00:00,158.907,158.915,158.907,158.915,0
2026-05-25 16:40:00+00:00,158.914,158.922,158.914,158.915,0
2026-05-25 16:41:00+00:00,158.913,158.913,158.91,158.911,0
2026-05-25 16:42:00+00:00,158.911,158.916,158.91,158.915,0
2026-05-25 16:43:00+00:00,158.914,158.915,158.909,158.912,0
2026-05-25 16:44:00+00:00,158.912,158.914,158.912,158.914,0
2026-05-25 16:45:00+00:00,158.914,158.914,158.91,158.911,0
2026-05-25 16:46:00+00:00,158.911,158.911,158.909,158.91,0
2026-05-25 16:47:00+00:00,158.91,158.91,158.901,158.901,0
2026-05-25 16:48:00+00:00,158.902,158.91,158.9,158.906,0
2026-05-25 16:49:00+00:00,158.905,158.907,158.901,158.905,0
2026-05-25 16:50:00+00:00,158.905,158.905,158.896,158.901,0
2026-05-25 16:51:00+00:00,158.902,158.902,158.896,158.898,0
2026-05-25 16:52:00+00:00,158.898,158.903,158.898,158.903,0
2026-05-25 16:53:00+00:00,158.903,158.913,158.898,158.906,0
2026-05-25 16:54:00+00:00,158.906,158.908,158.906,158.908,0
2026-05-25 16:55:00+00:00,158.908,158.908,158.9,158.906,0
2026-05-25 16:56:00+00:00,158.904,158.904,158.898,158.899,0
2026-05-25 16:57:00+00:00,158.9,158.903,158.896,158.897,0
2026-05-25 16:58:00+00:00,158.896,158.901,158.895,158.901,0
2026-05-25 16:59:00+00:00,158.9,158.9,158.89,158.895,0
2026-05-25 17:00:00+00:00,158.894,158.896,158.892,158.894,0
2026-05-25 17:01:00+00:00,158.893,158.896,158.893,158.896,0
2026-05-25 17:02:00+00:00,158.896,158.896,158.891,158.891,0
2026-05-25 17:03:00+00:00,158.892,158.895,158.892,158.895,0
2026-05-25 17:04:00+00:00,158.893,158.895,158.892,158.895,0
2026-05-25 17:05:00+00:00,158.894,158.897,158.894,158.895,0
2026-05-25 17:06:00+00:00,158.897,158.899,158.895,158.898,0
2026-05-25 17:07:00+00:00,158.899,158.9,158.894,158.894,0
2026-05-25 17:08:00+00:00,158.895,158.897,158.894,158.896,0
2026-05-25 17:09:00+00:00,158.896,158.897,158.894,158.894,0
2026-05-25 17:10:00+00:00,158.894,158.894,158.892,158.892,0
2026-05-25 17:11:00+00:00,158.892,158.892,158.888,158.889,0
2026-05-25 17:12:00+00:00,158.89,158.893,158.888,158.891,0
2026-05-25 17:13:00+00:00,158.89,158.898,158.89,158.898,0
2026-05-25 17:14:00+00:00,158.896,158.907,158.896,158.901,0
2026-05-25 17:15:00+00:00,158.899,158.899,158.894,158.895,0
2026-05-25 17:16:00+00:00,158.893,158.893,158.888,158.889,0
2026-05-25 17:17:00+00:00,158.889,158.89,158.887,158.887,0
2026-05-25 17:18:00+00:00,158.887,158.889,158.886,158.889,0
2026-05-25 17:19:00+00:00,158.891,158.893,158.888,158.889,0
2026-05-25 17:20:00+00:00,158.891,158.893,158.89,158.89,0
2026-05-25 17:21:00+00:00,158.895,158.897,158.894,158.897,0
2026-05-25 17:22:00+00:00,158.898,158.901,158.898,158.899,0
2026-05-25 17:23:00+00:00,158.899,158.901,158.899,158.901,0
2026-05-25 17:24:00+00:00,158.901,158.902,158.899,158.901,0
2026-05-25 17:25:00+00:00,158.901,158.901,158.899,158.901,0
2026-05-25 17:26:00+00:00,158.899,158.9,158.899,158.9,0
2026-05-25 17:27:00+00:00,158.9,158.901,158.9,158.901,0
2026-05-25 17:28:00+00:00,158.896,158.897,158.895,158.895,0
2026-05-25 17:29:00+00:00,158.896,158.897,158.896,158.897,0
2026-05-25 17:30:00+00:00,158.895,158.895,158.893,158.895,0
2026-05-25 17:31:00+00:00,158.895,158.895,158.888,158.888,0
2026-05-25 17:32:00+00:00,158.888,158.89,158.888,158.89,0
2026-05-25 17:33:00+00:00,158.89,158.892,158.89,158.892,0
2026-05-25 17:34:00+00:00,158.892,158.892,158.892,158.892,0
2026-05-25 17:35:00+00:00,158.892,158.892,158.891,158.891,0
2026-05-25 17:36:00+00:00,158.892,158.892,158.891,158.891,0
2026-05-25 17:37:00+00:00,158.892,158.902,158.892,158.902,0
2026-05-25 17:38:00+00:00,158.901,158.901,158.886,158.887,0
2026-05-25 17:39:00+00:00,158.888,158.889,158.887,158.889,0
2026-05-25 17:40:00+00:00,158.889,158.889,158.888,158.888,0
2026-05-25 17:41:00+00:00,158.888,158.889,158.888,158.889,0
2026-05-25 17:42:00+00:00,158.888,158.888,158.888,158.888,0
2026-05-25 17:43:00+00:00,158.887,158.889,158.887,158.889,0
2026-05-25 17:44:00+00:00,158.889,158.889,158.889,158.889,0
2026-05-25 17:45:00+00:00,158.891,158.9,158.89,158.898,0
2026-05-25 17:46:00+00:00,158.899,158.899,158.898,158.899,0
2026-05-25 17:47:00+00:00,158.899,158.899,158.899,158.899,0
2026-05-25 17:48:00+00:00,158.901,158.901,158.899,158.899,0
2026-05-25 17:49:00+00:00,158.899,158.901,158.899,158.899,0
2026-05-25 17:50:00+00:00,158.899,158.901,158.899,158.9,0
2026-05-25 17:51:00+00:00,158.9,158.9,158.9,158.9,0
2026-05-25 17:52:00+00:00,158.9,158.9,158.9,158.9,0
2026-05-25 17:53:00+00:00,158.899,158.899,158.889,158.89,0
2026-05-25 17:54:00+00:00,158.889,158.889,158.889,158.889,0
2026-05-25 17:55:00+00:00,158.89,158.891,158.889,158.891,0
2026-05-25 17:56:00+00:00,158.891,158.895,158.891,158.894,0
2026-05-25 17:57:00+00:00,158.894,158.894,158.894,158.894,0
2026-05-25 17:58:00+00:00,158.895,158.895,158.895,158.895,0
2026-05-25 17:59:00+00:00,158.896,158.896,158.895,158.895,0
2026-05-25 18:00:00+00:00,158.895,158.895,158.894,158.894,0
2026-05-25 18:01:00+00:00,158.894,158.896,158.894,158.894,0
2026-05-25 18:02:00+00:00,158.896,158.896,158.892,158.894,0
2026-05-25 18:03:00+00:00,158.893,158.895,158.893,158.894,0
2026-05-25 18:04:00+00:00,158.895,158.895,158.894,158.894,0
2026-05-25 18:05:00+00:00,158.895,158.895,158.894,158.894,0
2026-05-25 18:06:00+00:00,158.894,158.894,158.894,158.894,0
2026-05-25 18:07:00+00:00,158.895,158.896,158.895,158.895,0
2026-05-25 18:08:00+00:00,158.893,158.895,158.893,158.895,0
2026-05-25 18:09:00+00:00,158.892,158.892,158.889,158.889,0
2026-05-25 18:10:00+00:00,158.889,158.889,158.889,158.889,0
2026-05-25 18:11:00+00:00,158.89,158.89,158.89,158.89,0
2026-05-25 18:12:00+00:00,158.89,158.89,158.89,158.89,0
2026-05-25 18:13:00+00:00,158.89,158.89,158.89,158.89,0
2026-05-25 18:14:00+00:00,158.89,158.89,158.89,158.89,0
2026-05-25 18:15:00+00:00,158.889,158.889,158.887,158.887,0
2026-05-25 18:16:00+00:00,158.888,158.89,158.888,158.89,0
2026-05-25 18:17:00+00:00,158.89,158.89,158.89,158.89,0
2026-05-25 18:18:00+00:00,158.89,158.89,158.889,158.89,0
2026-05-25 18:19:00+00:00,158.89,158.891,158.889,158.89,0
2026-05-25 18:20:00+00:00,158.89,158.891,158.888,158.89,0
2026-05-25 18:21:00+00:00,158.889,158.9,158.889,158.898,0
2026-05-25 18:22:00+00:00,158.898,158.898,158.896,158.896,0
2026-05-25 18:23:00+00:00,158.896,158.897,158.895,158.896,0
2026-05-25 18:24:00+00:00,158.899,158.9,158.897,158.898,0
2026-05-25 18:25:00+00:00,158.898,158.898,158.897,158.897,0
2026-05-25 18:26:00+00:00,158.897,158.897,158.897,158.897,0
2026-05-25 18:27:00+00:00,158.896,158.896,158.896,158.896,0
2026-05-25 18:28:00+00:00,158.896,158.897,158.895,158.895,0
2026-05-25 18:29:00+00:00,158.896,158.9,158.896,158.9,0
2026-05-25 18:30:00+00:00,158.899,158.902,158.899,158.901,0
2026-05-25 18:31:00+00:00,158.9,158.902,158.9,158.902,0
2026-05-25 18:32:00+00:00,158.902,158.902,158.901,158.902,0
2026-05-25 18:33:00+00:00,158.902,158.902,158.902,158.902,0
2026-05-25 18:34:00+00:00,158.902,158.902,158.902,158.902,0
2026-05-25 18:35:00+00:00,158.902,158.902,158.9,158.901,0
2026-05-25 18:36:00+00:00,158.901,158.901,158.901,158.901,0
2026-05-25 18:37:00+00:00,158.901,158.902,158.901,158.902,0
2026-05-25 18:38:00+00:00,158.901,158.901,158.9,158.9,0
2026-05-25 18:39:00+00:00,158.901,158.901,158.901,158.901,0
2026-05-25 18:40:00+00:00,158.902,158.903,158.902,158.903,0
2026-05-25 18:41:00+00:00,158.903,158.903,158.902,158.902,0
2026-05-25 18:42:00+00:00,158.903,158.904,158.903,158.904,0
2026-05-25 18:43:00+00:00,158.904,158.904,158.904,158.904,0
2026-05-25 18:44:00+00:00,158.904,158.904,158.904,158.904,0
2026-05-25 18:45:00+00:00,158.903,158.903,158.902,158.902,0
2026-05-25 18:46:00+00:00,158.902,158.902,158.901,158.902,0
2026-05-25 18:47:00+00:00,158.902,158.902,158.902,158.902,0
2026-05-25 18:48:00+00:00,158.904,158.904,158.904,158.904,0
2026-05-25 18:49:00+00:00,158.903,158.905,158.901,158.901,0
2026-05-25 18:50:00+00:00,158.902,158.902,158.902,158.902,0
2026-05-25 18:51:00+00:00,158.901,158.901,158.897,158.9,0
2026-05-25 18:52:00+00:00,158.901,158.901,158.901,158.901,0
2026-05-25 18:53:00+00:00,158.901,158.901,158.901,158.901,0
2026-05-25 18:54:00+00:00,158.901,158.901,158.901,158.901,0
2026-05-25 18:55:00+00:00,158.9,158.901,158.9,158.901,0
2026-05-25 18:56:00+00:00,158.902,158.902,158.902,158.902,0
2026-05-25 18:57:00+00:00,158.903,158.903,158.903,158.903,0
2026-05-25 18:58:00+00:00,158.903,158.903,158.903,158.903,0
2026-05-25 18:59:00+00:00,158.903,158.903,158.903,158.903,0
2026-05-25 19:00:00+00:00,158.903,158.903,158.901,158.901,0
2026-05-25 19:01:00+00:00,158.9,158.9,158.899,158.899,0
2026-05-25 19:02:00+00:00,158.9,158.9,158.9,158.9,0
2026-05-25 19:03:00+00:00,158.901,158.901,158.9,158.9,0
2026-05-25 19:04:00+00:00,158.901,158.901,158.901,158.901,0
2026-05-25 19:05:00+00:00,158.901,158.901,158.901,158.901,0
2026-05-25 19:06:00+00:00,158.9,158.901,158.9,158.901,0
2026-05-25 19:07:00+00:00,158.901,158.901,158.901,158.901,0
2026-05-25 19:08:00+00:00,158.899,158.899,158.892,158.899,0
2026-05-25 19:09:00+00:00,158.901,158.901,158.9,158.9,0
2026-05-25 19:10:00+00:00,158.902,158.903,158.902,158.903,0
2026-05-25 19:11:00+00:00,158.903,158.903,158.903,158.903,0
2026-05-25 19:12:00+00:00,158.903,158.903,158.903,158.903,0
2026-05-25 19:13:00+00:00,158.903,158.903,158.902,158.903,0
2026-05-25 19:14:00+00:00,158.903,158.903,158.901,158.901,0
2026-05-25 19:15:00+00:00,158.902,158.902,158.902,158.902,0
2026-05-25 19:16:00+00:00,158.902,158.904,158.902,158.904,0
2026-05-25 19:17:00+00:00,158.904,158.904,158.904,158.904,0
2026-05-25 19:18:00+00:00,158.904,158.904,158.901,158.901,0
2026-05-25 19:19:00+00:00,158.901,158.901,158.901,158.901,0
2026-05-25 19:20:00+00:00,158.902,158.904,158.901,158.904,0
2026-05-25 19:21:00+00:00,158.904,158.904,158.903,158.903,0
2026-05-25 19:22:00+00:00,158.903,158.903,158.903,158.903,0
2026-05-25 19:23:00+00:00,158.901,158.901,158.892,158.893,0
2026-05-25 19:24:00+00:00,158.891,158.893,158.891,158.893,0
2026-05-25 19:25:00+00:00,158.893,158.902,158.893,158.902,0
2026-05-25 19:26:00+00:00,158.902,158.902,158.901,158.901,0
2026-05-25 19:27:00+00:00,158.901,158.901,158.899,158.899,0
2026-05-25 19:28:00+00:00,158.9,158.9,158.9,158.9,0
2026-05-25 19:29:00+00:00,158.897,158.9,158.89,158.9,0
2026-05-25 19:30:00+00:00,158.9,158.906,158.9,158.905,0
2026-05-25 19:31:00+00:00,158.904,158.905,158.904,158.905,0
2026-05-25 19:32:00+00:00,158.905,158.905,158.905,158.905,0
2026-05-25 19:33:00+00:00,158.905,158.905,158.904,158.904,0
2026-05-25 19:34:00+00:00,158.905,158.906,158.905,158.905,0
2026-05-25 19:35:00+00:00,158.903,158.903,158.903,158.903,0
2026-05-25 19:36:00+00:00,158.904,158.904,158.904,158.904,0
2026-05-25 19:37:00+00:00,158.903,158.903,158.901,158.901,0
2026-05-25 19:38:00+00:00,158.902,158.903,158.901,158.901,0
2026-05-25 19:39:00+00:00,158.9,158.9,158.896,158.899,0
2026-05-25 19:40:00+00:00,158.898,158.899,158.897,158.899,0
2026-05-25 19:41:00+00:00,158.899,158.899,158.899,158.899,0
2026-05-25 19:42:00+00:00,158.899,158.899,158.899,158.899,0
2026-05-25 19:43:00+00:00,158.9,158.903,158.899,158.902,0
2026-05-25 19:44:00+00:00,158.902,158.902,158.902,158.902,0
2026-05-25 19:45:00+00:00,158.903,158.903,158.903,158.903,0
2026-05-25 19:46:00+00:00,158.903,158.903,158.902,158.902,0
2026-05-25 19:47:00+00:00,158.907,158.907,158.904,158.905,0
2026-05-25 19:48:00+00:00,158.904,158.905,158.904,158.905,0
2026-05-25 19:49:00+00:00,158.903,158.905,158.903,158.903,0
2026-05-25 19:50:00+00:00,158.906,158.915,158.906,158.914,0
2026-05-25 19:51:00+00:00,158.914,158.918,158.914,158.918,0
2026-05-25 19:52:00+00:00,158.917,158.918,158.914,158.914,0
2026-05-25 19:53:00+00:00,158.914,158.915,158.914,158.915,0
2026-05-25 19:54:00+00:00,158.915,158.915,158.915,158.915,0
2026-05-25 19:55:00+00:00,158.917,158.918,158.915,158.915,0
2026-05-25 19:56:00+00:00,158.915,158.915,158.915,158.915,0
2026-05-25 19:57:00+00:00,158.914,158.914,158.914,158.914,0
2026-05-25 19:58:00+00:00,158.913,158.915,158.91,158.91,0
2026-05-25 19:59:00+00:00,158.91,158.913,158.91,158.912,0
2026-05-25 20:00:00+00:00,158.912,158.912,158.911,158.912,0
2026-05-25 20:01:00+00:00,158.913,158.913,158.91,158.911,0
2026-05-25 20:02:00+00:00,158.91,158.91,158.908,158.908,0
2026-05-25 20:03:00+00:00,158.909,158.909,158.909,158.909,0
2026-05-25 20:04:00+00:00,158.91,158.911,158.909,158.911,0
2026-05-25 20:05:00+00:00,158.912,158.912,158.912,158.912,0
2026-05-25 20:06:00+00:00,158.912,158.912,158.912,158.912,0
2026-05-25 20:07:00+00:00,158.913,158.914,158.912,158.914,0
2026-05-25 20:08:00+00:00,158.916,158.924,158.916,158.919,0
2026-05-25 20:09:00+00:00,158.922,158.922,158.919,158.92,0
2026-05-25 20:10:00+00:00,158.919,158.919,158.91,158.91,0
2026-05-25 20:11:00+00:00,158.911,158.912,158.91,158.912,0
2026-05-25 20:12:00+00:00,158.913,158.913,158.912,158.912,0
2026-05-25 20:13:00+00:00,158.911,158.912,158.906,158.908,0
2026-05-25 20:14:00+00:00,158.909,158.91,158.908,158.909,0
2026-05-25 20:15:00+00:00,158.911,158.911,158.911,158.911,0
2026-05-25 20:16:00+00:00,158.91,158.911,158.91,158.91,0
2026-05-25 20:17:00+00:00,158.91,158.91,158.91,158.91,0
2026-05-25 20:18:00+00:00,158.909,158.91,158.909,158.909,0
2026-05-25 20:19:00+00:00,158.909,158.913,158.909,158.912,0
2026-05-25 20:20:00+00:00,158.914,158.915,158.913,158.913,0
2026-05-25 20:21:00+00:00,158.914,158.919,158.914,158.915,0
2026-05-25 20:22:00+00:00,158.916,158.916,158.916,158.916,0
2026-05-25 20:23:00+00:00,158.916,158.916,158.914,158.914,0
2026-05-25 20:24:00+00:00,158.919,158.919,158.914,158.915,0
2026-05-25 20:25:00+00:00,158.916,158.916,158.915,158.915,0
2026-05-25 20:26:00+00:00,158.917,158.922,158.917,158.922,0
2026-05-25 20:27:00+00:00,158.922,158.922,158.918,158.919,0
2026-05-25 20:28:00+00:00,158.922,158.923,158.918,158.918,0
2026-05-25 20:29:00+00:00,158.919,158.92,158.918,158.919,0
2026-05-25 20:30:00+00:00,158.921,158.921,158.919,158.92,0
2026-05-25 20:31:00+00:00,158.92,158.921,158.916,158.918,0
2026-05-25 20:32:00+00:00,158.919,158.92,158.918,158.919,0
2026-05-25 20:33:00+00:00,158.919,158.92,158.919,158.92,0
2026-05-25 20:34:00+00:00,158.92,158.922,158.919,158.922,0
2026-05-25 20:35:00+00:00,158.923,158.923,158.92,158.921,0
2026-05-25 20:36:00+00:00,158.921,158.923,158.92,158.92,0
2026-05-25 20:37:00+00:00,158.921,158.921,158.921,158.921,0
2026-05-25 20:38:00+00:00,158.92,158.928,158.92,158.921,0
2026-05-25 20:39:00+00:00,158.92,158.922,158.92,158.92,0
2026-05-25 20:40:00+00:00,158.92,158.939,158.917,158.938,0
2026-05-25 20:41:00+00:00,158.938,158.938,158.936,158.936,0
2026-05-25 20:42:00+00:00,158.935,158.935,158.933,158.934,0
2026-05-25 20:43:00+00:00,158.933,158.933,158.927,158.931,0
2026-05-25 20:44:00+00:00,158.933,158.933,158.928,158.929,0
2026-05-25 20:45:00+00:00,158.93,158.93,158.924,158.926,0
2026-05-25 20:46:00+00:00,158.927,158.927,158.923,158.926,0
2026-05-25 20:47:00+00:00,158.924,158.927,158.923,158.923,0
2026-05-25 20:48:00+00:00,158.924,158.925,158.923,158.923,0
2026-05-25 20:49:00+00:00,158.924,158.926,158.923,158.924,0
2026-05-25 20:50:00+00:00,158.924,158.925,158.921,158.921,0
2026-05-25 20:51:00+00:00,158.923,158.923,158.917,158.919,0
2026-05-25 20:52:00+00:00,158.92,158.922,158.919,158.92,0
2026-05-25 20:53:00+00:00,158.921,158.924,158.921,158.921,0
2026-05-25 20:54:00+00:00,158.921,158.921,158.921,158.921,0
2026-05-25 20:55:00+00:00,158.918,158.92,158.918,158.92,0
2026-05-25 20:56:00+00:00,158.916,158.918,158.916,158.918,0
2026-05-25 20:57:00+00:00,158.916,158.916,158.916,158.916,0
2026-05-25 20:58:00+00:00,158.919,158.92,158.917,158.917,0
2026-05-25 20:59:00+00:00,158.92,158.925,158.887,158.887,0
2026-05-25 21:00:00+00:00,158.887,158.887,158.844,158.844,0
2026-05-25 21:01:00+00:00,158.844,158.844,158.844,158.844,0
2026-05-25 21:02:00+00:00,158.844,158.844,158.844,158.844,0
2026-05-25 21:03:00+00:00,158.844,158.844,158.844,158.844,0
2026-05-25 21:04:00+00:00,158.82,158.841,158.784,158.841,0
2026-05-25 21:05:00+00:00,158.838,158.838,158.838,158.838,0
2026-05-25 21:06:00+00:00,158.838,158.838,158.838,158.838,0
2026-05-25 21:07:00+00:00,158.83,158.833,158.83,158.833,0
2026-05-25 21:08:00+00:00,158.813,158.839,158.813,158.837,0
2026-05-25 21:09:00+00:00,158.838,158.849,158.838,158.849,0
2026-05-25 21:10:00+00:00,158.849,158.85,158.842,158.85,0
2026-05-25 21:11:00+00:00,158.85,158.85,158.85,158.85,0
2026-05-25 21:12:00+00:00,158.85,158.85,158.849,158.85,0
2026-05-25 21:13:00+00:00,158.849,158.85,158.845,158.85,0
2026-05-25 21:14:00+00:00,158.85,158.85,158.846,158.846,0
2026-05-25 21:15:00+00:00,158.841,158.874,158.838,158.871,0
2026-05-25 21:16:00+00:00,158.871,158.871,158.871,158.871,0
2026-05-25 21:17:00+00:00,158.871,158.871,158.871,158.871,0
2026-05-25 21:18:00+00:00,158.871,158.871,158.868,158.868,0
2026-05-25 21:19:00+00:00,158.868,158.868,158.868,158.868,0
2026-05-25 21:20:00+00:00,158.868,158.874,158.868,158.874,0
2026-05-25 21:21:00+00:00,158.874,158.893,158.871,158.893,0
2026-05-25 21:22:00+00:00,158.892,158.892,158.886,158.886,0
2026-05-25 21:23:00+00:00,158.89,158.89,158.89,158.89,0
2026-05-25 21:24:00+00:00,158.836,158.836,158.827,158.827,0
2026-05-25 21:25:00+00:00,158.893,158.893,158.876,158.876,0
2026-05-25 21:26:00+00:00,158.844,158.844,158.844,158.844,0
2026-05-25 21:27:00+00:00,158.843,158.882,158.843,158.882,0
2026-05-25 21:28:00+00:00,158.883,158.883,158.872,158.872,0
2026-05-25 21:29:00+00:00,158.85,158.85,158.841,158.841,0
2026-05-25 21:30:00+00:00,158.849,158.886,158.842,158.886,0
2026-05-25 21:31:00+00:00,158.841,158.841,158.841,158.841,0
2026-05-25 21:32:00+00:00,158.824,158.889,158.824,158.889,0
2026-05-25 21:33:00+00:00,158.888,158.888,158.888,158.888,0
2026-05-25 21:34:00+00:00,158.889,158.889,158.888,158.889,0
2026-05-25 21:35:00+00:00,158.889,158.889,158.888,158.888,0
2026-05-25 21:36:00+00:00,158.889,158.893,158.887,158.889,0
2026-05-25 21:37:00+00:00,158.888,158.889,158.887,158.889,0
2026-05-25 21:38:00+00:00,158.871,158.872,158.871,158.872,0
2026-05-25 21:39:00+00:00,158.87,158.874,158.868,158.868,0
2026-05-25 21:40:00+00:00,158.889,158.889,158.871,158.882,0
2026-05-25 21:41:00+00:00,158.882,158.885,158.882,158.885,0
2026-05-25 21:42:00+00:00,158.886,158.886,158.852,158.853,0
2026-05-25 21:43:00+00:00,158.854,158.856,158.851,158.855,0
2026-05-25 21:44:00+00:00,158.857,158.87,158.849,158.87,0
2026-05-25 21:45:00+00:00,158.868,158.879,158.866,158.879,0
2026-05-25 21:46:00+00:00,158.878,158.878,158.878,158.878,0
2026-05-25 21:47:00+00:00,158.878,158.879,158.878,158.879,0
2026-05-25 21:48:00+00:00,158.879,158.881,158.867,158.867,0
2026-05-25 21:49:00+00:00,158.867,158.873,158.866,158.873,0
2026-05-25 21:50:00+00:00,158.874,158.875,158.865,158.874,0
2026-05-25 21:51:00+00:00,158.874,158.876,158.868,158.869,0
2026-05-25 21:52:00+00:00,158.871,158.871,158.864,158.866,0
2026-05-25 21:53:00+00:00,158.866,158.878,158.865,158.875,0
2026-05-25 21:54:00+00:00,158.874,158.877,158.873,158.875,0
2026-05-25 21:55:00+00:00,158.876,158.879,158.869,158.874,0
2026-05-25 21:56:00+00:00,158.874,158.88,158.874,158.878,0
2026-05-25 21:57:00+00:00,158.879,158.88,158.877,158.88,0
2026-05-25 21:58:00+00:00,158.88,158.885,158.88,158.885,0
2026-05-25 21:59:00+00:00,158.875,158.875,158.872,158.874,0
2026-05-25 22:00:00+00:00,158.89,158.942,158.873,158.928,0
2026-05-25 22:01:00+00:00,158.929,158.945,158.928,158.942,0
2026-05-25 22:02:00+00:00,158.943,158.949,158.943,158.949,0
2026-05-25 22:03:00+00:00,158.95,158.956,158.947,158.953,0
2026-05-25 22:04:00+00:00,158.958,158.959,158.958,158.959,0
2026-05-25 22:05:00+00:00,158.954,158.954,158.947,158.948,0
2026-05-25 22:06:00+00:00,158.953,158.953,158.943,158.944,0
2026-05-25 22:07:00+00:00,158.944,158.947,158.922,158.922,0
2026-05-25 22:08:00+00:00,158.922,158.924,158.922,158.922,0
2026-05-25 22:09:00+00:00,158.921,158.922,158.921,158.922,0
2026-05-25 22:10:00+00:00,158.922,158.923,158.91,158.911,0
2026-05-25 22:11:00+00:00,158.911,158.911,158.898,158.911,0
2026-05-25 22:12:00+00:00,158.912,158.912,158.909,158.912,0
2026-05-25 22:13:00+00:00,158.912,158.912,158.912,158.912,0
2026-05-25 22:14:00+00:00,158.912,158.92,158.912,158.917,0
2026-05-25 22:15:00+00:00,158.917,158.917,158.916,158.917,0
2026-05-25 22:16:00+00:00,158.91,158.91,158.897,158.899,0
2026-05-25 22:17:00+00:00,158.907,158.911,158.907,158.911,0
2026-05-25 22:18:00+00:00,158.912,158.912,158.911,158.912,0
2026-05-25 22:19:00+00:00,158.911,158.911,158.91,158.91,0
2026-05-25 22:20:00+00:00,158.91,158.911,158.91,158.91,0
2026-05-25 22:21:00+00:00,158.913,158.913,158.906,158.909,0
2026-05-25 22:22:00+00:00,158.909,158.909,158.908,158.908,0
2026-05-25 22:23:00+00:00,158.91,158.911,158.909,158.909,0
2026-05-25 22:24:00+00:00,158.909,158.911,158.909,158.909,0
2026-05-25 22:25:00+00:00,158.91,158.91,158.91,158.91,0
2026-05-25 22:26:00+00:00,158.91,158.91,158.91,158.91,0
2026-05-25 22:27:00+00:00,158.908,158.91,158.908,158.91,0
2026-05-25 22:28:00+00:00,158.909,158.91,158.909,158.91,0
2026-05-25 22:29:00+00:00,158.919,158.922,158.912,158.922,0
2026-05-25 22:30:00+00:00,158.921,158.936,158.921,158.936,0
2026-05-25 22:31:00+00:00,158.936,158.942,158.932,158.933,0
2026-05-25 22:32:00+00:00,158.933,158.937,158.924,158.935,0
2026-05-25 22:33:00+00:00,158.936,158.942,158.936,158.937,0
2026-05-25 22:34:00+00:00,158.937,158.937,158.934,158.934,0
2026-05-25 22:35:00+00:00,158.936,158.936,158.933,158.933,0
2026-05-25 22:36:00+00:00,158.933,158.934,158.932,158.933,0
2026-05-25 22:37:00+00:00,158.932,158.932,158.928,158.928,0
2026-05-25 22:38:00+00:00,158.927,158.927,158.921,158.927,0
2026-05-25 22:39:00+00:00,158.926,158.926,158.923,158.924,0
2026-05-25 22:40:00+00:00,158.925,158.926,158.922,158.924,0
2026-05-25 22:41:00+00:00,158.923,158.928,158.923,158.927,0
2026-05-25 22:42:00+00:00,158.927,158.927,158.927,158.927,0
2026-05-25 22:43:00+00:00,158.925,158.925,158.919,158.923,0
2026-05-25 22:44:00+00:00,158.922,158.923,158.921,158.922,0
2026-05-25 22:45:00+00:00,158.923,158.923,158.92,158.922,0
2026-05-25 22:46:00+00:00,158.922,158.922,158.917,158.919,0
2026-05-25 22:47:00+00:00,158.921,158.922,158.92,158.921,0
2026-05-25 22:48:00+00:00,158.921,158.923,158.921,158.923,0
2026-05-25 22:49:00+00:00,158.921,158.923,158.921,158.923,0
2026-05-25 22:50:00+00:00,158.923,158.923,158.922,158.922,0
2026-05-25 22:51:00+00:00,158.922,158.922,158.922,158.922,0
2026-05-25 22:52:00+00:00,158.922,158.922,158.92,158.921,0
2026-05-25 22:53:00+00:00,158.921,158.922,158.921,158.921,0
2026-05-25 22:54:00+00:00,158.923,158.923,158.921,158.921,0
2026-05-25 22:55:00+00:00,158.921,158.924,158.921,158.924,0
2026-05-25 22:56:00+00:00,158.924,158.924,158.92,158.92,0
2026-05-25 22:57:00+00:00,158.92,158.92,158.92,158.92,0
2026-05-25 22:58:00+00:00,158.922,158.923,158.922,158.923,0
2026-05-25 22:59:00+00:00,158.924,158.924,158.924,158.924,0
2026-05-25 23:00:00+00:00,158.923,158.926,158.923,158.924,0
2026-05-25 23:01:00+00:00,158.926,158.926,158.925,158.925,0
2026-05-25 23:02:00+00:00,158.923,158.923,158.911,158.911,0
2026-05-25 23:03:00+00:00,158.913,158.914,158.913,158.914,0
2026-05-25 23:04:00+00:00,158.912,158.925,158.911,158.925,0
2026-05-25 23:05:00+00:00,158.924,158.924,158.922,158.923,0
2026-05-25 23:06:00+00:00,158.922,158.922,158.919,158.92,0
2026-05-25 23:07:00+00:00,158.92,158.922,158.919,158.92,0
2026-05-25 23:08:00+00:00,158.921,158.922,158.919,158.919,0
2026-05-25 23:09:00+00:00,158.92,158.924,158.92,158.92,0
2026-05-25 23:10:00+00:00,158.92,158.924,158.919,158.922,0
2026-05-25 23:11:00+00:00,158.922,158.922,158.922,158.922,0
2026-05-25 23:12:00+00:00,158.923,158.923,158.922,158.922,0
2026-05-25 23:13:00+00:00,158.923,158.923,158.922,158.922,0
2026-05-25 23:14:00+00:00,158.921,158.921,158.921,158.921,0
2026-05-25 23:15:00+00:00,158.921,158.921,158.921,158.921,0
2026-05-25 23:16:00+00:00,158.921,158.921,158.921,158.921,0
2026-05-25 23:17:00+00:00,158.918,158.918,158.909,158.91,0
2026-05-25 23:18:00+00:00,158.911,158.911,158.911,158.911,0
2026-05-25 23:19:00+00:00,158.911,158.913,158.91,158.913,0
2026-05-25 23:20:00+00:00,158.914,158.914,158.913,158.913,0
2026-05-25 23:21:00+00:00,158.913,158.913,158.913,158.913,0
2026-05-25 23:22:00+00:00,158.913,158.913,158.913,158.913,0
2026-05-25 23:23:00+00:00,158.912,158.914,158.912,158.913,0
2026-05-25 23:24:00+00:00,158.911,158.949,158.911,158.936,0
2026-05-25 23:25:00+00:00,158.937,158.937,158.923,158.923,0
2026-05-25 23:26:00+00:00,158.924,158.936,158.924,158.931,0
2026-05-25 23:27:00+00:00,158.933,158.938,158.933,158.936,0
2026-05-25 23:28:00+00:00,158.937,158.948,158.937,158.937,0
2026-05-25 23:29:00+00:00,158.937,158.945,158.937,158.937,0
2026-05-25 23:30:00+00:00,158.941,158.948,158.941,158.947,0
2026-05-25 23:31:00+00:00,158.948,158.948,158.947,158.947,0
2026-05-25 23:32:00+00:00,158.947,158.951,158.94,158.949,0
2026-05-25 23:33:00+00:00,158.951,158.963,158.949,158.951,0
2026-05-25 23:34:00+00:00,158.956,158.956,158.95,158.952,0
2026-05-25 23:35:00+00:00,158.952,158.952,158.952,158.952,0
2026-05-25 23:36:00+00:00,158.953,158.963,158.951,158.959,0
2026-05-25 23:37:00+00:00,158.959,158.964,158.957,158.958,0
2026-05-25 23:38:00+00:00,158.961,158.963,158.953,158.957,0
2026-05-25 23:39:00+00:00,158.956,158.961,158.955,158.961,0
2026-05-25 23:40:00+00:00,158.961,158.961,158.952,158.956,0
2026-05-25 23:41:00+00:00,158.956,158.96,158.952,158.956,0
2026-05-25 23:42:00+00:00,158.956,158.958,158.949,158.95,0
2026-05-25 23:43:00+00:00,158.95,158.95,158.95,158.95,0
2026-05-25 23:44:00+00:00,158.95,158.96,158.95,158.95,0
2026-05-25 23:45:00+00:00,158.949,158.951,158.932,158.934,0
2026-05-25 23:46:00+00:00,158.935,158.945,158.935,158.944,0
2026-05-25 23:47:00+00:00,158.944,158.946,158.933,158.934,0
2026-05-25 23:48:00+00:00,158.936,158.95,158.935,158.935,0
2026-05-25 23:49:00+00:00,158.935,158.937,158.934,158.936,0
2026-05-25 23:50:00+00:00,158.938,158.949,158.936,158.937,0
2026-05-25 23:51:00+00:00,158.939,158.946,158.936,158.936,0
2026-05-25 23:52:00+00:00,158.936,158.937,158.934,158.935,0
2026-05-25 23:53:00+00:00,158.937,158.94,158.936,158.936,0
2026-05-25 23:54:00+00:00,158.936,158.936,158.935,158.935,0
2026-05-25 23:55:00+00:00,158.936,158.938,158.936,158.937,0
2026-05-25 23:56:00+00:00,158.938,158.948,158.937,158.947,0
2026-05-25 23:57:00+00:00,158.947,158.949,158.946,158.949,0
2026-05-25 23:58:00+00:00,158.951,158.953,158.95,158.953,0
2026-05-25 23:59:00+00:00,158.954,158.955,158.951,158.955,0
2026-05-26 00:00:00+00:00,158.952,158.964,158.948,158.949,0
2026-05-26 00:01:00+00:00,158.95,158.96,158.948,158.959,0
2026-05-26 00:02:00+00:00,158.959,158.96,158.949,158.949,0
2026-05-26 00:03:00+00:00,158.948,158.948,158.934,158.935,0
2026-05-26 00:04:00+00:00,158.936,158.938,158.935,158.936,0
2026-05-26 00:05:00+00:00,158.937,158.948,158.936,158.948,0
2026-05-26 00:06:00+00:00,158.948,158.954,158.939,158.951,0
2026-05-26 00:07:00+00:00,158.952,158.956,158.948,158.954,0
2026-05-26 00:08:00+00:00,158.953,158.953,158.949,158.95,0
2026-05-26 00:09:00+00:00,158.952,158.962,158.951,158.951,0
2026-05-26 00:10:00+00:00,158.95,158.964,158.95,158.961,0
2026-05-26 00:11:00+00:00,158.962,158.966,158.962,158.966,0
2026-05-26 00:12:00+00:00,158.965,158.966,158.956,158.959,0
2026-05-26 00:13:00+00:00,158.96,158.964,158.959,158.964,0
2026-05-26 00:14:00+00:00,158.963,158.964,158.948,158.964,0
2026-05-26 00:15:00+00:00,158.963,158.963,158.949,158.954,0
2026-05-26 00:16:00+00:00,158.954,158.962,158.951,158.956,0
2026-05-26 00:17:00+00:00,158.957,158.965,158.957,158.961,0
2026-05-26 00:18:00+00:00,158.961,158.973,158.96,158.969,0
2026-05-26 00:19:00+00:00,158.966,158.978,158.965,158.976,0
2026-05-26 00:20:00+00:00,158.977,158.988,158.972,158.988,0
2026-05-26 00:21:00+00:00,158.991,158.991,158.977,158.98,0
2026-05-26 00:22:00+00:00,158.983,158.987,158.977,158.987,0
2026-05-26 00:23:00+00:00,158.985,158.986,158.972,158.972,0
2026-05-26 00:24:00+00:00,158.973,158.982,158.972,158.98,0
2026-05-26 00:25:00+00:00,158.98,158.986,158.975,158.975,0
2026-05-26 00:26:00+00:00,158.976,158.979,158.97,158.979,0
2026-05-26 00:27:00+00:00,158.978,158.978,158.966,158.975,0
2026-05-26 00:28:00+00:00,158.976,158.984,158.975,158.98,0
2026-05-26 00:29:00+00:00,158.981,158.982,158.977,158.978,0
2026-05-26 00:30:00+00:00,158.978,158.978,158.947,158.959,0
2026-05-26 00:31:00+00:00,158.963,158.963,158.946,158.948,0
2026-05-26 00:32:00+00:00,158.949,158.962,158.949,158.961,0
2026-05-26 00:33:00+00:00,158.96,158.962,158.949,158.949,0
2026-05-26 00:34:00+00:00,158.954,158.959,158.954,158.956,0
2026-05-26 00:35:00+00:00,158.957,158.959,158.949,158.949,0
2026-05-26 00:36:00+00:00,158.949,158.953,158.949,158.951,0
2026-05-26 00:37:00+00:00,158.958,158.959,158.954,158.954,0
2026-05-26 00:38:00+00:00,158.952,158.959,158.952,158.959,0
2026-05-26 00:39:00+00:00,158.959,158.959,158.951,158.951,0
2026-05-26 00:40:00+00:00,158.952,158.958,158.952,158.955,0
2026-05-26 00:41:00+00:00,158.955,158.959,158.947,158.959,0
2026-05-26 00:42:00+00:00,158.959,158.963,158.951,158.952,0
2026-05-26 00:43:00+00:00,158.954,158.955,158.948,158.951,0
2026-05-26 00:44:00+00:00,158.95,158.952,158.95,158.952,0
2026-05-26 00:45:00+00:00,158.951,158.952,158.945,158.951,0
2026-05-26 00:46:00+00:00,158.949,158.952,158.946,158.95,0
2026-05-26 00:47:00+00:00,158.951,158.953,158.948,158.953,0
2026-05-26 00:48:00+00:00,158.953,158.954,158.952,158.953,0
2026-05-26 00:49:00+00:00,158.955,158.964,158.952,158.953,0
2026-05-26 00:50:00+00:00,158.955,158.966,158.955,158.961,0
2026-05-26 00:51:00+00:00,158.959,158.971,158.957,158.966,0
2026-05-26 00:52:00+00:00,158.968,158.979,158.963,158.971,0
2026-05-26 00:53:00+00:00,158.972,158.973,158.96,158.968,0
2026-05-26 00:54:00+00:00,158.97,158.989,158.961,158.987,0
2026-05-26 00:55:00+00:00,158.984,158.99,158.97,158.971,0
2026-05-26 00:56:00+00:00,158.968,158.974,158.967,158.973,0
2026-05-26 00:57:00+00:00,158.974,158.975,158.96,158.967,0
2026-05-26 00:58:00+00:00,158.968,158.968,158.96,158.965,0
2026-05-26 00:59:00+00:00,158.963,158.976,158.962,158.968,0
2026-05-26 01:00:00+00:00,158.971,158.987,158.971,158.979,0
2026-05-26 01:01:00+00:00,158.978,158.989,158.974,158.985,0
2026-05-26 01:02:00+00:00,158.985,158.986,158.981,158.981,0
2026-05-26 01:03:00+00:00,158.984,158.992,158.981,158.99,0
2026-05-26 01:04:00+00:00,158.991,159.003,158.989,159.0,0
2026-05-26 01:05:00+00:00,158.999,159.0,158.993,158.995,0
2026-05-26 01:06:00+00:00,158.99,158.997,158.984,158.995,0
2026-05-26 01:07:00+00:00,158.993,158.993,158.985,158.985,0
2026-05-26 01:08:00+00:00,158.986,158.994,158.985,158.989,0
2026-05-26 01:09:00+00:00,158.989,158.991,158.981,158.989,0
2026-05-26 01:10:00+00:00,158.989,158.989,158.983,158.987,0
2026-05-26 01:11:00+00:00,158.988,158.989,158.981,158.984,0
2026-05-26 01:12:00+00:00,158.983,158.984,158.973,158.973,0
2026-05-26 01:13:00+00:00,158.972,158.973,158.97,158.97,0
2026-05-26 01:14:00+00:00,158.968,158.972,158.957,158.963,0
2026-05-26 01:15:00+00:00,158.961,158.97,158.959,158.964,0
2026-05-26 01:16:00+00:00,158.963,158.969,158.959,158.964,0
2026-05-26 01:17:00+00:00,158.966,158.966,158.961,158.964,0
2026-05-26 01:18:00+00:00,158.963,158.973,158.962,158.971,0
2026-05-26 01:19:00+00:00,158.971,158.974,158.944,158.957,0
2026-05-26 01:20:00+00:00,158.958,158.961,158.95,158.961,0
2026-05-26 01:21:00+00:00,158.961,158.972,158.961,158.962,0
2026-05-26 01:22:00+00:00,158.961,158.963,158.959,158.961,0
2026-05-26 01:23:00+00:00,158.961,158.965,158.948,158.963,0
2026-05-26 01:24:00+00:00,158.962,158.963,158.949,158.959,0
2026-05-26 01:25:00+00:00,158.96,158.971,158.958,158.971,0
2026-05-26 01:26:00+00:00,158.97,158.97,158.957,158.96,0
2026-05-26 01:27:00+00:00,158.96,158.96,158.96,158.96,0
2026-05-26 01:28:00+00:00,158.96,158.962,158.96,158.96,0
2026-05-26 01:29:00+00:00,158.96,158.96,158.949,158.951,0
2026-05-26 01:30:00+00:00,158.951,158.959,158.949,158.949,0
2026-05-26 01:31:00+00:00,158.95,158.957,158.949,158.954,0
2026-05-26 01:32:00+00:00,158.956,158.957,158.949,158.952,0
2026-05-26 01:33:00+00:00,158.951,158.959,158.951,158.951,0
2026-05-26 01:34:00+00:00,158.95,158.959,158.95,158.954,0
2026-05-26 01:35:00+00:00,158.954,158.955,158.951,158.951,0
2026-05-26 01:36:00+00:00,158.954,158.96,158.952,158.96,0
2026-05-26 01:37:00+00:00,158.96,158.962,158.958,158.962,0
2026-05-26 01:38:00+00:00,158.961,158.963,158.961,158.961,0
2026-05-26 01:39:00+00:00,158.96,158.971,158.959,158.964,0
2026-05-26 01:40:00+00:00,158.963,158.972,158.963,158.971,0
2026-05-26 01:41:00+00:00,158.973,158.978,158.971,158.976,0
2026-05-26 01:42:00+00:00,158.977,158.979,158.97,158.971,0
2026-05-26 01:43:00+00:00,158.971,158.971,158.961,158.97,0
2026-05-26 01:44:00+00:00,158.97,158.971,158.962,158.964,0
2026-05-26 01:45:00+00:00,158.963,158.971,158.962,158.962,0
2026-05-26 01:46:00+00:00,158.962,158.97,158.961,158.962,0
2026-05-26 01:47:00+00:00,158.961,158.963,158.96,158.961,0
2026-05-26 01:48:00+00:00,158.962,158.965,158.961,158.963,0
2026-05-26 01:49:00+00:00,158.962,158.962,158.954,158.96,0
2026-05-26 01:50:00+00:00,158.958,158.959,158.958,158.959,0
2026-05-26 01:51:00+00:00,158.962,158.964,158.961,158.964,0
2026-05-26 01:52:00+00:00,158.963,158.964,158.961,158.963,0
2026-05-26 01:53:00+00:00,158.963,158.964,158.961,158.964,0
2026-05-26 01:54:00+00:00,158.963,158.963,158.958,158.959,0
2026-05-26 01:55:00+00:00,158.96,158.963,158.951,158.963,0
2026-05-26 01:56:00+00:00,158.964,158.964,158.951,158.957,0
2026-05-26 01:57:00+00:00,158.958,158.962,158.957,158.96,0
2026-05-26 01:58:00+00:00,158.96,158.966,158.958,158.966,0
2026-05-26 01:59:00+00:00,158.966,158.97,158.966,158.967,0
2026-05-26 02:00:00+00:00,158.971,158.971,158.958,158.964,0
2026-05-26 02:01:00+00:00,158.962,158.962,158.958,158.958,0
2026-05-26 02:02:00+00:00,158.961,158.962,158.96,158.96,0
2026-05-26 02:03:00+00:00,158.959,158.96,158.956,158.96,0
2026-05-26 02:04:00+00:00,158.959,158.959,158.956,158.956,0
2026-05-26 02:05:00+00:00,158.959,158.964,158.959,158.963,0
2026-05-26 02:06:00+00:00,158.963,158.964,158.961,158.961,0
2026-05-26 02:07:00+00:00,158.96,158.96,158.955,158.956,0
2026-05-26 02:08:00+00:00,158.954,158.954,158.954,158.954,0
2026-05-26 02:09:00+00:00,158.954,158.954,158.951,158.952,0
2026-05-26 02:10:00+00:00,158.955,158.958,158.955,158.955,0
2026-05-26 02:11:00+00:00,158.954,158.954,158.954,158.954,0
2026-05-26 02:12:00+00:00,158.957,158.962,158.957,158.961,0
2026-05-26 02:13:00+00:00,158.963,158.966,158.953,158.953,0
2026-05-26 02:14:00+00:00,158.953,158.96,158.953,158.954,0
2026-05-26 02:15:00+00:00,158.957,158.959,158.955,158.955,0
2026-05-26 02:16:00+00:00,158.955,158.955,158.95,158.952,0
2026-05-26 02:17:00+00:00,158.952,158.959,158.951,158.952,0
2026-05-26 02:18:00+00:00,158.952,158.958,158.952,158.958,0
2026-05-26 02:19:00+00:00,158.957,158.957,158.952,158.952,0
2026-05-26 02:20:00+00:00,158.952,158.952,158.946,158.948,0
2026-05-26 02:21:00+00:00,158.947,158.954,158.945,158.947,0
2026-05-26 02:22:00+00:00,158.948,158.951,158.947,158.947,0
2026-05-26 02:23:00+00:00,158.951,158.954,158.946,158.946,0
2026-05-26 02:24:00+00:00,158.946,158.947,158.94,158.942,0
2026-05-26 02:25:00+00:00,158.943,158.951,158.942,158.95,0
2026-05-26 02:26:00+00:00,158.951,158.951,158.942,158.943,0
2026-05-26 02:27:00+00:00,158.945,158.947,158.936,158.941,0
2026-05-26 02:28:00+00:00,158.939,158.949,158.939,158.948,0
2026-05-26 02:29:00+00:00,158.946,158.949,158.946,158.947,0
2026-05-26 02:30:00+00:00,158.946,158.947,158.946,158.946,0
2026-05-26 02:31:00+00:00,158.946,158.946,158.94,158.941,0
2026-05-26 02:32:00+00:00,158.942,158.942,158.937,158.939,0
2026-05-26 02:33:00+00:00,158.94,158.94,158.937,158.939,0
2026-05-26 02:34:00+00:00,158.939,158.939,158.937,158.937,0
2026-05-26 02:35:00+00:00,158.938,158.951,158.938,158.945,0
2026-05-26 02:36:00+00:00,158.945,158.953,158.945,158.95,0
2026-05-26 02:37:00+00:00,158.949,158.951,158.945,158.949,0
2026-05-26 02:38:00+00:00,158.952,158.958,158.95,158.95,0
2026-05-26 02:39:00+00:00,158.951,158.959,158.951,158.954,0
2026-05-26 02:40:00+00:00,158.952,158.957,158.95,158.95,0
2026-05-26 02:41:00+00:00,158.952,158.959,158.95,158.955,0
2026-05-26 02:42:00+00:00,158.956,158.961,158.956,158.96,0
2026-05-26 02:43:00+00:00,158.961,158.966,158.961,158.966,0
2026-05-26 02:44:00+00:00,158.967,158.971,158.967,158.971,0
2026-05-26 02:45:00+00:00,158.972,158.984,158.972,158.98,0
2026-05-26 02:46:00+00:00,158.979,158.984,158.971,158.971,0
2026-05-26 02:47:00+00:00,158.971,158.971,158.964,158.964,0
2026-05-26 02:48:00+00:00,158.964,158.967,158.96,158.961,0
2026-05-26 02:49:00+00:00,158.962,158.964,158.961,158.961,0
2026-05-26 02:50:00+00:00,158.961,158.962,158.96,158.96,0
2026-05-26 02:51:00+00:00,158.961,158.961,158.958,158.96,0
2026-05-26 02:52:00+00:00,158.959,158.96,158.959,158.959,0
2026-05-26 02:53:00+00:00,158.957,158.958,158.95,158.95,0
2026-05-26 02:54:00+00:00,158.952,158.958,158.951,158.953,0
2026-05-26 02:55:00+00:00,158.951,158.956,158.95,158.95,0
2026-05-26 02:56:00+00:00,158.95,158.95,158.949,158.949,0
2026-05-26 02:57:00+00:00,158.95,158.955,158.95,158.951,0
2026-05-26 02:58:00+00:00,158.951,158.952,158.95,158.952,0
2026-05-26 02:59:00+00:00,158.951,158.951,158.938,158.945,0
2026-05-26 03:00:00+00:00,158.942,158.942,158.94,158.941,0
2026-05-26 03:01:00+00:00,158.939,158.939,158.937,158.937,0
2026-05-26 03:02:00+00:00,158.939,158.941,158.936,158.94,0
2026-05-26 03:03:00+00:00,158.937,158.938,158.937,158.938,0
2026-05-26 03:04:00+00:00,158.938,158.938,158.935,158.938,0
2026-05-26 03:05:00+00:00,158.938,158.938,158.922,158.924,0
2026-05-26 03:06:00+00:00,158.925,158.927,158.924,158.924,0
2026-05-26 03:07:00+00:00,158.924,158.926,158.924,158.926,0
2026-05-26 03:08:00+00:00,158.926,158.936,158.925,158.929,0
2026-05-26 03:09:00+00:00,158.93,158.93,158.926,158.929,0
2026-05-26 03:10:00+00:00,158.93,158.93,158.927,158.928,0
2026-05-26 03:11:00+00:00,158.928,158.928,158.926,158.927,0
2026-05-26 03:12:00+00:00,158.928,158.928,158.926,158.926,0
2026-05-26 03:13:00+00:00,158.926,158.927,158.926,158.927,0
2026-05-26 03:14:00+00:00,158.927,158.927,158.926,158.926,0
2026-05-26 03:15:00+00:00,158.927,158.928,158.927,158.927,0
2026-05-26 03:16:00+00:00,158.927,158.927,158.923,158.924,0
2026-05-26 03:17:00+00:00,158.924,158.924,158.915,158.92,0
2026-05-26 03:18:00+00:00,158.919,158.922,158.911,158.919,0
2026-05-26 03:19:00+00:00,158.921,158.924,158.919,158.922,0
2026-05-26 03:20:00+00:00,158.92,158.921,158.912,158.912,0
2026-05-26 03:21:00+00:00,158.913,158.913,158.912,158.912,0
2026-05-26 03:22:00+00:00,158.912,158.912,158.912,158.912,0
2026-05-26 03:23:00+00:00,158.912,158.912,158.912,158.912,0
2026-05-26 03:24:00+00:00,158.912,158.912,158.911,158.912,0
2026-05-26 03:25:00+00:00,158.913,158.916,158.91,158.913,0
2026-05-26 03:26:00+00:00,158.912,158.912,158.912,158.912,0
2026-05-26 03:27:00+00:00,158.913,158.927,158.913,158.927,0
2026-05-26 03:28:00+00:00,158.927,158.927,158.926,158.926,0
2026-05-26 03:29:00+00:00,158.926,158.928,158.926,158.928,0
2026-05-26 03:30:00+00:00,158.927,158.928,158.925,158.926,0
2026-05-26 03:31:00+00:00,158.926,158.927,158.925,158.925,0
2026-05-26 03:32:00+00:00,158.926,158.927,158.923,158.924,0
2026-05-26 03:33:00+00:00,158.925,158.925,158.924,158.924,0
2026-05-26 03:34:00+00:00,158.924,158.925,158.915,158.918,0
2026-05-26 03:35:00+00:00,158.918,158.922,158.918,158.92,0
2026-05-26 03:36:00+00:00,158.919,158.926,158.917,158.924,0
2026-05-26 03:37:00+00:00,158.925,158.938,158.925,158.936,0
2026-05-26 03:38:00+00:00,158.935,158.935,158.929,158.931,0
2026-05-26 03:39:00+00:00,158.931,158.931,158.927,158.929,0
2026-05-26 03:40:00+00:00,158.929,158.929,158.927,158.927,0
2026-05-26 03:41:00+00:00,158.928,158.928,158.927,158.927,0
2026-05-26 03:42:00+00:00,158.928,158.937,158.926,158.935,0
2026-05-26 03:43:00+00:00,158.935,158.935,158.927,158.93,0
2026-05-26 03:44:00+00:00,158.931,158.937,158.927,158.933,0
2026-05-26 03:45:00+00:00,158.934,158.934,158.928,158.928,0
2026-05-26 03:46:00+00:00,158.928,158.928,158.916,158.922,0
2026-05-26 03:47:00+00:00,158.923,158.926,158.923,158.925,0
2026-05-26 03:48:00+00:00,158.925,158.926,158.925,158.926,0
2026-05-26 03:49:00+00:00,158.926,158.926,158.925,158.926,0
2026-05-26 03:50:00+00:00,158.926,158.926,158.925,158.926,0
2026-05-26 03:51:00+00:00,158.933,158.938,158.933,158.938,0
2026-05-26 03:52:00+00:00,158.938,158.938,158.926,158.931,0
2026-05-26 03:53:00+00:00,158.931,158.936,158.931,158.936,0
2026-05-26 03:54:00+00:00,158.936,158.937,158.934,158.935,0
2026-05-26 03:55:00+00:00,158.935,158.936,158.934,158.934,0
2026-05-26 03:56:00+00:00,158.934,158.938,158.933,158.938,0
2026-05-26 03:57:00+00:00,158.937,158.937,158.93,158.932,0
2026-05-26 03:58:00+00:00,158.931,158.939,158.93,158.937,0
2026-05-26 03:59:00+00:00,158.94,158.941,158.936,158.938,0
2026-05-26 04:00:00+00:00,158.938,158.941,158.934,158.941,0
2026-05-26 04:01:00+00:00,158.937,158.94,158.937,158.938,0
2026-05-26 04:02:00+00:00,158.937,158.94,158.936,158.938,0
2026-05-26 04:03:00+00:00,158.938,158.939,158.937,158.939,0
2026-05-26 04:04:00+00:00,158.938,158.941,158.938,158.94,0
2026-05-26 04:05:00+00:00,158.941,158.941,158.939,158.939,0
2026-05-26 04:06:00+00:00,158.94,158.94,158.939,158.939,0
2026-05-26 04:07:00+00:00,158.937,158.937,158.937,158.937,0
2026-05-26 04:08:00+00:00,158.939,158.939,158.938,158.938,0
2026-05-26 04:09:00+00:00,158.937,158.94,158.937,158.94,0
2026-05-26 04:10:00+00:00,158.94,158.94,158.938,158.939,0
2026-05-26 04:11:00+00:00,158.938,158.938,158.938,158.938,0
2026-05-26 04:12:00+00:00,158.939,158.939,158.938,158.939,0
2026-05-26 04:13:00+00:00,158.94,158.94,158.94,158.94,0
2026-05-26 04:14:00+00:00,158.94,158.94,158.937,158.94,0
2026-05-26 04:15:00+00:00,158.94,158.948,158.94,158.945,0
2026-05-26 04:16:00+00:00,158.943,158.951,158.941,158.951,0
2026-05-26 04:17:00+00:00,158.95,158.95,158.942,158.943,0
2026-05-26 04:18:00+00:00,158.944,158.944,158.942,158.942,0
2026-05-26 04:19:00+00:00,158.942,158.942,158.942,158.942,0
2026-05-26 04:20:00+00:00,158.942,158.943,158.942,158.943,0
2026-05-26 04:21:00+00:00,158.945,158.949,158.945,158.947,0
2026-05-26 04:22:00+00:00,158.946,158.946,158.942,158.942,0
2026-05-26 04:23:00+00:00,158.946,158.949,158.946,158.948,0
2026-05-26 04:24:00+00:00,158.947,158.948,158.942,158.942,0
2026-05-26 04:25:00+00:00,158.948,158.949,158.947,158.948,0
2026-05-26 04:26:00+00:00,158.949,158.949,158.948,158.949,0
2026-05-26 04:27:00+00:00,158.947,158.947,158.942,158.942,0
2026-05-26 04:28:00+00:00,158.94,158.94,158.94,158.94,0
2026-05-26 04:29:00+00:00,158.938,158.938,158.932,158.936,0
2026-05-26 04:30:00+00:00,158.938,158.939,158.935,158.938,0
2026-05-26 04:31:00+00:00,158.938,158.938,158.936,158.937,0
2026-05-26 04:32:00+00:00,158.938,158.942,158.934,158.935,0
2026-05-26 04:33:00+00:00,158.936,158.937,158.935,158.936,0
2026-05-26 04:34:00+00:00,158.935,158.935,158.934,158.934,0
2026-05-26 04:35:00+00:00,158.934,158.936,158.934,158.934,0
2026-05-26 04:36:00+00:00,158.934,158.937,158.933,158.935,0
2026-05-26 04:37:00+00:00,158.936,158.937,158.935,158.937,0
2026-05-26 04:38:00+00:00,158.937,158.937,158.935,158.935,0
2026-05-26 04:39:00+00:00,158.935,158.937,158.934,158.936,0
2026-05-26 04:40:00+00:00,158.936,158.937,158.935,158.935,0
2026-05-26 04:41:00+00:00,158.935,158.935,158.935,158.935,0
2026-05-26 04:42:00+00:00,158.939,158.949,158.936,158.947,0
2026-05-26 04:43:00+00:00,158.946,158.948,158.946,158.948,0
2026-05-26 04:44:00+00:00,158.946,158.946,158.945,158.945,0
2026-05-26 04:45:00+00:00,158.946,158.948,158.946,158.946,0
2026-05-26 04:46:00+00:00,158.948,158.949,158.947,158.949,0
2026-05-26 04:47:00+00:00,158.95,158.955,158.948,158.949,0
2026-05-26 04:48:00+00:00,158.951,158.962,158.95,158.961,0
2026-05-26 04:49:00+00:00,158.961,158.961,158.959,158.959,0
2026-05-26 04:50:00+00:00,158.96,158.96,158.952,158.959,0
2026-05-26 04:51:00+00:00,158.96,158.962,158.959,158.962,0
2026-05-26 04:52:00+00:00,158.963,158.963,158.959,158.961,0
2026-05-26 04:53:00+00:00,158.961,158.961,158.953,158.958,0
2026-05-26 04:54:00+00:00,158.959,158.959,158.957,158.957,0
2026-05-26 04:55:00+00:00,158.955,158.972,158.954,158.972,0
2026-05-26 04:56:00+00:00,158.972,158.975,158.972,158.973,0
2026-05-26 04:57:00+00:00,158.973,158.996,158.973,158.989,0
2026-05-26 04:58:00+00:00,158.99,159.001,158.987,158.998,0
2026-05-26 04:59:00+00:00,158.998,159.013,158.992,159.0,0
2026-05-26 05:00:00+00:00,159.004,159.007,158.996,158.996,0
2026-05-26 05:01:00+00:00,159.0,159.002,158.977,158.981,0
2026-05-26 05:02:00+00:00,158.983,158.985,158.973,158.981,0
2026-05-26 05:03:00+00:00,158.98,158.996,158.98,158.996,0
2026-05-26 05:04:00+00:00,158.996,158.997,158.986,158.986,0
2026-05-26 05:05:00+00:00,158.985,158.99,158.982,158.983,0
2026-05-26 05:06:00+00:00,158.983,158.995,158.98,158.993,0
2026-05-26 05:07:00+00:00,158.995,159.005,158.995,158.999,0
2026-05-26 05:08:00+00:00,159.0,159.002,158.992,158.992,0
2026-05-26 05:09:00+00:00,158.994,158.996,158.991,158.995,0
2026-05-26 05:10:00+00:00,158.999,159.002,158.996,159.0,0
2026-05-26 05:11:00+00:00,159.001,159.001,158.996,158.997,0
2026-05-26 05:12:00+00:00,158.998,159.0,158.996,159.0,0
2026-05-26 05:13:00+00:00,159.001,159.009,158.999,159.009,0
2026-05-26 05:14:00+00:00,159.011,159.011,159.008,159.008,0
2026-05-26 05:15:00+00:00,159.008,159.011,159.0,159.0,0
2026-05-26 05:16:00+00:00,159.002,159.003,159.0,159.0,0
2026-05-26 05:17:00+00:00,158.997,159.006,158.993,159.006,0
2026-05-26 05:18:00+00:00,159.008,159.009,158.997,159.001,0
2026-05-26 05:19:00+00:00,159.004,159.006,158.998,159.005,0
2026-05-26 05:20:00+00:00,159.003,159.003,158.996,159.0,0
2026-05-26 05:21:00+00:00,159.003,159.007,159.0,159.003,0
2026-05-26 05:22:00+00:00,159.006,159.006,159.002,159.006,0
2026-05-26 05:23:00+00:00,159.007,159.008,159.004,159.008,0
2026-05-26 05:24:00+00:00,159.007,159.008,159.007,159.008,0
2026-05-26 05:25:00+00:00,159.007,159.008,159.007,159.008,0
2026-05-26 05:26:00+00:00,159.007,159.007,159.006,159.006,0
2026-05-26 05:27:00+00:00,159.005,159.006,159.0,159.0,0
2026-05-26 05:28:00+00:00,159.001,159.002,158.997,159.001,0
2026-05-26 05:29:00+00:00,159.0,159.002,159.0,159.002,0
2026-05-26 05:30:00+00:00,159.007,159.009,158.999,159.002,0
2026-05-26 05:31:00+00:00,159.003,159.008,158.996,159.001,0
2026-05-26 05:32:00+00:00,159.001,159.001,158.992,158.992,0
2026-05-26 05:33:00+00:00,158.993,159.0,158.993,158.999,0
2026-05-26 05:34:00+00:00,159.0,159.001,158.999,159.0,0
2026-05-26 05:35:00+00:00,159.0,159.0,158.997,158.997,0
2026-05-26 05:36:00+00:00,158.996,158.998,158.996,158.997,0
2026-05-26 05:37:00+00:00,158.997,158.998,158.996,158.997,0
2026-05-26 05:38:00+00:00,158.996,158.996,158.991,158.991,0
2026-05-26 05:39:00+00:00,158.992,158.997,158.991,158.997,0
2026-05-26 05:40:00+00:00,158.998,159.002,158.997,159.002,0
2026-05-26 05:41:00+00:00,158.999,159.002,158.998,158.999,0
2026-05-26 05:42:00+00:00,158.999,159.0,158.998,159.0,0
2026-05-26 05:43:00+00:00,159.0,159.0,158.997,159.0,0
2026-05-26 05:44:00+00:00,159.0,159.0,159.0,159.0,0
2026-05-26 05:45:00+00:00,159.0,159.001,159.0,159.001,0
2026-05-26 05:46:00+00:00,159.001,159.003,159.0,159.001,0
2026-05-26 05:47:00+00:00,159.001,159.009,159.0,159.001,0
2026-05-26 05:48:00+00:00,158.999,159.001,158.997,159.001,0
2026-05-26 05:49:00+00:00,158.999,159.008,158.997,159.002,0
2026-05-26 05:50:00+00:00,159.003,159.008,159.002,159.005,0
2026-05-26 05:51:00+00:00,159.002,159.009,159.002,159.009,0
2026-05-26 05:52:00+00:00,159.009,159.012,159.008,159.012,0
2026-05-26 05:53:00+00:00,159.01,159.01,159.008,159.01,0
2026-05-26 05:54:00+00:00,159.011,159.022,159.011,159.022,0
2026-05-26 05:55:00+00:00,159.021,159.031,159.02,159.024,0
2026-05-26 05:56:00+00:00,159.022,159.024,159.02,159.024,0
2026-05-26 05:57:00+00:00,159.024,159.025,159.023,159.023,0
2026-05-26 05:58:00+00:00,159.022,159.023,159.02,159.02,0
2026-05-26 05:59:00+00:00,159.022,159.032,159.018,159.026,0
2026-05-26 06:00:00+00:00,159.026,159.045,159.023,159.035,0
2026-05-26 06:01:00+00:00,159.034,159.036,159.032,159.035,0
2026-05-26 06:02:00+00:00,159.04,159.047,159.032,159.035,0
2026-05-26 06:03:00+00:00,159.034,159.041,159.033,159.038,0
2026-05-26 06:04:00+00:00,159.037,159.041,159.035,159.035,0
2026-05-26 06:05:00+00:00,159.036,159.04,159.035,159.037,0
2026-05-26 06:06:00+00:00,159.038,159.044,159.036,159.037,0
2026-05-26 06:07:00+00:00,159.037,159.039,159.027,159.031,0
2026-05-26 06:08:00+00:00,159.03,159.038,159.03,159.036,0
2026-05-26 06:09:00+00:00,159.036,159.036,159.033,159.035,0
2026-05-26 06:10:00+00:00,159.035,159.038,159.034,159.034,0
2026-05-26 06:11:00+00:00,159.034,159.034,159.031,159.031,0
2026-05-26 06:12:00+00:00,159.032,159.037,159.032,159.036,0
2026-05-26 06:13:00+00:00,159.035,159.036,159.025,159.027,0
2026-05-26 06:14:00+00:00,159.021,159.028,159.019,159.026,0
2026-05-26 06:15:00+00:00,159.027,159.062,159.027,159.05,0
2026-05-26 06:16:00+00:00,159.048,159.052,159.048,159.051,0
2026-05-26 06:17:00+00:00,159.049,159.053,159.049,159.049,0
2026-05-26 06:18:00+00:00,159.048,159.058,159.048,159.052,0
2026-05-26 06:19:00+00:00,159.05,159.056,159.049,159.056,0
2026-05-26 06:20:00+00:00,159.06,159.061,159.053,159.056,0
2026-05-26 06:21:00+00:00,159.056,159.057,159.055,159.056,0
2026-05-26 06:22:00+00:00,159.056,159.06,159.046,159.057,0
2026-05-26 06:23:00+00:00,159.058,159.06,159.038,159.04,0
2026-05-26 06:24:00+00:00,159.042,159.042,159.035,159.037,0
2026-05-26 06:25:00+00:00,159.037,159.04,159.028,159.033,0
2026-05-26 06:26:00+00:00,159.036,159.039,159.028,159.028,0
2026-05-26 06:27:00+00:00,159.028,159.033,159.026,159.027,0
2026-05-26 06:28:00+00:00,159.031,159.061,159.031,159.057,0
2026-05-26 06:29:00+00:00,159.055,159.064,159.038,159.064,0
2026-05-26 06:30:00+00:00,159.064,159.07,159.051,159.052,0
2026-05-26 06:31:00+00:00,159.052,159.064,159.05,159.06,0
2026-05-26 06:32:00+00:00,159.061,159.078,159.061,159.077,0
2026-05-26 06:33:00+00:00,159.076,159.076,159.059,159.069,0
2026-05-26 06:34:00+00:00,159.068,159.07,159.063,159.064,0
2026-05-26 06:35:00+00:00,159.064,159.064,159.059,159.059,0
2026-05-26 06:36:00+00:00,159.059,159.063,159.058,159.059,0
2026-05-26 06:37:00+00:00,159.057,159.063,159.057,159.059,0
2026-05-26 06:38:00+00:00,159.058,159.074,159.058,159.074,0
2026-05-26 06:39:00+00:00,159.073,159.081,159.072,159.079,0
2026-05-26 06:40:00+00:00,159.078,159.096,159.078,159.086,0
2026-05-26 06:41:00+00:00,159.086,159.096,159.086,159.094,0
2026-05-26 06:42:00+00:00,159.093,159.105,159.093,159.098,0
2026-05-26 06:43:00+00:00,159.099,159.11,159.094,159.095,0
2026-05-26 06:44:00+00:00,159.095,159.109,159.095,159.097,0
2026-05-26 06:45:00+00:00,159.099,159.118,159.099,159.114,0
2026-05-26 06:46:00+00:00,159.114,159.114,159.092,159.093,0
2026-05-26 06:47:00+00:00,159.093,159.097,159.089,159.094,0
2026-05-26 06:48:00+00:00,159.095,159.095,159.074,159.077,0
2026-05-26 06:49:00+00:00,159.078,159.1,159.075,159.078,0
2026-05-26 06:50:00+00:00,159.079,159.083,159.072,159.072,0
2026-05-26 06:51:00+00:00,159.074,159.079,159.073,159.079,0
2026-05-26 06:52:00+00:00,159.08,159.081,159.074,159.079,0
2026-05-26 06:53:00+00:00,159.078,159.078,159.078,159.078,0
2026-05-26 06:54:00+00:00,159.077,159.081,159.076,159.077,0
2026-05-26 06:55:00+00:00,159.08,159.083,159.075,159.077,0
2026-05-26 06:56:00+00:00,159.077,159.088,159.075,159.088,0
2026-05-26 06:57:00+00:00,159.088,159.103,159.088,159.096,0
2026-05-26 06:58:00+00:00,159.096,159.097,159.095,159.096,0
2026-05-26 06:59:00+00:00,159.097,159.11,159.095,159.095,0
2026-05-26 07:00:00+00:00,159.095,159.119,159.094,159.118,0
2026-05-26 07:01:00+00:00,159.116,159.123,159.106,159.12,0
2026-05-26 07:02:00+00:00,159.119,159.126,159.118,159.125,0
2026-05-26 07:03:00+00:00,159.125,159.143,159.118,159.134,0
2026-05-26 07:04:00+00:00,159.133,159.163,159.133,159.149,0
2026-05-26 07:05:00+00:00,159.15,159.174,159.15,159.173,0
2026-05-26 07:06:00+00:00,159.173,159.175,159.144,159.145,0
2026-05-26 07:07:00+00:00,159.144,159.159,159.144,159.151,0
2026-05-26 07:08:00+00:00,159.151,159.16,159.146,159.16,0
2026-05-26 07:09:00+00:00,159.162,159.181,159.159,159.176,0
2026-05-26 07:10:00+00:00,159.175,159.175,159.151,159.151,0
2026-05-26 07:11:00+00:00,159.152,159.164,159.152,159.16,0
2026-05-26 07:12:00+00:00,159.16,159.171,159.158,159.165,0
2026-05-26 07:13:00+00:00,159.165,159.171,159.145,159.145,0
2026-05-26 07:14:00+00:00,159.147,159.153,159.143,159.15,0
2026-05-26 07:15:00+00:00,159.15,159.172,159.149,159.165,0
2026-05-26 07:16:00+00:00,159.163,159.163,159.155,159.157,0
2026-05-26 07:17:00+00:00,159.158,159.167,159.154,159.159,0
2026-05-26 07:18:00+00:00,159.159,159.16,159.15,159.158,0
2026-05-26 07:19:00+00:00,159.159,159.165,159.156,159.158,0
2026-05-26 07:20:00+00:00,159.157,159.172,159.157,159.162,0
2026-05-26 07:21:00+00:00,159.162,159.175,159.162,159.171,0
2026-05-26 07:22:00+00:00,159.174,159.174,159.171,159.172,0
2026-05-26 07:23:00+00:00,159.172,159.176,159.171,159.173,0
2026-05-26 07:24:00+00:00,159.173,159.185,159.17,159.184,0
2026-05-26 07:25:00+00:00,159.183,159.189,159.179,159.182,0
2026-05-26 07:26:00+00:00,159.182,159.185,159.18,159.183,0
2026-05-26 07:27:00+00:00,159.182,159.185,159.168,159.17,0
2026-05-26 07:28:00+00:00,159.172,159.18,159.169,159.169,0
2026-05-26 07:29:00+00:00,159.17,159.176,159.168,159.169,0
2026-05-26 07:30:00+00:00,159.166,159.168,159.158,159.158,0
2026-05-26 07:31:00+00:00,159.158,159.161,159.146,159.157,0
2026-05-26 07:32:00+00:00,159.157,159.188,159.149,159.186,0
2026-05-26 07:33:00+00:00,159.185,159.192,159.169,159.173,0
2026-05-26 07:34:00+00:00,159.173,159.178,159.165,159.165,0
2026-05-26 07:35:00+00:00,159.166,159.172,159.16,159.169,0
2026-05-26 07:36:00+00:00,159.168,159.171,159.16,159.166,0
2026-05-26 07:37:00+00:00,159.164,159.172,159.16,159.171,0
2026-05-26 07:38:00+00:00,159.172,159.173,159.167,159.171,0
2026-05-26 07:39:00+00:00,159.172,159.173,159.169,159.172,0
2026-05-26 07:40:00+00:00,159.172,159.175,159.17,159.171,0
2026-05-26 07:41:00+00:00,159.17,159.172,159.165,159.17,0
2026-05-26 07:42:00+00:00,159.172,159.172,159.167,159.172,0
2026-05-26 07:43:00+00:00,159.172,159.174,159.172,159.173,0
2026-05-26 07:44:00+00:00,159.171,159.183,159.169,159.177,0
2026-05-26 07:45:00+00:00,159.175,159.188,159.175,159.184,0
2026-05-26 07:46:00+00:00,159.185,159.185,159.176,159.18,0
2026-05-26 07:47:00+00:00,159.179,159.19,159.178,159.188,0
2026-05-26 07:48:00+00:00,159.187,159.187,159.175,159.175,0
2026-05-26 07:49:00+00:00,159.176,159.178,159.164,159.167,0
2026-05-26 07:50:00+00:00,159.167,159.183,159.166,159.18,0
2026-05-26 07:51:00+00:00,159.182,159.191,159.182,159.189,0
2026-05-26 07:52:00+00:00,159.191,159.199,159.19,159.191,0
2026-05-26 07:53:00+00:00,159.191,159.195,159.186,159.192,0
2026-05-26 07:54:00+00:00,159.191,159.194,159.189,159.192,0
2026-05-26 07:55:00+00:00,159.19,159.19,159.182,159.185,0
2026-05-26 07:56:00+00:00,159.189,159.193,159.184,159.187,0
2026-05-26 07:57:00+00:00,159.188,159.194,159.186,159.193,0
2026-05-26 07:58:00+00:00,159.195,159.2,159.194,159.198,0
2026-05-26 07:59:00+00:00,159.197,159.2,159.194,159.196,0
2026-05-26 08:00:00+00:00,159.195,159.213,159.194,159.211,0
2026-05-26 08:01:00+00:00,159.213,159.217,159.208,159.212,0
2026-05-26 08:02:00+00:00,159.213,159.213,159.206,159.209,0
2026-05-26 08:03:00+00:00,159.209,159.211,159.194,159.196,0
2026-05-26 08:04:00+00:00,159.197,159.214,159.197,159.212,0
2026-05-26 08:05:00+00:00,159.212,159.212,159.208,159.211,0
2026-05-26 08:06:00+00:00,159.212,159.212,159.205,159.209,0
2026-05-26 08:07:00+00:00,159.21,159.21,159.202,159.209,0
2026-05-26 08:08:00+00:00,159.21,159.214,159.209,159.213,0
2026-05-26 08:09:00+00:00,159.215,159.224,159.214,159.224,0
2026-05-26 08:10:00+00:00,159.224,159.238,159.224,159.228,0
2026-05-26 08:11:00+00:00,159.228,159.228,159.21,159.221,0
2026-05-26 08:12:00+00:00,159.221,159.223,159.214,159.219,0
2026-05-26 08:13:00+00:00,159.221,159.227,159.215,159.223,0
2026-05-26 08:14:00+00:00,159.223,159.225,159.217,159.217,0
2026-05-26 08:15:00+00:00,159.218,159.218,159.203,159.214,0
2026-05-26 08:16:00+00:00,159.214,159.214,159.209,159.213,0
2026-05-26 08:17:00+00:00,159.211,159.211,159.208,159.21,0
2026-05-26 08:18:00+00:00,159.21,159.211,159.208,159.209,0
2026-05-26 08:19:00+00:00,159.209,159.22,159.207,159.215,0
2026-05-26 08:20:00+00:00,159.215,159.22,159.214,159.22,0
2026-05-26 08:21:00+00:00,159.218,159.221,159.213,159.221,0
2026-05-26 08:22:00+00:00,159.223,159.223,159.217,159.218,0
2026-05-26 08:23:00+00:00,159.22,159.224,159.22,159.224,0
2026-05-26 08:24:00+00:00,159.223,159.223,159.219,159.22,0
2026-05-26 08:25:00+00:00,159.22,159.225,159.22,159.225,0
2026-05-26 08:26:00+00:00,159.229,159.233,159.226,159.227,0
2026-05-26 08:27:00+00:00,159.23,159.233,159.227,159.231,0
2026-05-26 08:28:00+00:00,159.231,159.234,159.221,159.221,0
2026-05-26 08:29:00+00:00,159.22,159.227,159.22,159.222,0
2026-05-26 08:30:00+00:00,159.224,159.233,159.223,159.226,0
2026-05-26 08:31:00+00:00,159.226,159.232,159.223,159.225,0
2026-05-26 08:32:00+00:00,159.225,159.227,159.223,159.225,0
2026-05-26 08:33:00+00:00,159.226,159.226,159.222,159.224,0
2026-05-26 08:34:00+00:00,159.223,159.232,159.223,159.227,0
2026-05-26 08:35:00+00:00,159.228,159.232,159.226,159.229,0
2026-05-26 08:36:00+00:00,159.232,159.232,159.226,159.23,0
2026-05-26 08:37:00+00:00,159.229,159.232,159.223,159.223,0
2026-05-26 08:38:00+00:00,159.22,159.223,159.22,159.222,0
2026-05-26 08:39:00+00:00,159.224,159.229,159.224,159.225,0
2026-05-26 08:40:00+00:00,159.225,159.231,159.224,159.226,0
2026-05-26 08:41:00+00:00,159.229,159.229,159.225,159.225,0
2026-05-26 08:42:00+00:00,159.225,159.226,159.223,159.226,0
2026-05-26 08:43:00+00:00,159.224,159.231,159.224,159.229,0
2026-05-26 08:44:00+00:00,159.23,159.232,159.223,159.224,0
2026-05-26 08:45:00+00:00,159.224,159.226,159.223,159.224,0
2026-05-26 08:46:00+00:00,159.225,159.229,159.223,159.223,0
2026-05-26 08:47:00+00:00,159.223,159.224,159.222,159.222,0
2026-05-26 08:48:00+00:00,159.221,159.221,159.202,159.205,0
2026-05-26 08:49:00+00:00,159.205,159.206,159.196,159.206,0
2026-05-26 08:50:00+00:00,159.208,159.209,159.195,159.195,0
2026-05-26 08:51:00+00:00,159.196,159.199,159.195,159.197,0
2026-05-26 08:52:00+00:00,159.195,159.198,159.195,159.198,0
2026-05-26 08:53:00+00:00,159.198,159.201,159.196,159.197,0
2026-05-26 08:54:00+00:00,159.198,159.208,159.196,159.204,0
2026-05-26 08:55:00+00:00,159.203,159.209,159.201,159.208,0
2026-05-26 08:56:00+00:00,159.208,159.21,159.207,159.21,0
2026-05-26 08:57:00+00:00,159.211,159.213,159.209,159.21,0
2026-05-26 08:58:00+00:00,159.211,159.212,159.209,159.21,0
2026-05-26 08:59:00+00:00,159.21,159.213,159.208,159.211,0
2026-05-26 09:00:00+00:00,159.209,159.224,159.209,159.221,0
2026-05-26 09:01:00+00:00,159.22,159.22,159.203,159.203,0
2026-05-26 09:02:00+00:00,159.205,159.205,159.197,159.197,0
2026-05-26 09:03:00+00:00,159.198,159.201,159.196,159.201,0
2026-05-26 09:04:00+00:00,159.202,159.207,159.197,159.198,0
2026-05-26 09:05:00+00:00,159.198,159.201,159.19,159.196,0
2026-05-26 09:06:00+00:00,159.196,159.197,159.194,159.195,0
2026-05-26 09:07:00+00:00,159.195,159.202,159.19,159.202,0
2026-05-26 09:08:00+00:00,159.2,159.207,159.196,159.199,0
2026-05-26 09:09:00+00:00,159.199,159.2,159.196,159.197,0
2026-05-26 09:10:00+00:00,159.198,159.199,159.198,159.198,0
2026-05-26 09:11:00+00:00,159.196,159.198,159.196,159.197,0
2026-05-26 09:12:00+00:00,159.199,159.199,159.191,159.192,0
2026-05-26 09:13:00+00:00,159.193,159.193,159.183,159.189,0
2026-05-26 09:14:00+00:00,159.189,159.193,159.188,159.191,0
2026-05-26 09:15:00+00:00,159.191,159.193,159.19,159.192,0
2026-05-26 09:16:00+00:00,159.191,159.193,159.191,159.191,0
2026-05-26 09:17:00+00:00,159.189,159.189,159.163,159.176,0
2026-05-26 09:18:00+00:00,159.177,159.177,159.166,159.171,0
2026-05-26 09:19:00+00:00,159.17,159.174,159.163,159.173,0
2026-05-26 09:20:00+00:00,159.173,159.173,159.168,159.17,0
2026-05-26 09:21:00+00:00,159.171,159.173,159.167,159.172,0
2026-05-26 09:22:00+00:00,159.174,159.177,159.174,159.176,0
2026-05-26 09:23:00+00:00,159.177,159.189,159.177,159.184,0
2026-05-26 09:24:00+00:00,159.185,159.187,159.184,159.187,0
2026-05-26 09:25:00+00:00,159.188,159.193,159.187,159.189,0
2026-05-26 09:26:00+00:00,159.188,159.189,159.187,159.187,0
2026-05-26 09:27:00+00:00,159.188,159.19,159.187,159.187,0
2026-05-26 09:28:00+00:00,159.188,159.196,159.187,159.19,0
2026-05-26 09:29:00+00:00,159.189,159.189,159.18,159.18,0
2026-05-26 09:30:00+00:00,159.179,159.19,159.179,159.189,0
2026-05-26 09:31:00+00:00,159.189,159.189,159.184,159.189,0
2026-05-26 09:32:00+00:00,159.19,159.19,159.188,159.189,0
2026-05-26 09:33:00+00:00,159.189,159.189,159.181,159.186,0
2026-05-26 09:34:00+00:00,159.186,159.186,159.179,159.181,0
2026-05-26 09:35:00+00:00,159.182,159.184,159.176,159.177,0
2026-05-26 09:36:00+00:00,159.177,159.177,159.175,159.176,0
2026-05-26 09:37:00+00:00,159.177,159.18,159.175,159.18,0
2026-05-26 09:38:00+00:00,159.181,159.187,159.18,159.185,0
2026-05-26 09:39:00+00:00,159.184,159.187,159.184,159.185,0
2026-05-26 09:40:00+00:00,159.184,159.185,159.178,159.184,0
2026-05-26 09:41:00+00:00,159.185,159.186,159.185,159.185,0
2026-05-26 09:42:00+00:00,159.186,159.188,159.186,159.186,0
2026-05-26 09:43:00+00:00,159.187,159.191,159.187,159.189,0
2026-05-26 09:44:00+00:00,159.193,159.196,159.191,159.194,0
2026-05-26 09:45:00+00:00,159.194,159.196,159.193,159.196,0
2026-05-26 09:46:00+00:00,159.193,159.195,159.185,159.186,0
2026-05-26 09:47:00+00:00,159.186,159.191,159.186,159.188,0
2026-05-26 09:48:00+00:00,159.189,159.189,159.187,159.189,0
2026-05-26 09:49:00+00:00,159.188,159.188,159.181,159.183,0
2026-05-26 09:50:00+00:00,159.183,159.187,159.183,159.186,0
2026-05-26 09:51:00+00:00,159.186,159.187,159.176,159.176,0
2026-05-26 09:52:00+00:00,159.177,159.178,159.176,159.178,0
2026-05-26 09:53:00+00:00,159.178,159.188,159.178,159.188,0
2026-05-26 09:54:00+00:00,159.187,159.187,159.176,159.176,0
2026-05-26 09:55:00+00:00,159.173,159.173,159.16,159.162,0
2026-05-26 09:56:00+00:00,159.161,159.164,159.161,159.163,0
2026-05-26 09:57:00+00:00,159.163,159.164,159.16,159.16,0
2026-05-26 09:58:00+00:00,159.159,159.163,159.159,159.161,0
2026-05-26 09:59:00+00:00,159.163,159.163,159.156,159.157,0
2026-05-26 10:00:00+00:00,159.158,159.165,159.156,159.158,0
2026-05-26 10:01:00+00:00,159.158,159.167,159.158,159.159,0
2026-05-26 10:02:00+00:00,159.161,159.164,159.157,159.164,0
2026-05-26 10:03:00+00:00,159.162,159.175,159.161,159.174,0
2026-05-26 10:04:00+00:00,159.174,159.176,159.173,159.175,0
2026-05-26 10:05:00+00:00,159.176,159.177,159.173,159.175,0
2026-05-26 10:06:00+00:00,159.175,159.177,159.169,159.173,0
2026-05-26 10:07:00+00:00,159.171,159.171,159.157,159.159,0
2026-05-26 10:08:00+00:00,159.158,159.161,159.157,159.161,0
2026-05-26 10:09:00+00:00,159.161,159.165,159.16,159.162,0
2026-05-26 10:10:00+00:00,159.163,159.163,159.16,159.161,0
2026-05-26 10:11:00+00:00,159.162,159.163,159.158,159.162,0
2026-05-26 10:12:00+00:00,159.16,159.162,159.149,159.149,0
2026-05-26 10:13:00+00:00,159.15,159.151,159.141,159.145,0
2026-05-26 10:14:00+00:00,159.145,159.15,159.143,159.146,0
2026-05-26 10:15:00+00:00,159.145,159.146,159.138,159.141,0
2026-05-26 10:16:00+00:00,159.139,159.148,159.139,159.147,0
2026-05-26 10:17:00+00:00,159.146,159.15,159.144,159.149,0
2026-05-26 10:18:00+00:00,159.149,159.151,159.137,159.138,0
2026-05-26 10:19:00+00:00,159.139,159.143,159.138,159.143,0
2026-05-26 10:20:00+00:00,159.142,159.147,159.138,159.147,0
2026-05-26 10:21:00+00:00,159.146,159.151,159.145,159.151,0
2026-05-26 10:22:00+00:00,159.152,159.154,159.148,159.149,0
2026-05-26 10:23:00+00:00,159.15,159.151,159.15,159.151,0
2026-05-26 10:24:00+00:00,159.151,159.153,159.15,159.153,0
2026-05-26 10:25:00+00:00,159.151,159.152,159.15,159.15,0
2026-05-26 10:26:00+00:00,159.151,159.151,159.15,159.15,0
2026-05-26 10:27:00+00:00,159.149,159.149,159.147,159.147,0
2026-05-26 10:28:00+00:00,159.15,159.15,159.134,159.134,0
2026-05-26 10:29:00+00:00,159.134,159.138,159.134,159.135,0
2026-05-26 10:30:00+00:00,159.135,159.135,159.107,159.122,0
2026-05-26 10:31:00+00:00,159.122,159.137,159.122,159.129,0
2026-05-26 10:32:00+00:00,159.129,159.129,159.119,159.12,0
2026-05-26 10:33:00+00:00,159.118,159.123,159.115,159.119,0
2026-05-26 10:34:00+00:00,159.116,159.116,159.109,159.113,0
2026-05-26 10:35:00+00:00,159.113,159.117,159.106,159.112,0
2026-05-26 10:36:00+00:00,159.113,159.125,159.113,159.125,0
2026-05-26 10:37:00+00:00,159.124,159.127,159.124,159.125,0
2026-05-26 10:38:00+00:00,159.125,159.127,159.124,159.126,0
2026-05-26 10:39:00+00:00,159.127,159.136,159.127,159.135,0
2026-05-26 10:40:00+00:00,159.135,159.136,159.128,159.135,0
2026-05-26 10:41:00+00:00,159.134,159.138,159.134,159.137,0
2026-05-26 10:42:00+00:00,159.136,159.147,159.135,159.147,0
2026-05-26 10:43:00+00:00,159.147,159.147,159.141,159.144,0
2026-05-26 10:44:00+00:00,159.144,159.145,159.135,159.135,0
2026-05-26 10:45:00+00:00,159.136,159.139,159.135,159.135,0
2026-05-26 10:46:00+00:00,159.137,159.144,159.137,159.144,0
2026-05-26 10:47:00+00:00,159.142,159.149,159.142,159.146,0
2026-05-26 10:48:00+00:00,159.145,159.149,159.144,159.145,0
2026-05-26 10:49:00+00:00,159.148,159.15,159.144,159.146,0
2026-05-26 10:50:00+00:00,159.144,159.145,159.139,159.142,0
2026-05-26 10:51:00+00:00,159.141,159.142,159.137,159.141,0
2026-05-26 10:52:00+00:00,159.145,159.148,159.14,159.141,0
2026-05-26 10:53:00+00:00,159.139,159.146,159.139,159.142,0
2026-05-26 10:54:00+00:00,159.142,159.145,159.134,159.14,0
2026-05-26 10:55:00+00:00,159.138,159.139,159.134,159.139,0
2026-05-26 10:56:00+00:00,159.14,159.142,159.14,159.14,0
2026-05-26 10:57:00+00:00,159.141,159.142,159.136,159.139,0
2026-05-26 10:58:00+00:00,159.139,159.139,159.136,159.139,0
2026-05-26 10:59:00+00:00,159.137,159.145,159.135,159.145,0
2026-05-26 11:00:00+00:00,159.145,159.145,159.136,159.144,0
2026-05-26 11:01:00+00:00,159.145,159.146,159.137,159.145,0
2026-05-26 11:02:00+00:00,159.146,159.146,159.145,159.145,0
2026-05-26 11:03:00+00:00,159.145,159.145,159.135,159.14,0
2026-05-26 11:04:00+00:00,159.139,159.145,159.135,159.138,0
2026-05-26 11:05:00+00:00,159.137,159.146,159.137,159.141,0
2026-05-26 11:06:00+00:00,159.143,159.147,159.14,159.147,0
2026-05-26 11:07:00+00:00,159.146,159.147,159.144,159.145,0
2026-05-26 11:08:00+00:00,159.143,159.145,159.139,159.144,0
2026-05-26 11:09:00+00:00,159.146,159.146,159.139,159.146,0
2026-05-26 11:10:00+00:00,159.146,159.146,159.145,159.145,0
2026-05-26 11:11:00+00:00,159.145,159.146,159.14,159.146,0
2026-05-26 11:12:00+00:00,159.144,159.145,159.137,159.14,0
2026-05-26 11:13:00+00:00,159.141,159.148,159.141,159.147,0
2026-05-26 11:14:00+00:00,159.147,159.148,159.146,159.146,0
2026-05-26 11:15:00+00:00,159.146,159.157,159.145,159.152,0
2026-05-26 11:16:00+00:00,159.152,159.156,159.152,159.152,0
2026-05-26 11:17:00+00:00,159.153,159.154,159.136,159.139,0
2026-05-26 11:18:00+00:00,159.14,159.145,159.137,159.145,0
2026-05-26 11:19:00+00:00,159.144,159.144,159.138,159.141,0
2026-05-26 11:20:00+00:00,159.143,159.148,159.139,159.14,0
2026-05-26 11:21:00+00:00,159.14,159.147,159.14,159.145,0
2026-05-26 11:22:00+00:00,159.145,159.146,159.14,159.142,0
2026-05-26 11:23:00+00:00,159.14,159.145,159.14,159.143,0
2026-05-26 11:24:00+00:00,159.143,159.144,159.136,159.138,0
2026-05-26 11:25:00+00:00,159.138,159.145,159.137,159.14,0
2026-05-26 11:26:00+00:00,159.14,159.145,159.139,159.144,0
2026-05-26 11:27:00+00:00,159.144,159.148,159.144,159.148,0
2026-05-26 11:28:00+00:00,159.147,159.149,159.146,159.146,0
2026-05-26 11:29:00+00:00,159.146,159.149,159.145,159.147,0
2026-05-26 11:30:00+00:00,159.147,159.152,159.147,159.149,0
2026-05-26 11:31:00+00:00,159.15,159.15,159.149,159.15,0
2026-05-26 11:32:00+00:00,159.15,159.152,159.149,159.151,0
2026-05-26 11:33:00+00:00,159.152,159.152,159.152,159.152,0
2026-05-26 11:34:00+00:00,159.152,159.169,159.151,159.161,0
2026-05-26 11:35:00+00:00,159.159,159.183,159.157,159.18,0
2026-05-26 11:36:00+00:00,159.182,159.187,159.174,159.181,0
2026-05-26 11:37:00+00:00,159.179,159.181,159.171,159.172,0
2026-05-26 11:38:00+00:00,159.172,159.183,159.171,159.181,0
2026-05-26 11:39:00+00:00,159.181,159.191,159.179,159.19,0
2026-05-26 11:40:00+00:00,159.188,159.199,159.187,159.196,0
2026-05-26 11:41:00+00:00,159.196,159.199,159.189,159.192,0
2026-05-26 11:42:00+00:00,159.194,159.196,159.188,159.189,0
2026-05-26 11:43:00+00:00,159.189,159.191,159.187,159.188,0
2026-05-26 11:44:00+00:00,159.189,159.191,159.188,159.191,0
2026-05-26 11:45:00+00:00,159.192,159.212,159.19,159.211,0
2026-05-26 11:46:00+00:00,159.21,159.212,159.202,159.202,0
2026-05-26 11:47:00+00:00,159.203,159.203,159.195,159.202,0
2026-05-26 11:48:00+00:00,159.202,159.204,159.2,159.201,0
2026-05-26 11:49:00+00:00,159.202,159.202,159.197,159.199,0
2026-05-26 11:50:00+00:00,159.2,159.2,159.193,159.196,0
2026-05-26 11:51:00+00:00,159.197,159.199,159.191,159.197,0
2026-05-26 11:52:00+00:00,159.198,159.201,159.196,159.196,0
2026-05-26 11:53:00+00:00,159.197,159.197,159.192,159.196,0
2026-05-26 11:54:00+00:00,159.195,159.195,159.195,159.195,0
2026-05-26 11:55:00+00:00,159.194,159.195,159.187,159.189,0
2026-05-26 11:56:00+00:00,159.193,159.196,159.187,159.187,0
2026-05-26 11:57:00+00:00,159.187,159.195,159.186,159.19,0
2026-05-26 11:58:00+00:00,159.189,159.196,159.188,159.194,0
2026-05-26 11:59:00+00:00,159.195,159.195,159.19,159.192,0
2026-05-26 12:00:00+00:00,159.192,159.196,159.187,159.195,0
2026-05-26 12:01:00+00:00,159.195,159.2,159.19,159.197,0
2026-05-26 12:02:00+00:00,159.194,159.197,159.185,159.194,0
2026-05-26 12:03:00+00:00,159.193,159.193,159.186,159.19,0
2026-05-26 12:04:00+00:00,159.193,159.199,159.193,159.196,0
2026-05-26 12:05:00+00:00,159.196,159.199,159.192,159.199,0
2026-05-26 12:06:00+00:00,159.199,159.204,159.194,159.203,0
2026-05-26 12:07:00+00:00,159.205,159.206,159.198,159.2,0
2026-05-26 12:08:00+00:00,159.201,159.222,159.201,159.215,0
2026-05-26 12:09:00+00:00,159.217,159.224,159.198,159.202,0
2026-05-26 12:10:00+00:00,159.203,159.22,159.203,159.206,0
2026-05-26 12:11:00+00:00,159.205,159.211,159.204,159.205,0
2026-05-26 12:12:00+00:00,159.203,159.204,159.199,159.201,0
2026-05-26 12:13:00+00:00,159.202,159.202,159.2,159.2,0
2026-05-26 12:14:00+00:00,159.201,159.214,159.201,159.21,0
2026-05-26 12:15:00+00:00,159.21,159.215,159.206,159.21,0
2026-05-26 12:16:00+00:00,159.21,159.214,159.204,159.21,0
2026-05-26 12:17:00+00:00,159.21,159.212,159.208,159.212,0
2026-05-26 12:18:00+00:00,159.213,159.219,159.212,159.214,0
2026-05-26 12:19:00+00:00,159.213,159.216,159.211,159.216,0
2026-05-26 12:20:00+00:00,159.214,159.215,159.211,159.212,0
2026-05-26 12:21:00+00:00,159.211,159.211,159.208,159.211,0
2026-05-26 12:22:00+00:00,159.212,159.217,159.211,159.216,0
2026-05-26 12:23:00+00:00,159.215,159.22,159.212,159.216,0
2026-05-26 12:24:00+00:00,159.216,159.219,159.215,159.219,0
2026-05-26 12:25:00+00:00,159.219,159.219,159.211,159.212,0
2026-05-26 12:26:00+00:00,159.213,159.215,159.211,159.214,0
2026-05-26 12:27:00+00:00,159.214,159.214,159.211,159.211,0
2026-05-26 12:28:00+00:00,159.212,159.213,159.21,159.211,0
2026-05-26 12:29:00+00:00,159.211,159.212,159.209,159.209,0
2026-05-26 12:30:00+00:00,159.21,159.216,159.207,159.209,0
2026-05-26 12:31:00+00:00,159.209,159.209,159.209,159.209,0
2026-05-26 12:32:00+00:00,159.208,159.208,159.196,159.2,0
2026-05-26 12:33:00+00:00,159.201,159.204,159.199,159.2,0
2026-05-26 12:34:00+00:00,159.199,159.199,159.189,159.193,0
2026-05-26 12:35:00+00:00,159.194,159.198,159.193,159.194,0
2026-05-26 12:36:00+00:00,159.193,159.211,159.193,159.201,0
2026-05-26 12:37:00+00:00,159.201,159.209,159.201,159.208,0
2026-05-26 12:38:00+00:00,159.209,159.213,159.208,159.211,0
2026-05-26 12:39:00+00:00,159.211,159.211,159.209,159.21,0
2026-05-26 12:40:00+00:00,159.211,159.211,159.204,159.208,0
2026-05-26 12:41:00+00:00,159.207,159.211,159.207,159.209,0
2026-05-26 12:42:00+00:00,159.208,159.209,159.196,159.197,0
2026-05-26 12:43:00+00:00,159.197,159.204,159.195,159.2,0
2026-05-26 12:44:00+00:00,159.2,159.208,159.199,159.206,0
2026-05-26 12:45:00+00:00,159.207,159.207,159.198,159.199,0
2026-05-26 12:46:00+00:00,159.198,159.201,159.196,159.197,0
2026-05-26 12:47:00+00:00,159.198,159.208,159.197,159.208,0
2026-05-26 12:48:00+00:00,159.208,159.208,159.204,159.206,0
2026-05-26 12:49:00+00:00,159.204,159.206,159.199,159.206,0
2026-05-26 12:50:00+00:00,159.206,159.207,159.196,159.199,0
2026-05-26 12:51:00+00:00,159.201,159.201,159.198,159.2,0
2026-05-26 12:52:00+00:00,159.2,159.208,159.199,159.203,0
2026-05-26 12:53:00+00:00,159.203,159.207,159.202,159.204,0
2026-05-26 12:54:00+00:00,159.204,159.209,159.204,159.206,0
2026-05-26 12:55:00+00:00,159.207,159.209,159.204,159.208,0
2026-05-26 12:56:00+00:00,159.209,159.211,159.208,159.211,0
2026-05-26 12:57:00+00:00,159.21,159.217,159.21,159.214,0
2026-05-26 12:58:00+00:00,159.214,159.222,159.212,159.217,0
2026-05-26 12:59:00+00:00,159.218,159.228,159.218,159.224,0
2026-05-26 13:00:00+00:00,159.229,159.234,159.226,159.233,0
2026-05-26 13:01:00+00:00,159.233,159.248,159.232,159.244,0
2026-05-26 13:02:00+00:00,159.245,159.251,159.24,159.248,0
2026-05-26 13:03:00+00:00,159.247,159.257,159.245,159.256,0
2026-05-26 13:04:00+00:00,159.257,159.257,159.248,159.251,0
2026-05-26 13:05:00+00:00,159.25,159.258,159.249,159.251,0
2026-05-26 13:06:00+00:00,159.251,159.253,159.239,159.246,0
2026-05-26 13:07:00+00:00,159.246,159.247,159.242,159.245,0
2026-05-26 13:08:00+00:00,159.242,159.242,159.238,159.238,0
2026-05-26 13:09:00+00:00,159.238,159.241,159.236,159.236,0
2026-05-26 13:10:00+00:00,159.237,159.242,159.234,159.242,0
2026-05-26 13:11:00+00:00,159.243,159.246,159.24,159.243,0
2026-05-26 13:12:00+00:00,159.244,159.257,159.242,159.254,0
2026-05-26 13:13:00+00:00,159.253,159.26,159.251,159.253,0
2026-05-26 13:14:00+00:00,159.251,159.252,159.248,159.248,0
2026-05-26 13:15:00+00:00,159.249,159.249,159.24,159.244,0
2026-05-26 13:16:00+00:00,159.245,159.248,159.242,159.246,0
2026-05-26 13:17:00+00:00,159.245,159.245,159.24,159.241,0
2026-05-26 13:18:00+00:00,159.239,159.241,159.239,159.239,0
2026-05-26 13:19:00+00:00,159.239,159.247,159.239,159.246,0
2026-05-26 13:20:00+00:00,159.248,159.248,159.242,159.244,0
2026-05-26 13:21:00+00:00,159.244,159.244,159.231,159.234,0
2026-05-26 13:22:00+00:00,159.236,159.239,159.236,159.237,0
2026-05-26 13:23:00+00:00,159.237,159.237,159.228,159.235,0
2026-05-26 13:24:00+00:00,159.235,159.236,159.23,159.233,0
2026-05-26 13:25:00+00:00,159.233,159.236,159.232,159.236,0
2026-05-26 13:26:00+00:00,159.234,159.236,159.234,159.235,0
2026-05-26 13:27:00+00:00,159.235,159.236,159.233,159.234,0
2026-05-26 13:28:00+00:00,159.235,159.248,159.235,159.248,0
2026-05-26 13:29:00+00:00,159.248,159.258,159.248,159.258,0
2026-05-26 13:30:00+00:00,159.258,159.258,159.253,159.258,0
2026-05-26 13:31:00+00:00,159.262,159.271,159.258,159.27,0
2026-05-26 13:32:00+00:00,159.275,159.284,159.272,159.276,0
2026-05-26 13:33:00+00:00,159.275,159.275,159.269,159.273,0
2026-05-26 13:34:00+00:00,159.272,159.279,159.272,159.274,0
2026-05-26 13:35:00+00:00,159.275,159.281,159.269,159.269,0
2026-05-26 13:36:00+00:00,159.27,159.272,159.26,159.264,0
2026-05-26 13:37:00+00:00,159.263,159.269,159.26,159.26,0
2026-05-26 13:38:00+00:00,159.26,159.266,159.258,159.265,0
2026-05-26 13:39:00+00:00,159.263,159.265,159.262,159.262,0
2026-05-26 13:40:00+00:00,159.262,159.271,159.262,159.268,0
2026-05-26 13:41:00+00:00,159.268,159.268,159.259,159.264,0
2026-05-26 13:42:00+00:00,159.266,159.279,159.266,159.274,0
2026-05-26 13:43:00+00:00,159.274,159.274,159.264,159.265,0
2026-05-26 13:44:00+00:00,159.264,159.264,159.259,159.26,0
2026-05-26 13:45:00+00:00,159.26,159.26,159.257,159.26,0
2026-05-26 13:46:00+00:00,159.26,159.26,159.244,159.246,0
2026-05-26 13:47:00+00:00,159.246,159.248,159.244,159.248,0
2026-05-26 13:48:00+00:00,159.246,159.259,159.244,159.258,0
2026-05-26 13:49:00+00:00,159.257,159.27,159.257,159.265,0
2026-05-26 13:50:00+00:00,159.264,159.284,159.264,159.281,0
2026-05-26 13:51:00+00:00,159.283,159.295,159.281,159.285,0
2026-05-26 13:52:00+00:00,159.284,159.295,159.284,159.286,0
2026-05-26 13:53:00+00:00,159.287,159.299,159.287,159.295,0
2026-05-26 13:54:00+00:00,159.294,159.294,159.284,159.284,0
2026-05-26 13:55:00+00:00,159.284,159.284,159.264,159.275,0
2026-05-26 13:56:00+00:00,159.275,159.277,159.272,159.273,0
2026-05-26 13:57:00+00:00,159.273,159.273,159.268,159.269,0
2026-05-26 13:58:00+00:00,159.27,159.273,159.268,159.271,0
2026-05-26 13:59:00+00:00,159.271,159.277,159.271,159.276,0
2026-05-26 14:00:00+00:00,159.275,159.289,159.272,159.289,0
2026-05-26 14:01:00+00:00,159.288,159.288,159.262,159.268,0
2026-05-26 14:02:00+00:00,159.267,159.271,159.261,159.271,0
2026-05-26 14:03:00+00:00,159.271,159.274,159.262,159.265,0
2026-05-26 14:04:00+00:00,159.265,159.272,159.265,159.272,0
2026-05-26 14:05:00+00:00,159.271,159.278,159.271,159.273,0
2026-05-26 14:06:00+00:00,159.272,159.272,159.262,159.262,0
2026-05-26 14:07:00+00:00,159.261,159.263,159.25,159.26,0
2026-05-26 14:08:00+00:00,159.26,159.269,159.258,159.267,0
2026-05-26 14:09:00+00:00,159.267,159.274,159.266,159.266,0
2026-05-26 14:10:00+00:00,159.266,159.271,159.257,159.261,0
2026-05-26 14:11:00+00:00,159.261,159.266,159.258,159.265,0
2026-05-26 14:12:00+00:00,159.266,159.266,159.261,159.265,0
2026-05-26 14:13:00+00:00,159.264,159.275,159.263,159.275,0
2026-05-26 14:14:00+00:00,159.275,159.276,159.269,159.27,0
2026-05-26 14:15:00+00:00,159.27,159.27,159.264,159.267,0
2026-05-26 14:16:00+00:00,159.266,159.275,159.261,159.275,0
2026-05-26 14:17:00+00:00,159.275,159.276,159.273,159.276,0
2026-05-26 14:18:00+00:00,159.276,159.276,159.272,159.275,0
2026-05-26 14:19:00+00:00,159.275,159.277,159.272,159.275,0
2026-05-26 14:20:00+00:00,159.275,159.276,159.265,159.274,0
2026-05-26 14:21:00+00:00,159.275,159.275,159.264,159.266,0
2026-05-26 14:22:00+00:00,159.267,159.267,159.259,159.263,0
2026-05-26 14:23:00+00:00,159.263,159.271,159.262,159.267,0
2026-05-26 14:24:00+00:00,159.267,159.267,159.26,159.265,0
2026-05-26 14:25:00+00:00,159.264,159.265,159.257,159.261,0
2026-05-26 14:26:00+00:00,159.264,159.267,159.261,159.264,0
2026-05-26 14:27:00+00:00,159.265,159.275,159.264,159.267,0
2026-05-26 14:28:00+00:00,159.266,159.272,159.264,159.268,0
2026-05-26 14:29:00+00:00,159.268,159.269,159.26,159.261,0
2026-05-26 14:30:00+00:00,159.261,159.263,159.251,159.254,0
2026-05-26 14:31:00+00:00,159.257,159.261,159.251,159.254,0
2026-05-26 14:32:00+00:00,159.255,159.262,159.239,159.249,0
2026-05-26 14:33:00+00:00,159.249,159.26,159.248,159.252,0
2026-05-26 14:34:00+00:00,159.253,159.261,159.246,159.247,0
2026-05-26 14:35:00+00:00,159.247,159.248,159.227,159.233,0
2026-05-26 14:36:00+00:00,159.23,159.246,159.226,159.244,0
2026-05-26 14:37:00+00:00,159.243,159.251,159.243,159.249,0
2026-05-26 14:38:00+00:00,159.25,159.257,159.249,159.251,0
2026-05-26 14:39:00+00:00,159.252,159.261,159.25,159.261,0
2026-05-26 14:40:00+00:00,159.261,159.261,159.236,159.236,0
2026-05-26 14:41:00+00:00,159.237,159.25,159.237,159.245,0
2026-05-26 14:42:00+00:00,159.246,159.247,159.238,159.247,0
2026-05-26 14:43:00+00:00,159.248,159.256,159.248,159.252,0
2026-05-26 14:44:00+00:00,159.253,159.255,159.248,159.248,0
2026-05-26 14:45:00+00:00,159.249,159.253,159.247,159.248,0
2026-05-26 14:46:00+00:00,159.247,159.259,159.247,159.251,0
2026-05-26 14:47:00+00:00,159.251,159.251,159.241,159.246,0
2026-05-26 14:48:00+00:00,159.247,159.259,159.247,159.252,0
2026-05-26 14:49:00+00:00,159.251,159.264,159.251,159.264,0
2026-05-26 14:50:00+00:00,159.263,159.27,159.261,159.267,0
2026-05-26 14:51:00+00:00,159.266,159.271,159.266,159.267,0
2026-05-26 14:52:00+00:00,159.266,159.27,159.264,159.265,0
2026-05-26 14:53:00+00:00,159.265,159.28,159.264,159.279,0
2026-05-26 14:54:00+00:00,159.279,159.285,159.279,159.283,0
2026-05-26 14:55:00+00:00,159.284,159.284,159.272,159.274,0
2026-05-26 14:56:00+00:00,159.274,159.288,159.273,159.288,0
2026-05-26 14:57:00+00:00,159.292,159.308,159.288,159.303,0
2026-05-26 14:58:00+00:00,159.305,159.319,159.305,159.313,0
2026-05-26 14:59:00+00:00,159.313,159.324,159.308,159.32,0
2026-05-26 15:00:00+00:00,159.32,159.335,159.32,159.334,0
2026-05-26 15:01:00+00:00,159.336,159.346,159.325,159.334,0
2026-05-26 15:02:00+00:00,159.331,159.341,159.325,159.333,0
2026-05-26 15:03:00+00:00,159.332,159.336,159.321,159.326,0
2026-05-26 15:04:00+00:00,159.326,159.334,159.324,159.328,0
2026-05-26 15:05:00+00:00,159.327,159.327,159.307,159.312,0
2026-05-26 15:06:00+00:00,159.313,159.321,159.312,159.313,0
2026-05-26 15:07:00+00:00,159.313,159.322,159.312,159.32,0
2026-05-26 15:08:00+00:00,159.319,159.328,159.316,159.324,0
2026-05-26 15:09:00+00:00,159.325,159.332,159.325,159.331,0
2026-05-26 15:10:00+00:00,159.332,159.332,159.318,159.328,0
2026-05-26 15:11:00+00:00,159.326,159.326,159.316,159.316,0
2026-05-26 15:12:00+00:00,159.318,159.323,159.304,159.304,0
2026-05-26 15:13:00+00:00,159.305,159.322,159.303,159.304,0
2026-05-26 15:14:00+00:00,159.303,159.312,159.3,159.309,0
2026-05-26 15:15:00+00:00,159.31,159.318,159.31,159.318,0
2026-05-26 15:16:00+00:00,159.317,159.331,159.316,159.331,0
2026-05-26 15:17:00+00:00,159.33,159.346,159.33,159.342,0
2026-05-26 15:18:00+00:00,159.341,159.341,159.331,159.331,0
2026-05-26 15:19:00+00:00,159.331,159.346,159.33,159.342,0
2026-05-26 15:20:00+00:00,159.341,159.345,159.341,159.343,0
2026-05-26 15:21:00+00:00,159.343,159.35,159.342,159.344,0
2026-05-26 15:22:00+00:00,159.343,159.345,159.343,159.344,0
2026-05-26 15:23:00+00:00,159.342,159.35,159.342,159.349,0
2026-05-26 15:24:00+00:00,159.35,159.351,159.345,159.346,0
2026-05-26 15:25:00+00:00,159.346,159.349,159.34,159.346,0
2026-05-26 15:26:00+00:00,159.347,159.349,159.334,159.339,0
2026-05-26 15:27:00+00:00,159.338,159.35,159.338,159.348,0
2026-05-26 15:28:00+00:00,159.348,159.348,159.332,159.342,0
2026-05-26 15:29:00+00:00,159.342,159.344,159.34,159.341,0
2026-05-26 15:30:00+00:00,159.341,159.342,159.326,159.331,0
2026-05-26 15:31:00+00:00,159.333,159.343,159.329,159.34,0
2026-05-26 15:32:00+00:00,159.342,159.343,159.332,159.338,0
2026-05-26 15:33:00+00:00,159.337,159.337,159.331,159.334,0
2026-05-26 15:34:00+00:00,159.331,159.339,159.33,159.331,0
2026-05-26 15:35:00+00:00,159.331,159.339,159.329,159.33,0
2026-05-26 15:36:00+00:00,159.33,159.347,159.329,159.346,0
2026-05-26 15:37:00+00:00,159.347,159.378,159.346,159.365,0
2026-05-26 15:38:00+00:00,159.364,159.368,159.362,159.365,0
2026-05-26 15:39:00+00:00,159.364,159.365,159.36,159.361,0
2026-05-26 15:40:00+00:00,159.364,159.378,159.361,159.375,0
2026-05-26 15:41:00+00:00,159.371,159.375,159.363,159.366,0
2026-05-26 15:42:00+00:00,159.363,159.366,159.354,159.356,0
2026-05-26 15:43:00+00:00,159.356,159.364,159.356,159.363,0
2026-05-26 15:44:00+00:00,159.361,159.364,159.36,159.363,0
2026-05-26 15:45:00+00:00,159.364,159.37,159.36,159.361,0
2026-05-26 15:46:00+00:00,159.362,159.364,159.359,159.363,0
2026-05-26 15:47:00+00:00,159.364,159.368,159.364,159.366,0
2026-05-26 15:48:00+00:00,159.368,159.37,159.353,159.355,0
2026-05-26 15:49:00+00:00,159.354,159.357,159.351,159.356,0
2026-05-26 15:50:00+00:00,159.359,159.362,159.354,159.358,0
2026-05-26 15:51:00+00:00,159.358,159.365,159.358,159.362,0
2026-05-26 15:52:00+00:00,159.362,159.368,159.362,159.367,0
2026-05-26 15:53:00+00:00,159.368,159.369,159.362,159.364,0
2026-05-26 15:54:00+00:00,159.365,159.365,159.352,159.353,0
2026-05-26 15:55:00+00:00,159.354,159.358,159.351,159.357,0
2026-05-26 15:56:00+00:00,159.356,159.364,159.354,159.363,0
2026-05-26 15:57:00+00:00,159.361,159.366,159.36,159.362,0
2026-05-26 15:58:00+00:00,159.361,159.364,159.36,159.361,0
2026-05-26 15:59:00+00:00,159.362,159.364,159.361,159.362,0
2026-05-26 16:00:00+00:00,159.362,159.362,159.347,159.351,0
2026-05-26 16:01:00+00:00,159.351,159.352,159.337,159.339,0
2026-05-26 16:02:00+00:00,159.337,159.351,159.335,159.345,0
2026-05-26 16:03:00+00:00,159.345,159.346,159.338,159.342,0
2026-05-26 16:04:00+00:00,159.34,159.34,159.336,159.336,0
2026-05-26 16:05:00+00:00,159.336,159.336,159.325,159.326,0
2026-05-26 16:06:00+00:00,159.327,159.334,159.326,159.329,0
2026-05-26 16:07:00+00:00,159.327,159.327,159.325,159.326,0
2026-05-26 16:08:00+00:00,159.325,159.329,159.322,159.322,0
2026-05-26 16:09:00+00:00,159.323,159.323,159.314,159.314,0
2026-05-26 16:10:00+00:00,159.317,159.324,159.303,159.31,0
2026-05-26 16:11:00+00:00,159.311,159.311,159.307,159.307,0
2026-05-26 16:12:00+00:00,159.307,159.311,159.299,159.311,0
2026-05-26 16:13:00+00:00,159.311,159.313,159.309,159.312,0
2026-05-26 16:14:00+00:00,159.312,159.312,159.311,159.312,0
2026-05-26 16:15:00+00:00,159.312,159.312,159.3,159.31,0
2026-05-26 16:16:00+00:00,159.31,159.311,159.3,159.309,0
2026-05-26 16:17:00+00:00,159.308,159.311,159.3,159.31,0
2026-05-26 16:18:00+00:00,159.311,159.311,159.295,159.301,0
2026-05-26 16:19:00+00:00,159.3,159.3,159.286,159.287,0
2026-05-26 16:20:00+00:00,159.287,159.289,159.283,159.284,0
2026-05-26 16:21:00+00:00,159.285,159.294,159.285,159.294,0
2026-05-26 16:22:00+00:00,159.294,159.295,159.287,159.295,0
2026-05-26 16:23:00+00:00,159.294,159.295,159.288,159.294,0
2026-05-26 16:24:00+00:00,159.295,159.295,159.285,159.285,0
2026-05-26 16:25:00+00:00,159.286,159.297,159.284,159.297,0
2026-05-26 16:26:00+00:00,159.298,159.298,159.296,159.297,0
2026-05-26 16:27:00+00:00,159.298,159.309,159.296,159.309,0
2026-05-26 16:28:00+00:00,159.308,159.309,159.3,159.304,0
2026-05-26 16:29:00+00:00,159.306,159.314,159.3,159.312,0
2026-05-26 16:30:00+00:00,159.312,159.313,159.31,159.311,0
2026-05-26 16:31:00+00:00,159.31,159.313,159.309,159.313,0
2026-05-26 16:32:00+00:00,159.313,159.313,159.299,159.31,0
2026-05-26 16:33:00+00:00,159.308,159.31,159.282,159.299,0
2026-05-26 16:34:00+00:00,159.298,159.299,159.287,159.292,0
2026-05-26 16:35:00+00:00,159.292,159.296,159.286,159.286,0
2026-05-26 16:36:00+00:00,159.287,159.31,159.287,159.31,0
2026-05-26 16:37:00+00:00,159.311,159.311,159.304,159.31,0
2026-05-26 16:38:00+00:00,159.311,159.313,159.305,159.307,0
2026-05-26 16:39:00+00:00,159.306,159.311,159.304,159.311,0
2026-05-26 16:40:00+00:00,159.31,159.311,159.302,159.31,0
2026-05-26 16:41:00+00:00,159.312,159.314,159.31,159.311,0
2026-05-26 16:42:00+00:00,159.313,159.315,159.311,159.312,0
2026-05-26 16:43:00+00:00,159.315,159.324,159.312,159.313,0
2026-05-26 16:44:00+00:00,159.311,159.316,159.31,159.314,0
2026-05-26 16:45:00+00:00,159.313,159.313,159.3,159.301,0
2026-05-26 16:46:00+00:00,159.3,159.312,159.3,159.31,0
2026-05-26 16:47:00+00:00,159.31,159.318,159.31,159.317,0
2026-05-26 16:48:00+00:00,159.322,159.337,159.322,159.332,0
2026-05-26 16:49:00+00:00,159.331,159.336,159.328,159.336,0
2026-05-26 16:50:00+00:00,159.336,159.336,159.33,159.336,0
2026-05-26 16:51:00+00:00,159.335,159.336,159.33,159.331,0
2026-05-26 16:52:00+00:00,159.33,159.334,159.329,159.33,0
2026-05-26 16:53:00+00:00,159.328,159.328,159.321,159.324,0
2026-05-26 16:54:00+00:00,159.324,159.324,159.314,159.321,0
2026-05-26 16:55:00+00:00,159.319,159.319,159.31,159.315,0
2026-05-26 16:56:00+00:00,159.314,159.315,159.311,159.313,0
2026-05-26 16:57:00+00:00,159.312,159.312,159.307,159.307,0
2026-05-26 16:58:00+00:00,159.308,159.308,159.301,159.304,0
2026-05-26 16:59:00+00:00,159.306,159.309,159.303,159.307,0
2026-05-26 17:00:00+00:00,159.308,159.31,159.305,159.309,0
2026-05-26 17:01:00+00:00,159.308,159.309,159.294,159.299,0
2026-05-26 17:02:00+00:00,159.299,159.3,159.292,159.297,0
2026-05-26 17:03:00+00:00,159.298,159.298,159.286,159.295,0
2026-05-26 17:04:00+00:00,159.296,159.296,159.29,159.295,0
2026-05-26 17:05:00+00:00,159.297,159.301,159.293,159.299,0
2026-05-26 17:06:00+00:00,159.301,159.301,159.297,159.298,0
2026-05-26 17:07:00+00:00,159.297,159.297,159.29,159.294,0
2026-05-26 17:08:00+00:00,159.296,159.3,159.295,159.3,0
2026-05-26 17:09:00+00:00,159.298,159.298,159.289,159.289,0
2026-05-26 17:10:00+00:00,159.288,159.3,159.288,159.288,0
2026-05-26 17:11:00+00:00,159.287,159.289,159.285,159.288,0
2026-05-26 17:12:00+00:00,159.286,159.295,159.286,159.295,0
2026-05-26 17:13:00+00:00,159.294,159.294,159.289,159.289,0
2026-05-26 17:14:00+00:00,159.289,159.296,159.287,159.295,0
2026-05-26 17:15:00+00:00,159.296,159.299,159.292,159.292,0
2026-05-26 17:16:00+00:00,159.293,159.301,159.293,159.301,0
2026-05-26 17:17:00+00:00,159.302,159.305,159.301,159.302,0
2026-05-26 17:18:00+00:00,159.299,159.301,159.299,159.299,0
2026-05-26 17:19:00+00:00,159.3,159.303,159.3,159.3,0
2026-05-26 17:20:00+00:00,159.3,159.305,159.3,159.302,0
2026-05-26 17:21:00+00:00,159.302,159.303,159.297,159.3,0
2026-05-26 17:22:00+00:00,159.301,159.307,159.3,159.304,0
2026-05-26 17:23:00+00:00,159.304,159.305,159.301,159.303,0
2026-05-26 17:24:00+00:00,159.302,159.305,159.301,159.303,0
2026-05-26 17:25:00+00:00,159.304,159.311,159.302,159.303,0
2026-05-26 17:26:00+00:00,159.302,159.312,159.302,159.312,0
2026-05-26 17:27:00+00:00,159.31,159.314,159.301,159.31,0
2026-05-26 17:28:00+00:00,159.308,159.316,159.306,159.316,0
2026-05-26 17:29:00+00:00,159.315,159.317,159.314,159.316,0
2026-05-26 17:30:00+00:00,159.317,159.318,159.314,159.318,0
2026-05-26 17:31:00+00:00,159.317,159.317,159.315,159.315,0
2026-05-26 17:32:00+00:00,159.314,159.315,159.314,159.314,0
2026-05-26 17:33:00+00:00,159.314,159.316,159.31,159.316,0
2026-05-26 17:34:00+00:00,159.317,159.322,159.317,159.317,0
2026-05-26 17:35:00+00:00,159.317,159.329,159.317,159.327,0
2026-05-26 17:36:00+00:00,159.327,159.336,159.327,159.33,0
2026-05-26 17:37:00+00:00,159.331,159.34,159.33,159.34,0
2026-05-26 17:38:00+00:00,159.34,159.34,159.329,159.329,0
2026-05-26 17:39:00+00:00,159.328,159.333,159.328,159.331,0
2026-05-26 17:40:00+00:00,159.332,159.341,159.329,159.341,0
2026-05-26 17:41:00+00:00,159.341,159.342,159.339,159.341,0
2026-05-26 17:42:00+00:00,159.342,159.342,159.342,159.342,0
2026-05-26 17:43:00+00:00,159.34,159.342,159.338,159.34,0
2026-05-26 17:44:00+00:00,159.341,159.341,159.339,159.34,0
2026-05-26 17:45:00+00:00,159.34,159.341,159.34,159.341,0
2026-05-26 17:46:00+00:00,159.34,159.354,159.34,159.353,0
2026-05-26 17:47:00+00:00,159.353,159.355,159.34,159.34,0
2026-05-26 17:48:00+00:00,159.343,159.345,159.34,159.343,0
2026-05-26 17:49:00+00:00,159.344,159.351,159.344,159.35,0
2026-05-26 17:50:00+00:00,159.349,159.364,159.349,159.364,0
2026-05-26 17:51:00+00:00,159.363,159.363,159.359,159.362,0
2026-05-26 17:52:00+00:00,159.362,159.366,159.362,159.366,0
2026-05-26 17:53:00+00:00,159.365,159.368,159.361,159.366,0
2026-05-26 17:54:00+00:00,159.366,159.375,159.365,159.365,0
2026-05-26 17:55:00+00:00,159.365,159.366,159.363,159.366,0
2026-05-26 17:56:00+00:00,159.365,159.375,159.365,159.37,0
2026-05-26 17:57:00+00:00,159.371,159.379,159.367,159.376,0
2026-05-26 17:58:00+00:00,159.377,159.378,159.37,159.37,0
2026-05-26 17:59:00+00:00,159.371,159.373,159.36,159.361,0
2026-05-26 18:00:00+00:00,159.361,159.373,159.353,159.367,0
2026-05-26 18:01:00+00:00,159.369,159.372,159.365,159.365,0
2026-05-26 18:02:00+00:00,159.366,159.371,159.364,159.365,0
2026-05-26 18:03:00+00:00,159.366,159.368,159.356,159.361,0
2026-05-26 18:04:00+00:00,159.361,159.363,159.361,159.363,0
2026-05-26 18:05:00+00:00,159.362,159.368,159.362,159.365,0
2026-05-26 18:06:00+00:00,159.364,159.365,159.361,159.363,0
2026-05-26 18:07:00+00:00,159.363,159.364,159.361,159.363,0
2026-05-26 18:08:00+00:00,159.363,159.363,159.359,159.359,0
2026-05-26 18:09:00+00:00,159.358,159.359,159.347,159.349,0
2026-05-26 18:10:00+00:00,159.349,159.349,159.338,159.339,0
2026-05-26 18:11:00+00:00,159.338,159.349,159.338,159.349,0
2026-05-26 18:12:00+00:00,159.349,159.349,159.349,159.349,0
2026-05-26 18:13:00+00:00,159.348,159.349,159.348,159.348,0
2026-05-26 18:14:00+00:00,159.348,159.349,159.347,159.347,0
2026-05-26 18:15:00+00:00,159.345,159.348,159.341,159.344,0
2026-05-26 18:16:00+00:00,159.343,159.349,159.342,159.349,0
2026-05-26 18:17:00+00:00,159.35,159.35,159.339,159.339,0
2026-05-26 18:18:00+00:00,159.34,159.341,159.34,159.341,0
2026-05-26 18:19:00+00:00,159.342,159.342,159.341,159.341,0
2026-05-26 18:20:00+00:00,159.339,159.348,159.339,159.348,0
2026-05-26 18:21:00+00:00,159.348,159.348,159.338,159.341,0
2026-05-26 18:22:00+00:00,159.34,159.34,159.327,159.328,0
2026-05-26 18:23:00+00:00,159.328,159.334,159.316,159.331,0
2026-05-26 18:24:00+00:00,159.333,159.337,159.33,159.336,0
2026-05-26 18:25:00+00:00,159.337,159.339,159.336,159.339,0
2026-05-26 18:26:00+00:00,159.335,159.335,159.33,159.33,0
2026-05-26 18:27:00+00:00,159.33,159.33,159.325,159.328,0
2026-05-26 18:28:00+00:00,159.328,159.328,159.322,159.325,0
2026-05-26 18:29:00+00:00,159.325,159.329,159.323,159.329,0
2026-05-26 18:30:00+00:00,159.332,159.338,159.332,159.335,0
2026-05-26 18:31:00+00:00,159.333,159.333,159.316,159.324,0
2026-05-26 18:32:00+00:00,159.325,159.328,159.322,159.326,0
2026-05-26 18:33:00+00:00,159.328,159.329,159.327,159.329,0
2026-05-26 18:34:00+00:00,159.328,159.338,159.328,159.337,0
2026-05-26 18:35:00+00:00,159.338,159.339,159.33,159.331,0
2026-05-26 18:36:00+00:00,159.33,159.337,159.33,159.333,0
2026-05-26 18:37:00+00:00,159.334,159.334,159.331,159.331,0
2026-05-26 18:38:00+00:00,159.331,159.331,159.327,159.329,0
2026-05-26 18:39:00+00:00,159.329,159.331,159.319,159.32,0
2026-05-26 18:40:00+00:00,159.321,159.329,159.318,159.325,0
2026-05-26 18:41:00+00:00,159.323,159.327,159.319,159.326,0
2026-05-26 18:42:00+00:00,159.326,159.336,159.326,159.336,0
2026-05-26 18:43:00+00:00,159.338,159.342,159.334,159.338,0
2026-05-26 18:44:00+00:00,159.337,159.34,159.336,159.337,0
2026-05-26 18:45:00+00:00,159.336,159.336,159.326,159.327,0
2026-05-26 18:46:00+00:00,159.328,159.328,159.326,159.326,0
2026-05-26 18:47:00+00:00,159.327,159.327,159.325,159.325,0
2026-05-26 18:48:00+00:00,159.324,159.324,159.315,159.316,0
2026-05-26 18:49:00+00:00,159.316,159.329,159.316,159.329,0
2026-05-26 18:50:00+00:00,159.328,159.329,159.325,159.325,0
2026-05-26 18:51:00+00:00,159.321,159.321,159.311,159.312,0
2026-05-26 18:52:00+00:00,159.312,159.312,159.3,159.301,0
2026-05-26 18:53:00+00:00,159.302,159.304,159.3,159.302,0
2026-05-26 18:54:00+00:00,159.302,159.314,159.302,159.314,0
2026-05-26 18:55:00+00:00,159.315,159.319,159.314,159.315,0
2026-05-26 18:56:00+00:00,159.317,159.317,159.314,159.317,0
2026-05-26 18:57:00+00:00,159.316,159.33,159.316,159.329,0
2026-05-26 18:58:00+00:00,159.325,159.325,159.315,159.319,0
2026-05-26 18:59:00+00:00,159.319,159.333,159.319,159.332,0
2026-05-26 19:00:00+00:00,159.334,159.344,159.332,159.342,0
2026-05-26 19:01:00+00:00,159.342,159.342,159.33,159.33,0
2026-05-26 19:02:00+00:00,159.329,159.331,159.328,159.331,0
2026-05-26 19:03:00+00:00,159.33,159.33,159.314,159.317,0
2026-05-26 19:04:00+00:00,159.318,159.32,159.316,159.32,0
2026-05-26 19:05:00+00:00,159.319,159.329,159.318,159.329,0
2026-05-26 19:06:00+00:00,159.327,159.329,159.327,159.329,0
2026-05-26 19:07:00+00:00,159.332,159.342,159.332,159.341,0
2026-05-26 19:08:00+00:00,159.341,159.341,159.337,159.337,0
2026-05-26 19:09:00+00:00,159.336,159.336,159.33,159.33,0
2026-05-26 19:10:00+00:00,159.33,159.33,159.326,159.327,0
2026-05-26 19:11:00+00:00,159.327,159.329,159.325,159.327,0
2026-05-26 19:12:00+00:00,159.328,159.332,159.328,159.331,0
2026-05-26 19:13:00+00:00,159.332,159.336,159.33,159.33,0
2026-05-26 19:14:00+00:00,159.331,159.333,159.33,159.333,0
2026-05-26 19:15:00+00:00,159.331,159.331,159.33,159.33,0
2026-05-26 19:16:00+00:00,159.329,159.33,159.329,159.33,0
2026-05-26 19:17:00+00:00,159.328,159.328,159.319,159.319,0
2026-05-26 19:18:00+00:00,159.32,159.32,159.32,159.32,0
2026-05-26 19:19:00+00:00,159.32,159.327,159.32,159.326,0
2026-05-26 19:20:00+00:00,159.327,159.327,159.325,159.326,0
2026-05-26 19:21:00+00:00,159.327,159.327,159.317,159.319,0
2026-05-26 19:22:00+00:00,159.319,159.32,159.317,159.317,0
2026-05-26 19:23:00+00:00,159.316,159.324,159.314,159.324,0
2026-05-26 19:24:00+00:00,159.324,159.328,159.324,159.327,0
2026-05-26 19:25:00+00:00,159.325,159.327,159.321,159.325,0
2026-05-26 19:26:00+00:00,159.324,159.325,159.324,159.324,0
2026-05-26 19:27:00+00:00,159.326,159.327,159.326,159.327,0
2026-05-26 19:28:00+00:00,159.326,159.327,159.326,159.327,0
2026-05-26 19:29:00+00:00,159.331,159.332,159.328,159.33,0
2026-05-26 19:30:00+00:00,159.329,159.33,159.312,159.319,0
2026-05-26 19:31:00+00:00,159.319,159.323,159.316,159.317,0
2026-05-26 19:32:00+00:00,159.317,159.317,159.316,159.317,0
2026-05-26 19:33:00+00:00,159.317,159.317,159.317,159.317,0
2026-05-26 19:34:00+00:00,159.318,159.318,159.314,159.316,0
2026-05-26 19:35:00+00:00,159.317,159.318,159.316,159.316,0
2026-05-26 19:36:00+00:00,159.315,159.316,159.314,159.316,0
2026-05-26 19:37:00+00:00,159.315,159.315,159.306,159.315,0
2026-05-26 19:38:00+00:00,159.315,159.315,159.305,159.307,0
2026-05-26 19:39:00+00:00,159.306,159.316,159.304,159.316,0
2026-05-26 19:40:00+00:00,159.314,159.315,159.314,159.315,0
2026-05-26 19:41:00+00:00,159.315,159.317,159.313,159.317,0
2026-05-26 19:42:00+00:00,159.318,159.318,159.314,159.315,0
2026-05-26 19:43:00+00:00,159.316,159.319,159.315,159.315,0
2026-05-26 19:44:00+00:00,159.314,159.318,159.313,159.318,0
2026-05-26 19:45:00+00:00,159.32,159.32,159.314,159.314,0
2026-05-26 19:46:00+00:00,159.314,159.316,159.314,159.316,0
2026-05-26 19:47:00+00:00,159.315,159.315,159.315,159.315,0
2026-05-26 19:48:00+00:00,159.316,159.317,159.315,159.317,0
2026-05-26 19:49:00+00:00,159.315,159.316,159.315,159.316,0
2026-05-26 19:50:00+00:00,159.315,159.315,159.314,159.315,0
2026-05-26 19:51:00+00:00,159.315,159.316,159.306,159.306,0
2026-05-26 19:52:00+00:00,159.306,159.306,159.304,159.305,0
2026-05-26 19:53:00+00:00,159.304,159.305,159.304,159.305,0
2026-05-26 19:54:00+00:00,159.304,159.306,159.304,159.306,0
2026-05-26 19:55:00+00:00,159.309,159.318,159.308,159.308,0
2026-05-26 19:56:00+00:00,159.307,159.307,159.301,159.303,0
2026-05-26 19:57:00+00:00,159.304,159.305,159.299,159.303,0
2026-05-26 19:58:00+00:00,159.304,159.308,159.301,159.308,0
2026-05-26 19:59:00+00:00,159.309,159.318,159.305,159.316,0
2026-05-26 20:00:00+00:00,159.316,159.319,159.304,159.306,0
2026-05-26 20:01:00+00:00,159.307,159.307,159.304,159.306,0
2026-05-26 20:02:00+00:00,159.307,159.307,159.301,159.302,0
2026-05-26 20:03:00+00:00,159.304,159.305,159.303,159.305,0
2026-05-26 20:04:00+00:00,159.304,159.304,159.3,159.303,0
2026-05-26 20:05:00+00:00,159.302,159.313,159.302,159.304,0
2026-05-26 20:06:00+00:00,159.303,159.304,159.303,159.303,0
2026-05-26 20:07:00+00:00,159.303,159.303,159.303,159.303,0
2026-05-26 20:08:00+00:00,159.302,159.303,159.302,159.303,0
2026-05-26 20:09:00+00:00,159.303,159.307,159.303,159.305,0
2026-05-26 20:10:00+00:00,159.304,159.31,159.304,159.309,0
2026-05-26 20:11:00+00:00,159.308,159.308,159.304,159.304,0
2026-05-26 20:12:00+00:00,159.304,159.304,159.301,159.303,0
2026-05-26 20:13:00+00:00,159.304,159.304,159.304,159.304,0
2026-05-26 20:14:00+00:00,159.304,159.304,159.304,159.304,0
2026-05-26 20:15:00+00:00,159.305,159.308,159.305,159.308,0
2026-05-26 20:16:00+00:00,159.307,159.307,159.306,159.307,0
2026-05-26 20:17:00+00:00,159.306,159.306,159.306,159.306,0
2026-05-26 20:18:00+00:00,159.307,159.307,159.305,159.305,0
2026-05-26 20:19:00+00:00,159.305,159.305,159.304,159.304,0
2026-05-26 20:20:00+00:00,159.305,159.306,159.305,159.306,0
2026-05-26 20:21:00+00:00,159.306,159.306,159.306,159.306,0
2026-05-26 20:22:00+00:00,159.307,159.307,159.306,159.306,0
2026-05-26 20:23:00+00:00,159.306,159.306,159.306,159.306,0
2026-05-26 20:24:00+00:00,159.308,159.318,159.308,159.317,0
2026-05-26 20:25:00+00:00,159.317,159.317,159.315,159.316,0
2026-05-26 20:26:00+00:00,159.316,159.316,159.316,159.316,0
2026-05-26 20:27:00+00:00,159.319,159.319,159.303,159.303,0
2026-05-26 20:28:00+00:00,159.302,159.306,159.302,159.304,0
2026-05-26 20:29:00+00:00,159.305,159.306,159.3,159.305,0
2026-05-26 20:30:00+00:00,159.306,159.315,159.304,159.315,0
2026-05-26 20:31:00+00:00,159.313,159.315,159.307,159.307,0
2026-05-26 20:32:00+00:00,159.307,159.317,159.306,159.316,0
2026-05-26 20:33:00+00:00,159.317,159.32,159.316,159.319,0
2026-05-26 20:34:00+00:00,159.319,159.319,159.319,159.319,0
2026-05-26 20:35:00+00:00,159.319,159.319,159.315,159.319,0
2026-05-26 20:36:00+00:00,159.318,159.321,159.318,159.319,0
2026-05-26 20:37:00+00:00,159.318,159.322,159.318,159.322,0
2026-05-26 20:38:00+00:00,159.324,159.331,159.324,159.331,0
2026-05-26 20:39:00+00:00,159.33,159.33,159.329,159.329,0
2026-05-26 20:40:00+00:00,159.329,159.331,159.327,159.331,0
2026-05-26 20:41:00+00:00,159.33,159.33,159.33,159.33,0
2026-05-26 20:42:00+00:00,159.33,159.33,159.32,159.324,0
2026-05-26 20:43:00+00:00,159.322,159.325,159.318,159.319,0
2026-05-26 20:44:00+00:00,159.319,159.319,159.318,159.319,0
2026-05-26 20:45:00+00:00,159.321,159.321,159.317,159.317,0
2026-05-26 20:46:00+00:00,159.317,159.317,159.316,159.317,0
2026-05-26 20:47:00+00:00,159.317,159.317,159.316,159.316,0
2026-05-26 20:48:00+00:00,159.316,159.316,159.307,159.315,0
2026-05-26 20:49:00+00:00,159.314,159.315,159.313,159.313,0
2026-05-26 20:50:00+00:00,159.314,159.315,159.306,159.313,0
2026-05-26 20:51:00+00:00,159.313,159.314,159.308,159.313,0
2026-05-26 20:52:00+00:00,159.313,159.314,159.311,159.313,0
2026-05-26 20:53:00+00:00,159.314,159.315,159.307,159.311,0
2026-05-26 20:54:00+00:00,159.31,159.315,159.307,159.314,0
2026-05-26 20:55:00+00:00,159.312,159.312,159.303,159.308,0
2026-05-26 20:56:00+00:00,159.312,159.314,159.298,159.301,0
2026-05-26 20:57:00+00:00,159.302,159.303,159.298,159.302,0
2026-05-26 20:58:00+00:00,159.303,159.307,159.299,159.3,0
2026-05-26 20:59:00+00:00,159.298,159.298,159.286,159.286,0
2026-05-26 21:00:00+00:00,159.287,159.294,159.279,159.289,0
2026-05-26 21:01:00+00:00,159.293,159.293,159.293,159.293,0
2026-05-26 21:02:00+00:00,159.293,159.293,159.293,159.293,0
2026-05-26 21:03:00+00:00,159.293,159.293,159.293,159.293,0
2026-05-26 21:04:00+00:00,159.293,159.293,159.293,159.293,0
2026-05-26 21:05:00+00:00,159.29,159.29,159.288,159.288,0
2026-05-26 21:06:00+00:00,159.288,159.291,159.288,159.29,0
2026-05-26 21:07:00+00:00,159.29,159.29,159.29,159.29,0
2026-05-26 21:08:00+00:00,159.29,159.29,159.29,159.29,0
2026-05-26 21:09:00+00:00,159.289,159.291,159.289,159.291,0
2026-05-26 21:10:00+00:00,159.291,159.291,159.289,159.29,0
2026-05-26 21:11:00+00:00,159.29,159.29,159.288,159.288,0
2026-05-26 21:12:00+00:00,159.289,159.29,159.288,159.29,0
2026-05-26 21:13:00+00:00,159.29,159.29,159.29,159.29,0
2026-05-26 21:14:00+00:00,159.289,159.29,159.289,159.289,0
2026-05-26 21:15:00+00:00,159.288,159.288,159.288,159.288,0
2026-05-26 21:16:00+00:00,159.29,159.29,159.288,159.289,0
2026-05-26 21:17:00+00:00,159.289,159.289,159.289,159.289,0
2026-05-26 21:18:00+00:00,159.289,159.29,159.289,159.289,0
2026-05-26 21:19:00+00:00,159.288,159.29,159.288,159.288,0
2026-05-26 21:20:00+00:00,159.288,159.294,159.288,159.293,0
2026-05-26 21:21:00+00:00,159.293,159.296,159.293,159.295,0
2026-05-26 21:22:00+00:00,159.294,159.295,159.294,159.295,0
2026-05-26 21:23:00+00:00,159.296,159.296,159.296,159.296,0
2026-05-26 21:24:00+00:00,159.295,159.295,159.295,159.295,0
2026-05-26 21:25:00+00:00,159.289,159.289,159.289,159.289,0
2026-05-26 21:26:00+00:00,159.289,159.289,159.288,159.288,0
2026-05-26 21:27:00+00:00,159.289,159.289,159.289,159.289,0
2026-05-26 21:28:00+00:00,159.291,159.291,159.291,159.291,0
2026-05-26 21:29:00+00:00,159.291,159.291,159.291,159.291,0
2026-05-26 21:30:00+00:00,159.291,159.291,159.29,159.29,0
2026-05-26 21:31:00+00:00,159.291,159.291,159.291,159.291,0
2026-05-26 21:32:00+00:00,159.291,159.291,159.29,159.291,0
2026-05-26 21:33:00+00:00,159.291,159.291,159.291,159.291,0
2026-05-26 21:34:00+00:00,159.288,159.288,159.287,159.287,0
2026-05-26 21:35:00+00:00,159.287,159.287,159.286,159.286,0
2026-05-26 21:36:00+00:00,159.287,159.29,159.287,159.289,0
2026-05-26 21:37:00+00:00,159.288,159.289,159.288,159.289,0
2026-05-26 21:38:00+00:00,159.289,159.289,159.288,159.288,0
2026-05-26 21:39:00+00:00,159.287,159.289,159.287,159.289,0
2026-05-26 21:40:00+00:00,159.288,159.289,159.288,159.288,0
2026-05-26 21:41:00+00:00,159.287,159.288,159.287,159.288,0
2026-05-26 21:42:00+00:00,159.288,159.289,159.287,159.288,0
2026-05-26 21:43:00+00:00,159.287,159.288,159.287,159.288,0
2026-05-26 21:44:00+00:00,159.288,159.288,159.287,159.287,0
2026-05-26 21:45:00+00:00,159.287,159.289,159.286,159.289,0
2026-05-26 21:46:00+00:00,159.288,159.288,159.286,159.286,0
2026-05-26 21:47:00+00:00,159.285,159.286,159.285,159.286,0
2026-05-26 21:48:00+00:00,159.286,159.286,159.286,159.286,0
2026-05-26 21:49:00+00:00,159.286,159.286,159.286,159.286,0
2026-05-26 21:50:00+00:00,159.286,159.286,159.286,159.286,0
2026-05-26 21:51:00+00:00,159.284,159.284,159.284,159.284,0
2026-05-26 21:52:00+00:00,159.282,159.282,159.282,159.282,0
2026-05-26 21:53:00+00:00,159.282,159.282,159.282,159.282,0
2026-05-26 21:54:00+00:00,159.285,159.285,159.285,159.285,0
2026-05-26 21:55:00+00:00,159.285,159.285,159.283,159.283,0
2026-05-26 21:56:00+00:00,159.285,159.292,159.284,159.292,0
2026-05-26 21:57:00+00:00,159.285,159.286,159.285,159.286,0
2026-05-26 21:58:00+00:00,159.286,159.289,159.286,159.289,0
2026-05-26 21:59:00+00:00,159.295,159.295,159.254,159.255,0
2026-05-26 22:00:00+00:00,159.255,159.273,159.253,159.273,0
2026-05-26 22:01:00+00:00,159.275,159.277,159.257,159.272,0
2026-05-26 22:02:00+00:00,159.272,159.283,159.272,159.276,0
2026-05-26 22:03:00+00:00,159.276,159.279,159.276,159.279,0
2026-05-26 22:04:00+00:00,159.279,159.28,159.274,159.28,0
2026-05-26 22:05:00+00:00,159.279,159.283,159.275,159.28,0
2026-05-26 22:06:00+00:00,159.282,159.282,159.282,159.282,0
2026-05-26 22:07:00+00:00,159.281,159.283,159.276,159.282,0
2026-05-26 22:08:00+00:00,159.284,159.288,159.282,159.286,0
2026-05-26 22:09:00+00:00,159.287,159.298,159.287,159.29,0
2026-05-26 22:10:00+00:00,159.291,159.302,159.287,159.289,0
2026-05-26 22:11:00+00:00,159.289,159.291,159.277,159.277,0
2026-05-26 22:12:00+00:00,159.278,159.289,159.278,159.289,0
2026-05-26 22:13:00+00:00,159.288,159.289,159.285,159.289,0
2026-05-26 22:14:00+00:00,159.289,159.289,159.289,159.289,0
2026-05-26 22:15:00+00:00,159.287,159.289,159.287,159.289,0
2026-05-26 22:16:00+00:00,159.289,159.291,159.288,159.288,0
2026-05-26 22:17:00+00:00,159.288,159.288,159.287,159.288,0
2026-05-26 22:18:00+00:00,159.288,159.292,159.287,159.288,0
2026-05-26 22:19:00+00:00,159.288,159.292,159.288,159.29,0
2026-05-26 22:20:00+00:00,159.29,159.295,159.289,159.294,0
2026-05-26 22:21:00+00:00,159.294,159.295,159.291,159.291,0
2026-05-26 22:22:00+00:00,159.291,159.291,159.291,159.291,0
2026-05-26 22:23:00+00:00,159.292,159.299,159.292,159.294,0
2026-05-26 22:24:00+00:00,159.292,159.298,159.291,159.297,0
2026-05-26 22:25:00+00:00,159.3,159.301,159.285,159.287,0
2026-05-26 22:26:00+00:00,159.289,159.289,159.286,159.287,0
2026-05-26 22:27:00+00:00,159.288,159.288,159.286,159.287,0
2026-05-26 22:28:00+00:00,159.287,159.29,159.286,159.289,0
2026-05-26 22:29:00+00:00,159.289,159.29,159.287,159.288,0
2026-05-26 22:30:00+00:00,159.287,159.287,159.285,159.287,0
2026-05-26 22:31:00+00:00,159.288,159.288,159.287,159.287,0
2026-05-26 22:32:00+00:00,159.287,159.288,159.287,159.287,0
2026-05-26 22:33:00+00:00,159.288,159.288,159.287,159.287,0
2026-05-26 22:34:00+00:00,159.295,159.299,159.289,159.289,0
2026-05-26 22:35:00+00:00,159.29,159.298,159.289,159.298,0
2026-05-26 22:36:00+00:00,159.296,159.296,159.296,159.296,0
2026-05-26 22:37:00+00:00,159.296,159.297,159.289,159.296,0
2026-05-26 22:38:00+00:00,159.293,159.293,159.285,159.287,0
2026-05-26 22:39:00+00:00,159.287,159.287,159.285,159.286,0
2026-05-26 22:40:00+00:00,159.287,159.287,159.286,159.286,0
2026-05-26 22:41:00+00:00,159.286,159.287,159.286,159.286,0
2026-05-26 22:42:00+00:00,159.286,159.286,159.283,159.283,0
2026-05-26 22:43:00+00:00,159.286,159.286,159.285,159.285,0
2026-05-26 22:44:00+00:00,159.284,159.286,159.284,159.286,0
2026-05-26 22:45:00+00:00,159.286,159.287,159.286,159.286,0
2026-05-26 22:46:00+00:00,159.286,159.286,159.286,159.286,0
2026-05-26 22:47:00+00:00,159.286,159.286,159.286,159.286,0
2026-05-26 22:48:00+00:00,159.285,159.286,159.283,159.285,0
2026-05-26 22:49:00+00:00,159.284,159.284,159.284,159.284,0
2026-05-26 22:50:00+00:00,159.283,159.284,159.283,159.284,0
2026-05-26 22:51:00+00:00,159.283,159.284,159.283,159.284,0
2026-05-26 22:52:00+00:00,159.285,159.285,159.28,159.283,0
2026-05-26 22:53:00+00:00,159.282,159.282,159.271,159.271,0
2026-05-26 22:54:00+00:00,159.271,159.271,159.27,159.27,0
2026-05-26 22:55:00+00:00,159.272,159.273,159.272,159.273,0
2026-05-26 22:56:00+00:00,159.272,159.272,159.268,159.27,0
2026-05-26 22:57:00+00:00,159.27,159.27,159.268,159.27,0
2026-05-26 22:58:00+00:00,159.27,159.27,159.269,159.269,0
2026-05-26 22:59:00+00:00,159.269,159.269,159.256,159.257,0
2026-05-26 23:00:00+00:00,159.256,159.262,159.256,159.26,0
2026-05-26 23:01:00+00:00,159.259,159.259,159.248,159.248,0
2026-05-26 23:02:00+00:00,159.247,159.254,159.247,159.251,0
2026-05-26 23:03:00+00:00,159.249,159.257,159.249,159.25,0
2026-05-26 23:04:00+00:00,159.251,159.251,159.251,159.251,0
2026-05-26 23:05:00+00:00,159.25,159.254,159.248,159.25,0
2026-05-26 23:06:00+00:00,159.253,159.257,159.249,159.249,0
2026-05-26 23:07:00+00:00,159.25,159.265,159.248,159.265,0
2026-05-26 23:08:00+00:00,159.266,159.266,159.262,159.264,0
2026-05-26 23:09:00+00:00,159.263,159.275,159.262,159.274,0
2026-05-26 23:10:00+00:00,159.275,159.276,159.27,159.272,0
2026-05-26 23:11:00+00:00,159.274,159.274,159.271,159.271,0
2026-05-26 23:12:00+00:00,159.269,159.272,159.269,159.272,0
2026-05-26 23:13:00+00:00,159.271,159.272,159.264,159.264,0
2026-05-26 23:14:00+00:00,159.264,159.264,159.26,159.26,0
2026-05-26 23:15:00+00:00,159.259,159.26,159.259,159.26,0
2026-05-26 23:16:00+00:00,159.259,159.262,159.259,159.261,0
2026-05-26 23:17:00+00:00,159.262,159.262,159.262,159.262,0
2026-05-26 23:18:00+00:00,159.261,159.261,159.261,159.261,0
2026-05-26 23:19:00+00:00,159.259,159.259,159.259,159.259,0
2026-05-26 23:20:00+00:00,159.261,159.261,159.259,159.259,0
2026-05-26 23:21:00+00:00,159.258,159.258,159.248,159.248,0
2026-05-26 23:22:00+00:00,159.25,159.25,159.249,159.249,0
2026-05-26 23:23:00+00:00,159.248,159.249,159.248,159.248,0
2026-05-26 23:24:00+00:00,159.249,159.249,159.247,159.247,0
2026-05-26 23:25:00+00:00,159.247,159.248,159.233,159.235,0
2026-05-26 23:26:00+00:00,159.237,159.237,159.237,159.237,0
2026-05-26 23:27:00+00:00,159.236,159.248,159.236,159.247,0
2026-05-26 23:28:00+00:00,159.249,159.253,159.249,159.251,0
2026-05-26 23:29:00+00:00,159.25,159.25,159.246,159.246,0
2026-05-26 23:30:00+00:00,159.247,159.249,159.247,159.248,0
2026-05-26 23:31:00+00:00,159.247,159.247,159.235,159.237,0
2026-05-26 23:32:00+00:00,159.239,159.239,159.237,159.237,0
2026-05-26 23:33:00+00:00,159.238,159.241,159.237,159.237,0
2026-05-26 23:34:00+00:00,159.238,159.238,159.236,159.236,0
2026-05-26 23:35:00+00:00,159.238,159.238,159.238,159.238,0
2026-05-26 23:36:00+00:00,159.236,159.236,159.236,159.236,0
2026-05-26 23:37:00+00:00,159.237,159.237,159.237,159.237,0
2026-05-26 23:38:00+00:00,159.236,159.236,159.236,159.236,0
2026-05-26 23:39:00+00:00,159.236,159.236,159.236,159.236,0
2026-05-26 23:40:00+00:00,159.235,159.235,159.235,159.235,0
2026-05-26 23:41:00+00:00,159.234,159.234,159.226,159.227,0
2026-05-26 23:42:00+00:00,159.223,159.224,159.223,159.224,0
2026-05-26 23:43:00+00:00,159.224,159.224,159.223,159.223,0
2026-05-26 23:44:00+00:00,159.222,159.222,159.22,159.22,0
2026-05-26 23:45:00+00:00,159.22,159.22,159.209,159.211,0
2026-05-26 23:46:00+00:00,159.211,159.213,159.211,159.211,0
2026-05-26 23:47:00+00:00,159.21,159.214,159.201,159.212,0
2026-05-26 23:48:00+00:00,159.211,159.214,159.209,159.212,0
2026-05-26 23:49:00+00:00,159.212,159.214,159.21,159.213,0
2026-05-26 23:50:00+00:00,159.217,159.224,159.217,159.223,0
2026-05-26 23:51:00+00:00,159.225,159.228,159.225,159.228,0
2026-05-26 23:52:00+00:00,159.229,159.229,159.224,159.224,0
2026-05-26 23:53:00+00:00,159.224,159.224,159.224,159.224,0
2026-05-26 23:54:00+00:00,159.223,159.231,159.223,159.228,0
2026-05-26 23:55:00+00:00,159.229,159.239,159.229,159.239,0
2026-05-26 23:56:00+00:00,159.238,159.25,159.238,159.25,0
2026-05-26 23:57:00+00:00,159.25,159.25,159.242,159.242,0
2026-05-26 23:58:00+00:00,159.24,159.25,159.239,159.25,0
2026-05-26 23:59:00+00:00,159.249,159.251,159.246,159.25,0
2026-05-27 00:00:00+00:00,159.251,159.252,159.229,159.23,0
2026-05-27 00:01:00+00:00,159.229,159.231,159.214,159.222,0
2026-05-27 00:02:00+00:00,159.222,159.227,159.212,159.225,0
2026-05-27 00:03:00+00:00,159.225,159.229,159.224,159.228,0
2026-05-27 00:04:00+00:00,159.226,159.226,159.225,159.225,0
2026-05-27 00:05:00+00:00,159.225,159.228,159.215,159.215,0
2026-05-27 00:06:00+00:00,159.215,159.237,159.215,159.236,0
2026-05-27 00:07:00+00:00,159.235,159.245,159.231,159.238,0
2026-05-27 00:08:00+00:00,159.238,159.238,159.221,159.225,0
2026-05-27 00:09:00+00:00,159.225,159.229,159.223,159.223,0
2026-05-27 00:10:00+00:00,159.22,159.221,159.21,159.212,0
2026-05-27 00:11:00+00:00,159.213,159.22,159.211,159.218,0
2026-05-27 00:12:00+00:00,159.218,159.22,159.203,159.203,0
2026-05-27 00:13:00+00:00,159.203,159.218,159.203,159.216,0
2026-05-27 00:14:00+00:00,159.216,159.222,159.216,159.221,0
2026-05-27 00:15:00+00:00,159.226,159.228,159.22,159.228,0
2026-05-27 00:16:00+00:00,159.227,159.227,159.197,159.214,0
2026-05-27 00:17:00+00:00,159.214,159.221,159.202,159.219,0
2026-05-27 00:18:00+00:00,159.222,159.223,159.216,159.217,0
2026-05-27 00:19:00+00:00,159.219,159.22,159.207,159.207,0
2026-05-27 00:20:00+00:00,159.206,159.206,159.2,159.202,0
2026-05-27 00:21:00+00:00,159.203,159.203,159.194,159.203,0
2026-05-27 00:22:00+00:00,159.202,159.202,159.2,159.2,0
2026-05-27 00:23:00+00:00,159.201,159.201,159.187,159.189,0
2026-05-27 00:24:00+00:00,159.19,159.19,159.176,159.18,0
2026-05-27 00:25:00+00:00,159.18,159.18,159.175,159.178,0
2026-05-27 00:26:00+00:00,159.177,159.181,159.177,159.181,0
2026-05-27 00:27:00+00:00,159.186,159.19,159.18,159.187,0
2026-05-27 00:28:00+00:00,159.188,159.203,159.188,159.19,0
2026-05-27 00:29:00+00:00,159.191,159.202,159.191,159.199,0
2026-05-27 00:30:00+00:00,159.197,159.205,159.196,159.204,0
2026-05-27 00:31:00+00:00,159.204,159.222,159.203,159.204,0
2026-05-27 00:32:00+00:00,159.204,159.222,159.203,159.222,0
2026-05-27 00:33:00+00:00,159.221,159.221,159.214,159.217,0
2026-05-27 00:34:00+00:00,159.219,159.229,159.218,159.227,0
2026-05-27 00:35:00+00:00,159.226,159.231,159.226,159.226,0
2026-05-27 00:36:00+00:00,159.228,159.229,159.209,159.214,0
2026-05-27 00:37:00+00:00,159.215,159.225,159.214,159.223,0
2026-05-27 00:38:00+00:00,159.223,159.226,159.217,159.224,0
2026-05-27 00:39:00+00:00,159.224,159.238,159.224,159.23,0
2026-05-27 00:40:00+00:00,159.228,159.228,159.214,159.215,0
2026-05-27 00:41:00+00:00,159.217,159.23,159.216,159.23,0
2026-05-27 00:42:00+00:00,159.229,159.229,159.214,159.215,0
2026-05-27 00:43:00+00:00,159.215,159.216,159.213,159.214,0
2026-05-27 00:44:00+00:00,159.213,159.225,159.212,159.223,0
2026-05-27 00:45:00+00:00,159.221,159.221,159.204,159.208,0
2026-05-27 00:46:00+00:00,159.207,159.215,159.205,159.214,0
2026-05-27 00:47:00+00:00,159.215,159.215,159.212,159.214,0
2026-05-27 00:48:00+00:00,159.213,159.225,159.213,159.225,0
2026-05-27 00:49:00+00:00,159.223,159.232,159.223,159.23,0
2026-05-27 00:50:00+00:00,159.231,159.251,159.228,159.25,0
2026-05-27 00:51:00+00:00,159.249,159.264,159.237,159.257,0
2026-05-27 00:52:00+00:00,159.257,159.267,159.251,159.262,0
2026-05-27 00:53:00+00:00,159.26,159.287,159.259,159.268,0
2026-05-27 00:54:00+00:00,159.269,159.31,159.269,159.29,0
2026-05-27 00:55:00+00:00,159.289,159.29,159.269,159.282,0
2026-05-27 00:56:00+00:00,159.282,159.291,159.276,159.282,0
2026-05-27 00:57:00+00:00,159.283,159.283,159.264,159.271,0
2026-05-27 00:58:00+00:00,159.275,159.275,159.255,159.268,0
2026-05-27 00:59:00+00:00,159.267,159.283,159.263,159.279,0
2026-05-27 01:00:00+00:00,159.278,159.294,159.275,159.29,0
2026-05-27 01:01:00+00:00,159.286,159.286,159.266,159.266,0
2026-05-27 01:02:00+00:00,159.264,159.269,159.259,159.267,0
2026-05-27 01:03:00+00:00,159.263,159.263,159.246,159.251,0
2026-05-27 01:04:00+00:00,159.252,159.254,159.239,159.239,0
2026-05-27 01:05:00+00:00,159.237,159.249,159.237,159.247,0
2026-05-27 01:06:00+00:00,159.248,159.252,159.238,159.242,0
2026-05-27 01:07:00+00:00,159.241,159.244,159.236,159.236,0
2026-05-27 01:08:00+00:00,159.238,159.242,159.236,159.238,0
2026-05-27 01:09:00+00:00,159.238,159.238,159.227,159.235,0
2026-05-27 01:10:00+00:00,159.233,159.235,159.225,159.226,0
2026-05-27 01:11:00+00:00,159.225,159.237,159.225,159.236,0
2026-05-27 01:12:00+00:00,159.235,159.235,159.234,159.234,0
2026-05-27 01:13:00+00:00,159.233,159.239,159.23,159.237,0
2026-05-27 01:14:00+00:00,159.237,159.241,159.235,159.236,0
2026-05-27 01:15:00+00:00,159.235,159.247,159.226,159.228,0
2026-05-27 01:16:00+00:00,159.226,159.228,159.225,159.225,0
2026-05-27 01:17:00+00:00,159.227,159.23,159.225,159.229,0
2026-05-27 01:18:00+00:00,159.23,159.23,159.226,159.228,0
2026-05-27 01:19:00+00:00,159.227,159.238,159.227,159.235,0
2026-05-27 01:20:00+00:00,159.237,159.239,159.225,159.229,0
2026-05-27 01:21:00+00:00,159.229,159.237,159.228,159.229,0
2026-05-27 01:22:00+00:00,159.228,159.228,159.223,159.225,0
2026-05-27 01:23:00+00:00,159.224,159.225,159.224,159.225,0
2026-05-27 01:24:00+00:00,159.224,159.225,159.219,159.224,0
2026-05-27 01:25:00+00:00,159.224,159.224,159.216,159.223,0
2026-05-27 01:26:00+00:00,159.225,159.225,159.223,159.225,0
2026-05-27 01:27:00+00:00,159.227,159.249,159.227,159.248,0
2026-05-27 01:28:00+00:00,159.249,159.255,159.239,159.242,0
2026-05-27 01:29:00+00:00,159.241,159.243,159.241,159.242,0
2026-05-27 01:30:00+00:00,159.241,159.27,159.241,159.255,0
2026-05-27 01:31:00+00:00,159.256,159.256,159.251,159.252,0
2026-05-27 01:32:00+00:00,159.255,159.262,159.252,159.262,0
2026-05-27 01:33:00+00:00,159.262,159.263,159.239,159.26,0
2026-05-27 01:34:00+00:00,159.258,159.265,159.251,159.261,0
2026-05-27 01:35:00+00:00,159.262,159.265,159.256,159.257,0
2026-05-27 01:36:00+00:00,159.257,159.267,159.257,159.267,0
2026-05-27 01:37:00+00:00,159.266,159.267,159.263,159.264,0
2026-05-27 01:38:00+00:00,159.264,159.266,159.264,159.266,0
2026-05-27 01:39:00+00:00,159.27,159.28,159.268,159.271,0
2026-05-27 01:40:00+00:00,159.271,159.275,159.264,159.275,0
2026-05-27 01:41:00+00:00,159.274,159.279,159.266,159.274,0
2026-05-27 01:42:00+00:00,159.269,159.272,159.267,159.269,0
2026-05-27 01:43:00+00:00,159.272,159.275,159.267,159.271,0
2026-05-27 01:44:00+00:00,159.27,159.272,159.267,159.268,0
2026-05-27 01:45:00+00:00,159.269,159.273,159.263,159.27,0
2026-05-27 01:46:00+00:00,159.269,159.273,159.262,159.264,0
2026-05-27 01:47:00+00:00,159.265,159.279,159.265,159.277,0
2026-05-27 01:48:00+00:00,159.276,159.279,159.275,159.277,0
2026-05-27 01:49:00+00:00,159.277,159.28,159.275,159.276,0
2026-05-27 01:50:00+00:00,159.277,159.281,159.275,159.281,0
2026-05-27 01:51:00+00:00,159.279,159.283,159.275,159.281,0
2026-05-27 01:52:00+00:00,159.287,159.292,159.284,159.291,0
2026-05-27 01:53:00+00:00,159.291,159.291,159.288,159.29,0
2026-05-27 01:54:00+00:00,159.29,159.292,159.289,159.29,0
2026-05-27 01:55:00+00:00,159.291,159.292,159.286,159.288,0
2026-05-27 01:56:00+00:00,159.289,159.291,159.289,159.291,0
2026-05-27 01:57:00+00:00,159.291,159.294,159.291,159.291,0
2026-05-27 01:58:00+00:00,159.292,159.302,159.291,159.296,0
2026-05-27 01:59:00+00:00,159.297,159.298,159.295,159.298,0
2026-05-27 02:00:00+00:00,159.297,159.301,159.277,159.284,0
2026-05-27 02:01:00+00:00,159.285,159.293,159.284,159.291,0
2026-05-27 02:02:00+00:00,159.29,159.293,159.288,159.292,0
2026-05-27 02:03:00+00:00,159.291,159.291,159.276,159.28,0
2026-05-27 02:04:00+00:00,159.281,159.283,159.268,159.274,0
2026-05-27 02:05:00+00:00,159.272,159.275,159.264,159.271,0
2026-05-27 02:06:00+00:00,159.274,159.284,159.271,159.282,0
2026-05-27 02:07:00+00:00,159.279,159.288,159.278,159.283,0
2026-05-27 02:08:00+00:00,159.284,159.289,159.276,159.279,0
2026-05-27 02:09:00+00:00,159.277,159.281,159.274,159.281,0
2026-05-27 02:10:00+00:00,159.281,159.283,159.276,159.283,0
2026-05-27 02:11:00+00:00,159.283,159.288,159.269,159.274,0
2026-05-27 02:12:00+00:00,159.272,159.272,159.263,159.264,0
2026-05-27 02:13:00+00:00,159.265,159.268,159.262,159.266,0
2026-05-27 02:14:00+00:00,159.267,159.273,159.26,159.261,0
2026-05-27 02:15:00+00:00,159.261,159.262,159.255,159.255,0
2026-05-27 02:16:00+00:00,159.251,159.252,159.247,159.25,0
2026-05-27 02:17:00+00:00,159.251,159.258,159.247,159.247,0
2026-05-27 02:18:00+00:00,159.248,159.26,159.247,159.259,0
2026-05-27 02:19:00+00:00,159.26,159.276,159.26,159.26,0
2026-05-27 02:20:00+00:00,159.262,159.27,159.258,159.26,0
2026-05-27 02:21:00+00:00,159.263,159.279,159.263,159.275,0
2026-05-27 02:22:00+00:00,159.277,159.288,159.276,159.288,0
2026-05-27 02:23:00+00:00,159.286,159.287,159.286,159.287,0
2026-05-27 02:24:00+00:00,159.287,159.287,159.271,159.274,0
2026-05-27 02:25:00+00:00,159.273,159.274,159.272,159.273,0
2026-05-27 02:26:00+00:00,159.271,159.285,159.271,159.285,0
2026-05-27 02:27:00+00:00,159.284,159.286,159.284,159.286,0
2026-05-27 02:28:00+00:00,159.287,159.29,159.286,159.289,0
2026-05-27 02:29:00+00:00,159.288,159.292,159.286,159.291,0
2026-05-27 02:30:00+00:00,159.289,159.29,159.284,159.287,0
2026-05-27 02:31:00+00:00,159.287,159.288,159.276,159.276,0
2026-05-27 02:32:00+00:00,159.277,159.283,159.277,159.28,0
2026-05-27 02:33:00+00:00,159.284,159.287,159.268,159.27,0
2026-05-27 02:34:00+00:00,159.272,159.275,159.264,159.266,0
2026-05-27 02:35:00+00:00,159.27,159.271,159.255,159.257,0
2026-05-27 02:36:00+00:00,159.258,159.271,159.255,159.264,0
2026-05-27 02:37:00+00:00,159.26,159.263,159.257,159.262,0
2026-05-27 02:38:00+00:00,159.262,159.264,159.262,159.263,0
2026-05-27 02:39:00+00:00,159.263,159.271,159.263,159.271,0
2026-05-27 02:40:00+00:00,159.27,159.27,159.265,159.265,0
2026-05-27 02:41:00+00:00,159.265,159.265,159.257,159.26,0
2026-05-27 02:42:00+00:00,159.261,159.263,159.26,159.262,0
2026-05-27 02:43:00+00:00,159.263,159.263,159.259,159.259,0
2026-05-27 02:44:00+00:00,159.261,159.267,159.261,159.266,0
2026-05-27 02:45:00+00:00,159.266,159.266,159.26,159.261,0
2026-05-27 02:46:00+00:00,159.262,159.264,159.258,159.258,0
2026-05-27 02:47:00+00:00,159.259,159.259,159.248,159.249,0
2026-05-27 02:48:00+00:00,159.248,159.254,159.248,159.249,0
2026-05-27 02:49:00+00:00,159.25,159.25,159.248,159.248,0
2026-05-27 02:50:00+00:00,159.248,159.248,159.248,159.248,0
2026-05-27 02:51:00+00:00,159.248,159.248,159.235,159.235,0
2026-05-27 02:52:00+00:00,159.236,159.236,159.229,159.232,0
2026-05-27 02:53:00+00:00,159.234,159.238,159.227,159.23,0
2026-05-27 02:54:00+00:00,159.231,159.239,159.231,159.238,0
2026-05-27 02:55:00+00:00,159.238,159.239,159.225,159.228,0
2026-05-27 02:56:00+00:00,159.228,159.234,159.224,159.227,0
2026-05-27 02:57:00+00:00,159.226,159.233,159.222,159.231,0
2026-05-27 02:58:00+00:00,159.233,159.233,159.222,159.225,0
2026-05-27 02:59:00+00:00,159.226,159.229,159.221,159.221,0
2026-05-27 03:00:00+00:00,159.224,159.225,159.223,159.224,0
2026-05-27 03:01:00+00:00,159.224,159.225,159.202,159.205,0
2026-05-27 03:02:00+00:00,159.207,159.207,159.202,159.202,0
2026-05-27 03:03:00+00:00,159.2,159.2,159.19,159.19,0
2026-05-27 03:04:00+00:00,159.191,159.201,159.191,159.199,0
2026-05-27 03:05:00+00:00,159.199,159.199,159.189,159.197,0
2026-05-27 03:06:00+00:00,159.195,159.201,159.194,159.199,0
2026-05-27 03:07:00+00:00,159.197,159.204,159.197,159.2,0
2026-05-27 03:08:00+00:00,159.201,159.213,159.199,159.213,0
2026-05-27 03:09:00+00:00,159.212,159.213,159.2,159.201,0
2026-05-27 03:10:00+00:00,159.203,159.203,159.2,159.2,0
2026-05-27 03:11:00+00:00,159.203,159.213,159.201,159.212,0
2026-05-27 03:12:00+00:00,159.211,159.211,159.208,159.211,0
2026-05-27 03:13:00+00:00,159.212,159.212,159.199,159.199,0
2026-05-27 03:14:00+00:00,159.201,159.203,159.201,159.202,0
2026-05-27 03:15:00+00:00,159.202,159.205,159.201,159.205,0
2026-05-27 03:16:00+00:00,159.206,159.213,159.206,159.208,0
2026-05-27 03:17:00+00:00,159.208,159.208,159.198,159.201,0
2026-05-27 03:18:00+00:00,159.202,159.203,159.201,159.203,0
2026-05-27 03:19:00+00:00,159.203,159.204,159.201,159.204,0
2026-05-27 03:20:00+00:00,159.205,159.208,159.202,159.205,0
2026-05-27 03:21:00+00:00,159.205,159.205,159.205,159.205,0
2026-05-27 03:22:00+00:00,159.206,159.206,159.204,159.205,0
2026-05-27 03:23:00+00:00,159.202,159.202,159.19,159.191,0
2026-05-27 03:24:00+00:00,159.191,159.193,159.19,159.19,0
2026-05-27 03:25:00+00:00,159.191,159.202,159.191,159.202,0
2026-05-27 03:26:00+00:00,159.203,159.203,159.189,159.189,0
2026-05-27 03:27:00+00:00,159.189,159.193,159.188,159.188,0
2026-05-27 03:28:00+00:00,159.188,159.189,159.186,159.188,0
2026-05-27 03:29:00+00:00,159.188,159.198,159.187,159.198,0
2026-05-27 03:30:00+00:00,159.198,159.2,159.19,159.19,0
2026-05-27 03:31:00+00:00,159.191,159.196,159.19,159.192,0
2026-05-27 03:32:00+00:00,159.193,159.197,159.192,159.195,0
2026-05-27 03:33:00+00:00,159.194,159.199,159.194,159.199,0
2026-05-27 03:34:00+00:00,159.197,159.206,159.197,159.206,0
2026-05-27 03:35:00+00:00,159.207,159.207,159.206,159.207,0
2026-05-27 03:36:00+00:00,159.206,159.208,159.204,159.206,0
2026-05-27 03:37:00+00:00,159.206,159.23,159.206,159.23,0
2026-05-27 03:38:00+00:00,159.228,159.228,159.212,159.219,0
2026-05-27 03:39:00+00:00,159.219,159.22,159.219,159.22,0
2026-05-27 03:40:00+00:00,159.221,159.221,159.213,159.215,0
2026-05-27 03:41:00+00:00,159.215,159.215,159.212,159.213,0
2026-05-27 03:42:00+00:00,159.213,159.215,159.212,159.215,0
2026-05-27 03:43:00+00:00,159.215,159.226,159.204,159.208,0
2026-05-27 03:44:00+00:00,159.208,159.213,159.208,159.212,0
2026-05-27 03:45:00+00:00,159.213,159.216,159.212,159.215,0
2026-05-27 03:46:00+00:00,159.215,159.217,159.214,159.216,0
2026-05-27 03:47:00+00:00,159.218,159.221,159.215,159.219,0
2026-05-27 03:48:00+00:00,159.217,159.226,159.217,159.225,0
2026-05-27 03:49:00+00:00,159.226,159.228,159.22,159.221,0
2026-05-27 03:50:00+00:00,159.221,159.224,159.219,159.224,0
2026-05-27 03:51:00+00:00,159.222,159.222,159.212,159.213,0
2026-05-27 03:52:00+00:00,159.213,159.213,159.212,159.212,0
2026-05-27 03:53:00+00:00,159.213,159.213,159.21,159.21,0
2026-05-27 03:54:00+00:00,159.207,159.212,159.203,159.21,0
2026-05-27 03:55:00+00:00,159.21,159.213,159.206,159.21,0
2026-05-27 03:56:00+00:00,159.21,159.21,159.206,159.207,0
2026-05-27 03:57:00+00:00,159.206,159.217,159.205,159.205,0
2026-05-27 03:58:00+00:00,159.205,159.205,159.203,159.204,0
2026-05-27 03:59:00+00:00,159.206,159.206,159.203,159.203,0
2026-05-27 04:00:00+00:00,159.204,159.204,159.201,159.203,0
2026-05-27 04:01:00+00:00,159.202,159.203,159.202,159.203,0
2026-05-27 04:02:00+00:00,159.205,159.205,159.203,159.203,0
2026-05-27 04:03:00+00:00,159.205,159.212,159.205,159.212,0
2026-05-27 04:04:00+00:00,159.212,159.212,159.211,159.211,0
2026-05-27 04:05:00+00:00,159.209,159.214,159.207,159.213,0
2026-05-27 04:06:00+00:00,159.215,159.215,159.214,159.214,0
2026-05-27 04:07:00+00:00,159.215,159.215,159.214,159.214,0
2026-05-27 04:08:00+00:00,159.214,159.215,159.213,159.215,0
2026-05-27 04:09:00+00:00,159.214,159.217,159.213,159.213,0
2026-05-27 04:10:00+00:00,159.213,159.215,159.213,159.214,0
2026-05-27 04:11:00+00:00,159.214,159.214,159.213,159.213,0
2026-05-27 04:12:00+00:00,159.209,159.214,159.209,159.214,0
2026-05-27 04:13:00+00:00,159.214,159.214,159.214,159.214,0
2026-05-27 04:14:00+00:00,159.215,159.215,159.214,159.214,0
2026-05-27 04:15:00+00:00,159.214,159.215,159.214,159.215,0
2026-05-27 04:16:00+00:00,159.216,159.216,159.215,159.215,0
2026-05-27 04:17:00+00:00,159.213,159.213,159.213,159.213,0
2026-05-27 04:18:00+00:00,159.213,159.213,159.201,159.201,0
2026-05-27 04:19:00+00:00,159.202,159.214,159.202,159.214,0
2026-05-27 04:20:00+00:00,159.213,159.213,159.203,159.203,0
2026-05-27 04:21:00+00:00,159.203,159.204,159.197,159.202,0
2026-05-27 04:22:00+00:00,159.203,159.209,159.202,159.206,0
2026-05-27 04:23:00+00:00,159.205,159.206,159.204,159.205,0
2026-05-27 04:24:00+00:00,159.207,159.208,159.203,159.208,0
2026-05-27 04:25:00+00:00,159.208,159.208,159.208,159.208,0
2026-05-27 04:26:00+00:00,159.208,159.214,159.207,159.214,0
2026-05-27 04:27:00+00:00,159.209,159.214,159.209,159.214,0
2026-05-27 04:28:00+00:00,159.214,159.215,159.213,159.215,0
2026-05-27 04:29:00+00:00,159.215,159.221,159.214,159.221,0
2026-05-27 04:30:00+00:00,159.22,159.22,159.22,159.22,0
2026-05-27 04:31:00+00:00,159.219,159.22,159.215,159.218,0
2026-05-27 04:32:00+00:00,159.22,159.22,159.219,159.219,0
2026-05-27 04:33:00+00:00,159.22,159.221,159.217,159.219,0
2026-05-27 04:34:00+00:00,159.22,159.22,159.213,159.22,0
2026-05-27 04:35:00+00:00,159.22,159.226,159.218,159.226,0
2026-05-27 04:36:00+00:00,159.227,159.233,159.225,159.233,0
2026-05-27 04:37:00+00:00,159.234,159.234,159.226,159.227,0
2026-05-27 04:38:00+00:00,159.229,159.244,159.229,159.242,0
2026-05-27 04:39:00+00:00,159.242,159.242,159.239,159.239,0
2026-05-27 04:40:00+00:00,159.24,159.24,159.239,159.239,0
2026-05-27 04:41:00+00:00,159.241,159.242,159.241,159.242,0
2026-05-27 04:42:00+00:00,159.243,159.243,159.24,159.242,0
2026-05-27 04:43:00+00:00,159.241,159.243,159.237,159.238,0
2026-05-27 04:44:00+00:00,159.239,159.24,159.227,159.227,0
2026-05-27 04:45:00+00:00,159.225,159.235,159.225,159.235,0
2026-05-27 04:46:00+00:00,159.236,159.241,159.236,159.239,0
2026-05-27 04:47:00+00:00,159.24,159.243,159.231,159.231,0
2026-05-27 04:48:00+00:00,159.233,159.233,159.233,159.233,0
2026-05-27 04:49:00+00:00,159.234,159.24,159.23,159.23,0
2026-05-27 04:50:00+00:00,159.231,159.232,159.231,159.232,0
2026-05-27 04:51:00+00:00,159.231,159.232,159.23,159.23,0
2026-05-27 04:52:00+00:00,159.231,159.231,159.231,159.231,0
2026-05-27 04:53:00+00:00,159.228,159.242,159.227,159.227,0
2026-05-27 04:54:00+00:00,159.225,159.229,159.225,159.229,0
2026-05-27 04:55:00+00:00,159.228,159.234,159.227,159.234,0
2026-05-27 04:56:00+00:00,159.235,159.235,159.229,159.23,0
2026-05-27 04:57:00+00:00,159.23,159.235,159.228,159.235,0
2026-05-27 04:58:00+00:00,159.236,159.246,159.236,159.244,0
2026-05-27 04:59:00+00:00,159.245,159.245,159.242,159.242,0
2026-05-27 05:00:00+00:00,159.242,159.244,159.237,159.24,0
2026-05-27 05:01:00+00:00,159.241,159.246,159.239,159.244,0
2026-05-27 05:02:00+00:00,159.238,159.243,159.238,159.242,0
2026-05-27 05:03:00+00:00,159.244,159.244,159.242,159.243,0
2026-05-27 05:04:00+00:00,159.242,159.242,159.23,159.239,0
2026-05-27 05:05:00+00:00,159.24,159.241,159.239,159.24,0
2026-05-27 05:06:00+00:00,159.241,159.245,159.239,159.245,0
2026-05-27 05:07:00+00:00,159.245,159.255,159.244,159.251,0
2026-05-27 05:08:00+00:00,159.251,159.252,159.25,159.252,0
2026-05-27 05:09:00+00:00,159.252,159.254,159.252,159.254,0
2026-05-27 05:10:00+00:00,159.254,159.254,159.254,159.254,0
2026-05-27 05:11:00+00:00,159.255,159.255,159.254,159.254,0
2026-05-27 05:12:00+00:00,159.253,159.266,159.253,159.266,0
2026-05-27 05:13:00+00:00,159.268,159.268,159.265,159.265,0
2026-05-27 05:14:00+00:00,159.264,159.264,159.253,159.255,0
2026-05-27 05:15:00+00:00,159.257,159.264,159.256,159.264,0
2026-05-27 05:16:00+00:00,159.265,159.265,159.253,159.254,0
2026-05-27 05:17:00+00:00,159.254,159.256,159.253,159.256,0
2026-05-27 05:18:00+00:00,159.257,159.258,159.256,159.257,0
2026-05-27 05:19:00+00:00,159.256,159.256,159.253,159.254,0
2026-05-27 05:20:00+00:00,159.256,159.264,159.256,159.263,0
2026-05-27 05:21:00+00:00,159.263,159.264,159.263,159.264,0
2026-05-27 05:22:00+00:00,159.265,159.275,159.265,159.275,0
2026-05-27 05:23:00+00:00,159.275,159.275,159.271,159.271,0
2026-05-27 05:24:00+00:00,159.271,159.271,159.263,159.266,0
2026-05-27 05:25:00+00:00,159.267,159.267,159.266,159.267,0
2026-05-27 05:26:00+00:00,159.268,159.268,159.265,159.268,0
2026-05-27 05:27:00+00:00,159.268,159.268,159.268,159.268,0
2026-05-27 05:28:00+00:00,159.267,159.267,159.265,159.265,0
2026-05-27 05:29:00+00:00,159.263,159.265,159.257,159.264,0
2026-05-27 05:30:00+00:00,159.265,159.265,159.264,159.265,0
2026-05-27 05:31:00+00:00,159.264,159.276,159.264,159.275,0
2026-05-27 05:32:00+00:00,159.279,159.281,159.273,159.278,0
2026-05-27 05:33:00+00:00,159.278,159.281,159.276,159.277,0
2026-05-27 05:34:00+00:00,159.278,159.288,159.278,159.283,0
2026-05-27 05:35:00+00:00,159.283,159.284,159.28,159.281,0
2026-05-27 05:36:00+00:00,159.281,159.305,159.28,159.287,0
2026-05-27 05:37:00+00:00,159.287,159.289,159.286,159.289,0
2026-05-27 05:38:00+00:00,159.289,159.292,159.288,159.292,0
2026-05-27 05:39:00+00:00,159.291,159.292,159.29,159.291,0
2026-05-27 05:40:00+00:00,159.29,159.293,159.288,159.292,0
2026-05-27 05:41:00+00:00,159.291,159.293,159.29,159.292,0
2026-05-27 05:42:00+00:00,159.293,159.305,159.287,159.302,0
2026-05-27 05:43:00+00:00,159.302,159.304,159.301,159.304,0
2026-05-27 05:44:00+00:00,159.304,159.305,159.303,159.303,0
2026-05-27 05:45:00+00:00,159.304,159.313,159.3,159.311,0
2026-05-27 05:46:00+00:00,159.312,159.314,159.307,159.312,0
2026-05-27 05:47:00+00:00,159.311,159.316,159.311,159.316,0
2026-05-27 05:48:00+00:00,159.315,159.325,159.313,159.324,0
2026-05-27 05:49:00+00:00,159.323,159.325,159.312,159.316,0
2026-05-27 05:50:00+00:00,159.317,159.324,159.317,159.323,0
2026-05-27 05:51:00+00:00,159.323,159.327,159.313,159.321,0
2026-05-27 05:52:00+00:00,159.321,159.323,159.319,159.32,0
2026-05-27 05:53:00+00:00,159.32,159.325,159.32,159.323,0
2026-05-27 05:54:00+00:00,159.325,159.325,159.324,159.325,0
2026-05-27 05:55:00+00:00,159.325,159.331,159.323,159.325,0
2026-05-27 05:56:00+00:00,159.325,159.333,159.324,159.331,0
2026-05-27 05:57:00+00:00,159.333,159.346,159.332,159.339,0
2026-05-27 05:58:00+00:00,159.338,159.339,159.334,159.339,0
2026-05-27 05:59:00+00:00,159.339,159.349,159.338,159.347,0
2026-05-27 06:00:00+00:00,159.348,159.36,159.346,159.347,0
2026-05-27 06:01:00+00:00,159.347,159.352,159.335,159.349,0
2026-05-27 06:02:00+00:00,159.352,159.362,159.346,159.359,0
2026-05-27 06:03:00+00:00,159.364,159.365,159.356,159.364,0
2026-05-27 06:04:00+00:00,159.364,159.377,159.359,159.364,0
2026-05-27 06:05:00+00:00,159.364,159.372,159.364,159.37,0
2026-05-27 06:06:00+00:00,159.371,159.373,159.36,159.362,0
2026-05-27 06:07:00+00:00,159.363,159.365,159.361,159.363,0
2026-05-27 06:08:00+00:00,159.363,159.363,159.336,159.343,0
2026-05-27 06:09:00+00:00,159.341,159.351,159.341,159.349,0
2026-05-27 06:10:00+00:00,159.347,159.349,159.337,159.346,0
2026-05-27 06:11:00+00:00,159.348,159.354,159.348,159.35,0
2026-05-27 06:12:00+00:00,159.351,159.363,159.347,159.362,0
2026-05-27 06:13:00+00:00,159.362,159.362,159.348,159.351,0
2026-05-27 06:14:00+00:00,159.351,159.362,159.35,159.361,0
2026-05-27 06:15:00+00:00,159.36,159.364,159.358,159.362,0
2026-05-27 06:16:00+00:00,159.364,159.365,159.364,159.365,0
2026-05-27 06:17:00+00:00,159.365,159.371,159.36,159.362,0
2026-05-27 06:18:00+00:00,159.362,159.365,159.361,159.364,0
2026-05-27 06:19:00+00:00,159.364,159.364,159.363,159.363,0
2026-05-27 06:20:00+00:00,159.362,159.362,159.36,159.36,0
2026-05-27 06:21:00+00:00,159.361,159.372,159.361,159.362,0
2026-05-27 06:22:00+00:00,159.364,159.364,159.357,159.36,0
2026-05-27 06:23:00+00:00,159.361,159.361,159.347,159.347,0
2026-05-27 06:24:00+00:00,159.346,159.348,159.346,159.348,0
2026-05-27 06:25:00+00:00,159.35,159.362,159.35,159.359,0
2026-05-27 06:26:00+00:00,159.359,159.362,159.359,159.362,0
2026-05-27 06:27:00+00:00,159.361,159.361,159.358,159.359,0
2026-05-27 06:28:00+00:00,159.358,159.358,159.334,159.337,0
2026-05-27 06:29:00+00:00,159.337,159.347,159.335,159.347,0
2026-05-27 06:30:00+00:00,159.347,159.348,159.344,159.347,0
2026-05-27 06:31:00+00:00,159.347,159.362,159.347,159.357,0
2026-05-27 06:32:00+00:00,159.358,159.36,159.353,159.356,0
2026-05-27 06:33:00+00:00,159.356,159.357,159.347,159.356,0
2026-05-27 06:34:00+00:00,159.357,159.359,159.345,159.346,0
2026-05-27 06:35:00+00:00,159.345,159.348,159.342,159.346,0
2026-05-27 06:36:00+00:00,159.349,159.349,159.338,159.34,0
2026-05-27 06:37:00+00:00,159.339,159.341,159.335,159.335,0
2026-05-27 06:38:00+00:00,159.336,159.336,159.335,159.335,0
2026-05-27 06:39:00+00:00,159.339,159.346,159.325,159.337,0
2026-05-27 06:40:00+00:00,159.337,159.337,159.335,159.337,0
2026-05-27 06:41:00+00:00,159.336,159.344,159.335,159.337,0
2026-05-27 06:42:00+00:00,159.336,159.348,159.336,159.347,0
2026-05-27 06:43:00+00:00,159.345,159.348,159.337,159.337,0
2026-05-27 06:44:00+00:00,159.338,159.34,159.317,159.321,0
2026-05-27 06:45:00+00:00,159.32,159.32,159.295,159.312,0
2026-05-27 06:46:00+00:00,159.31,159.317,159.309,159.317,0
2026-05-27 06:47:00+00:00,159.317,159.317,159.309,159.314,0
2026-05-27 06:48:00+00:00,159.313,159.314,159.308,159.314,0
2026-05-27 06:49:00+00:00,159.314,159.314,159.296,159.297,0
2026-05-27 06:50:00+00:00,159.301,159.306,159.298,159.298,0
2026-05-27 06:51:00+00:00,159.296,159.31,159.296,159.31,0
2026-05-27 06:52:00+00:00,159.31,159.312,159.308,159.311,0
2026-05-27 06:53:00+00:00,159.313,159.327,159.313,159.327,0
2026-05-27 06:54:00+00:00,159.327,159.339,159.326,159.339,0
2026-05-27 06:55:00+00:00,159.338,159.34,159.331,159.339,0
2026-05-27 06:56:00+00:00,159.34,159.348,159.34,159.347,0
2026-05-27 06:57:00+00:00,159.347,159.349,159.347,159.348,0
2026-05-27 06:58:00+00:00,159.348,159.353,159.345,159.353,0
2026-05-27 06:59:00+00:00,159.359,159.359,159.349,159.353,0
2026-05-27 07:00:00+00:00,159.351,159.365,159.349,159.35,0
2026-05-27 07:01:00+00:00,159.35,159.355,159.346,159.352,0
2026-05-27 07:02:00+00:00,159.352,159.354,159.341,159.343,0
2026-05-27 07:03:00+00:00,159.343,159.35,159.34,159.343,0
2026-05-27 07:04:00+00:00,159.342,159.349,159.341,159.341,0
2026-05-27 07:05:00+00:00,159.343,159.349,159.341,159.342,0
2026-05-27 07:06:00+00:00,159.342,159.349,159.341,159.342,0
2026-05-27 07:07:00+00:00,159.34,159.349,159.339,159.343,0
2026-05-27 07:08:00+00:00,159.344,159.351,159.342,159.349,0
2026-05-27 07:09:00+00:00,159.353,159.354,159.345,159.349,0
2026-05-27 07:10:00+00:00,159.349,159.353,159.348,159.353,0
2026-05-27 07:11:00+00:00,159.353,159.353,159.337,159.339,0
2026-05-27 07:12:00+00:00,159.339,159.35,159.339,159.35,0
2026-05-27 07:13:00+00:00,159.351,159.352,159.335,159.336,0
2026-05-27 07:14:00+00:00,159.336,159.345,159.335,159.344,0
2026-05-27 07:15:00+00:00,159.344,159.345,159.339,159.34,0
2026-05-27 07:16:00+00:00,159.341,159.341,159.337,159.337,0
2026-05-27 07:17:00+00:00,159.339,159.339,159.336,159.337,0
2026-05-27 07:18:00+00:00,159.336,159.337,159.326,159.337,0
2026-05-27 07:19:00+00:00,159.336,159.336,159.336,159.336,0
2026-05-27 07:20:00+00:00,159.337,159.346,159.337,159.345,0
2026-05-27 07:21:00+00:00,159.344,159.35,159.343,159.349,0
2026-05-27 07:22:00+00:00,159.35,159.354,159.346,159.347,0
2026-05-27 07:23:00+00:00,159.348,159.349,159.348,159.349,0
2026-05-27 07:24:00+00:00,159.349,159.349,159.339,159.342,0
2026-05-27 07:25:00+00:00,159.343,159.354,159.341,159.353,0
2026-05-27 07:26:00+00:00,159.353,159.356,159.35,159.352,0
2026-05-27 07:27:00+00:00,159.352,159.354,159.351,159.352,0
2026-05-27 07:28:00+00:00,159.352,159.353,159.339,159.34,0
2026-05-27 07:29:00+00:00,159.339,159.352,159.339,159.348,0
2026-05-27 07:30:00+00:00,159.348,159.351,159.342,159.342,0
2026-05-27 07:31:00+00:00,159.342,159.343,159.323,159.324,0
2026-05-27 07:32:00+00:00,159.323,159.327,159.315,159.327,0
2026-05-27 07:33:00+00:00,159.327,159.333,159.313,159.314,0
2026-05-27 07:34:00+00:00,159.313,159.314,159.306,159.311,0
2026-05-27 07:35:00+00:00,159.311,159.32,159.31,159.316,0
2026-05-27 07:36:00+00:00,159.316,159.317,159.313,159.317,0
2026-05-27 07:37:00+00:00,159.317,159.326,159.315,159.317,0
2026-05-27 07:38:00+00:00,159.315,159.329,159.315,159.329,0
2026-05-27 07:39:00+00:00,159.333,159.335,159.323,159.325,0
2026-05-27 07:40:00+00:00,159.326,159.329,159.326,159.326,0
2026-05-27 07:41:00+00:00,159.326,159.331,159.324,159.328,0
2026-05-27 07:42:00+00:00,159.327,159.331,159.324,159.331,0
2026-05-27 07:43:00+00:00,159.332,159.332,159.325,159.327,0
2026-05-27 07:44:00+00:00,159.328,159.33,159.325,159.329,0
2026-05-27 07:45:00+00:00,159.33,159.342,159.33,159.34,0
2026-05-27 07:46:00+00:00,159.34,159.341,159.335,159.338,0
2026-05-27 07:47:00+00:00,159.341,159.349,159.34,159.349,0
2026-05-27 07:48:00+00:00,159.348,159.358,159.345,159.358,0
2026-05-27 07:49:00+00:00,159.357,159.36,159.354,159.355,0
2026-05-27 07:50:00+00:00,159.356,159.358,159.354,159.356,0
2026-05-27 07:51:00+00:00,159.355,159.357,159.341,159.344,0
2026-05-27 07:52:00+00:00,159.343,159.35,159.342,159.345,0
2026-05-27 07:53:00+00:00,159.344,159.346,159.342,159.342,0
2026-05-27 07:54:00+00:00,159.344,159.35,159.339,159.339,0
2026-05-27 07:55:00+00:00,159.339,159.343,159.339,159.342,0
2026-05-27 07:56:00+00:00,159.342,159.344,159.339,159.344,0
2026-05-27 07:57:00+00:00,159.343,159.344,159.329,159.329,0
2026-05-27 07:58:00+00:00,159.329,159.343,159.327,159.343,0
2026-05-27 07:59:00+00:00,159.344,159.364,159.344,159.358,0
2026-05-27 08:00:00+00:00,159.358,159.361,159.342,159.35,0
2026-05-27 08:01:00+00:00,159.349,159.353,159.326,159.336,0
2026-05-27 08:02:00+00:00,159.334,159.334,159.317,159.331,0
2026-05-27 08:03:00+00:00,159.331,159.337,159.33,159.332,0
2026-05-27 08:04:00+00:00,159.329,159.331,159.328,159.329,0
2026-05-27 08:05:00+00:00,159.33,159.33,159.322,159.328,0
2026-05-27 08:06:00+00:00,159.326,159.344,159.326,159.343,0
2026-05-27 08:07:00+00:00,159.343,159.344,159.342,159.344,0
2026-05-27 08:08:00+00:00,159.344,159.344,159.326,159.326,0
2026-05-27 08:09:00+00:00,159.328,159.333,159.328,159.329,0
2026-05-27 08:10:00+00:00,159.333,159.337,159.329,159.33,0
2026-05-27 08:11:00+00:00,159.329,159.34,159.328,159.339,0
2026-05-27 08:12:00+00:00,159.34,159.356,159.34,159.352,0
2026-05-27 08:13:00+00:00,159.353,159.355,159.353,159.355,0
2026-05-27 08:14:00+00:00,159.359,159.373,159.359,159.371,0
2026-05-27 08:15:00+00:00,159.368,159.375,159.362,159.368,0
2026-05-27 08:16:00+00:00,159.372,159.375,159.369,159.369,0
2026-05-27 08:17:00+00:00,159.369,159.385,159.369,159.379,0
2026-05-27 08:18:00+00:00,159.378,159.392,159.378,159.389,0
2026-05-27 08:19:00+00:00,159.392,159.4,159.39,159.4,0
2026-05-27 08:20:00+00:00,159.401,159.422,159.397,159.419,0
2026-05-27 08:21:00+00:00,159.42,159.421,159.412,159.417,0
2026-05-27 08:22:00+00:00,159.42,159.431,159.42,159.429,0
2026-05-27 08:23:00+00:00,159.429,159.442,159.426,159.44,0
2026-05-27 08:24:00+00:00,159.438,159.442,159.427,159.433,0
2026-05-27 08:25:00+00:00,159.433,159.437,159.43,159.43,0
2026-05-27 08:26:00+00:00,159.43,159.43,159.416,159.418,0
2026-05-27 08:27:00+00:00,159.419,159.424,159.419,159.422,0
2026-05-27 08:28:00+00:00,159.421,159.423,159.415,159.416,0
2026-05-27 08:29:00+00:00,159.416,159.444,159.414,159.434,0
2026-05-27 08:30:00+00:00,159.435,159.435,159.427,159.432,0
2026-05-27 08:31:00+00:00,159.432,159.432,159.423,159.425,0
2026-05-27 08:32:00+00:00,159.424,159.428,159.423,159.425,0
2026-05-27 08:33:00+00:00,159.428,159.433,159.424,159.433,0
2026-05-27 08:34:00+00:00,159.431,159.438,159.421,159.422,0
2026-05-27 08:35:00+00:00,159.42,159.423,159.409,159.409,0
2026-05-27 08:36:00+00:00,159.405,159.409,159.401,159.404,0
2026-05-27 08:37:00+00:00,159.404,159.41,159.402,159.41,0
2026-05-27 08:38:00+00:00,159.409,159.409,159.393,159.396,0
2026-05-27 08:39:00+00:00,159.397,159.397,159.385,159.385,0
2026-05-27 08:40:00+00:00,159.387,159.387,159.369,159.374,0
2026-05-27 08:41:00+00:00,159.376,159.379,159.372,159.379,0
2026-05-27 08:42:00+00:00,159.38,159.38,159.373,159.374,0
2026-05-27 08:43:00+00:00,159.375,159.385,159.374,159.377,0
2026-05-27 08:44:00+00:00,159.378,159.387,159.375,159.387,0
2026-05-27 08:45:00+00:00,159.388,159.399,159.386,159.393,0
2026-05-27 08:46:00+00:00,159.394,159.398,159.389,159.389,0
2026-05-27 08:47:00+00:00,159.39,159.398,159.388,159.391,0
2026-05-27 08:48:00+00:00,159.39,159.39,159.386,159.387,0
2026-05-27 08:49:00+00:00,159.387,159.393,159.387,159.389,0
2026-05-27 08:50:00+00:00,159.388,159.391,159.388,159.389,0
2026-05-27 08:51:00+00:00,159.392,159.392,159.382,159.392,0
2026-05-27 08:52:00+00:00,159.389,159.393,159.383,159.391,0
2026-05-27 08:53:00+00:00,159.394,159.396,159.387,159.389,0
2026-05-27 08:54:00+00:00,159.39,159.4,159.389,159.399,0
2026-05-27 08:55:00+00:00,159.4,159.4,159.395,159.398,0
2026-05-27 08:56:00+00:00,159.399,159.399,159.388,159.39,0
2026-05-27 08:57:00+00:00,159.39,159.394,159.388,159.389,0
2026-05-27 08:58:00+00:00,159.387,159.393,159.387,159.387,0
2026-05-27 08:59:00+00:00,159.385,159.394,159.383,159.392,0
2026-05-27 09:00:00+00:00,159.392,159.398,159.387,159.397,0
2026-05-27 09:01:00+00:00,159.396,159.398,159.39,159.396,0
2026-05-27 09:02:00+00:00,159.395,159.395,159.39,159.393,0
2026-05-27 09:03:00+00:00,159.391,159.392,159.384,159.384,0
2026-05-27 09:04:00+00:00,159.384,159.388,159.383,159.388,0
2026-05-27 09:05:00+00:00,159.388,159.391,159.382,159.39,0
2026-05-27 09:06:00+00:00,159.392,159.392,159.385,159.388,0
2026-05-27 09:07:00+00:00,159.387,159.387,159.38,159.38,0
2026-05-27 09:08:00+00:00,159.381,159.383,159.381,159.383,0
2026-05-27 09:09:00+00:00,159.382,159.388,159.382,159.382,0
2026-05-27 09:10:00+00:00,159.379,159.379,159.369,159.372,0
2026-05-27 09:11:00+00:00,159.371,159.371,159.363,159.366,0
2026-05-27 09:12:00+00:00,159.368,159.368,159.354,159.364,0
2026-05-27 09:13:00+00:00,159.363,159.364,159.356,159.356,0
2026-05-27 09:14:00+00:00,159.356,159.356,159.337,159.341,0
2026-05-27 09:15:00+00:00,159.34,159.34,159.317,159.317,0
2026-05-27 09:16:00+00:00,159.318,159.342,159.318,159.339,0
2026-05-27 09:17:00+00:00,159.34,159.343,159.34,159.341,0
2026-05-27 09:18:00+00:00,159.34,159.351,159.325,159.325,0
2026-05-27 09:19:00+00:00,159.325,159.328,159.324,159.326,0
2026-05-27 09:20:00+00:00,159.326,159.329,159.322,159.327,0
2026-05-27 09:21:00+00:00,159.327,159.335,159.327,159.329,0
2026-05-27 09:22:00+00:00,159.329,159.329,159.318,159.322,0
2026-05-27 09:23:00+00:00,159.322,159.334,159.322,159.334,0
2026-05-27 09:24:00+00:00,159.335,159.335,159.329,159.329,0
2026-05-27 09:25:00+00:00,159.327,159.337,159.325,159.334,0
2026-05-27 09:26:00+00:00,159.334,159.337,159.329,159.334,0
2026-05-27 09:27:00+00:00,159.333,159.335,159.333,159.334,0
2026-05-27 09:28:00+00:00,159.335,159.344,159.335,159.34,0
2026-05-27 09:29:00+00:00,159.34,159.343,159.334,159.334,0
2026-05-27 09:30:00+00:00,159.333,159.34,159.333,159.339,0
2026-05-27 09:31:00+00:00,159.339,159.34,159.338,159.34,0
2026-05-27 09:32:00+00:00,159.342,159.352,159.337,159.35,0
2026-05-27 09:33:00+00:00,159.352,159.353,159.333,159.333,0
2026-05-27 09:34:00+00:00,159.334,159.34,159.334,159.339,0
2026-05-27 09:35:00+00:00,159.342,159.348,159.34,159.348,0
2026-05-27 09:36:00+00:00,159.346,159.347,159.342,159.343,0
2026-05-27 09:37:00+00:00,159.342,159.343,159.339,159.341,0
2026-05-27 09:38:00+00:00,159.342,159.35,159.341,159.349,0
2026-05-27 09:39:00+00:00,159.349,159.351,159.349,159.35,0
2026-05-27 09:40:00+00:00,159.354,159.355,159.337,159.337,0
2026-05-27 09:41:00+00:00,159.341,159.347,159.341,159.345,0
2026-05-27 09:42:00+00:00,159.347,159.351,159.347,159.35,0
2026-05-27 09:43:00+00:00,159.348,159.349,159.342,159.342,0
2026-05-27 09:44:00+00:00,159.343,159.346,159.343,159.346,0
2026-05-27 09:45:00+00:00,159.347,159.347,159.339,159.34,0
2026-05-27 09:46:00+00:00,159.341,159.343,159.339,159.343,0
2026-05-27 09:47:00+00:00,159.343,159.347,159.342,159.342,0
2026-05-27 09:48:00+00:00,159.342,159.345,159.342,159.345,0
2026-05-27 09:49:00+00:00,159.344,159.345,159.342,159.343,0
2026-05-27 09:50:00+00:00,159.343,159.343,159.342,159.343,0
2026-05-27 09:51:00+00:00,159.343,159.343,159.342,159.343,0
2026-05-27 09:52:00+00:00,159.343,159.344,159.342,159.344,0
2026-05-27 09:53:00+00:00,159.344,159.353,159.343,159.343,0
2026-05-27 09:54:00+00:00,159.343,159.345,159.331,159.331,0
2026-05-27 09:55:00+00:00,159.332,159.335,159.327,159.328,0
2026-05-27 09:56:00+00:00,159.327,159.33,159.319,159.33,0
2026-05-27 09:57:00+00:00,159.329,159.335,159.329,159.335,0
2026-05-27 09:58:00+00:00,159.336,159.345,159.336,159.345,0
2026-05-27 09:59:00+00:00,159.346,159.358,159.346,159.355,0
2026-05-27 10:00:00+00:00,159.353,159.366,159.353,159.354,0
2026-05-27 10:01:00+00:00,159.354,159.361,159.354,159.359,0
2026-05-27 10:02:00+00:00,159.358,159.362,159.356,159.356,0
2026-05-27 10:03:00+00:00,159.356,159.366,159.356,159.364,0
2026-05-27 10:04:00+00:00,159.364,159.365,159.359,159.364,0
2026-05-27 10:05:00+00:00,159.364,159.365,159.354,159.355,0
2026-05-27 10:06:00+00:00,159.356,159.357,159.354,159.357,0
2026-05-27 10:07:00+00:00,159.356,159.357,159.35,159.355,0
2026-05-27 10:08:00+00:00,159.357,159.358,159.351,159.356,0
2026-05-27 10:09:00+00:00,159.355,159.357,159.352,159.354,0
2026-05-27 10:10:00+00:00,159.353,159.356,159.352,159.355,0
2026-05-27 10:11:00+00:00,159.352,159.355,159.351,159.355,0
2026-05-27 10:12:00+00:00,159.353,159.356,159.352,159.352,0
2026-05-27 10:13:00+00:00,159.351,159.354,159.345,159.35,0
2026-05-27 10:14:00+00:00,159.351,159.352,159.349,159.349,0
2026-05-27 10:15:00+00:00,159.35,159.353,159.348,159.349,0
2026-05-27 10:16:00+00:00,159.349,159.354,159.348,159.353,0
2026-05-27 10:17:00+00:00,159.354,159.358,159.354,159.356,0
2026-05-27 10:18:00+00:00,159.359,159.367,159.359,159.362,0
2026-05-27 10:19:00+00:00,159.362,159.363,159.361,159.362,0
2026-05-27 10:20:00+00:00,159.363,159.363,159.356,159.36,0
2026-05-27 10:21:00+00:00,159.358,159.366,159.358,159.366,0
2026-05-27 10:22:00+00:00,159.365,159.366,159.362,159.366,0
2026-05-27 10:23:00+00:00,159.368,159.373,159.367,159.373,0
2026-05-27 10:24:00+00:00,159.371,159.378,159.37,159.378,0
2026-05-27 10:25:00+00:00,159.38,159.38,159.377,159.378,0
2026-05-27 10:26:00+00:00,159.38,159.38,159.375,159.377,0
2026-05-27 10:27:00+00:00,159.379,159.38,159.379,159.379,0
2026-05-27 10:28:00+00:00,159.38,159.389,159.379,159.388,0
2026-05-27 10:29:00+00:00,159.388,159.39,159.376,159.376,0
2026-05-27 10:30:00+00:00,159.378,159.38,159.375,159.379,0
2026-05-27 10:31:00+00:00,159.379,159.381,159.377,159.381,0
2026-05-27 10:32:00+00:00,159.379,159.38,159.379,159.38,0
2026-05-27 10:33:00+00:00,159.381,159.388,159.38,159.384,0
2026-05-27 10:34:00+00:00,159.383,159.383,159.376,159.378,0
2026-05-27 10:35:00+00:00,159.376,159.378,159.365,159.367,0
2026-05-27 10:36:00+00:00,159.367,159.368,159.362,159.367,0
2026-05-27 10:37:00+00:00,159.369,159.369,159.368,159.369,0
2026-05-27 10:38:00+00:00,159.368,159.369,159.366,159.368,0
2026-05-27 10:39:00+00:00,159.37,159.39,159.37,159.385,0
2026-05-27 10:40:00+00:00,159.386,159.387,159.382,159.383,0
2026-05-27 10:41:00+00:00,159.383,159.383,159.378,159.382,0
2026-05-27 10:42:00+00:00,159.383,159.383,159.379,159.38,0
2026-05-27 10:43:00+00:00,159.381,159.382,159.38,159.382,0
2026-05-27 10:44:00+00:00,159.382,159.382,159.379,159.382,0
2026-05-27 10:45:00+00:00,159.379,159.381,159.378,159.381,0
2026-05-27 10:46:00+00:00,159.382,159.386,159.378,159.378,0
2026-05-27 10:47:00+00:00,159.379,159.382,159.379,159.382,0
2026-05-27 10:48:00+00:00,159.382,159.388,159.38,159.38,0
2026-05-27 10:49:00+00:00,159.379,159.381,159.377,159.378,0
2026-05-27 10:50:00+00:00,159.379,159.383,159.373,159.374,0
2026-05-27 10:51:00+00:00,159.373,159.379,159.373,159.379,0
2026-05-27 10:52:00+00:00,159.379,159.38,159.378,159.379,0
2026-05-27 10:53:00+00:00,159.38,159.39,159.38,159.387,0
2026-05-27 10:54:00+00:00,159.388,159.388,159.381,159.381,0
2026-05-27 10:55:00+00:00,159.38,159.388,159.38,159.384,0
2026-05-27 10:56:00+00:00,159.384,159.39,159.382,159.384,0
2026-05-27 10:57:00+00:00,159.384,159.386,159.383,159.386,0
2026-05-27 10:58:00+00:00,159.388,159.388,159.384,159.384,0
2026-05-27 10:59:00+00:00,159.384,159.385,159.383,159.383,0
2026-05-27 11:00:00+00:00,159.385,159.39,159.385,159.385,0
2026-05-27 11:01:00+00:00,159.384,159.384,159.378,159.379,0
2026-05-27 11:02:00+00:00,159.377,159.379,159.375,159.378,0
2026-05-27 11:03:00+00:00,159.378,159.38,159.373,159.38,0
2026-05-27 11:04:00+00:00,159.382,159.382,159.378,159.378,0
2026-05-27 11:05:00+00:00,159.38,159.387,159.38,159.385,0
2026-05-27 11:06:00+00:00,159.386,159.393,159.386,159.393,0
2026-05-27 11:07:00+00:00,159.393,159.397,159.393,159.393,0
2026-05-27 11:08:00+00:00,159.394,159.403,159.394,159.399,0
2026-05-27 11:09:00+00:00,159.398,159.399,159.397,159.397,0
2026-05-27 11:10:00+00:00,159.397,159.4,159.396,159.4,0
2026-05-27 11:11:00+00:00,159.401,159.41,159.398,159.401,0
2026-05-27 11:12:00+00:00,159.399,159.399,159.392,159.394,0
2026-05-27 11:13:00+00:00,159.392,159.395,159.392,159.392,0
2026-05-27 11:14:00+00:00,159.394,159.394,159.387,159.388,0
2026-05-27 11:15:00+00:00,159.387,159.387,159.382,159.386,0
2026-05-27 11:16:00+00:00,159.388,159.396,159.385,159.392,0
2026-05-27 11:17:00+00:00,159.391,159.394,159.391,159.394,0
2026-05-27 11:18:00+00:00,159.395,159.4,159.395,159.4,0
2026-05-27 11:19:00+00:00,159.4,159.403,159.398,159.401,0
2026-05-27 11:20:00+00:00,159.401,159.402,159.4,159.402,0
2026-05-27 11:21:00+00:00,159.402,159.411,159.402,159.408,0
2026-05-27 11:22:00+00:00,159.408,159.41,159.399,159.399,0
2026-05-27 11:23:00+00:00,159.397,159.408,159.397,159.406,0
2026-05-27 11:24:00+00:00,159.407,159.408,159.404,159.405,0
2026-05-27 11:25:00+00:00,159.406,159.408,159.406,159.407,0
2026-05-27 11:26:00+00:00,159.408,159.411,159.408,159.41,0
2026-05-27 11:27:00+00:00,159.41,159.412,159.409,159.409,0
2026-05-27 11:28:00+00:00,159.41,159.42,159.41,159.417,0
2026-05-27 11:29:00+00:00,159.417,159.418,159.416,159.418,0
2026-05-27 11:30:00+00:00,159.419,159.429,159.419,159.428,0
2026-05-27 11:31:00+00:00,159.429,159.446,159.428,159.43,0
2026-05-27 11:32:00+00:00,159.43,159.431,159.427,159.43,0
2026-05-27 11:33:00+00:00,159.429,159.44,159.427,159.427,0
2026-05-27 11:34:00+00:00,159.425,159.43,159.425,159.427,0
2026-05-27 11:35:00+00:00,159.429,159.429,159.426,159.427,0
2026-05-27 11:36:00+00:00,159.428,159.428,159.424,159.425,0
2026-05-27 11:37:00+00:00,159.426,159.427,159.415,159.418,0
2026-05-27 11:38:00+00:00,159.418,159.418,159.408,159.416,0
2026-05-27 11:39:00+00:00,159.417,159.419,159.417,159.418,0
2026-05-27 11:40:00+00:00,159.417,159.427,159.417,159.427,0
2026-05-27 11:41:00+00:00,159.427,159.427,159.417,159.422,0
2026-05-27 11:42:00+00:00,159.422,159.429,159.422,159.428,0
2026-05-27 11:43:00+00:00,159.426,159.427,159.416,159.42,0
2026-05-27 11:44:00+00:00,159.42,159.42,159.419,159.419,0
2026-05-27 11:45:00+00:00,159.42,159.421,159.42,159.42,0
2026-05-27 11:46:00+00:00,159.424,159.43,159.424,159.429,0
2026-05-27 11:47:00+00:00,159.43,159.434,159.429,159.43,0
2026-05-27 11:48:00+00:00,159.43,159.432,159.429,159.43,0
2026-05-27 11:49:00+00:00,159.429,159.433,159.429,159.431,0
2026-05-27 11:50:00+00:00,159.431,159.435,159.429,159.431,0
2026-05-27 11:51:00+00:00,159.432,159.443,159.431,159.437,0
2026-05-27 11:52:00+00:00,159.437,159.438,159.43,159.43,0
2026-05-27 11:53:00+00:00,159.433,159.434,159.43,159.434,0
2026-05-27 11:54:00+00:00,159.438,159.447,159.432,159.444,0
2026-05-27 11:55:00+00:00,159.444,159.445,159.439,159.441,0
2026-05-27 11:56:00+00:00,159.442,159.448,159.439,159.446,0
2026-05-27 11:57:00+00:00,159.445,159.448,159.433,159.441,0
2026-05-27 11:58:00+00:00,159.44,159.447,159.439,159.443,0
2026-05-27 11:59:00+00:00,159.444,159.446,159.431,159.431,0
2026-05-27 12:00:00+00:00,159.43,159.445,159.427,159.443,0
2026-05-27 12:01:00+00:00,159.445,159.445,159.428,159.43,0
2026-05-27 12:02:00+00:00,159.428,159.431,159.419,159.42,0
2026-05-27 12:03:00+00:00,159.421,159.428,159.42,159.42,0
2026-05-27 12:04:00+00:00,159.42,159.425,159.42,159.423,0
2026-05-27 12:05:00+00:00,159.422,159.422,159.419,159.42,0
2026-05-27 12:06:00+00:00,159.421,159.426,159.415,159.416,0
2026-05-27 12:07:00+00:00,159.417,159.418,159.415,159.415,0
2026-05-27 12:08:00+00:00,159.416,159.417,159.414,159.414,0
2026-05-27 12:09:00+00:00,159.416,159.419,159.415,159.418,0
2026-05-27 12:10:00+00:00,159.419,159.42,159.413,159.417,0
2026-05-27 12:11:00+00:00,159.418,159.421,159.416,159.421,0
2026-05-27 12:12:00+00:00,159.424,159.432,159.422,159.424,0
2026-05-27 12:13:00+00:00,159.425,159.437,159.422,159.429,0
2026-05-27 12:14:00+00:00,159.434,159.442,159.434,159.439,0
2026-05-27 12:15:00+00:00,159.44,159.447,159.438,159.443,0
2026-05-27 12:16:00+00:00,159.446,159.446,159.441,159.441,0
2026-05-27 12:17:00+00:00,159.441,159.446,159.438,159.44,0
2026-05-27 12:18:00+00:00,159.441,159.441,159.329,159.392,0
2026-05-27 12:19:00+00:00,159.392,159.412,159.347,159.405,0
2026-05-27 12:20:00+00:00,159.411,159.415,159.373,159.381,0
2026-05-27 12:21:00+00:00,159.385,159.385,159.309,159.31,0
2026-05-27 12:22:00+00:00,159.307,159.308,159.245,159.303,0
2026-05-27 12:23:00+00:00,159.302,159.336,159.26,159.318,0
2026-05-27 12:24:00+00:00,159.319,159.349,159.313,159.339,0
2026-05-27 12:25:00+00:00,159.34,159.343,159.297,159.299,0
2026-05-27 12:26:00+00:00,159.3,159.308,159.272,159.3,0
2026-05-27 12:27:00+00:00,159.301,159.327,159.291,159.31,0
2026-05-27 12:28:00+00:00,159.309,159.327,159.306,159.311,0
2026-05-27 12:29:00+00:00,159.31,159.329,159.307,159.328,0
2026-05-27 12:30:00+00:00,159.33,159.33,159.294,159.313,0
2026-05-27 12:31:00+00:00,159.313,159.33,159.3,159.325,0
2026-05-27 12:32:00+00:00,159.326,159.326,159.298,159.316,0
2026-05-27 12:33:00+00:00,159.32,159.342,159.32,159.33,0
2026-05-27 12:34:00+00:00,159.33,159.353,159.329,159.341,0
2026-05-27 12:35:00+00:00,159.34,159.355,159.338,159.354,0
2026-05-27 12:36:00+00:00,159.353,159.353,159.29,159.313,0
2026-05-27 12:37:00+00:00,159.318,159.348,159.317,159.342,0
2026-05-27 12:38:00+00:00,159.342,159.351,159.335,159.336,0
2026-05-27 12:39:00+00:00,159.336,159.345,159.331,159.341,0
2026-05-27 12:40:00+00:00,159.341,159.344,159.336,159.344,0
2026-05-27 12:41:00+00:00,159.344,159.353,159.335,159.342,0
2026-05-27 12:42:00+00:00,159.35,159.356,159.346,159.354,0
2026-05-27 12:43:00+00:00,159.352,159.354,159.343,159.348,0
2026-05-27 12:44:00+00:00,159.347,159.37,159.344,159.368,0
2026-05-27 12:45:00+00:00,159.37,159.391,159.37,159.381,0
2026-05-27 12:46:00+00:00,159.382,159.393,159.381,159.391,0
2026-05-27 12:47:00+00:00,159.39,159.392,159.383,159.392,0
2026-05-27 12:48:00+00:00,159.391,159.394,159.379,159.382,0
2026-05-27 12:49:00+00:00,159.382,159.391,159.371,159.374,0
2026-05-27 12:50:00+00:00,159.375,159.382,159.374,159.378,0
2026-05-27 12:51:00+00:00,159.379,159.379,159.368,159.372,0
2026-05-27 12:52:00+00:00,159.371,159.39,159.371,159.382,0
2026-05-27 12:53:00+00:00,159.382,159.39,159.381,159.381,0
2026-05-27 12:54:00+00:00,159.384,159.392,159.38,159.38,0
2026-05-27 12:55:00+00:00,159.381,159.388,159.378,159.383,0
2026-05-27 12:56:00+00:00,159.384,159.393,159.377,159.391,0
2026-05-27 12:57:00+00:00,159.391,159.398,159.39,159.392,0
2026-05-27 12:58:00+00:00,159.393,159.405,159.392,159.393,0
2026-05-27 12:59:00+00:00,159.396,159.422,159.395,159.416,0
2026-05-27 13:00:00+00:00,159.416,159.419,159.404,159.414,0
2026-05-27 13:01:00+00:00,159.415,159.421,159.412,159.42,0
2026-05-27 13:02:00+00:00,159.423,159.425,159.4,159.405,0
2026-05-27 13:03:00+00:00,159.406,159.406,159.4,159.402,0
2026-05-27 13:04:00+00:00,159.403,159.412,159.392,159.399,0
2026-05-27 13:05:00+00:00,159.4,159.4,159.389,159.392,0
2026-05-27 13:06:00+00:00,159.394,159.404,159.394,159.404,0
2026-05-27 13:07:00+00:00,159.405,159.42,159.405,159.414,0
2026-05-27 13:08:00+00:00,159.411,159.417,159.402,159.414,0
2026-05-27 13:09:00+00:00,159.416,159.426,159.413,159.418,0
2026-05-27 13:10:00+00:00,159.418,159.419,159.404,159.408,0
2026-05-27 13:11:00+00:00,159.407,159.415,159.404,159.41,0
2026-05-27 13:12:00+00:00,159.409,159.414,159.407,159.409,0
2026-05-27 13:13:00+00:00,159.411,159.413,159.407,159.407,0
2026-05-27 13:14:00+00:00,159.406,159.411,159.404,159.407,0
2026-05-27 13:15:00+00:00,159.405,159.412,159.405,159.406,0
2026-05-27 13:16:00+00:00,159.407,159.417,159.402,159.402,0
2026-05-27 13:17:00+00:00,159.402,159.407,159.402,159.403,0
2026-05-27 13:18:00+00:00,159.403,159.412,159.403,159.405,0
2026-05-27 13:19:00+00:00,159.404,159.411,159.403,159.407,0
2026-05-27 13:20:00+00:00,159.409,159.419,159.405,159.418,0
2026-05-27 13:21:00+00:00,159.42,159.424,159.415,159.418,0
2026-05-27 13:22:00+00:00,159.42,159.428,159.416,159.417,0
2026-05-27 13:23:00+00:00,159.419,159.419,159.414,159.415,0
2026-05-27 13:24:00+00:00,159.414,159.415,159.411,159.414,0
2026-05-27 13:25:00+00:00,159.413,159.417,159.407,159.417,0
2026-05-27 13:26:00+00:00,159.416,159.418,159.405,159.408,0
2026-05-27 13:27:00+00:00,159.409,159.42,159.401,159.412,0
2026-05-27 13:28:00+00:00,159.414,159.426,159.413,159.426,0
2026-05-27 13:29:00+00:00,159.425,159.425,159.415,159.418,0
2026-05-27 13:30:00+00:00,159.418,159.423,159.412,159.419,0
2026-05-27 13:31:00+00:00,159.42,159.42,159.411,159.418,0
2026-05-27 13:32:00+00:00,159.419,159.421,159.417,159.42,0
2026-05-27 13:33:00+00:00,159.419,159.419,159.407,159.411,0
2026-05-27 13:34:00+00:00,159.412,159.415,159.411,159.411,0
2026-05-27 13:35:00+00:00,159.41,159.418,159.407,159.409,0
2026-05-27 13:36:00+00:00,159.41,159.432,159.41,159.426,0
2026-05-27 13:37:00+00:00,159.427,159.434,159.422,159.426,0
2026-05-27 13:38:00+00:00,159.425,159.434,159.423,159.425,0
2026-05-27 13:39:00+00:00,159.426,159.426,159.419,159.42,0
2026-05-27 13:40:00+00:00,159.419,159.42,159.419,159.42,0
2026-05-27 13:41:00+00:00,159.42,159.42,159.41,159.41,0
2026-05-27 13:42:00+00:00,159.415,159.423,159.405,159.421,0
2026-05-27 13:43:00+00:00,159.421,159.422,159.408,159.411,0
2026-05-27 13:44:00+00:00,159.412,159.414,159.406,159.41,0
2026-05-27 13:45:00+00:00,159.41,159.411,159.387,159.387,0
2026-05-27 13:46:00+00:00,159.384,159.399,159.383,159.392,0
2026-05-27 13:47:00+00:00,159.393,159.397,159.391,159.397,0
2026-05-27 13:48:00+00:00,159.395,159.397,159.389,159.395,0
2026-05-27 13:49:00+00:00,159.396,159.406,159.396,159.405,0
2026-05-27 13:50:00+00:00,159.405,159.417,159.393,159.394,0
2026-05-27 13:51:00+00:00,159.394,159.402,159.391,159.395,0
2026-05-27 13:52:00+00:00,159.394,159.401,159.393,159.394,0
2026-05-27 13:53:00+00:00,159.391,159.397,159.391,159.395,0
2026-05-27 13:54:00+00:00,159.396,159.409,159.393,159.399,0
2026-05-27 13:55:00+00:00,159.399,159.399,159.393,159.395,0
2026-05-27 13:56:00+00:00,159.395,159.401,159.391,159.395,0
2026-05-27 13:57:00+00:00,159.395,159.399,159.391,159.393,0
2026-05-27 13:58:00+00:00,159.394,159.396,159.391,159.393,0
2026-05-27 13:59:00+00:00,159.39,159.394,159.383,159.383,0
2026-05-27 14:00:00+00:00,159.382,159.394,159.374,159.394,0
2026-05-27 14:01:00+00:00,159.393,159.397,159.389,159.389,0
2026-05-27 14:02:00+00:00,159.391,159.404,159.383,159.402,0
2026-05-27 14:03:00+00:00,159.399,159.405,159.394,159.404,0
2026-05-27 14:04:00+00:00,159.407,159.407,159.394,159.395,0
2026-05-27 14:05:00+00:00,159.394,159.395,159.393,159.394,0
2026-05-27 14:06:00+00:00,159.395,159.405,159.395,159.402,0
2026-05-27 14:07:00+00:00,159.401,159.411,159.395,159.409,0
2026-05-27 14:08:00+00:00,159.411,159.412,159.402,159.407,0
2026-05-27 14:09:00+00:00,159.406,159.406,159.4,159.402,0
2026-05-27 14:10:00+00:00,159.403,159.404,159.4,159.403,0
2026-05-27 14:11:00+00:00,159.402,159.403,159.399,159.4,0
2026-05-27 14:12:00+00:00,159.401,159.403,159.381,159.381,0
2026-05-27 14:13:00+00:00,159.381,159.389,159.38,159.387,0
2026-05-27 14:14:00+00:00,159.386,159.394,159.38,159.381,0
2026-05-27 14:15:00+00:00,159.382,159.392,159.382,159.391,0
2026-05-27 14:16:00+00:00,159.39,159.391,159.384,159.387,0
2026-05-27 14:17:00+00:00,159.387,159.388,159.38,159.383,0
2026-05-27 14:18:00+00:00,159.382,159.383,159.369,159.381,0
2026-05-27 14:19:00+00:00,159.38,159.385,159.38,159.381,0
2026-05-27 14:20:00+00:00,159.38,159.4,159.371,159.388,0
2026-05-27 14:21:00+00:00,159.387,159.387,159.377,159.383,0
2026-05-27 14:22:00+00:00,159.382,159.395,159.38,159.395,0
2026-05-27 14:23:00+00:00,159.395,159.406,159.392,159.405,0
2026-05-27 14:24:00+00:00,159.406,159.409,159.401,159.403,0
2026-05-27 14:25:00+00:00,159.402,159.406,159.401,159.403,0
2026-05-27 14:26:00+00:00,159.404,159.407,159.4,159.401,0
2026-05-27 14:27:00+00:00,159.402,159.405,159.401,159.404,0
2026-05-27 14:28:00+00:00,159.404,159.405,159.401,159.401,0
2026-05-27 14:29:00+00:00,159.401,159.401,159.392,159.394,0
2026-05-27 14:30:00+00:00,159.392,159.401,159.389,159.4,0
2026-05-27 14:31:00+00:00,159.398,159.399,159.389,159.394,0
2026-05-27 14:32:00+00:00,159.393,159.414,159.379,159.414,0
2026-05-27 14:33:00+00:00,159.416,159.448,159.398,159.437,0
2026-05-27 14:34:00+00:00,159.437,159.449,159.424,159.43,0
2026-05-27 14:35:00+00:00,159.431,159.44,159.415,159.417,0
2026-05-27 14:36:00+00:00,159.416,159.424,159.414,159.415,0
2026-05-27 14:37:00+00:00,159.415,159.431,159.415,159.431,0
2026-05-27 14:38:00+00:00,159.43,159.43,159.417,159.42,0
2026-05-27 14:39:00+00:00,159.42,159.432,159.419,159.426,0
2026-05-27 14:40:00+00:00,159.424,159.435,159.422,159.429,0
2026-05-27 14:41:00+00:00,159.427,159.43,159.421,159.427,0
2026-05-27 14:42:00+00:00,159.428,159.443,159.427,159.43,0
2026-05-27 14:43:00+00:00,159.43,159.434,159.417,159.417,0
2026-05-27 14:44:00+00:00,159.421,159.428,159.416,159.416,0
2026-05-27 14:45:00+00:00,159.415,159.418,159.404,159.405,0
2026-05-27 14:46:00+00:00,159.404,159.419,159.401,159.418,0
2026-05-27 14:47:00+00:00,159.419,159.439,159.419,159.439,0
2026-05-27 14:48:00+00:00,159.44,159.449,159.433,159.437,0
2026-05-27 14:49:00+00:00,159.437,159.468,159.436,159.464,0
2026-05-27 14:50:00+00:00,159.464,159.468,159.453,159.464,0
2026-05-27 14:51:00+00:00,159.463,159.476,159.454,159.476,0
2026-05-27 14:52:00+00:00,159.479,159.494,159.477,159.492,0
2026-05-27 14:53:00+00:00,159.492,159.5,159.486,159.497,0
2026-05-27 14:54:00+00:00,159.496,159.501,159.479,159.487,0
2026-05-27 14:55:00+00:00,159.488,159.503,159.486,159.501,0
2026-05-27 14:56:00+00:00,159.502,159.503,159.474,159.493,0
2026-05-27 14:57:00+00:00,159.493,159.504,159.493,159.499,0
2026-05-27 14:58:00+00:00,159.502,159.508,159.492,159.498,0
2026-05-27 14:59:00+00:00,159.498,159.509,159.493,159.507,0
2026-05-27 15:00:00+00:00,159.508,159.535,159.508,159.521,0
2026-05-27 15:01:00+00:00,159.521,159.532,159.497,159.497,0
2026-05-27 15:02:00+00:00,159.498,159.504,159.488,159.491,0
2026-05-27 15:03:00+00:00,159.491,159.491,159.467,159.476,0
2026-05-27 15:04:00+00:00,159.476,159.497,159.473,159.486,0
2026-05-27 15:05:00+00:00,159.487,159.488,159.473,159.488,0
2026-05-27 15:06:00+00:00,159.486,159.486,159.467,159.467,0
2026-05-27 15:07:00+00:00,159.467,159.469,159.456,159.464,0
2026-05-27 15:08:00+00:00,159.462,159.482,159.462,159.478,0
2026-05-27 15:09:00+00:00,159.478,159.478,159.465,159.466,0
2026-05-27 15:10:00+00:00,159.468,159.478,159.466,159.466,0
2026-05-27 15:11:00+00:00,159.466,159.48,159.465,159.47,0
2026-05-27 15:12:00+00:00,159.469,159.47,159.465,159.467,0
2026-05-27 15:13:00+00:00,159.467,159.467,159.451,159.455,0
2026-05-27 15:14:00+00:00,159.454,159.456,159.451,159.456,0
2026-05-27 15:15:00+00:00,159.457,159.474,159.457,159.471,0
2026-05-27 15:16:00+00:00,159.47,159.478,159.47,159.471,0
2026-05-27 15:17:00+00:00,159.469,159.477,159.465,159.477,0
2026-05-27 15:18:00+00:00,159.476,159.492,159.476,159.481,0
2026-05-27 15:19:00+00:00,159.482,159.485,159.48,159.482,0
2026-05-27 15:20:00+00:00,159.483,159.483,159.468,159.479,0
2026-05-27 15:21:00+00:00,159.479,159.484,159.479,159.484,0
2026-05-27 15:22:00+00:00,159.484,159.484,159.48,159.482,0
2026-05-27 15:23:00+00:00,159.481,159.482,159.478,159.48,0
2026-05-27 15:24:00+00:00,159.481,159.49,159.479,159.482,0
2026-05-27 15:25:00+00:00,159.482,159.484,159.477,159.482,0
2026-05-27 15:26:00+00:00,159.483,159.483,159.476,159.477,0
2026-05-27 15:27:00+00:00,159.478,159.478,159.467,159.469,0
2026-05-27 15:28:00+00:00,159.467,159.469,159.467,159.468,0
2026-05-27 15:29:00+00:00,159.467,159.469,159.458,159.469,0
2026-05-27 15:30:00+00:00,159.467,159.473,159.453,159.458,0
2026-05-27 15:31:00+00:00,159.458,159.459,159.444,159.457,0
2026-05-27 15:32:00+00:00,159.458,159.458,159.443,159.445,0
2026-05-27 15:33:00+00:00,159.445,159.448,159.434,159.444,0
2026-05-27 15:34:00+00:00,159.443,159.455,159.438,159.44,0
2026-05-27 15:35:00+00:00,159.441,159.445,159.438,159.445,0
2026-05-27 15:36:00+00:00,159.446,159.45,159.44,159.44,0
2026-05-27 15:37:00+00:00,159.442,159.45,159.442,159.445,0
2026-05-27 15:38:00+00:00,159.444,159.46,159.444,159.459,0
2026-05-27 15:39:00+00:00,159.46,159.461,159.457,159.459,0
2026-05-27 15:40:00+00:00,159.458,159.461,159.454,159.458,0
2026-05-27 15:41:00+00:00,159.457,159.467,159.455,159.461,0
2026-05-27 15:42:00+00:00,159.461,159.471,159.458,159.467,0
2026-05-27 15:43:00+00:00,159.464,159.476,159.458,159.474,0
2026-05-27 15:44:00+00:00,159.474,159.491,159.47,159.482,0
2026-05-27 15:45:00+00:00,159.481,159.488,159.456,159.478,0
2026-05-27 15:46:00+00:00,159.481,159.485,159.476,159.483,0
2026-05-27 15:47:00+00:00,159.484,159.495,159.482,159.494,0
2026-05-27 15:48:00+00:00,159.496,159.497,159.492,159.495,0
2026-05-27 15:49:00+00:00,159.497,159.503,159.495,159.496,0
2026-05-27 15:50:00+00:00,159.496,159.502,159.496,159.496,0
2026-05-27 15:51:00+00:00,159.497,159.5,159.492,159.494,0
2026-05-27 15:52:00+00:00,159.495,159.495,159.492,159.494,0
2026-05-27 15:53:00+00:00,159.493,159.493,159.483,159.484,0
2026-05-27 15:54:00+00:00,159.486,159.5,159.486,159.489,0
2026-05-27 15:55:00+00:00,159.488,159.494,159.485,159.489,0
2026-05-27 15:56:00+00:00,159.486,159.486,159.481,159.481,0
2026-05-27 15:57:00+00:00,159.48,159.482,159.478,159.48,0
2026-05-27 15:58:00+00:00,159.481,159.489,159.48,159.481,0
2026-05-27 15:59:00+00:00,159.483,159.483,159.471,159.472,0
2026-05-27 16:00:00+00:00,159.469,159.483,159.468,159.48,0
2026-05-27 16:01:00+00:00,159.477,159.481,159.468,159.481,0
2026-05-27 16:02:00+00:00,159.482,159.482,159.476,159.481,0
2026-05-27 16:03:00+00:00,159.48,159.523,159.48,159.52,0
2026-05-27 16:04:00+00:00,159.52,159.525,159.508,159.517,0
2026-05-27 16:05:00+00:00,159.516,159.518,159.51,159.518,0
2026-05-27 16:06:00+00:00,159.518,159.518,159.503,159.503,0
2026-05-27 16:07:00+00:00,159.506,159.509,159.499,159.508,0
2026-05-27 16:08:00+00:00,159.509,159.52,159.509,159.518,0
2026-05-27 16:09:00+00:00,159.517,159.52,159.514,159.517,0
2026-05-27 16:10:00+00:00,159.518,159.518,159.513,159.515,0
2026-05-27 16:11:00+00:00,159.515,159.518,159.509,159.513,0
2026-05-27 16:12:00+00:00,159.513,159.515,159.509,159.509,0
2026-05-27 16:13:00+00:00,159.51,159.51,159.508,159.51,0
2026-05-27 16:14:00+00:00,159.511,159.511,159.508,159.509,0
2026-05-27 16:15:00+00:00,159.509,159.509,159.505,159.505,0
2026-05-27 16:16:00+00:00,159.507,159.515,159.506,159.507,0
2026-05-27 16:17:00+00:00,159.508,159.508,159.504,159.506,0
2026-05-27 16:18:00+00:00,159.504,159.505,159.497,159.504,0
2026-05-27 16:19:00+00:00,159.502,159.504,159.496,159.497,0
2026-05-27 16:20:00+00:00,159.496,159.496,159.492,159.494,0
2026-05-27 16:21:00+00:00,159.496,159.496,159.494,159.495,0
2026-05-27 16:22:00+00:00,159.495,159.495,159.491,159.495,0
2026-05-27 16:23:00+00:00,159.498,159.498,159.49,159.49,0
2026-05-27 16:24:00+00:00,159.492,159.496,159.492,159.496,0
2026-05-27 16:25:00+00:00,159.495,159.496,159.493,159.494,0
2026-05-27 16:26:00+00:00,159.495,159.502,159.483,159.489,0
2026-05-27 16:27:00+00:00,159.489,159.494,159.489,159.493,0
2026-05-27 16:28:00+00:00,159.494,159.494,159.494,159.494,0
2026-05-27 16:29:00+00:00,159.495,159.504,159.493,159.501,0
2026-05-27 16:30:00+00:00,159.502,159.51,159.501,159.51,0
2026-05-27 16:31:00+00:00,159.509,159.516,159.505,159.515,0
2026-05-27 16:32:00+00:00,159.512,159.514,159.5,159.505,0
2026-05-27 16:33:00+00:00,159.507,159.515,159.505,159.515,0
2026-05-27 16:34:00+00:00,159.516,159.517,159.512,159.516,0
2026-05-27 16:35:00+00:00,159.515,159.515,159.514,159.514,0
2026-05-27 16:36:00+00:00,159.512,159.515,159.507,159.513,0
2026-05-27 16:37:00+00:00,159.515,159.518,159.507,159.507,0
2026-05-27 16:38:00+00:00,159.508,159.509,159.502,159.502,0
2026-05-27 16:39:00+00:00,159.502,159.502,159.499,159.5,0
2026-05-27 16:40:00+00:00,159.498,159.499,159.489,159.49,0
2026-05-27 16:41:00+00:00,159.489,159.493,159.483,159.493,0
2026-05-27 16:42:00+00:00,159.492,159.496,159.491,159.494,0
2026-05-27 16:43:00+00:00,159.495,159.495,159.491,159.492,0
2026-05-27 16:44:00+00:00,159.492,159.494,159.492,159.494,0
2026-05-27 16:45:00+00:00,159.495,159.495,159.492,159.494,0
2026-05-27 16:46:00+00:00,159.497,159.497,159.491,159.492,0
2026-05-27 16:47:00+00:00,159.493,159.494,159.493,159.494,0
2026-05-27 16:48:00+00:00,159.494,159.495,159.493,159.495,0
2026-05-27 16:49:00+00:00,159.494,159.494,159.493,159.493,0
2026-05-27 16:50:00+00:00,159.492,159.492,159.49,159.492,0
2026-05-27 16:51:00+00:00,159.491,159.492,159.49,159.491,0
2026-05-27 16:52:00+00:00,159.492,159.493,159.492,159.492,0
2026-05-27 16:53:00+00:00,159.491,159.495,159.491,159.494,0
2026-05-27 16:54:00+00:00,159.493,159.495,159.493,159.495,0
2026-05-27 16:55:00+00:00,159.495,159.504,159.495,159.503,0
2026-05-27 16:56:00+00:00,159.503,159.503,159.494,159.502,0
2026-05-27 16:57:00+00:00,159.501,159.503,159.496,159.503,0
2026-05-27 16:58:00+00:00,159.502,159.503,159.496,159.497,0
2026-05-27 16:59:00+00:00,159.496,159.498,159.495,159.496,0
2026-05-27 17:00:00+00:00,159.495,159.503,159.494,159.503,0
2026-05-27 17:01:00+00:00,159.501,159.504,159.496,159.504,0
2026-05-27 17:02:00+00:00,159.507,159.508,159.5,159.502,0
2026-05-27 17:03:00+00:00,159.5,159.512,159.5,159.506,0
2026-05-27 17:04:00+00:00,159.505,159.51,159.503,159.505,0
2026-05-27 17:05:00+00:00,159.504,159.506,159.503,159.505,0
2026-05-27 17:06:00+00:00,159.507,159.515,159.507,159.515,0
2026-05-27 17:07:00+00:00,159.516,159.526,159.515,159.526,0
2026-05-27 17:08:00+00:00,159.529,159.544,159.527,159.539,0
2026-05-27 17:09:00+00:00,159.537,159.543,159.53,159.539,0
2026-05-27 17:10:00+00:00,159.54,159.541,159.536,159.539,0
2026-05-27 17:11:00+00:00,159.538,159.544,159.538,159.542,0
2026-05-27 17:12:00+00:00,159.541,159.548,159.541,159.544,0
2026-05-27 17:13:00+00:00,159.545,159.546,159.541,159.541,0
2026-05-27 17:14:00+00:00,159.543,159.546,159.54,159.544,0
2026-05-27 17:15:00+00:00,159.543,159.551,159.542,159.551,0
2026-05-27 17:16:00+00:00,159.554,159.556,159.54,159.542,0
2026-05-27 17:17:00+00:00,159.542,159.543,159.54,159.543,0
2026-05-27 17:18:00+00:00,159.542,159.547,159.541,159.544,0
2026-05-27 17:19:00+00:00,159.544,159.556,159.543,159.554,0
2026-05-27 17:20:00+00:00,159.55,159.561,159.548,159.556,0
2026-05-27 17:21:00+00:00,159.557,159.575,159.557,159.575,0
2026-05-27 17:22:00+00:00,159.573,159.574,159.572,159.573,0
2026-05-27 17:23:00+00:00,159.574,159.574,159.57,159.573,0
2026-05-27 17:24:00+00:00,159.572,159.574,159.571,159.573,0
2026-05-27 17:25:00+00:00,159.572,159.578,159.571,159.574,0
2026-05-27 17:26:00+00:00,159.576,159.576,159.572,159.572,0
2026-05-27 17:27:00+00:00,159.569,159.574,159.569,159.573,0
2026-05-27 17:28:00+00:00,159.574,159.574,159.569,159.569,0
2026-05-27 17:29:00+00:00,159.57,159.571,159.563,159.569,0
2026-05-27 17:30:00+00:00,159.57,159.575,159.57,159.57,0
2026-05-27 17:31:00+00:00,159.571,159.571,159.558,159.56,0
2026-05-27 17:32:00+00:00,159.561,159.562,159.56,159.56,0
2026-05-27 17:33:00+00:00,159.561,159.568,159.556,159.567,0
2026-05-27 17:34:00+00:00,159.569,159.57,159.559,159.56,0
2026-05-27 17:35:00+00:00,159.56,159.56,159.542,159.546,0
2026-05-27 17:36:00+00:00,159.547,159.55,159.545,159.546,0
2026-05-27 17:37:00+00:00,159.547,159.55,159.541,159.545,0
2026-05-27 17:38:00+00:00,159.544,159.548,159.542,159.542,0
2026-05-27 17:39:00+00:00,159.543,159.55,159.542,159.55,0
2026-05-27 17:40:00+00:00,159.549,159.556,159.549,159.554,0
2026-05-27 17:41:00+00:00,159.555,159.556,159.536,159.54,0
2026-05-27 17:42:00+00:00,159.542,159.542,159.536,159.536,0
2026-05-27 17:43:00+00:00,159.535,159.535,159.53,159.53,0
2026-05-27 17:44:00+00:00,159.532,159.539,159.527,159.527,0
2026-05-27 17:45:00+00:00,159.528,159.531,159.526,159.53,0
2026-05-27 17:46:00+00:00,159.531,159.531,159.527,159.53,0
2026-05-27 17:47:00+00:00,159.531,159.531,159.527,159.53,0
2026-05-27 17:48:00+00:00,159.53,159.531,159.527,159.528,0
2026-05-27 17:49:00+00:00,159.529,159.529,159.516,159.527,0
2026-05-27 17:50:00+00:00,159.529,159.53,159.516,159.516,0
2026-05-27 17:51:00+00:00,159.516,159.52,159.515,159.516,0
2026-05-27 17:52:00+00:00,159.517,159.519,159.515,159.516,0
2026-05-27 17:53:00+00:00,159.517,159.524,159.516,159.52,0
2026-05-27 17:54:00+00:00,159.519,159.519,159.516,159.519,0
2026-05-27 17:55:00+00:00,159.518,159.524,159.517,159.517,0
2026-05-27 17:56:00+00:00,159.519,159.52,159.517,159.52,0
2026-05-27 17:57:00+00:00,159.519,159.52,159.517,159.518,0
2026-05-27 17:58:00+00:00,159.517,159.519,159.516,159.519,0
2026-05-27 17:59:00+00:00,159.518,159.529,159.518,159.523,0
2026-05-27 18:00:00+00:00,159.526,159.528,159.518,159.52,0
2026-05-27 18:01:00+00:00,159.518,159.53,159.518,159.53,0
2026-05-27 18:02:00+00:00,159.53,159.534,159.528,159.534,0
2026-05-27 18:03:00+00:00,159.534,159.542,159.533,159.541,0
2026-05-27 18:04:00+00:00,159.542,159.544,159.542,159.544,0
2026-05-27 18:05:00+00:00,159.543,159.543,159.541,159.541,0
2026-05-27 18:06:00+00:00,159.54,159.543,159.537,159.54,0
2026-05-27 18:07:00+00:00,159.539,159.542,159.538,159.541,0
2026-05-27 18:08:00+00:00,159.542,159.542,159.537,159.539,0
2026-05-27 18:09:00+00:00,159.54,159.543,159.54,159.54,0
2026-05-27 18:10:00+00:00,159.54,159.54,159.539,159.539,0
2026-05-27 18:11:00+00:00,159.539,159.539,159.533,159.538,0
2026-05-27 18:12:00+00:00,159.537,159.542,159.537,159.539,0
2026-05-27 18:13:00+00:00,159.54,159.542,159.537,159.54,0
2026-05-27 18:14:00+00:00,159.537,159.546,159.537,159.545,0
2026-05-27 18:15:00+00:00,159.544,159.55,159.543,159.546,0
2026-05-27 18:16:00+00:00,159.546,159.55,159.544,159.549,0
2026-05-27 18:17:00+00:00,159.55,159.557,159.546,159.55,0
2026-05-27 18:18:00+00:00,159.549,159.55,159.545,159.546,0
2026-05-27 18:19:00+00:00,159.546,159.548,159.544,159.545,0
2026-05-27 18:20:00+00:00,159.544,159.545,159.544,159.545,0
2026-05-27 18:21:00+00:00,159.546,159.546,159.545,159.546,0
2026-05-27 18:22:00+00:00,159.545,159.545,159.543,159.543,0
2026-05-27 18:23:00+00:00,159.541,159.541,159.533,159.533,0
2026-05-27 18:24:00+00:00,159.535,159.543,159.532,159.543,0
2026-05-27 18:25:00+00:00,159.542,159.542,159.533,159.533,0
2026-05-27 18:26:00+00:00,159.534,159.534,159.532,159.533,0
2026-05-27 18:27:00+00:00,159.532,159.534,159.522,159.523,0
2026-05-27 18:28:00+00:00,159.524,159.535,159.522,159.535,0
2026-05-27 18:29:00+00:00,159.534,159.534,159.531,159.531,0
2026-05-27 18:30:00+00:00,159.531,159.532,159.52,159.526,0
2026-05-27 18:31:00+00:00,159.527,159.531,159.527,159.53,0
2026-05-27 18:32:00+00:00,159.531,159.532,159.527,159.528,0
2026-05-27 18:33:00+00:00,159.53,159.533,159.528,159.533,0
2026-05-27 18:34:00+00:00,159.535,159.542,159.533,159.542,0
2026-05-27 18:35:00+00:00,159.54,159.542,159.534,159.542,0
2026-05-27 18:36:00+00:00,159.541,159.542,159.539,159.541,0
2026-05-27 18:37:00+00:00,159.542,159.545,159.54,159.544,0
2026-05-27 18:38:00+00:00,159.542,159.544,159.534,159.534,0
2026-05-27 18:39:00+00:00,159.535,159.542,159.533,159.535,0
2026-05-27 18:40:00+00:00,159.537,159.537,159.533,159.533,0
2026-05-27 18:41:00+00:00,159.534,159.534,159.533,159.533,0
2026-05-27 18:42:00+00:00,159.534,159.536,159.531,159.531,0
2026-05-27 18:43:00+00:00,159.53,159.531,159.524,159.525,0
2026-05-27 18:44:00+00:00,159.523,159.523,159.521,159.521,0
2026-05-27 18:45:00+00:00,159.526,159.529,159.523,159.523,0
2026-05-27 18:46:00+00:00,159.521,159.521,159.519,159.52,0
2026-05-27 18:47:00+00:00,159.519,159.531,159.517,159.531,0
2026-05-27 18:48:00+00:00,159.527,159.527,159.521,159.521,0
2026-05-27 18:49:00+00:00,159.52,159.52,159.517,159.518,0
2026-05-27 18:50:00+00:00,159.519,159.519,159.51,159.51,0
2026-05-27 18:51:00+00:00,159.514,159.52,159.512,159.52,0
2026-05-27 18:52:00+00:00,159.521,159.521,159.52,159.52,0
2026-05-27 18:53:00+00:00,159.52,159.527,159.52,159.522,0
2026-05-27 18:54:00+00:00,159.522,159.522,159.515,159.518,0
2026-05-27 18:55:00+00:00,159.519,159.519,159.506,159.506,0
2026-05-27 18:56:00+00:00,159.505,159.508,159.504,159.508,0
2026-05-27 18:57:00+00:00,159.509,159.512,159.503,159.504,0
2026-05-27 18:58:00+00:00,159.502,159.507,159.493,159.503,0
2026-05-27 18:59:00+00:00,159.505,159.507,159.502,159.502,0
2026-05-27 19:00:00+00:00,159.505,159.509,159.5,159.509,0
2026-05-27 19:01:00+00:00,159.508,159.517,159.508,159.517,0
2026-05-27 19:02:00+00:00,159.515,159.517,159.514,159.514,0
2026-05-27 19:03:00+00:00,159.515,159.517,159.507,159.508,0
2026-05-27 19:04:00+00:00,159.509,159.509,159.5,159.504,0
2026-05-27 19:05:00+00:00,159.504,159.506,159.503,159.504,0
2026-05-27 19:06:00+00:00,159.503,159.504,159.502,159.503,0
2026-05-27 19:07:00+00:00,159.506,159.508,159.504,159.505,0
2026-05-27 19:08:00+00:00,159.504,159.506,159.501,159.503,0
2026-05-27 19:09:00+00:00,159.504,159.508,159.504,159.508,0
2026-05-27 19:10:00+00:00,159.511,159.52,159.51,159.52,0
2026-05-27 19:11:00+00:00,159.521,159.521,159.521,159.521,0
2026-05-27 19:12:00+00:00,159.522,159.531,159.522,159.527,0
2026-05-27 19:13:00+00:00,159.528,159.53,159.527,159.529,0
2026-05-27 19:14:00+00:00,159.528,159.528,159.521,159.523,0
2026-05-27 19:15:00+00:00,159.522,159.522,159.516,159.518,0
2026-05-27 19:16:00+00:00,159.519,159.52,159.519,159.519,0
2026-05-27 19:17:00+00:00,159.519,159.521,159.519,159.521,0
2026-05-27 19:18:00+00:00,159.52,159.52,159.519,159.519,0
2026-05-27 19:19:00+00:00,159.52,159.529,159.52,159.527,0
2026-05-27 19:20:00+00:00,159.526,159.528,159.524,159.527,0
2026-05-27 19:21:00+00:00,159.527,159.528,159.519,159.519,0
2026-05-27 19:22:00+00:00,159.525,159.528,159.525,159.527,0
2026-05-27 19:23:00+00:00,159.524,159.524,159.519,159.52,0
2026-05-27 19:24:00+00:00,159.521,159.521,159.52,159.52,0
2026-05-27 19:25:00+00:00,159.521,159.523,159.521,159.522,0
2026-05-27 19:26:00+00:00,159.521,159.528,159.52,159.526,0
2026-05-27 19:27:00+00:00,159.523,159.527,159.52,159.521,0
2026-05-27 19:28:00+00:00,159.521,159.522,159.52,159.521,0
2026-05-27 19:29:00+00:00,159.523,159.524,159.519,159.521,0
2026-05-27 19:30:00+00:00,159.522,159.522,159.517,159.52,0
2026-05-27 19:31:00+00:00,159.52,159.52,159.518,159.519,0
2026-05-27 19:32:00+00:00,159.521,159.53,159.514,159.522,0
2026-05-27 19:33:00+00:00,159.52,159.52,159.512,159.514,0
2026-05-27 19:34:00+00:00,159.515,159.516,159.514,159.514,0
2026-05-27 19:35:00+00:00,159.515,159.516,159.513,159.515,0
2026-05-27 19:36:00+00:00,159.515,159.515,159.507,159.509,0
2026-05-27 19:37:00+00:00,159.509,159.515,159.508,159.514,0
2026-05-27 19:38:00+00:00,159.513,159.521,159.513,159.519,0
2026-05-27 19:39:00+00:00,159.52,159.52,159.517,159.517,0
2026-05-27 19:40:00+00:00,159.517,159.526,159.517,159.525,0
2026-05-27 19:41:00+00:00,159.525,159.53,159.525,159.53,0
2026-05-27 19:42:00+00:00,159.531,159.533,159.529,159.532,0
2026-05-27 19:43:00+00:00,159.53,159.531,159.527,159.531,0
2026-05-27 19:44:00+00:00,159.53,159.531,159.529,159.529,0
2026-05-27 19:45:00+00:00,159.53,159.533,159.53,159.533,0
2026-05-27 19:46:00+00:00,159.531,159.531,159.528,159.531,0
2026-05-27 19:47:00+00:00,159.531,159.531,159.529,159.529,0
2026-05-27 19:48:00+00:00,159.531,159.534,159.531,159.534,0
2026-05-27 19:49:00+00:00,159.532,159.533,159.531,159.533,0
2026-05-27 19:50:00+00:00,159.534,159.544,159.534,159.543,0
2026-05-27 19:51:00+00:00,159.543,159.543,159.534,159.534,0
2026-05-27 19:52:00+00:00,159.534,159.546,159.532,159.546,0
2026-05-27 19:53:00+00:00,159.543,159.547,159.543,159.547,0
2026-05-27 19:54:00+00:00,159.55,159.55,159.543,159.545,0
2026-05-27 19:55:00+00:00,159.543,159.545,159.541,159.541,0
2026-05-27 19:56:00+00:00,159.542,159.542,159.533,159.54,0
2026-05-27 19:57:00+00:00,159.541,159.542,159.54,159.54,0
2026-05-27 19:58:00+00:00,159.541,159.543,159.541,159.542,0
2026-05-27 19:59:00+00:00,159.544,159.544,159.538,159.539,0
2026-05-27 20:00:00+00:00,159.54,159.54,159.53,159.533,0
2026-05-27 20:01:00+00:00,159.532,159.533,159.526,159.527,0
2026-05-27 20:02:00+00:00,159.527,159.528,159.519,159.52,0
2026-05-27 20:03:00+00:00,159.521,159.522,159.519,159.522,0
2026-05-27 20:04:00+00:00,159.521,159.522,159.52,159.52,0
2026-05-27 20:05:00+00:00,159.523,159.526,159.521,159.526,0
2026-05-27 20:06:00+00:00,159.525,159.529,159.522,159.528,0
2026-05-27 20:07:00+00:00,159.529,159.53,159.528,159.528,0
2026-05-27 20:08:00+00:00,159.528,159.529,159.528,159.529,0
2026-05-27 20:09:00+00:00,159.528,159.528,159.511,159.516,0
2026-05-27 20:10:00+00:00,159.514,159.518,159.501,159.503,0
2026-05-27 20:11:00+00:00,159.506,159.522,159.506,159.522,0
2026-05-27 20:12:00+00:00,159.523,159.523,159.522,159.522,0
2026-05-27 20:13:00+00:00,159.522,159.522,159.521,159.521,0
2026-05-27 20:14:00+00:00,159.521,159.521,159.512,159.514,0
2026-05-27 20:15:00+00:00,159.514,159.524,159.513,159.522,0
2026-05-27 20:16:00+00:00,159.523,159.524,159.521,159.522,0
2026-05-27 20:17:00+00:00,159.522,159.522,159.52,159.521,0
2026-05-27 20:18:00+00:00,159.521,159.521,159.521,159.521,0
2026-05-27 20:19:00+00:00,159.522,159.534,159.522,159.533,0
2026-05-27 20:20:00+00:00,159.532,159.534,159.532,159.534,0
2026-05-27 20:21:00+00:00,159.534,159.535,159.533,159.535,0
2026-05-27 20:22:00+00:00,159.534,159.535,159.534,159.535,0
2026-05-27 20:23:00+00:00,159.535,159.535,159.534,159.534,0
2026-05-27 20:24:00+00:00,159.534,159.534,159.534,159.534,0
2026-05-27 20:25:00+00:00,159.533,159.534,159.533,159.534,0
2026-05-27 20:26:00+00:00,159.533,159.533,159.521,159.522,0
2026-05-27 20:27:00+00:00,159.522,159.525,159.521,159.525,0
2026-05-27 20:28:00+00:00,159.531,159.534,159.531,159.534,0
2026-05-27 20:29:00+00:00,159.534,159.534,159.522,159.523,0
2026-05-27 20:30:00+00:00,159.523,159.533,159.523,159.532,0
2026-05-27 20:31:00+00:00,159.532,159.533,159.521,159.521,0
2026-05-27 20:32:00+00:00,159.521,159.53,159.521,159.53,0
2026-05-27 20:33:00+00:00,159.529,159.53,159.524,159.528,0
2026-05-27 20:34:00+00:00,159.527,159.529,159.527,159.529,0
2026-05-27 20:35:00+00:00,159.528,159.53,159.528,159.529,0
2026-05-27 20:36:00+00:00,159.53,159.53,159.526,159.527,0
2026-05-27 20:37:00+00:00,159.526,159.53,159.52,159.522,0
2026-05-27 20:38:00+00:00,159.521,159.523,159.519,159.521,0
2026-05-27 20:39:00+00:00,159.521,159.526,159.521,159.524,0
2026-05-27 20:40:00+00:00,159.524,159.527,159.518,159.518,0
2026-05-27 20:41:00+00:00,159.518,159.521,159.518,159.52,0
2026-05-27 20:42:00+00:00,159.521,159.533,159.521,159.532,0
2026-05-27 20:43:00+00:00,159.533,159.533,159.521,159.521,0
2026-05-27 20:44:00+00:00,159.522,159.523,159.52,159.523,0
2026-05-27 20:45:00+00:00,159.524,159.532,159.522,159.53,0
2026-05-27 20:46:00+00:00,159.53,159.53,159.53,159.53,0
2026-05-27 20:47:00+00:00,159.53,159.532,159.53,159.532,0
2026-05-27 20:48:00+00:00,159.53,159.535,159.53,159.533,0
2026-05-27 20:49:00+00:00,159.534,159.535,159.533,159.535,0
2026-05-27 20:50:00+00:00,159.533,159.537,159.533,159.536,0
2026-05-27 20:51:00+00:00,159.536,159.536,159.525,159.532,0
2026-05-27 20:52:00+00:00,159.533,159.533,159.532,159.533,0
2026-05-27 20:53:00+00:00,159.533,159.533,159.527,159.533,0
2026-05-27 20:54:00+00:00,159.531,159.533,159.529,159.531,0
2026-05-27 20:55:00+00:00,159.528,159.529,159.524,159.526,0
2026-05-27 20:56:00+00:00,159.522,159.522,159.517,159.517,0
2026-05-27 20:57:00+00:00,159.516,159.517,159.512,159.515,0
2026-05-27 20:58:00+00:00,159.524,159.524,159.511,159.512,0
2026-05-27 20:59:00+00:00,159.513,159.513,159.507,159.513,0
2026-05-27 21:00:00+00:00,159.503,159.503,159.471,159.471,0
2026-05-27 21:01:00+00:00,159.417,159.423,159.417,159.423,0
2026-05-27 21:02:00+00:00,159.423,159.423,159.423,159.423,0
2026-05-27 21:03:00+00:00,159.423,159.423,159.423,159.423,0
2026-05-27 21:04:00+00:00,159.424,159.424,159.424,159.424,0
2026-05-27 21:05:00+00:00,159.419,159.422,159.419,159.421,0
2026-05-27 21:06:00+00:00,159.426,159.433,159.421,159.421,0
2026-05-27 21:07:00+00:00,159.433,159.433,159.421,159.428,0
2026-05-27 21:08:00+00:00,159.429,159.429,159.427,159.427,0
2026-05-27 21:09:00+00:00,159.428,159.428,159.423,159.423,0
2026-05-27 21:10:00+00:00,159.428,159.457,159.428,159.435,0
2026-05-27 21:11:00+00:00,159.434,159.434,159.432,159.432,0
2026-05-27 21:12:00+00:00,159.432,159.432,159.432,159.432,0
2026-05-27 21:13:00+00:00,159.42,159.439,159.42,159.439,0
2026-05-27 21:14:00+00:00,159.436,159.439,159.436,159.436,0
2026-05-27 21:15:00+00:00,159.459,159.459,159.459,159.459,0
2026-05-27 21:16:00+00:00,159.445,159.445,159.422,159.422,0
2026-05-27 21:17:00+00:00,159.422,159.422,159.422,159.422,0
2026-05-27 21:18:00+00:00,159.45,159.45,159.45,159.45,0
2026-05-27 21:19:00+00:00,159.421,159.421,159.421,159.421,0
2026-05-27 21:20:00+00:00,159.441,159.453,159.441,159.445,0
2026-05-27 21:21:00+00:00,159.442,159.445,159.442,159.445,0
2026-05-27 21:22:00+00:00,159.426,159.452,159.426,159.452,0
2026-05-27 21:23:00+00:00,159.434,159.434,159.432,159.432,0
2026-05-27 21:24:00+00:00,159.452,159.452,159.445,159.445,0
2026-05-27 21:25:00+00:00,159.452,159.459,159.446,159.452,0
2026-05-27 21:26:00+00:00,159.452,159.459,159.445,159.459,0
2026-05-27 21:27:00+00:00,159.445,159.445,159.445,159.445,0
2026-05-27 21:28:00+00:00,159.445,159.459,159.445,159.459,0
2026-05-27 21:29:00+00:00,159.459,159.459,159.444,159.444,0
2026-05-27 21:30:00+00:00,159.458,159.458,159.444,159.455,0
2026-05-27 21:31:00+00:00,159.455,159.455,159.454,159.455,0
2026-05-27 21:32:00+00:00,159.454,159.455,159.454,159.455,0
2026-05-27 21:33:00+00:00,159.446,159.455,159.446,159.455,0
2026-05-27 21:34:00+00:00,159.455,159.455,159.448,159.448,0
2026-05-27 21:35:00+00:00,159.447,159.451,159.439,159.441,0
2026-05-27 21:36:00+00:00,159.438,159.44,159.438,159.439,0
2026-05-27 21:37:00+00:00,159.438,159.439,159.438,159.439,0
2026-05-27 21:38:00+00:00,159.439,159.443,159.438,159.443,0
2026-05-27 21:39:00+00:00,159.441,159.456,159.441,159.441,0
2026-05-27 21:40:00+00:00,159.441,159.441,159.438,159.438,0
2026-05-27 21:41:00+00:00,159.438,159.441,159.438,159.441,0
2026-05-27 21:42:00+00:00,159.441,159.441,159.439,159.439,0
2026-05-27 21:43:00+00:00,159.438,159.438,159.438,159.438,0
2026-05-27 21:44:00+00:00,159.441,159.441,159.441,159.441,0
2026-05-27 21:45:00+00:00,159.441,159.441,159.441,159.441,0
2026-05-27 21:46:00+00:00,159.44,159.44,159.424,159.424,0
2026-05-27 21:47:00+00:00,159.439,159.439,159.439,159.439,0
2026-05-27 21:48:00+00:00,159.447,159.447,159.447,159.447,0
2026-05-27 21:49:00+00:00,159.448,159.448,159.447,159.447,0
2026-05-27 21:50:00+00:00,159.447,159.447,159.447,159.447,0
2026-05-27 21:51:00+00:00,159.447,159.447,159.444,159.445,0
2026-05-27 21:52:00+00:00,159.445,159.445,159.435,159.435,0
2026-05-27 21:53:00+00:00,159.436,159.437,159.435,159.437,0
2026-05-27 21:54:00+00:00,159.436,159.452,159.436,159.451,0
2026-05-27 21:55:00+00:00,159.445,159.451,159.444,159.446,0
2026-05-27 21:56:00+00:00,159.444,159.448,159.444,159.444,0
2026-05-27 21:57:00+00:00,159.442,159.449,159.441,159.449,0
2026-05-27 21:58:00+00:00,159.449,159.449,159.448,159.448,0
2026-05-27 21:59:00+00:00,159.449,159.47,159.449,159.467,0
2026-05-27 22:00:00+00:00,159.464,159.498,159.462,159.486,0
2026-05-27 22:01:00+00:00,159.489,159.503,159.477,159.492,0
2026-05-27 22:02:00+00:00,159.492,159.492,159.487,159.489,0
2026-05-27 22:03:00+00:00,159.489,159.493,159.489,159.489,0
2026-05-27 22:04:00+00:00,159.49,159.491,159.488,159.488,0
2026-05-27 22:05:00+00:00,159.489,159.492,159.484,159.485,0
2026-05-27 22:06:00+00:00,159.485,159.5,159.474,159.491,0
2026-05-27 22:07:00+00:00,159.489,159.489,159.487,159.487,0
2026-05-27 22:08:00+00:00,159.487,159.487,159.487,159.487,0
2026-05-27 22:09:00+00:00,159.49,159.49,159.488,159.488,0
2026-05-27 22:10:00+00:00,159.491,159.508,159.49,159.507,0
2026-05-27 22:11:00+00:00,159.506,159.507,159.503,159.503,0
2026-05-27 22:12:00+00:00,159.504,159.505,159.489,159.489,0
2026-05-27 22:13:00+00:00,159.49,159.49,159.489,159.489,0
2026-05-27 22:14:00+00:00,159.487,159.488,159.487,159.488,0
2026-05-27 22:15:00+00:00,159.489,159.49,159.477,159.477,0
2026-05-27 22:16:00+00:00,159.486,159.489,159.486,159.489,0
2026-05-27 22:17:00+00:00,159.489,159.491,159.489,159.491,0
2026-05-27 22:18:00+00:00,159.491,159.491,159.49,159.49,0
2026-05-27 22:19:00+00:00,159.491,159.492,159.491,159.492,0
2026-05-27 22:20:00+00:00,159.492,159.492,159.474,159.477,0
2026-05-27 22:21:00+00:00,159.477,159.478,159.477,159.478,0
2026-05-27 22:22:00+00:00,159.478,159.479,159.47,159.47,0
2026-05-27 22:23:00+00:00,159.475,159.478,159.472,159.477,0
2026-05-27 22:24:00+00:00,159.478,159.478,159.477,159.477,0
2026-05-27 22:25:00+00:00,159.477,159.478,159.475,159.478,0
2026-05-27 22:26:00+00:00,159.478,159.479,159.478,159.478,0
2026-05-27 22:27:00+00:00,159.479,159.479,159.479,159.479,0
2026-05-27 22:28:00+00:00,159.478,159.488,159.478,159.488,0
2026-05-27 22:29:00+00:00,159.488,159.491,159.488,159.49,0
2026-05-27 22:30:00+00:00,159.491,159.495,159.491,159.495,0
2026-05-27 22:31:00+00:00,159.494,159.494,159.49,159.491,0
2026-05-27 22:32:00+00:00,159.491,159.493,159.491,159.491,0
2026-05-27 22:33:00+00:00,159.492,159.504,159.492,159.504,0
2026-05-27 22:34:00+00:00,159.504,159.504,159.504,159.504,0
2026-05-27 22:35:00+00:00,159.503,159.503,159.489,159.494,0
2026-05-27 22:36:00+00:00,159.503,159.505,159.503,159.505,0
2026-05-27 22:37:00+00:00,159.508,159.508,159.499,159.499,0
2026-05-27 22:38:00+00:00,159.501,159.504,159.501,159.503,0
2026-05-27 22:39:00+00:00,159.504,159.504,159.49,159.49,0
2026-05-27 22:40:00+00:00,159.491,159.491,159.48,159.49,0
2026-05-27 22:41:00+00:00,159.491,159.491,159.491,159.491,0
2026-05-27 22:42:00+00:00,159.492,159.498,159.492,159.494,0
2026-05-27 22:43:00+00:00,159.5,159.501,159.492,159.492,0
2026-05-27 22:44:00+00:00,159.493,159.501,159.493,159.501,0
2026-05-27 22:45:00+00:00,159.502,159.504,159.501,159.504,0
2026-05-27 22:46:00+00:00,159.503,159.503,159.503,159.503,0
2026-05-27 22:47:00+00:00,159.506,159.506,159.504,159.504,0
2026-05-27 22:48:00+00:00,159.504,159.504,159.502,159.502,0
2026-05-27 22:49:00+00:00,159.501,159.504,159.5,159.504,0
2026-05-27 22:50:00+00:00,159.504,159.504,159.504,159.504,0
2026-05-27 22:51:00+00:00,159.508,159.515,159.503,159.504,0
2026-05-27 22:52:00+00:00,159.505,159.505,159.505,159.505,0
2026-05-27 22:53:00+00:00,159.509,159.51,159.505,159.51,0
2026-05-27 22:54:00+00:00,159.509,159.509,159.509,159.509,0
2026-05-27 22:55:00+00:00,159.508,159.51,159.508,159.51,0
2026-05-27 22:56:00+00:00,159.509,159.509,159.509,159.509,0
2026-05-27 22:57:00+00:00,159.511,159.512,159.511,159.511,0
2026-05-27 22:58:00+00:00,159.508,159.508,159.503,159.504,0
2026-05-27 22:59:00+00:00,159.502,159.503,159.499,159.5,0
2026-05-27 23:00:00+00:00,159.503,159.505,159.502,159.502,0
2026-05-27 23:01:00+00:00,159.503,159.503,159.503,159.503,0
2026-05-27 23:02:00+00:00,159.503,159.504,159.502,159.502,0
2026-05-27 23:03:00+00:00,159.502,159.504,159.502,159.504,0
2026-05-27 23:04:00+00:00,159.502,159.504,159.502,159.503,0
2026-05-27 23:05:00+00:00,159.504,159.504,159.504,159.504,0
2026-05-27 23:06:00+00:00,159.506,159.509,159.506,159.509,0
2026-05-27 23:07:00+00:00,159.51,159.51,159.506,159.506,0
2026-05-27 23:08:00+00:00,159.505,159.505,159.505,159.505,0
2026-05-27 23:09:00+00:00,159.505,159.505,159.505,159.505,0
2026-05-27 23:10:00+00:00,159.504,159.504,159.504,159.504,0
2026-05-27 23:11:00+00:00,159.505,159.505,159.502,159.502,0
2026-05-27 23:12:00+00:00,159.501,159.501,159.501,159.501,0
2026-05-27 23:13:00+00:00,159.499,159.504,159.493,159.504,0
2026-05-27 23:14:00+00:00,159.505,159.505,159.505,159.505,0
2026-05-27 23:15:00+00:00,159.507,159.507,159.505,159.505,0
2026-05-27 23:16:00+00:00,159.506,159.512,159.5,159.504,0
2026-05-27 23:17:00+00:00,159.505,159.505,159.493,159.493,0
2026-05-27 23:18:00+00:00,159.495,159.502,159.495,159.502,0
2026-05-27 23:19:00+00:00,159.503,159.504,159.502,159.502,0
2026-05-27 23:20:00+00:00,159.505,159.51,159.505,159.51,0
2026-05-27 23:21:00+00:00,159.511,159.539,159.511,159.524,0
2026-05-27 23:22:00+00:00,159.526,159.545,159.524,159.541,0
2026-05-27 23:23:00+00:00,159.538,159.54,159.533,159.54,0
2026-05-27 23:24:00+00:00,159.542,159.542,159.528,159.538,0
2026-05-27 23:25:00+00:00,159.539,159.54,159.534,159.534,0
2026-05-27 23:26:00+00:00,159.535,159.543,159.535,159.543,0
2026-05-27 23:27:00+00:00,159.541,159.545,159.54,159.542,0
2026-05-27 23:28:00+00:00,159.543,159.545,159.538,159.54,0
2026-05-27 23:29:00+00:00,159.539,159.545,159.539,159.541,0
2026-05-27 23:30:00+00:00,159.546,159.553,159.538,159.545,0
2026-05-27 23:31:00+00:00,159.545,159.546,159.54,159.54,0
2026-05-27 23:32:00+00:00,159.54,159.54,159.536,159.536,0
2026-05-27 23:33:00+00:00,159.537,159.538,159.529,159.53,0
2026-05-27 23:34:00+00:00,159.528,159.528,159.521,159.523,0
2026-05-27 23:35:00+00:00,159.523,159.54,159.523,159.539,0
2026-05-27 23:36:00+00:00,159.538,159.544,159.538,159.542,0
2026-05-27 23:37:00+00:00,159.544,159.544,159.542,159.542,0
2026-05-27 23:38:00+00:00,159.54,159.54,159.54,159.54,0
2026-05-27 23:39:00+00:00,159.539,159.54,159.537,159.54,0
2026-05-27 23:40:00+00:00,159.544,159.547,159.544,159.547,0
2026-05-27 23:41:00+00:00,159.546,159.549,159.543,159.545,0
2026-05-27 23:42:00+00:00,159.547,159.547,159.544,159.544,0
2026-05-27 23:43:00+00:00,159.543,159.557,159.543,159.556,0
2026-05-27 23:44:00+00:00,159.555,159.555,159.544,159.544,0
2026-05-27 23:45:00+00:00,159.546,159.546,159.543,159.543,0
2026-05-27 23:46:00+00:00,159.543,159.55,159.541,159.55,0
2026-05-27 23:47:00+00:00,159.55,159.551,159.547,159.549,0
2026-05-27 23:48:00+00:00,159.549,159.552,159.548,159.551,0
2026-05-27 23:49:00+00:00,159.552,159.552,159.551,159.552,0
2026-05-27 23:50:00+00:00,159.55,159.563,159.55,159.558,0
2026-05-27 23:51:00+00:00,159.559,159.571,159.559,159.562,0
2026-05-27 23:52:00+00:00,159.564,159.576,159.564,159.572,0
2026-05-27 23:53:00+00:00,159.572,159.573,159.57,159.572,0
2026-05-27 23:54:00+00:00,159.57,159.57,159.561,159.564,0
2026-05-27 23:55:00+00:00,159.566,159.568,159.563,159.564,0
2026-05-27 23:56:00+00:00,159.563,159.565,159.557,159.557,0
2026-05-27 23:57:00+00:00,159.563,159.568,159.559,159.566,0
2026-05-27 23:58:00+00:00,159.568,159.569,159.567,159.569,0
2026-05-27 23:59:00+00:00,159.569,159.569,159.569,159.569,0
2026-05-28 00:00:00+00:00,159.572,159.579,159.567,159.576,0
2026-05-28 00:01:00+00:00,159.574,159.581,159.572,159.576,0
2026-05-28 00:02:00+00:00,159.578,159.579,159.567,159.572,0
2026-05-28 00:03:00+00:00,159.571,159.58,159.565,159.569,0
2026-05-28 00:04:00+00:00,159.569,159.576,159.569,159.572,0
2026-05-28 00:05:00+00:00,159.57,159.571,159.563,159.563,0
2026-05-28 00:06:00+00:00,159.565,159.574,159.565,159.566,0
2026-05-28 00:07:00+00:00,159.565,159.569,159.56,159.565,0
2026-05-28 00:08:00+00:00,159.567,159.567,159.554,159.556,0
2026-05-28 00:09:00+00:00,159.557,159.557,159.551,159.551,0
2026-05-28 00:10:00+00:00,159.553,159.557,159.55,159.554,0
2026-05-28 00:11:00+00:00,159.554,159.565,159.554,159.565,0
2026-05-28 00:12:00+00:00,159.566,159.566,159.559,159.563,0
2026-05-28 00:13:00+00:00,159.563,159.571,159.563,159.565,0
2026-05-28 00:14:00+00:00,159.56,159.564,159.556,159.564,0
2026-05-28 00:15:00+00:00,159.564,159.573,159.563,159.566,0
2026-05-28 00:16:00+00:00,159.567,159.568,159.567,159.568,0
2026-05-28 00:17:00+00:00,159.568,159.568,159.562,159.564,0
2026-05-28 00:18:00+00:00,159.565,159.567,159.557,159.56,0
2026-05-28 00:19:00+00:00,159.559,159.568,159.556,159.567,0
2026-05-28 00:20:00+00:00,159.566,159.568,159.552,159.552,0
2026-05-28 00:21:00+00:00,159.553,159.553,159.544,159.544,0
2026-05-28 00:22:00+00:00,159.543,159.55,159.543,159.55,0
2026-05-28 00:23:00+00:00,159.548,159.55,159.544,159.547,0
2026-05-28 00:24:00+00:00,159.547,159.563,159.543,159.555,0
2026-05-28 00:25:00+00:00,159.555,159.564,159.554,159.556,0
2026-05-28 00:26:00+00:00,159.559,159.562,159.554,159.554,0
2026-05-28 00:27:00+00:00,159.555,159.558,159.55,159.551,0
2026-05-28 00:28:00+00:00,159.552,159.555,159.548,159.55,0
2026-05-28 00:29:00+00:00,159.55,159.55,159.547,159.547,0
2026-05-28 00:30:00+00:00,159.547,159.56,159.547,159.559,0
2026-05-28 00:31:00+00:00,159.559,159.567,159.559,159.563,0
2026-05-28 00:32:00+00:00,159.561,159.57,159.559,159.561,0
2026-05-28 00:33:00+00:00,159.561,159.563,159.557,159.56,0
2026-05-28 00:34:00+00:00,159.561,159.567,159.554,159.566,0
2026-05-28 00:35:00+00:00,159.566,159.566,159.558,159.564,0
2026-05-28 00:36:00+00:00,159.565,159.574,159.562,159.574,0
2026-05-28 00:37:00+00:00,159.575,159.575,159.567,159.574,0
2026-05-28 00:38:00+00:00,159.573,159.577,159.573,159.577,0
2026-05-28 00:39:00+00:00,159.58,159.588,159.58,159.588,0
2026-05-28 00:40:00+00:00,159.586,159.587,159.579,159.586,0
2026-05-28 00:41:00+00:00,159.587,159.592,159.58,159.58,0
2026-05-28 00:42:00+00:00,159.58,159.58,159.57,159.57,0
2026-05-28 00:43:00+00:00,159.571,159.572,159.564,159.568,0
2026-05-28 00:44:00+00:00,159.565,159.575,159.563,159.575,0
2026-05-28 00:45:00+00:00,159.574,159.588,159.571,159.587,0
2026-05-28 00:46:00+00:00,159.584,159.587,159.579,159.579,0
2026-05-28 00:47:00+00:00,159.577,159.581,159.576,159.577,0
2026-05-28 00:48:00+00:00,159.578,159.589,159.576,159.589,0
2026-05-28 00:49:00+00:00,159.59,159.592,159.588,159.588,0
2026-05-28 00:50:00+00:00,159.591,159.599,159.588,159.593,0
2026-05-28 00:51:00+00:00,159.592,159.595,159.59,159.594,0
2026-05-28 00:52:00+00:00,159.593,159.598,159.583,159.583,0
2026-05-28 00:53:00+00:00,159.583,159.586,159.565,159.577,0
2026-05-28 00:54:00+00:00,159.577,159.592,159.575,159.588,0
2026-05-28 00:55:00+00:00,159.589,159.589,159.565,159.566,0
2026-05-28 00:56:00+00:00,159.567,159.582,159.566,159.577,0
2026-05-28 00:57:00+00:00,159.579,159.579,159.564,159.564,0
2026-05-28 00:58:00+00:00,159.566,159.572,159.562,159.564,0
2026-05-28 00:59:00+00:00,159.564,159.566,159.552,159.555,0
2026-05-28 01:00:00+00:00,159.558,159.565,159.553,159.565,0
2026-05-28 01:01:00+00:00,159.566,159.568,159.563,159.563,0
2026-05-28 01:02:00+00:00,159.563,159.566,159.553,159.563,0
2026-05-28 01:03:00+00:00,159.563,159.565,159.563,159.563,0
2026-05-28 01:04:00+00:00,159.563,159.576,159.56,159.575,0
2026-05-28 01:05:00+00:00,159.575,159.576,159.566,159.575,0
2026-05-28 01:06:00+00:00,159.575,159.575,159.563,159.564,0
2026-05-28 01:07:00+00:00,159.563,159.567,159.562,159.566,0
2026-05-28 01:08:00+00:00,159.563,159.563,159.554,159.56,0
2026-05-28 01:09:00+00:00,159.558,159.567,159.558,159.562,0
2026-05-28 01:10:00+00:00,159.562,159.562,159.551,159.552,0
2026-05-28 01:11:00+00:00,159.553,159.562,159.545,159.548,0
2026-05-28 01:12:00+00:00,159.546,159.55,159.541,159.541,0
2026-05-28 01:13:00+00:00,159.541,159.547,159.538,159.538,0
2026-05-28 01:14:00+00:00,159.539,159.549,159.539,159.548,0
2026-05-28 01:15:00+00:00,159.547,159.554,159.547,159.551,0
2026-05-28 01:16:00+00:00,159.55,159.55,159.537,159.541,0
2026-05-28 01:17:00+00:00,159.539,159.545,159.539,159.545,0
2026-05-28 01:18:00+00:00,159.544,159.551,159.541,159.544,0
2026-05-28 01:19:00+00:00,159.542,159.546,159.539,159.54,0
2026-05-28 01:20:00+00:00,159.54,159.549,159.539,159.549,0
2026-05-28 01:21:00+00:00,159.546,159.549,159.541,159.543,0
2026-05-28 01:22:00+00:00,159.541,159.549,159.541,159.549,0
2026-05-28 01:23:00+00:00,159.547,159.547,159.54,159.543,0
2026-05-28 01:24:00+00:00,159.544,159.546,159.54,159.541,0
2026-05-28 01:25:00+00:00,159.547,159.55,159.547,159.55,0
2026-05-28 01:26:00+00:00,159.549,159.551,159.545,159.548,0
2026-05-28 01:27:00+00:00,159.55,159.556,159.549,159.551,0
2026-05-28 01:28:00+00:00,159.552,159.552,159.549,159.55,0
2026-05-28 01:29:00+00:00,159.55,159.551,159.55,159.551,0
2026-05-28 01:30:00+00:00,159.55,159.551,159.55,159.551,0
2026-05-28 01:31:00+00:00,159.551,159.551,159.537,159.542,0
2026-05-28 01:32:00+00:00,159.547,159.559,159.547,159.558,0
2026-05-28 01:33:00+00:00,159.558,159.561,159.552,159.557,0
2026-05-28 01:34:00+00:00,159.56,159.563,159.557,159.562,0
2026-05-28 01:35:00+00:00,159.563,159.565,159.563,159.563,0
2026-05-28 01:36:00+00:00,159.565,159.566,159.564,159.565,0
2026-05-28 01:37:00+00:00,159.566,159.566,159.563,159.563,0
2026-05-28 01:38:00+00:00,159.563,159.564,159.563,159.563,0
2026-05-28 01:39:00+00:00,159.562,159.563,159.559,159.559,0
2026-05-28 01:40:00+00:00,159.56,159.566,159.56,159.566,0
2026-05-28 01:41:00+00:00,159.565,159.572,159.563,159.571,0
2026-05-28 01:42:00+00:00,159.571,159.574,159.566,159.572,0
2026-05-28 01:43:00+00:00,159.573,159.577,159.573,159.576,0
2026-05-28 01:44:00+00:00,159.574,159.575,159.573,159.574,0
2026-05-28 01:45:00+00:00,159.575,159.588,159.572,159.588,0
2026-05-28 01:46:00+00:00,159.587,159.587,159.577,159.581,0
2026-05-28 01:47:00+00:00,159.582,159.587,159.579,159.583,0
2026-05-28 01:48:00+00:00,159.582,159.585,159.578,159.581,0
2026-05-28 01:49:00+00:00,159.579,159.58,159.575,159.575,0
2026-05-28 01:50:00+00:00,159.577,159.579,159.573,159.578,0
2026-05-28 01:51:00+00:00,159.575,159.577,159.574,159.574,0
2026-05-28 01:52:00+00:00,159.574,159.576,159.572,159.572,0
2026-05-28 01:53:00+00:00,159.575,159.586,159.574,159.577,0
2026-05-28 01:54:00+00:00,159.577,159.586,159.574,159.578,0
2026-05-28 01:55:00+00:00,159.579,159.586,159.576,159.585,0
2026-05-28 01:56:00+00:00,159.586,159.59,159.585,159.587,0
2026-05-28 01:57:00+00:00,159.588,159.589,159.585,159.585,0
2026-05-28 01:58:00+00:00,159.585,159.586,159.585,159.586,0
2026-05-28 01:59:00+00:00,159.586,159.59,159.586,159.587,0
2026-05-28 02:00:00+00:00,159.585,159.585,159.576,159.577,0
2026-05-28 02:01:00+00:00,159.577,159.591,159.577,159.588,0
2026-05-28 02:02:00+00:00,159.589,159.6,159.589,159.59,0
2026-05-28 02:03:00+00:00,159.588,159.6,159.587,159.599,0
2026-05-28 02:04:00+00:00,159.596,159.599,159.591,159.599,0
2026-05-28 02:05:00+00:00,159.601,159.601,159.593,159.593,0
2026-05-28 02:06:00+00:00,159.595,159.595,159.589,159.595,0
2026-05-28 02:07:00+00:00,159.594,159.6,159.593,159.599,0
2026-05-28 02:08:00+00:00,159.598,159.598,159.592,159.592,0
2026-05-28 02:09:00+00:00,159.591,159.591,159.59,159.59,0
2026-05-28 02:10:00+00:00,159.59,159.59,159.576,159.576,0
2026-05-28 02:11:00+00:00,159.58,159.586,159.579,159.579,0
2026-05-28 02:12:00+00:00,159.581,159.581,159.576,159.578,0
2026-05-28 02:13:00+00:00,159.576,159.578,159.575,159.577,0
2026-05-28 02:14:00+00:00,159.578,159.578,159.569,159.572,0
2026-05-28 02:15:00+00:00,159.573,159.573,159.564,159.564,0
2026-05-28 02:16:00+00:00,159.565,159.57,159.565,159.566,0
2026-05-28 02:17:00+00:00,159.566,159.566,159.565,159.565,0
2026-05-28 02:18:00+00:00,159.564,159.564,159.553,159.553,0
2026-05-28 02:19:00+00:00,159.554,159.554,159.553,159.553,0
2026-05-28 02:20:00+00:00,159.552,159.552,159.541,159.542,0
2026-05-28 02:21:00+00:00,159.542,159.55,159.542,159.548,0
2026-05-28 02:22:00+00:00,159.548,159.548,159.538,159.539,0
2026-05-28 02:23:00+00:00,159.539,159.539,159.528,159.534,0
2026-05-28 02:24:00+00:00,159.535,159.537,159.535,159.535,0
2026-05-28 02:25:00+00:00,159.534,159.535,159.533,159.534,0
2026-05-28 02:26:00+00:00,159.533,159.537,159.533,159.537,0
2026-05-28 02:27:00+00:00,159.536,159.537,159.536,159.537,0
2026-05-28 02:28:00+00:00,159.537,159.537,159.537,159.537,0
2026-05-28 02:29:00+00:00,159.537,159.537,159.537,159.537,0
2026-05-28 02:30:00+00:00,159.536,159.537,159.526,159.532,0
2026-05-28 02:31:00+00:00,159.531,159.531,159.529,159.529,0
2026-05-28 02:32:00+00:00,159.528,159.529,159.528,159.528,0
2026-05-28 02:33:00+00:00,159.529,159.529,159.528,159.528,0
2026-05-28 02:34:00+00:00,159.526,159.528,159.524,159.528,0
2026-05-28 02:35:00+00:00,159.527,159.529,159.524,159.529,0
2026-05-28 02:36:00+00:00,159.53,159.539,159.529,159.537,0
2026-05-28 02:37:00+00:00,159.539,159.546,159.539,159.545,0
2026-05-28 02:38:00+00:00,159.546,159.553,159.545,159.552,0
2026-05-28 02:39:00+00:00,159.553,159.553,159.535,159.537,0
2026-05-28 02:40:00+00:00,159.538,159.542,159.538,159.542,0
2026-05-28 02:41:00+00:00,159.543,159.556,159.543,159.556,0
2026-05-28 02:42:00+00:00,159.555,159.56,159.555,159.558,0
2026-05-28 02:43:00+00:00,159.56,159.56,159.548,159.554,0
2026-05-28 02:44:00+00:00,159.552,159.553,159.552,159.553,0
2026-05-28 02:45:00+00:00,159.554,159.563,159.553,159.562,0
2026-05-28 02:46:00+00:00,159.56,159.562,159.558,159.56,0
2026-05-28 02:47:00+00:00,159.563,159.565,159.555,159.563,0
2026-05-28 02:48:00+00:00,159.563,159.565,159.56,159.562,0
2026-05-28 02:49:00+00:00,159.563,159.565,159.561,159.563,0
2026-05-28 02:50:00+00:00,159.562,159.57,159.561,159.57,0
2026-05-28 02:51:00+00:00,159.571,159.572,159.568,159.569,0
2026-05-28 02:52:00+00:00,159.568,159.58,159.566,159.576,0
2026-05-28 02:53:00+00:00,159.575,159.578,159.573,159.573,0
2026-05-28 02:54:00+00:00,159.574,159.576,159.574,159.574,0
2026-05-28 02:55:00+00:00,159.572,159.572,159.567,159.568,0
2026-05-28 02:56:00+00:00,159.568,159.57,159.568,159.568,0
2026-05-28 02:57:00+00:00,159.57,159.57,159.566,159.567,0
2026-05-28 02:58:00+00:00,159.565,159.565,159.556,159.559,0
2026-05-28 02:59:00+00:00,159.561,159.567,159.558,159.558,0
2026-05-28 03:00:00+00:00,159.557,159.559,159.551,159.553,0
2026-05-28 03:01:00+00:00,159.551,159.557,159.551,159.554,0
2026-05-28 03:02:00+00:00,159.554,159.554,159.549,159.549,0
2026-05-28 03:03:00+00:00,159.549,159.55,159.543,159.543,0
2026-05-28 03:04:00+00:00,159.544,159.544,159.54,159.542,0
2026-05-28 03:05:00+00:00,159.54,159.552,159.54,159.544,0
2026-05-28 03:06:00+00:00,159.543,159.547,159.54,159.542,0
2026-05-28 03:07:00+00:00,159.543,159.543,159.539,159.539,0
2026-05-28 03:08:00+00:00,159.539,159.55,159.537,159.549,0
2026-05-28 03:09:00+00:00,159.548,159.55,159.545,159.545,0
2026-05-28 03:10:00+00:00,159.544,159.559,159.544,159.557,0
2026-05-28 03:11:00+00:00,159.555,159.57,159.554,159.563,0
2026-05-28 03:12:00+00:00,159.563,159.566,159.555,159.566,0
2026-05-28 03:13:00+00:00,159.566,159.57,159.561,159.562,0
2026-05-28 03:14:00+00:00,159.562,159.568,159.562,159.566,0
2026-05-28 03:15:00+00:00,159.566,159.576,159.565,159.576,0
2026-05-28 03:16:00+00:00,159.575,159.578,159.571,159.571,0
2026-05-28 03:17:00+00:00,159.573,159.583,159.573,159.583,0
2026-05-28 03:18:00+00:00,159.582,159.582,159.572,159.578,0
2026-05-28 03:19:00+00:00,159.579,159.585,159.575,159.577,0
2026-05-28 03:20:00+00:00,159.576,159.584,159.575,159.58,0
2026-05-28 03:21:00+00:00,159.579,159.58,159.576,159.58,0
2026-05-28 03:22:00+00:00,159.581,159.586,159.581,159.585,0
2026-05-28 03:23:00+00:00,159.587,159.587,159.578,159.582,0
2026-05-28 03:24:00+00:00,159.582,159.582,159.576,159.578,0
2026-05-28 03:25:00+00:00,159.579,159.583,159.577,159.578,0
2026-05-28 03:26:00+00:00,159.58,159.58,159.578,159.578,0
2026-05-28 03:27:00+00:00,159.578,159.578,159.572,159.576,0
2026-05-28 03:28:00+00:00,159.578,159.58,159.575,159.579,0
2026-05-28 03:29:00+00:00,159.58,159.586,159.58,159.584,0
2026-05-28 03:30:00+00:00,159.584,159.591,159.583,159.589,0
2026-05-28 03:31:00+00:00,159.588,159.59,159.588,159.59,0
2026-05-28 03:32:00+00:00,159.589,159.599,159.587,159.589,0
2026-05-28 03:33:00+00:00,159.588,159.593,159.588,159.593,0
2026-05-28 03:34:00+00:00,159.595,159.603,159.59,159.6,0
2026-05-28 03:35:00+00:00,159.601,159.619,159.596,159.609,0
2026-05-28 03:36:00+00:00,159.61,159.63,159.61,159.619,0
2026-05-28 03:37:00+00:00,159.618,159.626,159.618,159.619,0
2026-05-28 03:38:00+00:00,159.619,159.625,159.616,159.619,0
2026-05-28 03:39:00+00:00,159.617,159.619,159.614,159.616,0
2026-05-28 03:40:00+00:00,159.614,159.618,159.605,159.61,0
2026-05-28 03:41:00+00:00,159.611,159.616,159.608,159.615,0
2026-05-28 03:42:00+00:00,159.617,159.62,159.612,159.619,0
2026-05-28 03:43:00+00:00,159.619,159.62,159.615,159.615,0
2026-05-28 03:44:00+00:00,159.616,159.624,159.615,159.623,0
2026-05-28 03:45:00+00:00,159.623,159.627,159.621,159.624,0
2026-05-28 03:46:00+00:00,159.626,159.632,159.625,159.629,0
2026-05-28 03:47:00+00:00,159.629,159.645,159.625,159.64,0
2026-05-28 03:48:00+00:00,159.64,159.642,159.638,159.642,0
2026-05-28 03:49:00+00:00,159.643,159.646,159.639,159.64,0
2026-05-28 03:50:00+00:00,159.638,159.651,159.638,159.644,0
2026-05-28 03:51:00+00:00,159.643,159.646,159.64,159.642,0
2026-05-28 03:52:00+00:00,159.641,159.643,159.641,159.642,0
2026-05-28 03:53:00+00:00,159.641,159.643,159.636,159.637,0
2026-05-28 03:54:00+00:00,159.637,159.638,159.636,159.637,0
2026-05-28 03:55:00+00:00,159.637,159.641,159.636,159.64,0
2026-05-28 03:56:00+00:00,159.64,159.64,159.628,159.635,0
2026-05-28 03:57:00+00:00,159.637,159.637,159.628,159.628,0
2026-05-28 03:58:00+00:00,159.632,159.632,159.617,159.624,0
2026-05-28 03:59:00+00:00,159.624,159.625,159.614,159.616,0
2026-05-28 04:00:00+00:00,159.618,159.618,159.602,159.606,0
2026-05-28 04:01:00+00:00,159.609,159.615,159.6,159.604,0
2026-05-28 04:02:00+00:00,159.603,159.608,159.601,159.601,0
2026-05-28 04:03:00+00:00,159.6,159.605,159.6,159.601,0
2026-05-28 04:04:00+00:00,159.601,159.601,159.592,159.594,0
2026-05-28 04:05:00+00:00,159.594,159.612,159.594,159.6,0
2026-05-28 04:06:00+00:00,159.599,159.599,159.587,159.587,0
2026-05-28 04:07:00+00:00,159.587,159.587,159.575,159.575,0
2026-05-28 04:08:00+00:00,159.575,159.577,159.561,159.563,0
2026-05-28 04:09:00+00:00,159.561,159.573,159.56,159.56,0
2026-05-28 04:10:00+00:00,159.561,159.561,159.55,159.557,0
2026-05-28 04:11:00+00:00,159.557,159.562,159.54,159.545,0
2026-05-28 04:12:00+00:00,159.546,159.557,159.544,159.546,0
2026-05-28 04:13:00+00:00,159.545,159.546,159.536,159.538,0
2026-05-28 04:14:00+00:00,159.538,159.542,159.532,159.533,0
2026-05-28 04:15:00+00:00,159.531,159.536,159.524,159.528,0
2026-05-28 04:16:00+00:00,159.527,159.542,159.526,159.542,0
2026-05-28 04:17:00+00:00,159.541,159.554,159.541,159.553,0
2026-05-28 04:18:00+00:00,159.554,159.573,159.554,159.566,0
2026-05-28 04:19:00+00:00,159.567,159.574,159.564,159.567,0
2026-05-28 04:20:00+00:00,159.565,159.565,159.564,159.565,0
2026-05-28 04:21:00+00:00,159.565,159.566,159.556,159.562,0
2026-05-28 04:22:00+00:00,159.563,159.563,159.556,159.556,0
2026-05-28 04:23:00+00:00,159.559,159.564,159.557,159.564,0
2026-05-28 04:24:00+00:00,159.565,159.565,159.562,159.564,0
2026-05-28 04:25:00+00:00,159.564,159.565,159.562,159.564,0
2026-05-28 04:26:00+00:00,159.563,159.566,159.558,159.558,0
2026-05-28 04:27:00+00:00,159.556,159.557,159.551,159.552,0
2026-05-28 04:28:00+00:00,159.55,159.565,159.55,159.565,0
2026-05-28 04:29:00+00:00,159.563,159.567,159.562,159.563,0
2026-05-28 04:30:00+00:00,159.562,159.564,159.551,159.551,0
2026-05-28 04:31:00+00:00,159.552,159.552,159.539,159.539,0
2026-05-28 04:32:00+00:00,159.538,159.543,159.538,159.543,0
2026-05-28 04:33:00+00:00,159.545,159.555,159.545,159.553,0
2026-05-28 04:34:00+00:00,159.554,159.557,159.552,159.555,0
2026-05-28 04:35:00+00:00,159.557,159.558,159.556,159.557,0
2026-05-28 04:36:00+00:00,159.556,159.556,159.553,159.555,0
2026-05-28 04:37:00+00:00,159.558,159.579,159.556,159.576,0
2026-05-28 04:38:00+00:00,159.576,159.581,159.576,159.577,0
2026-05-28 04:39:00+00:00,159.578,159.579,159.577,159.577,0
2026-05-28 04:40:00+00:00,159.575,159.577,159.575,159.575,0
2026-05-28 04:41:00+00:00,159.576,159.581,159.576,159.581,0
2026-05-28 04:42:00+00:00,159.582,159.588,159.58,159.58,0
2026-05-28 04:43:00+00:00,159.581,159.582,159.576,159.576,0
2026-05-28 04:44:00+00:00,159.576,159.582,159.575,159.578,0
2026-05-28 04:45:00+00:00,159.578,159.581,159.576,159.58,0
2026-05-28 04:46:00+00:00,159.58,159.591,159.579,159.591,0
2026-05-28 04:47:00+00:00,159.591,159.592,159.591,159.591,0
2026-05-28 04:48:00+00:00,159.59,159.59,159.588,159.589,0
2026-05-28 04:49:00+00:00,159.589,159.589,159.586,159.587,0
2026-05-28 04:50:00+00:00,159.588,159.592,159.587,159.591,0
2026-05-28 04:51:00+00:00,159.587,159.588,159.586,159.587,0
2026-05-28 04:52:00+00:00,159.588,159.591,159.588,159.589,0
2026-05-28 04:53:00+00:00,159.592,159.592,159.589,159.59,0
2026-05-28 04:54:00+00:00,159.588,159.589,159.587,159.587,0
2026-05-28 04:55:00+00:00,159.587,159.591,159.587,159.588,0
2026-05-28 04:56:00+00:00,159.589,159.589,159.584,159.585,0
2026-05-28 04:57:00+00:00,159.586,159.586,159.578,159.581,0
2026-05-28 04:58:00+00:00,159.58,159.58,159.577,159.578,0
2026-05-28 04:59:00+00:00,159.578,159.578,159.569,159.575,0
2026-05-28 05:00:00+00:00,159.575,159.579,159.566,159.577,0
2026-05-28 05:01:00+00:00,159.578,159.578,159.566,159.575,0
2026-05-28 05:02:00+00:00,159.576,159.578,159.574,159.574,0
2026-05-28 05:03:00+00:00,159.575,159.576,159.567,159.567,0
2026-05-28 05:04:00+00:00,159.565,159.566,159.562,159.563,0
2026-05-28 05:05:00+00:00,159.565,159.569,159.563,159.567,0
2026-05-28 05:06:00+00:00,159.567,159.573,159.564,159.564,0
2026-05-28 05:07:00+00:00,159.563,159.568,159.563,159.565,0
2026-05-28 05:08:00+00:00,159.564,159.573,159.564,159.565,0
2026-05-28 05:09:00+00:00,159.567,159.567,159.557,159.562,0
2026-05-28 05:10:00+00:00,159.563,159.566,159.563,159.563,0
2026-05-28 05:11:00+00:00,159.563,159.563,159.562,159.562,0
2026-05-28 05:12:00+00:00,159.561,159.562,159.553,159.556,0
2026-05-28 05:13:00+00:00,159.553,159.557,159.548,159.552,0
2026-05-28 05:14:00+00:00,159.553,159.557,159.55,159.553,0
2026-05-28 05:15:00+00:00,159.557,159.557,159.553,159.554,0
2026-05-28 05:16:00+00:00,159.554,159.555,159.547,159.555,0
2026-05-28 05:17:00+00:00,159.553,159.553,159.55,159.551,0
2026-05-28 05:18:00+00:00,159.552,159.554,159.547,159.548,0
2026-05-28 05:19:00+00:00,159.549,159.555,159.549,159.552,0
2026-05-28 05:20:00+00:00,159.553,159.555,159.552,159.552,0
2026-05-28 05:21:00+00:00,159.551,159.564,159.551,159.563,0
2026-05-28 05:22:00+00:00,159.561,159.575,159.561,159.565,0
2026-05-28 05:23:00+00:00,159.566,159.575,159.566,159.568,0
2026-05-28 05:24:00+00:00,159.569,159.569,159.564,159.565,0
2026-05-28 05:25:00+00:00,159.564,159.565,159.558,159.56,0
2026-05-28 05:26:00+00:00,159.561,159.563,159.56,159.561,0
2026-05-28 05:27:00+00:00,159.561,159.567,159.561,159.563,0
2026-05-28 05:28:00+00:00,159.561,159.563,159.561,159.562,0
2026-05-28 05:29:00+00:00,159.561,159.571,159.56,159.564,0
2026-05-28 05:30:00+00:00,159.564,159.566,159.55,159.55,0
2026-05-28 05:31:00+00:00,159.551,159.564,159.551,159.564,0
2026-05-28 05:32:00+00:00,159.563,159.564,159.555,159.558,0
2026-05-28 05:33:00+00:00,159.557,159.558,159.552,159.555,0
2026-05-28 05:34:00+00:00,159.556,159.556,159.551,159.552,0
2026-05-28 05:35:00+00:00,159.554,159.557,159.553,159.554,0
2026-05-28 05:36:00+00:00,159.554,159.555,159.552,159.552,0
2026-05-28 05:37:00+00:00,159.553,159.561,159.552,159.557,0
2026-05-28 05:38:00+00:00,159.557,159.557,159.552,159.552,0
2026-05-28 05:39:00+00:00,159.551,159.551,159.538,159.539,0
2026-05-28 05:40:00+00:00,159.538,159.549,159.536,159.545,0
2026-05-28 05:41:00+00:00,159.545,159.545,159.54,159.541,0
2026-05-28 05:42:00+00:00,159.542,159.544,159.539,159.542,0
2026-05-28 05:43:00+00:00,159.542,159.543,159.54,159.543,0
2026-05-28 05:44:00+00:00,159.541,159.544,159.541,159.541,0
2026-05-28 05:45:00+00:00,159.54,159.54,159.531,159.532,0
2026-05-28 05:46:00+00:00,159.536,159.537,159.532,159.535,0
2026-05-28 05:47:00+00:00,159.532,159.536,159.531,159.532,0
2026-05-28 05:48:00+00:00,159.531,159.531,159.531,159.531,0
2026-05-28 05:49:00+00:00,159.531,159.542,159.531,159.542,0
2026-05-28 05:50:00+00:00,159.542,159.543,159.541,159.542,0
2026-05-28 05:51:00+00:00,159.541,159.543,159.541,159.543,0
2026-05-28 05:52:00+00:00,159.544,159.544,159.543,159.543,0
2026-05-28 05:53:00+00:00,159.544,159.55,159.543,159.546,0
2026-05-28 05:54:00+00:00,159.545,159.556,159.545,159.553,0
2026-05-28 05:55:00+00:00,159.554,159.561,159.553,159.56,0
2026-05-28 05:56:00+00:00,159.559,159.564,159.553,159.553,0
2026-05-28 05:57:00+00:00,159.554,159.556,159.553,159.556,0
2026-05-28 05:58:00+00:00,159.562,159.563,159.556,159.556,0
2026-05-28 05:59:00+00:00,159.559,159.563,159.556,159.556,0
2026-05-28 06:00:00+00:00,159.554,159.571,159.553,159.569,0
2026-05-28 06:01:00+00:00,159.568,159.569,159.566,159.568,0
2026-05-28 06:02:00+00:00,159.561,159.561,159.554,159.555,0
2026-05-28 06:03:00+00:00,159.556,159.556,159.54,159.54,0
2026-05-28 06:04:00+00:00,159.539,159.55,159.539,159.544,0
2026-05-28 06:05:00+00:00,159.542,159.545,159.531,159.543,0
2026-05-28 06:06:00+00:00,159.544,159.544,159.532,159.539,0
2026-05-28 06:07:00+00:00,159.537,159.54,159.529,159.534,0
2026-05-28 06:08:00+00:00,159.534,159.54,159.532,159.54,0
2026-05-28 06:09:00+00:00,159.539,159.542,159.534,159.541,0
2026-05-28 06:10:00+00:00,159.54,159.543,159.532,159.538,0
2026-05-28 06:11:00+00:00,159.538,159.54,159.53,159.536,0
2026-05-28 06:12:00+00:00,159.536,159.54,159.536,159.539,0
2026-05-28 06:13:00+00:00,159.54,159.54,159.53,159.531,0
2026-05-28 06:14:00+00:00,159.532,159.532,159.518,159.518,0
2026-05-28 06:15:00+00:00,159.519,159.524,159.512,159.52,0
2026-05-28 06:16:00+00:00,159.518,159.526,159.518,159.522,0
2026-05-28 06:17:00+00:00,159.523,159.532,159.523,159.525,0
2026-05-28 06:18:00+00:00,159.527,159.53,159.526,159.526,0
2026-05-28 06:19:00+00:00,159.526,159.53,159.52,159.52,0
2026-05-28 06:20:00+00:00,159.52,159.52,159.508,159.512,0
2026-05-28 06:21:00+00:00,159.514,159.521,159.514,159.519,0
2026-05-28 06:22:00+00:00,159.519,159.519,159.512,159.518,0
2026-05-28 06:23:00+00:00,159.518,159.518,159.515,159.518,0
2026-05-28 06:24:00+00:00,159.518,159.518,159.514,159.515,0
2026-05-28 06:25:00+00:00,159.515,159.515,159.507,159.507,0
2026-05-28 06:26:00+00:00,159.506,159.513,159.506,159.512,0
2026-05-28 06:27:00+00:00,159.513,159.514,159.505,159.506,0
2026-05-28 06:28:00+00:00,159.506,159.517,159.505,159.515,0
2026-05-28 06:29:00+00:00,159.516,159.52,159.516,159.519,0
2026-05-28 06:30:00+00:00,159.523,159.523,159.519,159.52,0
2026-05-28 06:31:00+00:00,159.52,159.52,159.517,159.517,0
2026-05-28 06:32:00+00:00,159.516,159.516,159.505,159.51,0
2026-05-28 06:33:00+00:00,159.508,159.508,159.502,159.507,0
2026-05-28 06:34:00+00:00,159.506,159.532,159.506,159.518,0
2026-05-28 06:35:00+00:00,159.518,159.518,159.503,159.504,0
2026-05-28 06:36:00+00:00,159.502,159.504,159.496,159.502,0
2026-05-28 06:37:00+00:00,159.503,159.505,159.483,159.488,0
2026-05-28 06:38:00+00:00,159.489,159.49,159.475,159.478,0
2026-05-28 06:39:00+00:00,159.478,159.478,159.471,159.478,0
2026-05-28 06:40:00+00:00,159.478,159.49,159.478,159.49,0
2026-05-28 06:41:00+00:00,159.488,159.49,159.485,159.486,0
2026-05-28 06:42:00+00:00,159.484,159.493,159.484,159.492,0
2026-05-28 06:43:00+00:00,159.493,159.494,159.491,159.494,0
2026-05-28 06:44:00+00:00,159.494,159.495,159.473,159.475,0
2026-05-28 06:45:00+00:00,159.475,159.48,159.475,159.479,0
2026-05-28 06:46:00+00:00,159.479,159.483,159.475,159.48,0
2026-05-28 06:47:00+00:00,159.479,159.479,159.47,159.47,0
2026-05-28 06:48:00+00:00,159.47,159.476,159.469,159.474,0
2026-05-28 06:49:00+00:00,159.476,159.483,159.472,159.477,0
2026-05-28 06:50:00+00:00,159.477,159.481,159.477,159.481,0
2026-05-28 06:51:00+00:00,159.481,159.492,159.481,159.489,0
2026-05-28 06:52:00+00:00,159.488,159.488,159.476,159.478,0
2026-05-28 06:53:00+00:00,159.479,159.479,159.474,159.476,0
2026-05-28 06:54:00+00:00,159.476,159.486,159.476,159.486,0
2026-05-28 06:55:00+00:00,159.486,159.486,159.476,159.476,0
2026-05-28 06:56:00+00:00,159.476,159.479,159.471,159.477,0
2026-05-28 06:57:00+00:00,159.479,159.481,159.478,159.48,0
2026-05-28 06:58:00+00:00,159.48,159.482,159.474,159.48,0
2026-05-28 06:59:00+00:00,159.481,159.489,159.481,159.489,0
2026-05-28 07:00:00+00:00,159.486,159.487,159.451,159.453,0
2026-05-28 07:01:00+00:00,159.453,159.457,159.44,159.457,0
2026-05-28 07:02:00+00:00,159.457,159.467,159.449,159.467,0
2026-05-28 07:03:00+00:00,159.467,159.482,159.467,159.481,0
2026-05-28 07:04:00+00:00,159.481,159.482,159.48,159.481,0
2026-05-28 07:05:00+00:00,159.481,159.492,159.481,159.49,0
2026-05-28 07:06:00+00:00,159.491,159.491,159.479,159.49,0
2026-05-28 07:07:00+00:00,159.491,159.495,159.487,159.493,0
2026-05-28 07:08:00+00:00,159.495,159.495,159.478,159.478,0
2026-05-28 07:09:00+00:00,159.48,159.484,159.477,159.479,0
2026-05-28 07:10:00+00:00,159.479,159.494,159.479,159.494,0
2026-05-28 07:11:00+00:00,159.492,159.492,159.477,159.478,0
2026-05-28 07:12:00+00:00,159.478,159.478,159.473,159.477,0
2026-05-28 07:13:00+00:00,159.478,159.48,159.475,159.477,0
2026-05-28 07:14:00+00:00,159.477,159.477,159.461,159.465,0
2026-05-28 07:15:00+00:00,159.467,159.49,159.467,159.483,0
2026-05-28 07:16:00+00:00,159.483,159.488,159.478,159.486,0
2026-05-28 07:17:00+00:00,159.488,159.488,159.477,159.477,0
2026-05-28 07:18:00+00:00,159.477,159.478,159.469,159.478,0
2026-05-28 07:19:00+00:00,159.479,159.48,159.477,159.478,0
2026-05-28 07:20:00+00:00,159.478,159.48,159.476,159.478,0
2026-05-28 07:21:00+00:00,159.478,159.48,159.478,159.478,0
2026-05-28 07:22:00+00:00,159.478,159.48,159.474,159.479,0
2026-05-28 07:23:00+00:00,159.478,159.478,159.468,159.474,0
2026-05-28 07:24:00+00:00,159.474,159.476,159.47,159.474,0
2026-05-28 07:25:00+00:00,159.473,159.477,159.465,159.476,0
2026-05-28 07:26:00+00:00,159.479,159.494,159.479,159.493,0
2026-05-28 07:27:00+00:00,159.493,159.499,159.49,159.495,0
2026-05-28 07:28:00+00:00,159.495,159.504,159.494,159.502,0
2026-05-28 07:29:00+00:00,159.506,159.513,159.505,159.506,0
2026-05-28 07:30:00+00:00,159.505,159.505,159.493,159.493,0
2026-05-28 07:31:00+00:00,159.492,159.502,159.488,159.502,0
2026-05-28 07:32:00+00:00,159.502,159.514,159.497,159.514,0
2026-05-28 07:33:00+00:00,159.513,159.518,159.511,159.516,0
2026-05-28 07:34:00+00:00,159.516,159.52,159.512,159.52,0
2026-05-28 07:35:00+00:00,159.52,159.522,159.508,159.509,0
2026-05-28 07:36:00+00:00,159.509,159.518,159.509,159.511,0
2026-05-28 07:37:00+00:00,159.513,159.514,159.509,159.509,0
2026-05-28 07:38:00+00:00,159.51,159.51,159.505,159.507,0
2026-05-28 07:39:00+00:00,159.507,159.518,159.506,159.512,0
2026-05-28 07:40:00+00:00,159.515,159.516,159.513,159.515,0
2026-05-28 07:41:00+00:00,159.517,159.517,159.506,159.509,0
2026-05-28 07:42:00+00:00,159.507,159.509,159.498,159.506,0
2026-05-28 07:43:00+00:00,159.506,159.506,159.493,159.497,0
2026-05-28 07:44:00+00:00,159.495,159.497,159.492,159.493,0
2026-05-28 07:45:00+00:00,159.492,159.493,159.485,159.492,0
2026-05-28 07:46:00+00:00,159.49,159.495,159.484,159.493,0
2026-05-28 07:47:00+00:00,159.491,159.491,159.481,159.487,0
2026-05-28 07:48:00+00:00,159.489,159.495,159.487,159.495,0
2026-05-28 07:49:00+00:00,159.496,159.5,159.494,159.499,0
2026-05-28 07:50:00+00:00,159.499,159.511,159.499,159.507,0
2026-05-28 07:51:00+00:00,159.508,159.508,159.491,159.492,0
2026-05-28 07:52:00+00:00,159.493,159.498,159.478,159.478,0
2026-05-28 07:53:00+00:00,159.48,159.487,159.476,159.48,0
2026-05-28 07:54:00+00:00,159.479,159.48,159.476,159.477,0
2026-05-28 07:55:00+00:00,159.478,159.486,159.475,159.482,0
2026-05-28 07:56:00+00:00,159.484,159.488,159.477,159.484,0
2026-05-28 07:57:00+00:00,159.483,159.483,159.477,159.481,0
2026-05-28 07:58:00+00:00,159.483,159.487,159.479,159.48,0
2026-05-28 07:59:00+00:00,159.481,159.481,159.47,159.477,0
2026-05-28 08:00:00+00:00,159.475,159.475,159.46,159.47,0
2026-05-28 08:01:00+00:00,159.467,159.467,159.456,159.458,0
2026-05-28 08:02:00+00:00,159.46,159.46,159.45,159.451,0
2026-05-28 08:03:00+00:00,159.452,159.461,159.45,159.454,0
2026-05-28 08:04:00+00:00,159.456,159.469,159.456,159.465,0
2026-05-28 08:05:00+00:00,159.465,159.466,159.453,159.453,0
2026-05-28 08:06:00+00:00,159.453,159.47,159.452,159.454,0
2026-05-28 08:07:00+00:00,159.455,159.458,159.452,159.452,0
2026-05-28 08:08:00+00:00,159.453,159.454,159.452,159.453,0
2026-05-28 08:09:00+00:00,159.453,159.461,159.45,159.454,0
2026-05-28 08:10:00+00:00,159.455,159.457,159.453,159.457,0
2026-05-28 08:11:00+00:00,159.456,159.468,159.456,159.468,0
2026-05-28 08:12:00+00:00,159.467,159.467,159.457,159.457,0
2026-05-28 08:13:00+00:00,159.459,159.481,159.458,159.48,0
2026-05-28 08:14:00+00:00,159.479,159.496,159.478,159.492,0
2026-05-28 08:15:00+00:00,159.492,159.507,159.492,159.504,0
2026-05-28 08:16:00+00:00,159.505,159.509,159.496,159.509,0
2026-05-28 08:17:00+00:00,159.509,159.509,159.505,159.509,0
2026-05-28 08:18:00+00:00,159.508,159.515,159.507,159.514,0
2026-05-28 08:19:00+00:00,159.514,159.514,159.501,159.503,0
2026-05-28 08:20:00+00:00,159.501,159.504,159.499,159.502,0
2026-05-28 08:21:00+00:00,159.505,159.505,159.501,159.505,0
2026-05-28 08:22:00+00:00,159.506,159.509,159.49,159.498,0
2026-05-28 08:23:00+00:00,159.496,159.496,159.483,159.488,0
2026-05-28 08:24:00+00:00,159.488,159.492,159.484,159.492,0
2026-05-28 08:25:00+00:00,159.49,159.497,159.488,159.496,0
2026-05-28 08:26:00+00:00,159.496,159.514,159.494,159.511,0
2026-05-28 08:27:00+00:00,159.511,159.52,159.511,159.519,0
2026-05-28 08:28:00+00:00,159.519,159.524,159.508,159.508,0
2026-05-28 08:29:00+00:00,159.507,159.507,159.491,159.501,0
2026-05-28 08:30:00+00:00,159.501,159.503,159.488,159.488,0
2026-05-28 08:31:00+00:00,159.488,159.509,159.487,159.509,0
2026-05-28 08:32:00+00:00,159.512,159.512,159.5,159.506,0
2026-05-28 08:33:00+00:00,159.508,159.512,159.506,159.507,0
2026-05-28 08:34:00+00:00,159.507,159.507,159.499,159.506,0
2026-05-28 08:35:00+00:00,159.504,159.504,159.49,159.501,0
2026-05-28 08:36:00+00:00,159.502,159.502,159.489,159.493,0
2026-05-28 08:37:00+00:00,159.491,159.493,159.484,159.485,0
2026-05-28 08:38:00+00:00,159.486,159.49,159.48,159.484,0
2026-05-28 08:39:00+00:00,159.483,159.487,159.48,159.48,0
2026-05-28 08:40:00+00:00,159.481,159.486,159.476,159.476,0
2026-05-28 08:41:00+00:00,159.475,159.479,159.474,159.478,0
2026-05-28 08:42:00+00:00,159.479,159.479,159.478,159.479,0
2026-05-28 08:43:00+00:00,159.477,159.479,159.477,159.477,0
2026-05-28 08:44:00+00:00,159.478,159.48,159.469,159.478,0
2026-05-28 08:45:00+00:00,159.479,159.483,159.476,159.476,0
2026-05-28 08:46:00+00:00,159.477,159.479,159.477,159.478,0
2026-05-28 08:47:00+00:00,159.477,159.483,159.475,159.481,0
2026-05-28 08:48:00+00:00,159.481,159.49,159.478,159.479,0
2026-05-28 08:49:00+00:00,159.478,159.478,159.457,159.461,0
2026-05-28 08:50:00+00:00,159.462,159.467,159.462,159.466,0
2026-05-28 08:51:00+00:00,159.466,159.469,159.462,159.462,0
2026-05-28 08:52:00+00:00,159.461,159.463,159.453,159.46,0
2026-05-28 08:53:00+00:00,159.458,159.463,159.458,159.46,0
2026-05-28 08:54:00+00:00,159.459,159.465,159.459,159.465,0
2026-05-28 08:55:00+00:00,159.466,159.466,159.463,159.464,0
2026-05-28 08:56:00+00:00,159.463,159.468,159.463,159.466,0
2026-05-28 08:57:00+00:00,159.465,159.466,159.463,159.466,0
2026-05-28 08:58:00+00:00,159.467,159.468,159.465,159.466,0
2026-05-28 08:59:00+00:00,159.466,159.466,159.451,159.456,0
2026-05-28 09:00:00+00:00,159.456,159.457,159.453,159.457,0
2026-05-28 09:01:00+00:00,159.458,159.458,159.454,159.454,0
2026-05-28 09:02:00+00:00,159.454,159.458,159.452,159.457,0
2026-05-28 09:03:00+00:00,159.458,159.459,159.454,159.454,0
2026-05-28 09:04:00+00:00,159.453,159.457,159.453,159.456,0
2026-05-28 09:05:00+00:00,159.456,159.456,159.444,159.444,0
2026-05-28 09:06:00+00:00,159.443,159.455,159.443,159.449,0
2026-05-28 09:07:00+00:00,159.452,159.454,159.444,159.446,0
2026-05-28 09:08:00+00:00,159.444,159.456,159.444,159.449,0
2026-05-28 09:09:00+00:00,159.449,159.454,159.448,159.453,0
2026-05-28 09:10:00+00:00,159.453,159.461,159.452,159.459,0
2026-05-28 09:11:00+00:00,159.456,159.468,159.44,159.44,0
2026-05-28 09:12:00+00:00,159.44,159.441,159.418,159.418,0
2026-05-28 09:13:00+00:00,159.419,159.425,159.419,159.42,0
2026-05-28 09:14:00+00:00,159.419,159.429,159.419,159.421,0
2026-05-28 09:15:00+00:00,159.421,159.429,159.42,159.424,0
2026-05-28 09:16:00+00:00,159.425,159.425,159.395,159.395,0
2026-05-28 09:17:00+00:00,159.395,159.403,159.395,159.401,0
2026-05-28 09:18:00+00:00,159.397,159.408,159.395,159.408,0
2026-05-28 09:19:00+00:00,159.407,159.407,159.401,159.401,0
2026-05-28 09:20:00+00:00,159.4,159.403,159.389,159.39,0
2026-05-28 09:21:00+00:00,159.391,159.391,159.386,159.389,0
2026-05-28 09:22:00+00:00,159.391,159.394,159.389,159.393,0
2026-05-28 09:23:00+00:00,159.394,159.4,159.392,159.393,0
2026-05-28 09:24:00+00:00,159.393,159.393,159.389,159.39,0
2026-05-28 09:25:00+00:00,159.391,159.391,159.386,159.39,0
2026-05-28 09:26:00+00:00,159.391,159.392,159.381,159.381,0
2026-05-28 09:27:00+00:00,159.381,159.392,159.38,159.391,0
2026-05-28 09:28:00+00:00,159.392,159.395,159.39,159.394,0
2026-05-28 09:29:00+00:00,159.393,159.395,159.391,159.393,0
2026-05-28 09:30:00+00:00,159.396,159.406,159.394,159.406,0
2026-05-28 09:31:00+00:00,159.405,159.42,159.405,159.418,0
2026-05-28 09:32:00+00:00,159.419,159.421,159.418,159.419,0
2026-05-28 09:33:00+00:00,159.42,159.424,159.416,159.42,0
2026-05-28 09:34:00+00:00,159.422,159.425,159.421,159.421,0
2026-05-28 09:35:00+00:00,159.418,159.419,159.414,159.415,0
2026-05-28 09:36:00+00:00,159.414,159.415,159.409,159.415,0
2026-05-28 09:37:00+00:00,159.416,159.416,159.405,159.41,0
2026-05-28 09:38:00+00:00,159.41,159.418,159.401,159.417,0
2026-05-28 09:39:00+00:00,159.417,159.42,159.41,159.41,0
2026-05-28 09:40:00+00:00,159.412,159.412,159.401,159.401,0
2026-05-28 09:41:00+00:00,159.4,159.4,159.389,159.39,0
2026-05-28 09:42:00+00:00,159.39,159.397,159.39,159.393,0
2026-05-28 09:43:00+00:00,159.394,159.404,159.394,159.4,0
2026-05-28 09:44:00+00:00,159.398,159.4,159.39,159.39,0
2026-05-28 09:45:00+00:00,159.392,159.406,159.392,159.405,0
2026-05-28 09:46:00+00:00,159.404,159.413,159.403,159.409,0
2026-05-28 09:47:00+00:00,159.407,159.413,159.406,159.409,0
2026-05-28 09:48:00+00:00,159.409,159.411,159.404,159.404,0
2026-05-28 09:49:00+00:00,159.406,159.406,159.403,159.403,0
2026-05-28 09:50:00+00:00,159.404,159.404,159.394,159.395,0
2026-05-28 09:51:00+00:00,159.395,159.399,159.394,159.398,0
2026-05-28 09:52:00+00:00,159.397,159.404,159.395,159.4,0
2026-05-28 09:53:00+00:00,159.399,159.399,159.39,159.391,0
2026-05-28 09:54:00+00:00,159.392,159.401,159.389,159.401,0
2026-05-28 09:55:00+00:00,159.406,159.415,159.406,159.413,0
2026-05-28 09:56:00+00:00,159.413,159.416,159.412,159.415,0
2026-05-28 09:57:00+00:00,159.416,159.418,159.412,159.413,0
2026-05-28 09:58:00+00:00,159.415,159.416,159.413,159.414,0
2026-05-28 09:59:00+00:00,159.415,159.415,159.415,159.415,0
2026-05-28 10:00:00+00:00,159.415,159.416,159.414,159.416,0
2026-05-28 10:01:00+00:00,159.415,159.415,159.41,159.414,0
2026-05-28 10:02:00+00:00,159.413,159.421,159.412,159.421,0
2026-05-28 10:03:00+00:00,159.419,159.419,159.404,159.404,0
2026-05-28 10:04:00+00:00,159.404,159.412,159.401,159.412,0
2026-05-28 10:05:00+00:00,159.411,159.411,159.403,159.408,0
2026-05-28 10:06:00+00:00,159.407,159.407,159.403,159.404,0
2026-05-28 10:07:00+00:00,159.404,159.408,159.403,159.407,0
2026-05-28 10:08:00+00:00,159.406,159.406,159.402,159.403,0
2026-05-28 10:09:00+00:00,159.402,159.402,159.387,159.394,0
2026-05-28 10:10:00+00:00,159.392,159.392,159.386,159.388,0
2026-05-28 10:11:00+00:00,159.388,159.391,159.388,159.39,0
2026-05-28 10:12:00+00:00,159.391,159.396,159.391,159.394,0
2026-05-28 10:13:00+00:00,159.393,159.393,159.383,159.383,0
2026-05-28 10:14:00+00:00,159.384,159.386,159.38,159.381,0
2026-05-28 10:15:00+00:00,159.379,159.386,159.378,159.38,0
2026-05-28 10:16:00+00:00,159.381,159.389,159.38,159.389,0
2026-05-28 10:17:00+00:00,159.389,159.404,159.388,159.404,0
2026-05-28 10:18:00+00:00,159.405,159.406,159.399,159.399,0
2026-05-28 10:19:00+00:00,159.401,159.401,159.388,159.394,0
2026-05-28 10:20:00+00:00,159.393,159.396,159.392,159.393,0
2026-05-28 10:21:00+00:00,159.394,159.404,159.394,159.401,0
2026-05-28 10:22:00+00:00,159.403,159.404,159.402,159.402,0
2026-05-28 10:23:00+00:00,159.403,159.403,159.393,159.395,0
2026-05-28 10:24:00+00:00,159.398,159.401,159.394,159.395,0
2026-05-28 10:25:00+00:00,159.396,159.396,159.394,159.395,0
2026-05-28 10:26:00+00:00,159.395,159.395,159.39,159.394,0
2026-05-28 10:27:00+00:00,159.392,159.396,159.39,159.39,0
2026-05-28 10:28:00+00:00,159.39,159.395,159.39,159.395,0
2026-05-28 10:29:00+00:00,159.394,159.394,159.389,159.39,0
2026-05-28 10:30:00+00:00,159.39,159.392,159.39,159.391,0
2026-05-28 10:31:00+00:00,159.391,159.391,159.39,159.39,0
2026-05-28 10:32:00+00:00,159.391,159.395,159.391,159.393,0
2026-05-28 10:33:00+00:00,159.393,159.393,159.391,159.391,0
2026-05-28 10:34:00+00:00,159.393,159.399,159.393,159.394,0
2026-05-28 10:35:00+00:00,159.392,159.394,159.392,159.394,0
2026-05-28 10:36:00+00:00,159.398,159.403,159.397,159.401,0
2026-05-28 10:37:00+00:00,159.401,159.402,159.394,159.394,0
2026-05-28 10:38:00+00:00,159.393,159.399,159.393,159.395,0
2026-05-28 10:39:00+00:00,159.396,159.401,159.395,159.401,0
2026-05-28 10:40:00+00:00,159.402,159.412,159.402,159.41,0
2026-05-28 10:41:00+00:00,159.41,159.422,159.41,159.422,0
2026-05-28 10:42:00+00:00,159.423,159.431,159.423,159.431,0
2026-05-28 10:43:00+00:00,159.431,159.431,159.425,159.428,0
2026-05-28 10:44:00+00:00,159.43,159.455,159.43,159.451,0
2026-05-28 10:45:00+00:00,159.452,159.455,159.441,159.441,0
2026-05-28 10:46:00+00:00,159.444,159.445,159.439,159.444,0
2026-05-28 10:47:00+00:00,159.442,159.445,159.439,159.439,0
2026-05-28 10:48:00+00:00,159.439,159.439,159.416,159.419,0
2026-05-28 10:49:00+00:00,159.42,159.425,159.412,159.419,0
2026-05-28 10:50:00+00:00,159.418,159.448,159.415,159.43,0
2026-05-28 10:51:00+00:00,159.432,159.461,159.42,159.43,0
2026-05-28 10:52:00+00:00,159.43,159.443,159.426,159.436,0
2026-05-28 10:53:00+00:00,159.437,159.439,159.431,159.437,0
2026-05-28 10:54:00+00:00,159.439,159.439,159.429,159.43,0
2026-05-28 10:55:00+00:00,159.43,159.433,159.425,159.427,0
2026-05-28 10:56:00+00:00,159.428,159.444,159.428,159.442,0
2026-05-28 10:57:00+00:00,159.441,159.447,159.441,159.444,0
2026-05-28 10:58:00+00:00,159.446,159.462,159.441,159.454,0
2026-05-28 10:59:00+00:00,159.454,159.465,159.45,159.465,0
2026-05-28 11:00:00+00:00,159.466,159.467,159.444,159.448,0
2026-05-28 11:01:00+00:00,159.448,159.455,159.445,159.451,0
2026-05-28 11:02:00+00:00,159.452,159.458,159.451,159.454,0
2026-05-28 11:03:00+00:00,159.453,159.453,159.427,159.427,0
2026-05-28 11:04:00+00:00,159.427,159.428,159.421,159.422,0
2026-05-28 11:05:00+00:00,159.423,159.429,159.421,159.425,0
2026-05-28 11:06:00+00:00,159.426,159.444,159.425,159.444,0
2026-05-28 11:07:00+00:00,159.445,159.447,159.427,159.429,0
2026-05-28 11:08:00+00:00,159.428,159.432,159.424,159.426,0
2026-05-28 11:09:00+00:00,159.426,159.438,159.426,159.437,0
2026-05-28 11:10:00+00:00,159.438,159.451,159.437,159.449,0
2026-05-28 11:11:00+00:00,159.451,159.456,159.444,159.444,0
2026-05-28 11:12:00+00:00,159.443,159.443,159.43,159.432,0
2026-05-28 11:13:00+00:00,159.433,159.442,159.433,159.44,0
2026-05-28 11:14:00+00:00,159.443,159.451,159.441,159.441,0
2026-05-28 11:15:00+00:00,159.439,159.44,159.432,159.432,0
2026-05-28 11:16:00+00:00,159.431,159.438,159.431,159.434,0
2026-05-28 11:17:00+00:00,159.434,159.438,159.426,159.429,0
2026-05-28 11:18:00+00:00,159.429,159.438,159.426,159.428,0
2026-05-28 11:19:00+00:00,159.43,159.431,159.428,159.428,0
2026-05-28 11:20:00+00:00,159.428,159.429,159.426,159.427,0
2026-05-28 11:21:00+00:00,159.428,159.428,159.416,159.421,0
2026-05-28 11:22:00+00:00,159.422,159.43,159.422,159.43,0
2026-05-28 11:23:00+00:00,159.429,159.438,159.429,159.434,0
2026-05-28 11:24:00+00:00,159.436,159.45,159.436,159.441,0
2026-05-28 11:25:00+00:00,159.439,159.439,159.439,159.439,0
2026-05-28 11:26:00+00:00,159.44,159.449,159.44,159.446,0
2026-05-28 11:27:00+00:00,159.449,159.451,159.442,159.451,0
2026-05-28 11:28:00+00:00,159.452,159.452,159.452,159.452,0
2026-05-28 11:29:00+00:00,159.455,159.458,159.446,159.454,0
2026-05-28 11:30:00+00:00,159.455,159.455,159.453,159.453,0
2026-05-28 11:31:00+00:00,159.455,159.461,159.454,159.454,0
2026-05-28 11:32:00+00:00,159.453,159.457,159.453,159.455,0
2026-05-28 11:33:00+00:00,159.455,159.456,159.454,159.454,0
2026-05-28 11:34:00+00:00,159.455,159.455,159.444,159.449,0
2026-05-28 11:35:00+00:00,159.447,159.452,159.445,159.451,0
2026-05-28 11:36:00+00:00,159.45,159.45,159.45,159.45,0
2026-05-28 11:37:00+00:00,159.45,159.452,159.448,159.452,0
2026-05-28 11:38:00+00:00,159.454,159.456,159.453,159.455,0
2026-05-28 11:39:00+00:00,159.455,159.458,159.453,159.453,0
2026-05-28 11:40:00+00:00,159.453,159.456,159.451,159.452,0
2026-05-28 11:41:00+00:00,159.449,159.452,159.445,159.452,0
2026-05-28 11:42:00+00:00,159.452,159.455,159.452,159.452,0
2026-05-28 11:43:00+00:00,159.452,159.452,159.443,159.445,0
2026-05-28 11:44:00+00:00,159.446,159.449,159.444,159.449,0
2026-05-28 11:45:00+00:00,159.449,159.449,159.447,159.448,0
2026-05-28 11:46:00+00:00,159.448,159.449,159.441,159.445,0
2026-05-28 11:47:00+00:00,159.447,159.45,159.445,159.446,0
2026-05-28 11:48:00+00:00,159.445,159.448,159.441,159.444,0
2026-05-28 11:49:00+00:00,159.442,159.449,159.44,159.449,0
2026-05-28 11:50:00+00:00,159.45,159.45,159.447,159.448,0
2026-05-28 11:51:00+00:00,159.448,159.45,159.448,159.45,0
2026-05-28 11:52:00+00:00,159.452,159.464,159.452,159.46,0
2026-05-28 11:53:00+00:00,159.461,159.466,159.461,159.465,0
2026-05-28 11:54:00+00:00,159.466,159.467,159.456,159.459,0
2026-05-28 11:55:00+00:00,159.461,159.466,159.452,159.456,0
2026-05-28 11:56:00+00:00,159.455,159.461,159.446,159.447,0
2026-05-28 11:57:00+00:00,159.447,159.462,159.445,159.461,0
2026-05-28 11:58:00+00:00,159.462,159.463,159.452,159.454,0
2026-05-28 11:59:00+00:00,159.454,159.465,159.452,159.463,0
2026-05-28 12:00:00+00:00,159.459,159.459,159.451,159.458,0
2026-05-28 12:01:00+00:00,159.458,159.46,159.451,159.452,0
2026-05-28 12:02:00+00:00,159.452,159.457,159.451,159.455,0
2026-05-28 12:03:00+00:00,159.453,159.457,159.445,159.455,0
2026-05-28 12:04:00+00:00,159.456,159.458,159.451,159.451,0
2026-05-28 12:05:00+00:00,159.451,159.451,159.44,159.441,0
2026-05-28 12:06:00+00:00,159.445,159.447,159.44,159.442,0
2026-05-28 12:07:00+00:00,159.442,159.444,159.435,159.435,0
2026-05-28 12:08:00+00:00,159.434,159.442,159.434,159.442,0
2026-05-28 12:09:00+00:00,159.441,159.451,159.44,159.448,0
2026-05-28 12:10:00+00:00,159.447,159.455,159.445,159.45,0
2026-05-28 12:11:00+00:00,159.45,159.451,159.436,159.438,0
2026-05-28 12:12:00+00:00,159.437,159.439,159.425,159.428,0
2026-05-28 12:13:00+00:00,159.426,159.429,159.419,159.422,0
2026-05-28 12:14:00+00:00,159.424,159.429,159.419,159.419,0
2026-05-28 12:15:00+00:00,159.421,159.427,159.415,159.425,0
2026-05-28 12:16:00+00:00,159.426,159.441,159.424,159.432,0
2026-05-28 12:17:00+00:00,159.433,159.442,159.432,159.439,0
2026-05-28 12:18:00+00:00,159.436,159.44,159.429,159.434,0
2026-05-28 12:19:00+00:00,159.433,159.438,159.429,159.436,0
2026-05-28 12:20:00+00:00,159.433,159.436,159.419,159.429,0
2026-05-28 12:21:00+00:00,159.428,159.43,159.418,159.424,0
2026-05-28 12:22:00+00:00,159.422,159.43,159.42,159.43,0
2026-05-28 12:23:00+00:00,159.431,159.432,159.425,159.43,0
2026-05-28 12:24:00+00:00,159.431,159.44,159.425,159.428,0
2026-05-28 12:25:00+00:00,159.427,159.427,159.415,159.415,0
2026-05-28 12:26:00+00:00,159.417,159.417,159.406,159.417,0
2026-05-28 12:27:00+00:00,159.417,159.421,159.417,159.42,0
2026-05-28 12:28:00+00:00,159.418,159.431,159.418,159.427,0
2026-05-28 12:29:00+00:00,159.428,159.433,159.413,159.415,0
2026-05-28 12:30:00+00:00,159.415,159.415,159.322,159.374,0
2026-05-28 12:31:00+00:00,159.373,159.394,159.371,159.39,0
2026-05-28 12:32:00+00:00,159.388,159.399,159.377,159.383,0
2026-05-28 12:33:00+00:00,159.38,159.384,159.368,159.369,0
2026-05-28 12:34:00+00:00,159.37,159.381,159.357,159.375,0
2026-05-28 12:35:00+00:00,159.373,159.373,159.362,159.369,0
2026-05-28 12:36:00+00:00,159.369,159.369,159.345,159.355,0
2026-05-28 12:37:00+00:00,159.355,159.358,159.345,159.358,0
2026-05-28 12:38:00+00:00,159.357,159.358,159.343,159.347,0
2026-05-28 12:39:00+00:00,159.346,159.368,159.346,159.355,0
2026-05-28 12:40:00+00:00,159.355,159.365,159.35,159.354,0
2026-05-28 12:41:00+00:00,159.355,159.36,159.348,159.354,0
2026-05-28 12:42:00+00:00,159.353,159.364,159.352,159.353,0
2026-05-28 12:43:00+00:00,159.353,159.365,159.349,159.363,0
2026-05-28 12:44:00+00:00,159.363,159.363,159.35,159.35,0
2026-05-28 12:45:00+00:00,159.351,159.354,159.347,159.351,0
2026-05-28 12:46:00+00:00,159.351,159.353,159.339,159.341,0
2026-05-28 12:47:00+00:00,159.344,159.353,159.339,159.352,0
2026-05-28 12:48:00+00:00,159.351,159.351,159.34,159.345,0
2026-05-28 12:49:00+00:00,159.346,159.349,159.333,159.344,0
2026-05-28 12:50:00+00:00,159.344,159.345,159.339,159.343,0
2026-05-28 12:51:00+00:00,159.341,159.341,159.32,159.326,0
2026-05-28 12:52:00+00:00,159.327,159.328,159.314,159.319,0
2026-05-28 12:53:00+00:00,159.318,159.332,159.315,159.331,0
2026-05-28 12:54:00+00:00,159.332,159.332,159.319,159.329,0
2026-05-28 12:55:00+00:00,159.329,159.337,159.327,159.334,0
2026-05-28 12:56:00+00:00,159.338,159.342,159.335,159.336,0
2026-05-28 12:57:00+00:00,159.335,159.344,159.324,159.341,0
2026-05-28 12:58:00+00:00,159.342,159.367,159.338,159.367,0
2026-05-28 12:59:00+00:00,159.366,159.373,159.364,159.367,0
2026-05-28 13:00:00+00:00,159.366,159.366,159.348,159.348,0
2026-05-28 13:01:00+00:00,159.346,159.349,159.327,159.337,0
2026-05-28 13:02:00+00:00,159.338,159.352,159.334,159.336,0
2026-05-28 13:03:00+00:00,159.334,159.344,159.321,159.344,0
2026-05-28 13:04:00+00:00,159.343,159.343,159.328,159.337,0
2026-05-28 13:05:00+00:00,159.337,159.34,159.324,159.328,0
2026-05-28 13:06:00+00:00,159.328,159.349,159.328,159.335,0
2026-05-28 13:07:00+00:00,159.335,159.352,159.335,159.346,0
2026-05-28 13:08:00+00:00,159.347,159.356,159.342,159.351,0
2026-05-28 13:09:00+00:00,159.35,159.362,159.347,159.35,0
2026-05-28 13:10:00+00:00,159.348,159.362,159.348,159.36,0
2026-05-28 13:11:00+00:00,159.361,159.363,159.352,159.362,0
2026-05-28 13:12:00+00:00,159.364,159.373,159.36,159.372,0
2026-05-28 13:13:00+00:00,159.372,159.376,159.37,159.375,0
2026-05-28 13:14:00+00:00,159.374,159.387,159.373,159.382,0
2026-05-28 13:15:00+00:00,159.381,159.392,159.38,159.389,0
2026-05-28 13:16:00+00:00,159.388,159.388,159.385,159.387,0
2026-05-28 13:17:00+00:00,159.388,159.399,159.388,159.388,0
2026-05-28 13:18:00+00:00,159.388,159.391,159.385,159.388,0
2026-05-28 13:19:00+00:00,159.387,159.388,159.382,159.386,0
2026-05-28 13:20:00+00:00,159.382,159.394,159.376,159.393,0
2026-05-28 13:21:00+00:00,159.392,159.392,159.38,159.382,0
2026-05-28 13:22:00+00:00,159.382,159.385,159.38,159.385,0
2026-05-28 13:23:00+00:00,159.386,159.394,159.385,159.394,0
2026-05-28 13:24:00+00:00,159.392,159.392,159.387,159.387,0
2026-05-28 13:25:00+00:00,159.388,159.388,159.375,159.375,0
2026-05-28 13:26:00+00:00,159.375,159.375,159.372,159.375,0
2026-05-28 13:27:00+00:00,159.375,159.376,159.373,159.374,0
2026-05-28 13:28:00+00:00,159.376,159.387,159.372,159.373,0
2026-05-28 13:29:00+00:00,159.373,159.388,159.373,159.388,0
2026-05-28 13:30:00+00:00,159.386,159.406,159.381,159.388,0
2026-05-28 13:31:00+00:00,159.39,159.392,159.381,159.387,0
2026-05-28 13:32:00+00:00,159.386,159.399,159.386,159.39,0
2026-05-28 13:33:00+00:00,159.39,159.41,159.387,159.408,0
2026-05-28 13:34:00+00:00,159.411,159.411,159.402,159.402,0
2026-05-28 13:35:00+00:00,159.405,159.406,159.398,159.403,0
2026-05-28 13:36:00+00:00,159.402,159.407,159.398,159.404,0
2026-05-28 13:37:00+00:00,159.405,159.416,159.399,159.412,0
2026-05-28 13:38:00+00:00,159.411,159.411,159.4,159.4,0
2026-05-28 13:39:00+00:00,159.399,159.415,159.398,159.414,0
2026-05-28 13:40:00+00:00,159.416,159.43,159.415,159.429,0
2026-05-28 13:41:00+00:00,159.428,159.434,159.422,159.422,0
2026-05-28 13:42:00+00:00,159.422,159.428,159.416,159.417,0
2026-05-28 13:43:00+00:00,159.416,159.416,159.401,159.406,0
2026-05-28 13:44:00+00:00,159.405,159.419,159.403,159.415,0
2026-05-28 13:45:00+00:00,159.417,159.42,159.403,159.406,0
2026-05-28 13:46:00+00:00,159.406,159.423,159.4,159.423,0
2026-05-28 13:47:00+00:00,159.421,159.429,159.417,159.429,0
2026-05-28 13:48:00+00:00,159.427,159.434,159.425,159.425,0
2026-05-28 13:49:00+00:00,159.426,159.426,159.416,159.424,0
2026-05-28 13:50:00+00:00,159.426,159.427,159.401,159.417,0
2026-05-28 13:51:00+00:00,159.42,159.42,159.414,159.414,0
2026-05-28 13:52:00+00:00,159.416,159.416,159.411,159.413,0
2026-05-28 13:53:00+00:00,159.414,159.43,159.414,159.43,0
2026-05-28 13:54:00+00:00,159.43,159.44,159.429,159.439,0
2026-05-28 13:55:00+00:00,159.439,159.447,159.434,159.441,0
2026-05-28 13:56:00+00:00,159.441,159.451,159.438,159.448,0
2026-05-28 13:57:00+00:00,159.449,159.45,159.446,159.446,0
2026-05-28 13:58:00+00:00,159.448,159.458,159.448,159.455,0
2026-05-28 13:59:00+00:00,159.455,159.456,159.449,159.449,0
2026-05-28 14:00:00+00:00,159.452,159.467,159.448,159.464,0
2026-05-28 14:01:00+00:00,159.468,159.487,159.465,159.482,0
2026-05-28 14:02:00+00:00,159.483,159.491,159.475,159.475,0
2026-05-28 14:03:00+00:00,159.475,159.479,159.475,159.475,0
2026-05-28 14:04:00+00:00,159.476,159.477,159.464,159.475,0
2026-05-28 14:05:00+00:00,159.474,159.476,159.466,159.468,0
2026-05-28 14:06:00+00:00,159.468,159.47,159.464,159.466,0
2026-05-28 14:07:00+00:00,159.466,159.466,159.462,159.465,0
2026-05-28 14:08:00+00:00,159.465,159.466,159.46,159.462,0
2026-05-28 14:09:00+00:00,159.463,159.466,159.456,159.459,0
2026-05-28 14:10:00+00:00,159.457,159.476,159.455,159.475,0
2026-05-28 14:11:00+00:00,159.475,159.476,159.474,159.474,0
2026-05-28 14:12:00+00:00,159.475,159.475,159.34,159.34,0
2026-05-28 14:13:00+00:00,159.338,159.362,159.18,159.2,0
2026-05-28 14:14:00+00:00,159.2,159.288,159.186,159.287,0
2026-05-28 14:15:00+00:00,159.286,159.326,159.266,159.318,0
2026-05-28 14:16:00+00:00,159.317,159.353,159.266,159.27,0
2026-05-28 14:17:00+00:00,159.271,159.277,159.249,159.271,0
2026-05-28 14:18:00+00:00,159.271,159.275,159.241,159.251,0
2026-05-28 14:19:00+00:00,159.249,159.262,159.213,159.262,0
2026-05-28 14:20:00+00:00,159.262,159.279,159.248,159.278,0
2026-05-28 14:21:00+00:00,159.278,159.303,159.268,159.295,0
2026-05-28 14:22:00+00:00,159.297,159.304,159.275,159.301,0
2026-05-28 14:23:00+00:00,159.302,159.335,159.3,159.305,0
2026-05-28 14:24:00+00:00,159.305,159.306,159.262,159.289,0
2026-05-28 14:25:00+00:00,159.289,159.29,159.262,159.262,0
2026-05-28 14:26:00+00:00,159.262,159.287,159.26,159.265,0
2026-05-28 14:27:00+00:00,159.267,159.27,159.248,159.26,0
2026-05-28 14:28:00+00:00,159.259,159.276,159.239,159.241,0
2026-05-28 14:29:00+00:00,159.241,159.255,159.232,159.24,0
2026-05-28 14:30:00+00:00,159.241,159.246,159.213,159.223,0
2026-05-28 14:31:00+00:00,159.221,159.244,159.216,159.242,0
2026-05-28 14:32:00+00:00,159.243,159.258,159.24,159.251,0
2026-05-28 14:33:00+00:00,159.25,159.287,159.248,159.275,0
2026-05-28 14:34:00+00:00,159.274,159.293,159.273,159.287,0
2026-05-28 14:35:00+00:00,159.286,159.315,159.284,159.304,0
2026-05-28 14:36:00+00:00,159.305,159.325,159.304,159.314,0
2026-05-28 14:37:00+00:00,159.314,159.338,159.313,159.315,0
2026-05-28 14:38:00+00:00,159.313,159.336,159.303,159.303,0
2026-05-28 14:39:00+00:00,159.302,159.303,159.285,159.297,0
2026-05-28 14:40:00+00:00,159.295,159.296,159.203,159.224,0
2026-05-28 14:41:00+00:00,159.223,159.242,159.223,159.235,0
2026-05-28 14:42:00+00:00,159.236,159.254,159.236,159.246,0
2026-05-28 14:43:00+00:00,159.245,159.254,159.227,159.229,0
2026-05-28 14:44:00+00:00,159.228,159.247,159.228,159.234,0
2026-05-28 14:45:00+00:00,159.233,159.236,159.21,159.215,0
2026-05-28 14:46:00+00:00,159.213,159.283,159.201,159.235,0
2026-05-28 14:47:00+00:00,159.235,159.278,159.235,159.259,0
2026-05-28 14:48:00+00:00,159.259,159.259,159.223,159.25,0
2026-05-28 14:49:00+00:00,159.251,159.3,159.251,159.273,0
2026-05-28 14:50:00+00:00,159.269,159.292,159.242,159.282,0
2026-05-28 14:51:00+00:00,159.282,159.282,159.249,159.268,0
2026-05-28 14:52:00+00:00,159.265,159.289,159.265,159.274,0
2026-05-28 14:53:00+00:00,159.273,159.273,159.239,159.258,0
2026-05-28 14:54:00+00:00,159.258,159.266,159.255,159.265,0
2026-05-28 14:55:00+00:00,159.262,159.263,159.241,159.255,0
2026-05-28 14:56:00+00:00,159.258,159.26,159.237,159.244,0
2026-05-28 14:57:00+00:00,159.245,159.258,159.239,159.248,0
2026-05-28 14:58:00+00:00,159.249,159.255,159.237,159.239,0
2026-05-28 14:59:00+00:00,159.237,159.24,159.223,159.224,0
2026-05-28 15:00:00+00:00,159.223,159.229,159.213,159.215,0
2026-05-28 15:01:00+00:00,159.218,159.219,159.198,159.201,0
2026-05-28 15:02:00+00:00,159.201,159.219,159.198,159.203,0
2026-05-28 15:03:00+00:00,159.208,159.229,159.206,159.225,0
2026-05-28 15:04:00+00:00,159.224,159.225,159.212,159.213,0
2026-05-28 15:05:00+00:00,159.211,159.221,159.199,159.221,0
2026-05-28 15:06:00+00:00,159.219,159.221,159.192,159.195,0
2026-05-28 15:07:00+00:00,159.197,159.222,159.186,159.22,0
2026-05-28 15:08:00+00:00,159.223,159.237,159.218,159.22,0
2026-05-28 15:09:00+00:00,159.22,159.22,159.201,159.201,0
2026-05-28 15:10:00+00:00,159.2,159.215,159.2,159.215,0
2026-05-28 15:11:00+00:00,159.214,159.214,159.183,159.185,0
2026-05-28 15:12:00+00:00,159.186,159.208,159.186,159.204,0
2026-05-28 15:13:00+00:00,159.205,159.205,159.194,159.202,0
2026-05-28 15:14:00+00:00,159.204,159.211,159.19,159.206,0
2026-05-28 15:15:00+00:00,159.204,159.222,159.202,159.216,0
2026-05-28 15:16:00+00:00,159.218,159.222,159.202,159.202,0
2026-05-28 15:17:00+00:00,159.201,159.203,159.197,159.2,0
2026-05-28 15:18:00+00:00,159.2,159.201,159.182,159.201,0
2026-05-28 15:19:00+00:00,159.2,159.221,159.2,159.221,0
2026-05-28 15:20:00+00:00,159.22,159.22,159.204,159.209,0
2026-05-28 15:21:00+00:00,159.209,159.225,159.208,159.223,0
2026-05-28 15:22:00+00:00,159.223,159.24,159.217,159.227,0
2026-05-28 15:23:00+00:00,159.225,159.231,159.217,159.226,0
2026-05-28 15:24:00+00:00,159.226,159.226,159.213,159.216,0
2026-05-28 15:25:00+00:00,159.215,159.217,159.2,159.21,0
2026-05-28 15:26:00+00:00,159.209,159.209,159.201,159.203,0
2026-05-28 15:27:00+00:00,159.204,159.222,159.203,159.222,0
2026-05-28 15:28:00+00:00,159.22,159.223,159.201,159.211,0
2026-05-28 15:29:00+00:00,159.214,159.216,159.205,159.209,0
2026-05-28 15:30:00+00:00,159.207,159.213,159.197,159.213,0
2026-05-28 15:31:00+00:00,159.214,159.226,159.211,159.219,0
2026-05-28 15:32:00+00:00,159.217,159.238,159.217,159.23,0
2026-05-28 15:33:00+00:00,159.234,159.238,159.224,159.236,0
2026-05-28 15:34:00+00:00,159.236,159.24,159.222,159.225,0
2026-05-28 15:35:00+00:00,159.226,159.238,159.226,159.235,0
2026-05-28 15:36:00+00:00,159.235,159.237,159.223,159.228,0
2026-05-28 15:37:00+00:00,159.23,159.25,159.229,159.249,0
2026-05-28 15:38:00+00:00,159.248,159.252,159.242,159.249,0
2026-05-28 15:39:00+00:00,159.247,159.266,159.242,159.265,0
2026-05-28 15:40:00+00:00,159.267,159.274,159.265,159.265,0
2026-05-28 15:41:00+00:00,159.267,159.291,159.267,159.286,0
2026-05-28 15:42:00+00:00,159.29,159.295,159.275,159.28,0
2026-05-28 15:43:00+00:00,159.279,159.279,159.265,159.271,0
2026-05-28 15:44:00+00:00,159.269,159.275,159.268,159.275,0
2026-05-28 15:45:00+00:00,159.275,159.278,159.264,159.275,0
2026-05-28 15:46:00+00:00,159.277,159.278,159.265,159.268,0
2026-05-28 15:47:00+00:00,159.27,159.273,159.265,159.266,0
2026-05-28 15:48:00+00:00,159.268,159.282,159.268,159.282,0
2026-05-28 15:49:00+00:00,159.281,159.288,159.281,159.286,0
2026-05-28 15:50:00+00:00,159.285,159.287,159.275,159.286,0
2026-05-28 15:51:00+00:00,159.284,159.286,159.267,159.271,0
2026-05-28 15:52:00+00:00,159.273,159.281,159.273,159.28,0
2026-05-28 15:53:00+00:00,159.28,159.292,159.28,159.283,0
2026-05-28 15:54:00+00:00,159.282,159.285,159.279,159.281,0
2026-05-28 15:55:00+00:00,159.281,159.29,159.275,159.29,0
2026-05-28 15:56:00+00:00,159.289,159.289,159.271,159.286,0
2026-05-28 15:57:00+00:00,159.285,159.29,159.284,159.29,0
2026-05-28 15:58:00+00:00,159.288,159.288,159.276,159.278,0
2026-05-28 15:59:00+00:00,159.278,159.293,159.276,159.291,0
2026-05-28 16:00:00+00:00,159.291,159.302,159.286,159.302,0
2026-05-28 16:01:00+00:00,159.301,159.314,159.298,159.312,0
2026-05-28 16:02:00+00:00,159.313,159.328,159.306,159.328,0
2026-05-28 16:03:00+00:00,159.329,159.337,159.315,159.315,0
2026-05-28 16:04:00+00:00,159.317,159.322,159.314,159.316,0
2026-05-28 16:05:00+00:00,159.316,159.316,159.3,159.301,0
2026-05-28 16:06:00+00:00,159.302,159.312,159.3,159.302,0
2026-05-28 16:07:00+00:00,159.301,159.305,159.288,159.288,0
2026-05-28 16:08:00+00:00,159.287,159.29,159.284,159.286,0
2026-05-28 16:09:00+00:00,159.285,159.296,159.283,159.285,0
2026-05-28 16:10:00+00:00,159.284,159.287,159.282,159.283,0
2026-05-28 16:11:00+00:00,159.282,159.284,159.272,159.276,0
2026-05-28 16:12:00+00:00,159.275,159.288,159.273,159.288,0
2026-05-28 16:13:00+00:00,159.287,159.29,159.282,159.286,0
2026-05-28 16:14:00+00:00,159.286,159.291,159.272,159.276,0
2026-05-28 16:15:00+00:00,159.275,159.288,159.272,159.287,0
2026-05-28 16:16:00+00:00,159.288,159.295,159.285,159.291,0
2026-05-28 16:17:00+00:00,159.291,159.304,159.286,159.286,0
2026-05-28 16:18:00+00:00,159.285,159.285,159.243,159.262,0
2026-05-28 16:19:00+00:00,159.262,159.275,159.236,159.236,0
2026-05-28 16:20:00+00:00,159.237,159.241,159.225,159.228,0
2026-05-28 16:21:00+00:00,159.226,159.227,159.194,159.199,0
2026-05-28 16:22:00+00:00,159.199,159.203,159.188,159.197,0
2026-05-28 16:23:00+00:00,159.193,159.199,159.186,159.199,0
2026-05-28 16:24:00+00:00,159.2,159.2,159.113,159.15,0
2026-05-28 16:25:00+00:00,159.149,159.163,159.145,159.153,0
2026-05-28 16:26:00+00:00,159.152,159.158,159.136,159.139,0
2026-05-28 16:27:00+00:00,159.138,159.152,159.135,159.147,0
2026-05-28 16:28:00+00:00,159.146,159.165,159.137,159.165,0
2026-05-28 16:29:00+00:00,159.163,159.172,159.159,159.172,0
2026-05-28 16:30:00+00:00,159.173,159.186,159.173,159.175,0
2026-05-28 16:31:00+00:00,159.175,159.194,159.173,159.19,0
2026-05-28 16:32:00+00:00,159.189,159.203,159.188,159.201,0
2026-05-28 16:33:00+00:00,159.2,159.212,159.192,159.203,0
2026-05-28 16:34:00+00:00,159.204,159.211,159.197,159.198,0
2026-05-28 16:35:00+00:00,159.198,159.2,159.191,159.199,0
2026-05-28 16:36:00+00:00,159.198,159.21,159.196,159.208,0
2026-05-28 16:37:00+00:00,159.21,159.212,159.188,159.198,0
2026-05-28 16:38:00+00:00,159.199,159.214,159.199,159.214,0
2026-05-28 16:39:00+00:00,159.212,159.215,159.209,159.214,0
2026-05-28 16:40:00+00:00,159.214,159.214,159.2,159.201,0
2026-05-28 16:41:00+00:00,159.2,159.2,159.175,159.175,0
2026-05-28 16:42:00+00:00,159.177,159.184,159.175,159.18,0
2026-05-28 16:43:00+00:00,159.18,159.187,159.175,159.186,0
2026-05-28 16:44:00+00:00,159.187,159.191,159.181,159.184,0
2026-05-28 16:45:00+00:00,159.183,159.183,159.161,159.169,0
2026-05-28 16:46:00+00:00,159.169,159.174,159.167,159.167,0
2026-05-28 16:47:00+00:00,159.169,159.178,159.168,159.178,0
2026-05-28 16:48:00+00:00,159.177,159.179,159.17,159.174,0
2026-05-28 16:49:00+00:00,159.174,159.185,159.171,159.184,0
2026-05-28 16:50:00+00:00,159.184,159.184,159.163,159.175,0
2026-05-28 16:51:00+00:00,159.173,159.177,159.169,159.177,0
2026-05-28 16:52:00+00:00,159.178,159.18,159.172,159.172,0
2026-05-28 16:53:00+00:00,159.172,159.179,159.162,159.178,0
2026-05-28 16:54:00+00:00,159.176,159.186,159.164,159.177,0
2026-05-28 16:55:00+00:00,159.174,159.175,159.157,159.157,0
2026-05-28 16:56:00+00:00,159.157,159.16,159.15,159.159,0
2026-05-28 16:57:00+00:00,159.156,159.164,159.149,159.16,0
2026-05-28 16:58:00+00:00,159.161,159.166,159.161,159.165,0
2026-05-28 16:59:00+00:00,159.163,159.167,159.161,159.164,0
2026-05-28 17:00:00+00:00,159.162,159.164,159.154,159.156,0
2026-05-28 17:01:00+00:00,159.155,159.157,159.146,159.149,0
2026-05-28 17:02:00+00:00,159.147,159.165,159.146,159.16,0
2026-05-28 17:03:00+00:00,159.161,159.161,159.149,159.153,0
2026-05-28 17:04:00+00:00,159.157,159.163,159.157,159.161,0
2026-05-28 17:05:00+00:00,159.161,159.191,159.161,159.187,0
2026-05-28 17:06:00+00:00,159.187,159.191,159.181,159.187,0
2026-05-28 17:07:00+00:00,159.185,159.196,159.185,159.19,0
2026-05-28 17:08:00+00:00,159.19,159.191,159.183,159.184,0
2026-05-28 17:09:00+00:00,159.184,159.184,159.165,159.166,0
2026-05-28 17:10:00+00:00,159.165,159.171,159.16,159.171,0
2026-05-28 17:11:00+00:00,159.172,159.198,159.172,159.184,0
2026-05-28 17:12:00+00:00,159.183,159.196,159.183,159.193,0
2026-05-28 17:13:00+00:00,159.191,159.196,159.185,159.196,0
2026-05-28 17:14:00+00:00,159.197,159.199,159.197,159.198,0
2026-05-28 17:15:00+00:00,159.196,159.205,159.189,159.202,0
2026-05-28 17:16:00+00:00,159.201,159.204,159.197,159.2,0
2026-05-28 17:17:00+00:00,159.197,159.197,159.191,159.196,0
2026-05-28 17:18:00+00:00,159.197,159.198,159.195,159.196,0
2026-05-28 17:19:00+00:00,159.195,159.2,159.189,159.2,0
2026-05-28 17:20:00+00:00,159.199,159.207,159.194,159.199,0
2026-05-28 17:21:00+00:00,159.197,159.208,159.197,159.197,0
2026-05-28 17:22:00+00:00,159.195,159.195,159.185,159.185,0
2026-05-28 17:23:00+00:00,159.188,159.199,159.188,159.198,0
2026-05-28 17:24:00+00:00,159.197,159.2,159.197,159.199,0
2026-05-28 17:25:00+00:00,159.201,159.209,159.2,159.203,0
2026-05-28 17:26:00+00:00,159.204,159.211,159.203,159.21,0
2026-05-28 17:27:00+00:00,159.21,159.224,159.21,159.224,0
2026-05-28 17:28:00+00:00,159.223,159.226,159.223,159.226,0
2026-05-28 17:29:00+00:00,159.225,159.239,159.223,159.237,0
2026-05-28 17:30:00+00:00,159.237,159.237,159.227,159.227,0
2026-05-28 17:31:00+00:00,159.23,159.23,159.209,159.209,0
2026-05-28 17:32:00+00:00,159.208,159.217,159.208,159.216,0
2026-05-28 17:33:00+00:00,159.215,159.216,159.199,159.203,0
2026-05-28 17:34:00+00:00,159.202,159.205,159.201,159.201,0
2026-05-28 17:35:00+00:00,159.202,159.204,159.198,159.203,0
2026-05-28 17:36:00+00:00,159.204,159.212,159.204,159.212,0
2026-05-28 17:37:00+00:00,159.21,159.21,159.201,159.206,0
2026-05-28 17:38:00+00:00,159.206,159.207,159.205,159.207,0
2026-05-28 17:39:00+00:00,159.209,159.21,159.199,159.199,0
2026-05-28 17:40:00+00:00,159.198,159.201,159.196,159.197,0
2026-05-28 17:41:00+00:00,159.197,159.198,159.195,159.198,0
2026-05-28 17:42:00+00:00,159.2,159.204,159.196,159.201,0
2026-05-28 17:43:00+00:00,159.203,159.203,159.196,159.201,0
2026-05-28 17:44:00+00:00,159.201,159.21,159.199,159.21,0
2026-05-28 17:45:00+00:00,159.209,159.209,159.198,159.199,0
2026-05-28 17:46:00+00:00,159.198,159.201,159.196,159.196,0
2026-05-28 17:47:00+00:00,159.197,159.203,159.19,159.203,0
2026-05-28 17:48:00+00:00,159.203,159.203,159.198,159.2,0
2026-05-28 17:49:00+00:00,159.201,159.211,159.201,159.209,0
2026-05-28 17:50:00+00:00,159.211,159.222,159.208,159.222,0
2026-05-28 17:51:00+00:00,159.22,159.235,159.215,159.232,0
2026-05-28 17:52:00+00:00,159.228,159.229,159.217,159.224,0
2026-05-28 17:53:00+00:00,159.223,159.225,159.219,159.222,0
2026-05-28 17:54:00+00:00,159.223,159.224,159.22,159.22,0
2026-05-28 17:55:00+00:00,159.222,159.223,159.208,159.21,0
2026-05-28 17:56:00+00:00,159.211,159.211,159.197,159.198,0
2026-05-28 17:57:00+00:00,159.2,159.212,159.199,159.203,0
2026-05-28 17:58:00+00:00,159.203,159.204,159.201,159.201,0
2026-05-28 17:59:00+00:00,159.201,159.202,159.198,159.199,0
2026-05-28 18:00:00+00:00,159.197,159.21,159.197,159.202,0
2026-05-28 18:01:00+00:00,159.205,159.215,159.202,159.203,0
2026-05-28 18:02:00+00:00,159.203,159.203,159.19,159.194,0
2026-05-28 18:03:00+00:00,159.193,159.193,159.183,159.186,0
2026-05-28 18:04:00+00:00,159.188,159.2,159.187,159.2,0
2026-05-28 18:05:00+00:00,159.197,159.2,159.186,159.198,0
2026-05-28 18:06:00+00:00,159.2,159.201,159.192,159.193,0
2026-05-28 18:07:00+00:00,159.192,159.201,159.19,159.194,0
2026-05-28 18:08:00+00:00,159.196,159.2,159.196,159.198,0
2026-05-28 18:09:00+00:00,159.198,159.198,159.186,159.195,0
2026-05-28 18:10:00+00:00,159.197,159.212,159.197,159.212,0
2026-05-28 18:11:00+00:00,159.21,159.231,159.208,159.222,0
2026-05-28 18:12:00+00:00,159.22,159.221,159.209,159.211,0
2026-05-28 18:13:00+00:00,159.209,159.209,159.199,159.199,0
2026-05-28 18:14:00+00:00,159.2,159.212,159.197,159.203,0
2026-05-28 18:15:00+00:00,159.203,159.219,159.202,159.205,0
2026-05-28 18:16:00+00:00,159.205,159.209,159.174,159.184,0
2026-05-28 18:17:00+00:00,159.183,159.217,159.173,159.217,0
2026-05-28 18:18:00+00:00,159.216,159.227,159.197,159.213,0
2026-05-28 18:19:00+00:00,159.212,159.214,159.195,159.199,0
2026-05-28 18:20:00+00:00,159.196,159.238,159.194,159.223,0
2026-05-28 18:21:00+00:00,159.226,159.243,159.226,159.24,0
2026-05-28 18:22:00+00:00,159.238,159.239,159.221,159.23,0
2026-05-28 18:23:00+00:00,159.229,159.235,159.227,159.23,0
2026-05-28 18:24:00+00:00,159.231,159.232,159.22,159.228,0
2026-05-28 18:25:00+00:00,159.228,159.236,159.227,159.235,0
2026-05-28 18:26:00+00:00,159.235,159.235,159.229,159.234,0
2026-05-28 18:27:00+00:00,159.234,159.243,159.233,159.24,0
2026-05-28 18:28:00+00:00,159.24,159.255,159.231,159.252,0
2026-05-28 18:29:00+00:00,159.252,159.252,159.247,159.248,0
2026-05-28 18:30:00+00:00,159.249,159.263,159.249,159.261,0
2026-05-28 18:31:00+00:00,159.261,159.263,159.259,159.26,0
2026-05-28 18:32:00+00:00,159.26,159.268,159.259,159.261,0
2026-05-28 18:33:00+00:00,159.26,159.271,159.26,159.271,0
2026-05-28 18:34:00+00:00,159.269,159.275,159.265,159.274,0
2026-05-28 18:35:00+00:00,159.274,159.278,159.27,159.27,0
2026-05-28 18:36:00+00:00,159.272,159.277,159.271,159.272,0
2026-05-28 18:37:00+00:00,159.274,159.276,159.271,159.272,0
2026-05-28 18:38:00+00:00,159.271,159.279,159.271,159.278,0
2026-05-28 18:39:00+00:00,159.277,159.282,159.276,159.28,0
2026-05-28 18:40:00+00:00,159.279,159.283,159.278,159.28,0
2026-05-28 18:41:00+00:00,159.28,159.28,159.273,159.274,0
2026-05-28 18:42:00+00:00,159.274,159.277,159.273,159.277,0
2026-05-28 18:43:00+00:00,159.276,159.276,159.271,159.271,0
2026-05-28 18:44:00+00:00,159.272,159.277,159.262,159.273,0
2026-05-28 18:45:00+00:00,159.275,159.275,159.273,159.273,0
2026-05-28 18:46:00+00:00,159.272,159.272,159.261,159.264,0
2026-05-28 18:47:00+00:00,159.264,159.269,159.263,159.268,0
2026-05-28 18:48:00+00:00,159.269,159.271,159.264,159.267,0
2026-05-28 18:49:00+00:00,159.267,159.267,159.262,159.265,0
2026-05-28 18:50:00+00:00,159.267,159.267,159.263,159.264,0
2026-05-28 18:51:00+00:00,159.263,159.27,159.26,159.266,0
2026-05-28 18:52:00+00:00,159.266,159.266,159.258,159.26,0
2026-05-28 18:53:00+00:00,159.26,159.261,159.245,159.245,0
2026-05-28 18:54:00+00:00,159.245,159.251,159.245,159.251,0
2026-05-28 18:55:00+00:00,159.255,159.257,159.249,159.252,0
2026-05-28 18:56:00+00:00,159.252,159.257,159.25,159.256,0
2026-05-28 18:57:00+00:00,159.252,159.258,159.247,159.25,0
2026-05-28 18:58:00+00:00,159.254,159.263,159.252,159.256,0
2026-05-28 18:59:00+00:00,159.256,159.261,159.255,159.257,0
2026-05-28 19:00:00+00:00,159.258,159.276,159.258,159.272,0
2026-05-28 19:01:00+00:00,159.274,159.275,159.269,159.273,0
2026-05-28 19:02:00+00:00,159.275,159.275,159.259,159.259,0
2026-05-28 19:03:00+00:00,159.255,159.266,159.255,159.266,0
2026-05-28 19:04:00+00:00,159.265,159.275,159.265,159.273,0
2026-05-28 19:05:00+00:00,159.273,159.276,159.273,159.274,0
2026-05-28 19:06:00+00:00,159.274,159.274,159.272,159.272,0
2026-05-28 19:07:00+00:00,159.272,159.277,159.272,159.273,0
2026-05-28 19:08:00+00:00,159.274,159.283,159.271,159.273,0
2026-05-28 19:09:00+00:00,159.276,159.283,159.273,159.282,0
2026-05-28 19:10:00+00:00,159.28,159.28,159.27,159.273,0
2026-05-28 19:11:00+00:00,159.273,159.277,159.272,159.274,0
2026-05-28 19:12:00+00:00,159.273,159.286,159.273,159.285,0
2026-05-28 19:13:00+00:00,159.285,159.285,159.272,159.272,0
2026-05-28 19:14:00+00:00,159.275,159.284,159.275,159.277,0
2026-05-28 19:15:00+00:00,159.275,159.278,159.271,159.274,0
2026-05-28 19:16:00+00:00,159.273,159.273,159.27,159.271,0
2026-05-28 19:17:00+00:00,159.271,159.271,159.263,159.265,0
2026-05-28 19:18:00+00:00,159.266,159.267,159.262,159.262,0
2026-05-28 19:19:00+00:00,159.262,159.266,159.262,159.263,0
2026-05-28 19:20:00+00:00,159.262,159.264,159.26,159.264,0
2026-05-28 19:21:00+00:00,159.262,159.263,159.261,159.263,0
2026-05-28 19:22:00+00:00,159.262,159.262,159.262,159.262,0
2026-05-28 19:23:00+00:00,159.262,159.262,159.262,159.262,0
2026-05-28 19:24:00+00:00,159.259,159.263,159.258,159.261,0
2026-05-28 19:25:00+00:00,159.261,159.261,159.258,159.258,0
2026-05-28 19:26:00+00:00,159.26,159.262,159.26,159.26,0
2026-05-28 19:27:00+00:00,159.261,159.261,159.259,159.259,0
2026-05-28 19:28:00+00:00,159.258,159.258,159.257,159.257,0
2026-05-28 19:29:00+00:00,159.257,159.257,159.252,159.252,0
2026-05-28 19:30:00+00:00,159.252,159.253,159.232,159.237,0
2026-05-28 19:31:00+00:00,159.237,159.246,159.236,159.238,0
2026-05-28 19:32:00+00:00,159.237,159.237,159.232,159.235,0
2026-05-28 19:33:00+00:00,159.235,159.235,159.231,159.234,0
2026-05-28 19:34:00+00:00,159.233,159.235,159.229,159.234,0
2026-05-28 19:35:00+00:00,159.235,159.235,159.231,159.231,0
2026-05-28 19:36:00+00:00,159.232,159.234,159.222,159.223,0
2026-05-28 19:37:00+00:00,159.224,159.224,159.222,159.223,0
2026-05-28 19:38:00+00:00,159.223,159.227,159.218,159.219,0
2026-05-28 19:39:00+00:00,159.221,159.221,159.211,159.211,0
2026-05-28 19:40:00+00:00,159.212,159.224,159.212,159.223,0
2026-05-28 19:41:00+00:00,159.224,159.225,159.22,159.22,0
2026-05-28 19:42:00+00:00,159.221,159.221,159.219,159.221,0
2026-05-28 19:43:00+00:00,159.221,159.221,159.211,159.213,0
2026-05-28 19:44:00+00:00,159.212,159.212,159.207,159.207,0
2026-05-28 19:45:00+00:00,159.211,159.221,159.211,159.211,0
2026-05-28 19:46:00+00:00,159.212,159.221,159.209,159.218,0
2026-05-28 19:47:00+00:00,159.22,159.221,159.213,159.217,0
2026-05-28 19:48:00+00:00,159.218,159.22,159.21,159.211,0
2026-05-28 19:49:00+00:00,159.212,159.217,159.211,159.212,0
2026-05-28 19:50:00+00:00,159.214,159.226,159.214,159.223,0
2026-05-28 19:51:00+00:00,159.223,159.231,159.223,159.229,0
2026-05-28 19:52:00+00:00,159.227,159.234,159.227,159.228,0
2026-05-28 19:53:00+00:00,159.228,159.231,159.222,159.224,0
2026-05-28 19:54:00+00:00,159.222,159.222,159.22,159.22,0
2026-05-28 19:55:00+00:00,159.222,159.247,159.222,159.242,0
2026-05-28 19:56:00+00:00,159.24,159.241,159.236,159.239,0
2026-05-28 19:57:00+00:00,159.239,159.251,159.239,159.246,0
2026-05-28 19:58:00+00:00,159.246,159.249,159.241,159.241,0
2026-05-28 19:59:00+00:00,159.242,159.248,159.241,159.247,0
2026-05-28 20:00:00+00:00,159.245,159.249,159.245,159.246,0
2026-05-28 20:01:00+00:00,159.247,159.253,159.242,159.245,0
2026-05-28 20:02:00+00:00,159.245,159.245,159.238,159.24,0
2026-05-28 20:03:00+00:00,159.241,159.254,159.238,159.248,0
2026-05-28 20:04:00+00:00,159.247,159.25,159.247,159.249,0
2026-05-28 20:05:00+00:00,159.25,159.261,159.249,159.261,0
2026-05-28 20:06:00+00:00,159.256,159.256,159.247,159.248,0
2026-05-28 20:07:00+00:00,159.247,159.247,159.237,159.238,0
2026-05-28 20:08:00+00:00,159.237,159.246,159.237,159.246,0
2026-05-28 20:09:00+00:00,159.247,159.247,159.246,159.246,0
2026-05-28 20:10:00+00:00,159.247,159.258,159.247,159.255,0
2026-05-28 20:11:00+00:00,159.254,159.257,159.249,159.252,0
2026-05-28 20:12:00+00:00,159.253,159.255,159.252,159.253,0
2026-05-28 20:13:00+00:00,159.257,159.26,159.257,159.257,0
2026-05-28 20:14:00+00:00,159.256,159.256,159.247,159.247,0
2026-05-28 20:15:00+00:00,159.246,159.25,159.246,159.246,0
2026-05-28 20:16:00+00:00,159.245,159.245,159.245,159.245,0
2026-05-28 20:17:00+00:00,159.244,159.244,159.235,159.239,0
2026-05-28 20:18:00+00:00,159.239,159.244,159.239,159.243,0
2026-05-28 20:19:00+00:00,159.241,159.255,159.241,159.255,0
2026-05-28 20:20:00+00:00,159.253,159.253,159.249,159.249,0
2026-05-28 20:21:00+00:00,159.25,159.25,159.248,159.25,0
2026-05-28 20:22:00+00:00,159.25,159.262,159.25,159.261,0
2026-05-28 20:23:00+00:00,159.261,159.261,159.259,159.259,0
2026-05-28 20:24:00+00:00,159.262,159.262,159.259,159.259,0
2026-05-28 20:25:00+00:00,159.26,159.263,159.26,159.263,0
2026-05-28 20:26:00+00:00,159.264,159.269,159.264,159.269,0
2026-05-28 20:27:00+00:00,159.267,159.267,159.262,159.262,0
2026-05-28 20:28:00+00:00,159.263,159.263,159.257,159.257,0
2026-05-28 20:29:00+00:00,159.258,159.26,159.256,159.259,0
2026-05-28 20:30:00+00:00,159.26,159.26,159.26,159.26,0
2026-05-28 20:31:00+00:00,159.259,159.259,159.247,159.251,0
2026-05-28 20:32:00+00:00,159.251,159.262,159.251,159.261,0
2026-05-28 20:33:00+00:00,159.262,159.262,159.262,159.262,0
2026-05-28 20:34:00+00:00,159.261,159.261,159.258,159.258,0
2026-05-28 20:35:00+00:00,159.26,159.26,159.258,159.26,0
2026-05-28 20:36:00+00:00,159.262,159.262,159.258,159.26,0
2026-05-28 20:37:00+00:00,159.26,159.272,159.26,159.271,0
2026-05-28 20:38:00+00:00,159.27,159.27,159.26,159.262,0
2026-05-28 20:39:00+00:00,159.26,159.261,159.258,159.261,0
2026-05-28 20:40:00+00:00,159.259,159.261,159.259,159.26,0
2026-05-28 20:41:00+00:00,159.259,159.263,159.259,159.263,0
2026-05-28 20:42:00+00:00,159.264,159.264,159.259,159.26,0
2026-05-28 20:43:00+00:00,159.258,159.263,159.256,159.259,0
2026-05-28 20:44:00+00:00,159.26,159.26,159.258,159.258,0
2026-05-28 20:45:00+00:00,159.258,159.261,159.256,159.258,0
2026-05-28 20:46:00+00:00,159.256,159.258,159.248,159.251,0
2026-05-28 20:47:00+00:00,159.252,159.257,159.249,159.252,0
2026-05-28 20:48:00+00:00,159.253,159.26,159.247,159.259,0
2026-05-28 20:49:00+00:00,159.259,159.26,159.257,159.259,0
2026-05-28 20:50:00+00:00,159.258,159.259,159.254,159.257,0
2026-05-28 20:51:00+00:00,159.255,159.256,159.246,159.248,0
2026-05-28 20:52:00+00:00,159.248,159.251,159.247,159.247,0
2026-05-28 20:53:00+00:00,159.248,159.249,159.248,159.249,0
2026-05-28 20:54:00+00:00,159.25,159.251,159.249,159.249,0
2026-05-28 20:55:00+00:00,159.249,159.256,159.245,159.256,0
2026-05-28 20:56:00+00:00,159.255,159.256,159.247,159.248,0
2026-05-28 20:57:00+00:00,159.251,159.257,159.244,159.245,0
2026-05-28 20:58:00+00:00,159.245,159.245,159.242,159.243,0
2026-05-28 20:59:00+00:00,159.242,159.243,159.222,159.227,0
2026-05-28 21:00:00+00:00,159.227,159.227,159.223,159.225,0
2026-05-28 21:01:00+00:00,159.192,159.192,159.192,159.192,0
2026-05-28 21:02:00+00:00,159.19,159.192,159.19,159.192,0
2026-05-28 21:03:00+00:00,159.192,159.192,159.192,159.192,0
2026-05-28 21:04:00+00:00,159.19,159.19,159.19,159.19,0
2026-05-28 21:05:00+00:00,159.187,159.187,159.181,159.181,0
2026-05-28 21:06:00+00:00,159.182,159.182,159.18,159.18,0
2026-05-28 21:07:00+00:00,159.18,159.18,159.18,159.18,0
2026-05-28 21:08:00+00:00,159.18,159.18,159.179,159.179,0
2026-05-28 21:09:00+00:00,159.18,159.184,159.18,159.184,0
2026-05-28 21:10:00+00:00,159.187,159.188,159.186,159.186,0
2026-05-28 21:11:00+00:00,159.184,159.184,159.184,159.184,0
2026-05-28 21:12:00+00:00,159.187,159.188,159.187,159.188,0
2026-05-28 21:13:00+00:00,159.187,159.187,159.184,159.184,0
2026-05-28 21:14:00+00:00,159.184,159.184,159.184,159.184,0
2026-05-28 21:15:00+00:00,159.19,159.19,159.19,159.19,0
2026-05-28 21:16:00+00:00,159.19,159.191,159.19,159.191,0
2026-05-28 21:17:00+00:00,159.186,159.19,159.184,159.19,0
2026-05-28 21:18:00+00:00,159.191,159.191,159.19,159.19,0
2026-05-28 21:19:00+00:00,159.187,159.187,159.186,159.186,0
2026-05-28 21:20:00+00:00,159.186,159.186,159.181,159.186,0
2026-05-28 21:21:00+00:00,159.188,159.188,159.186,159.188,0
2026-05-28 21:22:00+00:00,159.188,159.188,159.186,159.186,0
2026-05-28 21:23:00+00:00,159.186,159.186,159.186,159.186,0
2026-05-28 21:24:00+00:00,159.188,159.188,159.188,159.188,0
2026-05-28 21:25:00+00:00,159.191,159.191,159.191,159.191,0
2026-05-28 21:26:00+00:00,159.188,159.194,159.183,159.191,0
2026-05-28 21:27:00+00:00,159.188,159.188,159.18,159.18,0
2026-05-28 21:28:00+00:00,159.189,159.189,159.188,159.188,0
2026-05-28 21:29:00+00:00,159.188,159.188,159.188,159.188,0
2026-05-28 21:30:00+00:00,159.197,159.203,159.191,159.191,0
2026-05-28 21:31:00+00:00,159.189,159.199,159.189,159.194,0
2026-05-28 21:32:00+00:00,159.199,159.203,159.197,159.198,0
2026-05-28 21:33:00+00:00,159.199,159.206,159.197,159.2,0
2026-05-28 21:34:00+00:00,159.197,159.206,159.197,159.206,0
2026-05-28 21:35:00+00:00,159.203,159.21,159.201,159.21,0
2026-05-28 21:36:00+00:00,159.208,159.211,159.207,159.21,0
2026-05-28 21:37:00+00:00,159.213,159.217,159.21,159.21,0
2026-05-28 21:38:00+00:00,159.211,159.23,159.211,159.224,0
2026-05-28 21:39:00+00:00,159.224,159.233,159.215,159.23,0
2026-05-28 21:40:00+00:00,159.23,159.232,159.217,159.218,0
2026-05-28 21:41:00+00:00,159.218,159.22,159.217,159.218,0
2026-05-28 21:42:00+00:00,159.217,159.222,159.211,159.218,0
2026-05-28 21:43:00+00:00,159.218,159.228,159.211,159.227,0
2026-05-28 21:44:00+00:00,159.227,159.227,159.22,159.22,0
2026-05-28 21:45:00+00:00,159.22,159.224,159.22,159.223,0
2026-05-28 21:46:00+00:00,159.211,159.211,159.211,159.211,0
2026-05-28 21:47:00+00:00,159.208,159.223,159.208,159.223,0
2026-05-28 21:48:00+00:00,159.209,159.222,159.209,159.222,0
2026-05-28 21:49:00+00:00,159.223,159.225,159.213,159.225,0
2026-05-28 21:50:00+00:00,159.225,159.225,159.221,159.222,0
2026-05-28 21:51:00+00:00,159.221,159.222,159.21,159.222,0
2026-05-28 21:52:00+00:00,159.223,159.223,159.215,159.22,0
2026-05-28 21:53:00+00:00,159.22,159.22,159.214,159.219,0
2026-05-28 21:54:00+00:00,159.219,159.224,159.217,159.221,0
2026-05-28 21:55:00+00:00,159.22,159.22,159.212,159.215,0
2026-05-28 21:56:00+00:00,159.215,159.215,159.212,159.214,0
2026-05-28 21:57:00+00:00,159.212,159.215,159.212,159.215,0
2026-05-28 21:58:00+00:00,159.211,159.223,159.211,159.223,0
2026-05-28 21:59:00+00:00,159.212,159.232,159.212,159.226,0
2026-05-28 22:00:00+00:00,159.225,159.258,159.211,159.249,0
2026-05-28 22:01:00+00:00,159.252,159.252,159.25,159.252,0
2026-05-28 22:02:00+00:00,159.251,159.254,159.249,159.251,0
2026-05-28 22:03:00+00:00,159.251,159.251,159.237,159.248,0
2026-05-28 22:04:00+00:00,159.248,159.252,159.246,159.252,0
2026-05-28 22:05:00+00:00,159.244,159.244,159.225,159.241,0
2026-05-28 22:06:00+00:00,159.241,159.247,159.241,159.247,0
2026-05-28 22:07:00+00:00,159.245,159.248,159.244,159.247,0
2026-05-28 22:08:00+00:00,159.247,159.247,159.232,159.237,0
2026-05-28 22:09:00+00:00,159.229,159.241,159.223,159.238,0
2026-05-28 22:10:00+00:00,159.237,159.239,159.232,159.239,0
2026-05-28 22:11:00+00:00,159.239,159.239,159.229,159.236,0
2026-05-28 22:12:00+00:00,159.237,159.237,159.232,159.234,0
2026-05-28 22:13:00+00:00,159.233,159.233,159.232,159.233,0
2026-05-28 22:14:00+00:00,159.23,159.233,159.22,159.223,0
2026-05-28 22:15:00+00:00,159.223,159.241,159.223,159.239,0
2026-05-28 22:16:00+00:00,159.237,159.24,159.236,159.24,0
2026-05-28 22:17:00+00:00,159.24,159.24,159.238,159.24,0
2026-05-28 22:18:00+00:00,159.24,159.242,159.238,159.241,0
2026-05-28 22:19:00+00:00,159.239,159.242,159.239,159.242,0
2026-05-28 22:20:00+00:00,159.24,159.243,159.24,159.242,0
2026-05-28 22:21:00+00:00,159.243,159.243,159.236,159.242,0
2026-05-28 22:22:00+00:00,159.241,159.243,159.241,159.242,0
2026-05-28 22:23:00+00:00,159.241,159.241,159.239,159.24,0
2026-05-28 22:24:00+00:00,159.239,159.24,159.239,159.239,0
2026-05-28 22:25:00+00:00,159.241,159.241,159.238,159.24,0
2026-05-28 22:26:00+00:00,159.24,159.24,159.24,159.24,0
2026-05-28 22:27:00+00:00,159.241,159.253,159.241,159.249,0
2026-05-28 22:28:00+00:00,159.248,159.249,159.248,159.249,0
2026-05-28 22:29:00+00:00,159.247,159.25,159.247,159.25,0
2026-05-28 22:30:00+00:00,159.25,159.277,159.25,159.277,0
2026-05-28 22:31:00+00:00,159.276,159.276,159.274,159.274,0
2026-05-28 22:32:00+00:00,159.275,159.275,159.272,159.272,0
2026-05-28 22:33:00+00:00,159.271,159.271,159.258,159.261,0
2026-05-28 22:34:00+00:00,159.263,159.271,159.263,159.264,0
2026-05-28 22:35:00+00:00,159.264,159.266,159.263,159.264,0
2026-05-28 22:36:00+00:00,159.265,159.266,159.265,159.265,0
2026-05-28 22:37:00+00:00,159.268,159.272,159.268,159.271,0
2026-05-28 22:38:00+00:00,159.272,159.273,159.272,159.273,0
2026-05-28 22:39:00+00:00,159.274,159.274,159.264,159.264,0
2026-05-28 22:40:00+00:00,159.264,159.264,159.263,159.264,0
2026-05-28 22:41:00+00:00,159.263,159.263,159.262,159.262,0
2026-05-28 22:42:00+00:00,159.262,159.262,159.249,159.261,0
2026-05-28 22:43:00+00:00,159.261,159.261,159.261,159.261,0
2026-05-28 22:44:00+00:00,159.262,159.262,159.249,159.25,0
2026-05-28 22:45:00+00:00,159.25,159.251,159.249,159.249,0
2026-05-28 22:46:00+00:00,159.25,159.254,159.249,159.254,0
2026-05-28 22:47:00+00:00,159.254,159.266,159.251,159.266,0
2026-05-28 22:48:00+00:00,159.265,159.275,159.263,159.264,0
2026-05-28 22:49:00+00:00,159.263,159.266,159.241,159.246,0
2026-05-28 22:50:00+00:00,159.247,159.249,159.245,159.248,0
2026-05-28 22:51:00+00:00,159.247,159.249,159.247,159.247,0
2026-05-28 22:52:00+00:00,159.248,159.248,159.248,159.248,0
2026-05-28 22:53:00+00:00,159.245,159.245,159.235,159.238,0
2026-05-28 22:54:00+00:00,159.247,159.247,159.246,159.246,0
2026-05-28 22:55:00+00:00,159.246,159.246,159.237,159.237,0
2026-05-28 22:56:00+00:00,159.246,159.263,159.246,159.262,0
2026-05-28 22:57:00+00:00,159.262,159.262,159.258,159.261,0
2026-05-28 22:58:00+00:00,159.261,159.262,159.261,159.262,0
2026-05-28 22:59:00+00:00,159.262,159.262,159.261,159.262,0
2026-05-28 23:00:00+00:00,159.262,159.265,159.239,159.239,0
2026-05-28 23:01:00+00:00,159.239,159.252,159.235,159.252,0
2026-05-28 23:02:00+00:00,159.253,159.254,159.25,159.25,0
2026-05-28 23:03:00+00:00,159.251,159.251,159.246,159.249,0
2026-05-28 23:04:00+00:00,159.248,159.25,159.248,159.25,0
2026-05-28 23:05:00+00:00,159.249,159.251,159.248,159.248,0
2026-05-28 23:06:00+00:00,159.249,159.26,159.248,159.259,0
2026-05-28 23:07:00+00:00,159.26,159.262,159.259,159.262,0
2026-05-28 23:08:00+00:00,159.26,159.26,159.259,159.259,0
2026-05-28 23:09:00+00:00,159.261,159.261,159.251,159.251,0
2026-05-28 23:10:00+00:00,159.25,159.251,159.248,159.248,0
2026-05-28 23:11:00+00:00,159.248,159.252,159.248,159.251,0
2026-05-28 23:12:00+00:00,159.253,159.253,159.253,159.253,0
2026-05-28 23:13:00+00:00,159.252,159.253,159.252,159.253,0
2026-05-28 23:14:00+00:00,159.252,159.252,159.251,159.252,0
2026-05-28 23:15:00+00:00,159.251,159.252,159.25,159.251,0
2026-05-28 23:16:00+00:00,159.252,159.252,159.25,159.25,0
2026-05-28 23:17:00+00:00,159.251,159.251,159.24,159.248,0
2026-05-28 23:18:00+00:00,159.249,159.251,159.248,159.249,0
2026-05-28 23:19:00+00:00,159.25,159.254,159.249,159.251,0
2026-05-28 23:20:00+00:00,159.25,159.251,159.249,159.251,0
2026-05-28 23:21:00+00:00,159.25,159.25,159.246,159.246,0
2026-05-28 23:22:00+00:00,159.246,159.247,159.24,159.247,0
2026-05-28 23:23:00+00:00,159.244,159.244,159.235,159.236,0
2026-05-28 23:24:00+00:00,159.236,159.238,159.234,159.237,0
2026-05-28 23:25:00+00:00,159.235,159.235,159.234,159.234,0
2026-05-28 23:26:00+00:00,159.233,159.239,159.233,159.239,0
2026-05-28 23:27:00+00:00,159.238,159.238,159.238,159.238,0
2026-05-28 23:28:00+00:00,159.236,159.237,159.236,159.237,0
2026-05-28 23:29:00+00:00,159.237,159.237,159.232,159.235,0
2026-05-28 23:30:00+00:00,159.235,159.275,159.235,159.259,0
2026-05-28 23:31:00+00:00,159.259,159.259,159.235,159.248,0
2026-05-28 23:32:00+00:00,159.247,159.249,159.245,159.247,0
2026-05-28 23:33:00+00:00,159.248,159.249,159.248,159.248,0
2026-05-28 23:34:00+00:00,159.248,159.249,159.223,159.223,0
2026-05-28 23:35:00+00:00,159.224,159.235,159.224,159.235,0
2026-05-28 23:36:00+00:00,159.236,159.238,159.232,159.238,0
2026-05-28 23:37:00+00:00,159.238,159.238,159.226,159.23,0
2026-05-28 23:38:00+00:00,159.23,159.237,159.23,159.231,0
2026-05-28 23:39:00+00:00,159.232,159.271,159.229,159.264,0
2026-05-28 23:40:00+00:00,159.264,159.266,159.251,159.266,0
2026-05-28 23:41:00+00:00,159.266,159.266,159.26,159.264,0
2026-05-28 23:42:00+00:00,159.265,159.266,159.265,159.266,0
2026-05-28 23:43:00+00:00,159.266,159.266,159.266,159.266,0
2026-05-28 23:44:00+00:00,159.264,159.265,159.264,159.265,0
2026-05-28 23:45:00+00:00,159.264,159.264,159.25,159.25,0
2026-05-28 23:46:00+00:00,159.25,159.264,159.25,159.264,0
2026-05-28 23:47:00+00:00,159.262,159.263,159.26,159.262,0
2026-05-28 23:48:00+00:00,159.264,159.265,159.263,159.264,0
2026-05-28 23:49:00+00:00,159.264,159.275,159.258,159.26,0
2026-05-28 23:50:00+00:00,159.26,159.261,159.258,159.261,0
2026-05-28 23:51:00+00:00,159.26,159.26,159.22,159.235,0
2026-05-28 23:52:00+00:00,159.233,159.252,159.233,159.251,0
2026-05-28 23:53:00+00:00,159.251,159.252,159.249,159.251,0
2026-05-28 23:54:00+00:00,159.252,159.254,159.251,159.252,0
2026-05-28 23:55:00+00:00,159.253,159.272,159.251,159.264,0
2026-05-28 23:56:00+00:00,159.264,159.27,159.261,159.27,0
2026-05-28 23:57:00+00:00,159.274,159.274,159.265,159.27,0
2026-05-28 23:58:00+00:00,159.268,159.269,159.264,159.269,0
2026-05-28 23:59:00+00:00,159.269,159.272,159.261,159.272,0
2026-05-29 00:00:00+00:00,159.27,159.279,159.26,159.268,0
2026-05-29 00:01:00+00:00,159.266,159.279,159.262,159.276,0
2026-05-29 00:02:00+00:00,159.276,159.297,159.271,159.292,0
2026-05-29 00:03:00+00:00,159.293,159.298,159.285,159.29,0
2026-05-29 00:04:00+00:00,159.29,159.301,159.285,159.287,0
2026-05-29 00:05:00+00:00,159.289,159.293,159.275,159.289,0
2026-05-29 00:06:00+00:00,159.289,159.295,159.287,159.293,0
2026-05-29 00:07:00+00:00,159.292,159.293,159.285,159.288,0
2026-05-29 00:08:00+00:00,159.289,159.296,159.289,159.294,0
2026-05-29 00:09:00+00:00,159.299,159.307,159.291,159.305,0
2026-05-29 00:10:00+00:00,159.31,159.311,159.293,159.299,0
2026-05-29 00:11:00+00:00,159.301,159.302,159.295,159.302,0
2026-05-29 00:12:00+00:00,159.299,159.302,159.291,159.296,0
2026-05-29 00:13:00+00:00,159.297,159.3,159.297,159.298,0
2026-05-29 00:14:00+00:00,159.297,159.3,159.29,159.29,0
2026-05-29 00:15:00+00:00,159.29,159.294,159.285,159.285,0
2026-05-29 00:16:00+00:00,159.287,159.287,159.263,159.268,0
2026-05-29 00:17:00+00:00,159.27,159.28,159.27,159.28,0
2026-05-29 00:18:00+00:00,159.28,159.28,159.262,159.264,0
2026-05-29 00:19:00+00:00,159.262,159.265,159.262,159.265,0
2026-05-29 00:20:00+00:00,159.265,159.265,159.246,159.25,0
2026-05-29 00:21:00+00:00,159.251,159.252,159.25,159.251,0
2026-05-29 00:22:00+00:00,159.252,159.261,159.25,159.251,0
2026-05-29 00:23:00+00:00,159.253,159.26,159.251,159.26,0
2026-05-29 00:24:00+00:00,159.261,159.273,159.26,159.273,0
2026-05-29 00:25:00+00:00,159.271,159.286,159.271,159.283,0
2026-05-29 00:26:00+00:00,159.283,159.283,159.253,159.27,0
2026-05-29 00:27:00+00:00,159.269,159.274,159.26,159.261,0
2026-05-29 00:28:00+00:00,159.258,159.276,159.253,159.275,0
2026-05-29 00:29:00+00:00,159.272,159.279,159.272,159.275,0
2026-05-29 00:30:00+00:00,159.275,159.279,159.275,159.279,0
2026-05-29 00:31:00+00:00,159.283,159.299,159.28,159.295,0
2026-05-29 00:32:00+00:00,159.294,159.299,159.29,159.292,0
2026-05-29 00:33:00+00:00,159.29,159.292,159.287,159.291,0
2026-05-29 00:34:00+00:00,159.293,159.302,159.293,159.301,0
2026-05-29 00:35:00+00:00,159.301,159.301,159.291,159.295,0
2026-05-29 00:36:00+00:00,159.295,159.3,159.294,159.296,0
2026-05-29 00:37:00+00:00,159.296,159.299,159.291,159.299,0
2026-05-29 00:38:00+00:00,159.299,159.3,159.292,159.293,0
2026-05-29 00:39:00+00:00,159.293,159.295,159.286,159.29,0
2026-05-29 00:40:00+00:00,159.29,159.29,159.283,159.288,0
2026-05-29 00:41:00+00:00,159.288,159.29,159.285,159.288,0
2026-05-29 00:42:00+00:00,159.288,159.291,159.282,159.284,0
2026-05-29 00:43:00+00:00,159.283,159.283,159.275,159.278,0
2026-05-29 00:44:00+00:00,159.278,159.278,159.265,159.273,0
2026-05-29 00:45:00+00:00,159.274,159.277,159.274,159.276,0
2026-05-29 00:46:00+00:00,159.276,159.284,159.274,159.274,0
2026-05-29 00:47:00+00:00,159.274,159.291,159.273,159.29,0
2026-05-29 00:48:00+00:00,159.29,159.29,159.279,159.28,0
2026-05-29 00:49:00+00:00,159.28,159.283,159.274,159.283,0
2026-05-29 00:50:00+00:00,159.283,159.312,159.28,159.307,0
2026-05-29 00:51:00+00:00,159.306,159.311,159.298,159.301,0
2026-05-29 00:52:00+00:00,159.3,159.301,159.29,159.301,0
2026-05-29 00:53:00+00:00,159.302,159.302,159.272,159.283,0
2026-05-29 00:54:00+00:00,159.284,159.309,159.279,159.306,0
2026-05-29 00:55:00+00:00,159.302,159.325,159.302,159.317,0
2026-05-29 00:56:00+00:00,159.316,159.318,159.309,159.312,0
2026-05-29 00:57:00+00:00,159.313,159.316,159.307,159.308,0
2026-05-29 00:58:00+00:00,159.306,159.31,159.301,159.303,0
2026-05-29 00:59:00+00:00,159.304,159.305,159.29,159.291,0
2026-05-29 01:00:00+00:00,159.291,159.297,159.276,159.287,0
2026-05-29 01:01:00+00:00,159.285,159.291,159.279,159.285,0
2026-05-29 01:02:00+00:00,159.283,159.29,159.283,159.286,0
2026-05-29 01:03:00+00:00,159.288,159.317,159.287,159.309,0
2026-05-29 01:04:00+00:00,159.308,159.309,159.297,159.298,0
2026-05-29 01:05:00+00:00,159.299,159.302,159.296,159.301,0
2026-05-29 01:06:00+00:00,159.302,159.303,159.296,159.298,0
2026-05-29 01:07:00+00:00,159.298,159.307,159.298,159.3,0
2026-05-29 01:08:00+00:00,159.297,159.3,159.281,159.281,0
2026-05-29 01:09:00+00:00,159.282,159.282,159.259,159.275,0
2026-05-29 01:10:00+00:00,159.275,159.285,159.258,159.264,0
2026-05-29 01:11:00+00:00,159.265,159.265,159.251,159.262,0
2026-05-29 01:12:00+00:00,159.261,159.275,159.26,159.271,0
2026-05-29 01:13:00+00:00,159.27,159.272,159.263,159.267,0
2026-05-29 01:14:00+00:00,159.268,159.273,159.256,159.26,0
2026-05-29 01:15:00+00:00,159.259,159.266,159.252,159.264,0
2026-05-29 01:16:00+00:00,159.266,159.27,159.257,159.262,0
2026-05-29 01:17:00+00:00,159.263,159.271,159.259,159.259,0
2026-05-29 01:18:00+00:00,159.262,159.271,159.258,159.259,0
2026-05-29 01:19:00+00:00,159.258,159.261,159.256,159.258,0
2026-05-29 01:20:00+00:00,159.258,159.27,159.258,159.262,0
2026-05-29 01:21:00+00:00,159.264,159.264,159.254,159.261,0
2026-05-29 01:22:00+00:00,159.26,159.265,159.257,159.262,0
2026-05-29 01:23:00+00:00,159.264,159.271,159.259,159.271,0
2026-05-29 01:24:00+00:00,159.272,159.278,159.272,159.274,0
2026-05-29 01:25:00+00:00,159.273,159.273,159.265,159.265,0
2026-05-29 01:26:00+00:00,159.265,159.271,159.26,159.27,0
2026-05-29 01:27:00+00:00,159.271,159.271,159.26,159.264,0
2026-05-29 01:28:00+00:00,159.268,159.272,159.26,159.272,0
2026-05-29 01:29:00+00:00,159.268,159.275,159.264,159.272,0
2026-05-29 01:30:00+00:00,159.274,159.282,159.272,159.277,0
2026-05-29 01:31:00+00:00,159.277,159.278,159.272,159.274,0
2026-05-29 01:32:00+00:00,159.273,159.274,159.27,159.274,0
2026-05-29 01:33:00+00:00,159.273,159.276,159.273,159.275,0
2026-05-29 01:34:00+00:00,159.276,159.28,159.274,159.28,0
2026-05-29 01:35:00+00:00,159.278,159.278,159.273,159.274,0
2026-05-29 01:36:00+00:00,159.272,159.274,159.27,159.271,0
2026-05-29 01:37:00+00:00,159.273,159.283,159.273,159.274,0
2026-05-29 01:38:00+00:00,159.275,159.275,159.275,159.275,0
2026-05-29 01:39:00+00:00,159.276,159.284,159.275,159.276,0
2026-05-29 01:40:00+00:00,159.275,159.285,159.273,159.283,0
2026-05-29 01:41:00+00:00,159.285,159.286,159.284,159.285,0
2026-05-29 01:42:00+00:00,159.283,159.291,159.277,159.277,0
2026-05-29 01:43:00+00:00,159.276,159.286,159.276,159.285,0
2026-05-29 01:44:00+00:00,159.286,159.286,159.285,159.286,0
2026-05-29 01:45:00+00:00,159.287,159.296,159.287,159.292,0
2026-05-29 01:46:00+00:00,159.291,159.302,159.291,159.3,0
2026-05-29 01:47:00+00:00,159.302,159.326,159.302,159.317,0
2026-05-29 01:48:00+00:00,159.318,159.32,159.311,159.316,0
2026-05-29 01:49:00+00:00,159.318,159.327,159.318,159.321,0
2026-05-29 01:50:00+00:00,159.323,159.324,159.32,159.32,0
2026-05-29 01:51:00+00:00,159.321,159.321,159.311,159.318,0
2026-05-29 01:52:00+00:00,159.318,159.323,159.317,159.323,0
2026-05-29 01:53:00+00:00,159.324,159.324,159.311,159.313,0
2026-05-29 01:54:00+00:00,159.313,159.32,159.312,159.314,0
2026-05-29 01:55:00+00:00,159.313,159.317,159.31,159.317,0
2026-05-29 01:56:00+00:00,159.316,159.327,159.312,159.316,0
2026-05-29 01:57:00+00:00,159.316,159.316,159.312,159.312,0
2026-05-29 01:58:00+00:00,159.314,159.326,159.314,159.323,0
2026-05-29 01:59:00+00:00,159.323,159.323,159.31,159.315,0
2026-05-29 02:00:00+00:00,159.317,159.32,159.311,159.313,0
2026-05-29 02:01:00+00:00,159.312,159.313,159.307,159.311,0
2026-05-29 02:02:00+00:00,159.312,159.32,159.312,159.314,0
2026-05-29 02:03:00+00:00,159.315,159.317,159.301,159.302,0
2026-05-29 02:04:00+00:00,159.299,159.307,159.298,159.301,0
2026-05-29 02:05:00+00:00,159.302,159.308,159.296,159.301,0
2026-05-29 02:06:00+00:00,159.302,159.307,159.3,159.307,0
2026-05-29 02:07:00+00:00,159.308,159.311,159.307,159.309,0
2026-05-29 02:08:00+00:00,159.308,159.308,159.307,159.307,0
2026-05-29 02:09:00+00:00,159.307,159.311,159.298,159.307,0
2026-05-29 02:10:00+00:00,159.307,159.307,159.295,159.299,0
2026-05-29 02:11:00+00:00,159.298,159.299,159.295,159.297,0
2026-05-29 02:12:00+00:00,159.293,159.297,159.293,159.297,0
2026-05-29 02:13:00+00:00,159.297,159.299,159.297,159.299,0
2026-05-29 02:14:00+00:00,159.298,159.299,159.294,159.296,0
2026-05-29 02:15:00+00:00,159.295,159.299,159.294,159.299,0
2026-05-29 02:16:00+00:00,159.298,159.308,159.298,159.302,0
2026-05-29 02:17:00+00:00,159.303,159.307,159.3,159.304,0
2026-05-29 02:18:00+00:00,159.305,159.308,159.304,159.305,0
2026-05-29 02:19:00+00:00,159.306,159.309,159.305,159.309,0
2026-05-29 02:20:00+00:00,159.306,159.308,159.299,159.308,0
2026-05-29 02:21:00+00:00,159.308,159.308,159.302,159.304,0
2026-05-29 02:22:00+00:00,159.303,159.303,159.297,159.301,0
2026-05-29 02:23:00+00:00,159.302,159.307,159.299,159.307,0
2026-05-29 02:24:00+00:00,159.306,159.309,159.302,159.309,0
2026-05-29 02:25:00+00:00,159.311,159.312,159.309,159.309,0
2026-05-29 02:26:00+00:00,159.309,159.309,159.3,159.3,0
2026-05-29 02:27:00+00:00,159.301,159.304,159.299,159.3,0
2026-05-29 02:28:00+00:00,159.299,159.302,159.296,159.3,0
2026-05-29 02:29:00+00:00,159.3,159.301,159.295,159.297,0
2026-05-29 02:30:00+00:00,159.301,159.309,159.3,159.308,0
2026-05-29 02:31:00+00:00,159.309,159.309,159.302,159.309,0
2026-05-29 02:32:00+00:00,159.308,159.308,159.304,159.304,0
2026-05-29 02:33:00+00:00,159.302,159.307,159.299,159.305,0
2026-05-29 02:34:00+00:00,159.302,159.303,159.297,159.297,0
2026-05-29 02:35:00+00:00,159.296,159.303,159.296,159.302,0
2026-05-29 02:36:00+00:00,159.302,159.303,159.299,159.299,0
2026-05-29 02:37:00+00:00,159.301,159.301,159.298,159.298,0
2026-05-29 02:38:00+00:00,159.296,159.3,159.294,159.297,0
2026-05-29 02:39:00+00:00,159.295,159.295,159.293,159.294,0
2026-05-29 02:40:00+00:00,159.293,159.295,159.29,159.292,0
2026-05-29 02:41:00+00:00,159.291,159.291,159.283,159.285,0
2026-05-29 02:42:00+00:00,159.287,159.289,159.275,159.279,0
2026-05-29 02:43:00+00:00,159.285,159.291,159.285,159.291,0
2026-05-29 02:44:00+00:00,159.293,159.293,159.285,159.285,0
2026-05-29 02:45:00+00:00,159.281,159.281,159.277,159.277,0
2026-05-29 02:46:00+00:00,159.278,159.278,159.273,159.274,0
2026-05-29 02:47:00+00:00,159.275,159.283,159.275,159.28,0
2026-05-29 02:48:00+00:00,159.282,159.283,159.28,159.28,0
2026-05-29 02:49:00+00:00,159.279,159.279,159.276,159.279,0
2026-05-29 02:50:00+00:00,159.282,159.286,159.279,159.286,0
2026-05-29 02:51:00+00:00,159.282,159.283,159.277,159.279,0
2026-05-29 02:52:00+00:00,159.279,159.283,159.278,159.282,0
2026-05-29 02:53:00+00:00,159.279,159.284,159.276,159.284,0
2026-05-29 02:54:00+00:00,159.285,159.292,159.285,159.287,0
2026-05-29 02:55:00+00:00,159.289,159.291,159.283,159.29,0
2026-05-29 02:56:00+00:00,159.29,159.29,159.285,159.289,0
2026-05-29 02:57:00+00:00,159.29,159.298,159.29,159.296,0
2026-05-29 02:58:00+00:00,159.297,159.311,159.297,159.311,0
2026-05-29 02:59:00+00:00,159.309,159.313,159.3,159.312,0
2026-05-29 03:00:00+00:00,159.313,159.324,159.311,159.32,0
2026-05-29 03:01:00+00:00,159.322,159.327,159.316,159.316,0
2026-05-29 03:02:00+00:00,159.316,159.337,159.316,159.337,0
2026-05-29 03:03:00+00:00,159.338,159.338,159.326,159.334,0
2026-05-29 03:04:00+00:00,159.335,159.335,159.324,159.326,0
2026-05-29 03:05:00+00:00,159.326,159.331,159.323,159.331,0
2026-05-29 03:06:00+00:00,159.331,159.332,159.321,159.328,0
2026-05-29 03:07:00+00:00,159.329,159.332,159.312,159.313,0
2026-05-29 03:08:00+00:00,159.311,159.325,159.31,159.324,0
2026-05-29 03:09:00+00:00,159.325,159.327,159.323,159.325,0
2026-05-29 03:10:00+00:00,159.327,159.337,159.325,159.33,0
2026-05-29 03:11:00+00:00,159.33,159.333,159.325,159.327,0
2026-05-29 03:12:00+00:00,159.328,159.331,159.324,159.327,0
2026-05-29 03:13:00+00:00,159.328,159.333,159.321,159.324,0
2026-05-29 03:14:00+00:00,159.324,159.329,159.324,159.329,0
2026-05-29 03:15:00+00:00,159.327,159.333,159.327,159.332,0
2026-05-29 03:16:00+00:00,159.334,159.338,159.334,159.337,0
2026-05-29 03:17:00+00:00,159.336,159.337,159.332,159.335,0
2026-05-29 03:18:00+00:00,159.334,159.338,159.323,159.323,0
2026-05-29 03:19:00+00:00,159.325,159.337,159.325,159.333,0
2026-05-29 03:20:00+00:00,159.336,159.339,159.332,159.336,0
2026-05-29 03:21:00+00:00,159.337,159.347,159.334,159.346,0
2026-05-29 03:22:00+00:00,159.347,159.349,159.344,159.344,0
2026-05-29 03:23:00+00:00,159.343,159.347,159.34,159.342,0
2026-05-29 03:24:00+00:00,159.342,159.345,159.34,159.345,0
2026-05-29 03:25:00+00:00,159.345,159.354,159.345,159.35,0
2026-05-29 03:26:00+00:00,159.348,159.35,159.341,159.341,0
2026-05-29 03:27:00+00:00,159.342,159.347,159.341,159.341,0
2026-05-29 03:28:00+00:00,159.342,159.349,159.341,159.345,0
2026-05-29 03:29:00+00:00,159.345,159.345,159.331,159.334,0
2026-05-29 03:30:00+00:00,159.333,159.338,159.333,159.338,0
2026-05-29 03:31:00+00:00,159.338,159.339,159.333,159.336,0
2026-05-29 03:32:00+00:00,159.335,159.335,159.334,159.335,0
2026-05-29 03:33:00+00:00,159.333,159.334,159.326,159.326,0
2026-05-29 03:34:00+00:00,159.326,159.332,159.321,159.328,0
2026-05-29 03:35:00+00:00,159.332,159.333,159.324,159.333,0
2026-05-29 03:36:00+00:00,159.332,159.333,159.328,159.332,0
2026-05-29 03:37:00+00:00,159.333,159.345,159.333,159.34,0
2026-05-29 03:38:00+00:00,159.338,159.347,159.336,159.347,0
2026-05-29 03:39:00+00:00,159.344,159.344,159.338,159.338,0
2026-05-29 03:40:00+00:00,159.34,159.342,159.338,159.339,0
2026-05-29 03:41:00+00:00,159.339,159.35,159.339,159.349,0
2026-05-29 03:42:00+00:00,159.347,159.349,159.345,159.348,0
2026-05-29 03:43:00+00:00,159.347,159.349,159.346,159.349,0
2026-05-29 03:44:00+00:00,159.349,159.35,159.341,159.341,0
2026-05-29 03:45:00+00:00,159.34,159.351,159.34,159.351,0
2026-05-29 03:46:00+00:00,159.35,159.35,159.347,159.347,0
2026-05-29 03:47:00+00:00,159.348,159.348,159.344,159.345,0
2026-05-29 03:48:00+00:00,159.344,159.346,159.344,159.346,0
2026-05-29 03:49:00+00:00,159.347,159.354,159.346,159.352,0
2026-05-29 03:50:00+00:00,159.351,159.356,159.351,159.351,0
2026-05-29 03:51:00+00:00,159.353,159.362,159.345,159.354,0
2026-05-29 03:52:00+00:00,159.354,159.361,159.348,159.36,0
2026-05-29 03:53:00+00:00,159.358,159.361,159.358,159.36,0
2026-05-29 03:54:00+00:00,159.359,159.361,159.359,159.361,0
2026-05-29 03:55:00+00:00,159.36,159.36,159.359,159.359,0
2026-05-29 03:56:00+00:00,159.36,159.367,159.357,159.363,0
2026-05-29 03:57:00+00:00,159.365,159.365,159.359,159.36,0
2026-05-29 03:58:00+00:00,159.361,159.361,159.354,159.354,0
2026-05-29 03:59:00+00:00,159.355,159.359,159.348,159.359,0
2026-05-29 04:00:00+00:00,159.359,159.359,159.345,159.346,0
2026-05-29 04:01:00+00:00,159.344,159.352,159.342,159.352,0
2026-05-29 04:02:00+00:00,159.352,159.357,159.347,159.349,0
2026-05-29 04:03:00+00:00,159.35,159.366,159.348,159.366,0
2026-05-29 04:04:00+00:00,159.369,159.377,159.368,159.37,0
2026-05-29 04:05:00+00:00,159.371,159.374,159.371,159.374,0
2026-05-29 04:06:00+00:00,159.374,159.376,159.369,159.369,0
2026-05-29 04:07:00+00:00,159.369,159.37,159.362,159.363,0
2026-05-29 04:08:00+00:00,159.363,159.363,159.358,159.362,0
2026-05-29 04:09:00+00:00,159.361,159.361,159.353,159.354,0
2026-05-29 04:10:00+00:00,159.353,159.353,159.351,159.351,0
2026-05-29 04:11:00+00:00,159.35,159.351,159.345,159.349,0
2026-05-29 04:12:00+00:00,159.348,159.351,159.346,159.35,0
2026-05-29 04:13:00+00:00,159.35,159.353,159.347,159.347,0
2026-05-29 04:14:00+00:00,159.347,159.35,159.346,159.349,0
2026-05-29 04:15:00+00:00,159.348,159.349,159.335,159.336,0
2026-05-29 04:16:00+00:00,159.337,159.341,159.337,159.34,0
2026-05-29 04:17:00+00:00,159.343,159.354,159.343,159.351,0
2026-05-29 04:18:00+00:00,159.349,159.351,159.347,159.347,0
2026-05-29 04:19:00+00:00,159.346,159.351,159.342,159.345,0
2026-05-29 04:20:00+00:00,159.345,159.347,159.342,159.347,0
2026-05-29 04:21:00+00:00,159.349,159.35,159.343,159.347,0
2026-05-29 04:22:00+00:00,159.347,159.35,159.347,159.35,0
2026-05-29 04:23:00+00:00,159.35,159.351,159.345,159.346,0
2026-05-29 04:24:00+00:00,159.346,159.347,159.341,159.342,0
2026-05-29 04:25:00+00:00,159.344,159.352,159.343,159.344,0
2026-05-29 04:26:00+00:00,159.343,159.346,159.343,159.345,0
2026-05-29 04:27:00+00:00,159.344,159.345,159.34,159.341,0
2026-05-29 04:28:00+00:00,159.341,159.342,159.336,159.338,0
2026-05-29 04:29:00+00:00,159.337,159.341,159.336,159.337,0
2026-05-29 04:30:00+00:00,159.338,159.34,159.337,159.338,0
2026-05-29 04:31:00+00:00,159.338,159.351,159.336,159.35,0
2026-05-29 04:32:00+00:00,159.348,159.349,159.345,159.347,0
2026-05-29 04:33:00+00:00,159.35,159.351,159.35,159.351,0
2026-05-29 04:34:00+00:00,159.351,159.356,159.349,159.356,0
2026-05-29 04:35:00+00:00,159.355,159.355,159.349,159.351,0
2026-05-29 04:36:00+00:00,159.349,159.352,159.347,159.35,0
2026-05-29 04:37:00+00:00,159.349,159.349,159.344,159.346,0
2026-05-29 04:38:00+00:00,159.344,159.345,159.338,159.341,0
2026-05-29 04:39:00+00:00,159.341,159.342,159.337,159.337,0
2026-05-29 04:40:00+00:00,159.337,159.337,159.335,159.335,0
2026-05-29 04:41:00+00:00,159.333,159.333,159.323,159.323,0
2026-05-29 04:42:00+00:00,159.324,159.324,159.319,159.323,0
2026-05-29 04:43:00+00:00,159.321,159.322,159.316,159.316,0
2026-05-29 04:44:00+00:00,159.316,159.321,159.316,159.319,0
2026-05-29 04:45:00+00:00,159.32,159.32,159.318,159.32,0
2026-05-29 04:46:00+00:00,159.323,159.323,159.321,159.323,0
2026-05-29 04:47:00+00:00,159.321,159.321,159.321,159.321,0
2026-05-29 04:48:00+00:00,159.323,159.324,159.314,159.317,0
2026-05-29 04:49:00+00:00,159.319,159.32,159.319,159.32,0
2026-05-29 04:50:00+00:00,159.322,159.322,159.32,159.32,0
2026-05-29 04:51:00+00:00,159.32,159.321,159.32,159.32,0
2026-05-29 04:52:00+00:00,159.32,159.32,159.32,159.32,0
2026-05-29 04:53:00+00:00,159.32,159.32,159.307,159.307,0
2026-05-29 04:54:00+00:00,159.307,159.311,159.306,159.309,0
2026-05-29 04:55:00+00:00,159.308,159.308,159.301,159.302,0
2026-05-29 04:56:00+00:00,159.305,159.31,159.304,159.31,0
2026-05-29 04:57:00+00:00,159.308,159.309,159.301,159.303,0
2026-05-29 04:58:00+00:00,159.304,159.308,159.3,159.306,0
2026-05-29 04:59:00+00:00,159.307,159.307,159.3,159.3,0
2026-05-29 05:00:00+00:00,159.3,159.302,159.295,159.302,0
2026-05-29 05:01:00+00:00,159.305,159.307,159.302,159.302,0
2026-05-29 05:02:00+00:00,159.302,159.306,159.3,159.306,0
2026-05-29 05:03:00+00:00,159.308,159.309,159.307,159.309,0
2026-05-29 05:04:00+00:00,159.308,159.313,159.308,159.313,0
2026-05-29 05:05:00+00:00,159.314,159.322,159.314,159.32,0
2026-05-29 05:06:00+00:00,159.321,159.326,159.321,159.323,0
2026-05-29 05:07:00+00:00,159.322,159.322,159.321,159.321,0
2026-05-29 05:08:00+00:00,159.322,159.325,159.321,159.323,0
2026-05-29 05:09:00+00:00,159.323,159.323,159.303,159.305,0
2026-05-29 05:10:00+00:00,159.306,159.306,159.296,159.298,0
2026-05-29 05:11:00+00:00,159.296,159.298,159.293,159.294,0
2026-05-29 05:12:00+00:00,159.295,159.297,159.288,159.296,0
2026-05-29 05:13:00+00:00,159.298,159.298,159.292,159.293,0
2026-05-29 05:14:00+00:00,159.292,159.296,159.284,159.284,0
2026-05-29 05:15:00+00:00,159.285,159.298,159.285,159.297,0
2026-05-29 05:16:00+00:00,159.296,159.3,159.296,159.297,0
2026-05-29 05:17:00+00:00,159.298,159.3,159.293,159.294,0
2026-05-29 05:18:00+00:00,159.291,159.291,159.288,159.29,0
2026-05-29 05:19:00+00:00,159.291,159.302,159.291,159.297,0
2026-05-29 05:20:00+00:00,159.298,159.298,159.295,159.298,0
2026-05-29 05:21:00+00:00,159.301,159.302,159.297,159.302,0
2026-05-29 05:22:00+00:00,159.301,159.302,159.3,159.301,0
2026-05-29 05:23:00+00:00,159.302,159.304,159.302,159.302,0
2026-05-29 05:24:00+00:00,159.299,159.302,159.294,159.301,0
2026-05-29 05:25:00+00:00,159.299,159.299,159.293,159.294,0
2026-05-29 05:26:00+00:00,159.292,159.292,159.287,159.289,0
2026-05-29 05:27:00+00:00,159.291,159.295,159.288,159.293,0
2026-05-29 05:28:00+00:00,159.294,159.298,159.292,159.297,0
2026-05-29 05:29:00+00:00,159.298,159.304,159.298,159.3,0
2026-05-29 05:30:00+00:00,159.299,159.302,159.295,159.302,0
2026-05-29 05:31:00+00:00,159.301,159.301,159.3,159.3,0
2026-05-29 05:32:00+00:00,159.301,159.303,159.3,159.302,0
2026-05-29 05:33:00+00:00,159.302,159.302,159.301,159.302,0
2026-05-29 05:34:00+00:00,159.303,159.304,159.298,159.303,0
2026-05-29 05:35:00+00:00,159.301,159.304,159.301,159.304,0
2026-05-29 05:36:00+00:00,159.303,159.312,159.303,159.306,0
2026-05-29 05:37:00+00:00,159.302,159.303,159.301,159.302,0
2026-05-29 05:38:00+00:00,159.303,159.307,159.303,159.305,0
2026-05-29 05:39:00+00:00,159.306,159.306,159.304,159.304,0
2026-05-29 05:40:00+00:00,159.305,159.305,159.303,159.303,0
2026-05-29 05:41:00+00:00,159.303,159.303,159.299,159.301,0
2026-05-29 05:42:00+00:00,159.301,159.301,159.291,159.295,0
2026-05-29 05:43:00+00:00,159.295,159.297,159.293,159.297,0
2026-05-29 05:44:00+00:00,159.295,159.298,159.288,159.288,0
2026-05-29 05:45:00+00:00,159.289,159.291,159.289,159.29,0
2026-05-29 05:46:00+00:00,159.29,159.294,159.289,159.294,0
2026-05-29 05:47:00+00:00,159.294,159.294,159.288,159.291,0
2026-05-29 05:48:00+00:00,159.292,159.295,159.292,159.293,0
2026-05-29 05:49:00+00:00,159.294,159.297,159.293,159.296,0
2026-05-29 05:50:00+00:00,159.298,159.306,159.297,159.299,0
2026-05-29 05:51:00+00:00,159.3,159.301,159.298,159.299,0
2026-05-29 05:52:00+00:00,159.298,159.3,159.297,159.3,0
2026-05-29 05:53:00+00:00,159.301,159.303,159.301,159.302,0
2026-05-29 05:54:00+00:00,159.301,159.305,159.297,159.305,0
2026-05-29 05:55:00+00:00,159.31,159.315,159.305,159.312,0
2026-05-29 05:56:00+00:00,159.311,159.322,159.311,159.32,0
2026-05-29 05:57:00+00:00,159.321,159.329,159.321,159.323,0
2026-05-29 05:58:00+00:00,159.323,159.331,159.323,159.323,0
2026-05-29 05:59:00+00:00,159.324,159.327,159.311,159.311,0
2026-05-29 06:00:00+00:00,159.308,159.319,159.306,159.316,0
2026-05-29 06:01:00+00:00,159.316,159.317,159.309,159.312,0
2026-05-29 06:02:00+00:00,159.313,159.316,159.309,159.314,0
2026-05-29 06:03:00+00:00,159.313,159.317,159.309,159.317,0
2026-05-29 06:04:00+00:00,159.317,159.318,159.304,159.304,0
2026-05-29 06:05:00+00:00,159.304,159.314,159.304,159.314,0
2026-05-29 06:06:00+00:00,159.315,159.326,159.314,159.322,0
2026-05-29 06:07:00+00:00,159.32,159.322,159.312,159.312,0
2026-05-29 06:08:00+00:00,159.314,159.323,159.314,159.323,0
2026-05-29 06:09:00+00:00,159.322,159.33,159.322,159.326,0
2026-05-29 06:10:00+00:00,159.325,159.326,159.318,159.319,0
2026-05-29 06:11:00+00:00,159.319,159.32,159.304,159.304,0
2026-05-29 06:12:00+00:00,159.303,159.312,159.3,159.3,0
2026-05-29 06:13:00+00:00,159.303,159.304,159.3,159.302,0
2026-05-29 06:14:00+00:00,159.3,159.304,159.299,159.301,0
2026-05-29 06:15:00+00:00,159.301,159.318,159.301,159.318,0
2026-05-29 06:16:00+00:00,159.316,159.316,159.31,159.311,0
2026-05-29 06:17:00+00:00,159.314,159.318,159.31,159.316,0
2026-05-29 06:18:00+00:00,159.319,159.321,159.312,159.313,0
2026-05-29 06:19:00+00:00,159.315,159.315,159.312,159.315,0
2026-05-29 06:20:00+00:00,159.313,159.316,159.312,159.314,0
2026-05-29 06:21:00+00:00,159.314,159.319,159.314,159.314,0
2026-05-29 06:22:00+00:00,159.315,159.319,159.293,159.298,0
2026-05-29 06:23:00+00:00,159.299,159.3,159.294,159.299,0
2026-05-29 06:24:00+00:00,159.3,159.3,159.299,159.299,0
2026-05-29 06:25:00+00:00,159.298,159.303,159.298,159.3,0
2026-05-29 06:26:00+00:00,159.304,159.304,159.296,159.299,0
2026-05-29 06:27:00+00:00,159.297,159.304,159.296,159.304,0
2026-05-29 06:28:00+00:00,159.305,159.307,159.295,159.299,0
2026-05-29 06:29:00+00:00,159.298,159.305,159.298,159.305,0
2026-05-29 06:30:00+00:00,159.305,159.306,159.293,159.297,0
2026-05-29 06:31:00+00:00,159.296,159.298,159.288,159.29,0
2026-05-29 06:32:00+00:00,159.289,159.293,159.286,159.292,0
2026-05-29 06:33:00+00:00,159.296,159.3,159.289,159.289,0
2026-05-29 06:34:00+00:00,159.289,159.295,159.285,159.295,0
2026-05-29 06:35:00+00:00,159.291,159.291,159.283,159.288,0
2026-05-29 06:36:00+00:00,159.288,159.298,159.287,159.292,0
2026-05-29 06:37:00+00:00,159.295,159.299,159.295,159.299,0
2026-05-29 06:38:00+00:00,159.299,159.299,159.275,159.276,0
2026-05-29 06:39:00+00:00,159.278,159.279,159.276,159.276,0
2026-05-29 06:40:00+00:00,159.277,159.284,159.275,159.283,0
2026-05-29 06:41:00+00:00,159.284,159.284,159.27,159.273,0
2026-05-29 06:42:00+00:00,159.274,159.274,159.27,159.272,0
2026-05-29 06:43:00+00:00,159.271,159.271,159.259,159.269,0
2026-05-29 06:44:00+00:00,159.268,159.268,159.245,159.247,0
2026-05-29 06:45:00+00:00,159.246,159.258,159.246,159.256,0
2026-05-29 06:46:00+00:00,159.26,159.263,159.255,159.263,0
2026-05-29 06:47:00+00:00,159.265,159.265,159.25,159.252,0
2026-05-29 06:48:00+00:00,159.252,159.266,159.251,159.265,0
2026-05-29 06:49:00+00:00,159.263,159.264,159.261,159.263,0
2026-05-29 06:50:00+00:00,159.263,159.273,159.261,159.265,0
2026-05-29 06:51:00+00:00,159.263,159.265,159.253,159.256,0
2026-05-29 06:52:00+00:00,159.259,159.26,159.248,159.249,0
2026-05-29 06:53:00+00:00,159.251,159.251,159.236,159.236,0
2026-05-29 06:54:00+00:00,159.238,159.239,159.222,159.223,0
2026-05-29 06:55:00+00:00,159.224,159.226,159.202,159.202,0
2026-05-29 06:56:00+00:00,159.201,159.21,159.199,159.208,0
2026-05-29 06:57:00+00:00,159.206,159.21,159.201,159.209,0
2026-05-29 06:58:00+00:00,159.208,159.215,159.201,159.211,0
2026-05-29 06:59:00+00:00,159.212,159.218,159.204,159.212,0
2026-05-29 07:00:00+00:00,159.214,159.254,159.214,159.242,0
2026-05-29 07:01:00+00:00,159.241,159.247,159.223,159.225,0
2026-05-29 07:02:00+00:00,159.226,159.257,159.226,159.245,0
2026-05-29 07:03:00+00:00,159.244,159.245,159.208,159.223,0
2026-05-29 07:04:00+00:00,159.223,159.236,159.216,159.221,0
2026-05-29 07:05:00+00:00,159.222,159.226,159.209,159.213,0
2026-05-29 07:06:00+00:00,159.212,159.222,159.212,159.214,0
2026-05-29 07:07:00+00:00,159.213,159.221,159.202,159.214,0
2026-05-29 07:08:00+00:00,159.214,159.23,159.214,159.228,0
2026-05-29 07:09:00+00:00,159.232,159.24,159.232,159.239,0
2026-05-29 07:10:00+00:00,159.238,159.239,159.227,159.233,0
2026-05-29 07:11:00+00:00,159.232,159.234,159.223,159.224,0
2026-05-29 07:12:00+00:00,159.224,159.238,159.219,159.231,0
2026-05-29 07:13:00+00:00,159.233,159.235,159.208,159.221,0
2026-05-29 07:14:00+00:00,159.22,159.225,159.21,159.221,0
2026-05-29 07:15:00+00:00,159.223,159.241,159.222,159.235,0
2026-05-29 07:16:00+00:00,159.235,159.241,159.229,159.229,0
2026-05-29 07:17:00+00:00,159.227,159.227,159.209,159.209,0
2026-05-29 07:18:00+00:00,159.208,159.23,159.208,159.23,0
2026-05-29 07:19:00+00:00,159.23,159.23,159.215,159.215,0
2026-05-29 07:20:00+00:00,159.215,159.219,159.212,159.214,0
2026-05-29 07:21:00+00:00,159.217,159.222,159.213,159.221,0
2026-05-29 07:22:00+00:00,159.222,159.236,159.217,159.235,0
2026-05-29 07:23:00+00:00,159.236,159.253,159.228,159.252,0
2026-05-29 07:24:00+00:00,159.253,159.261,159.251,159.261,0
2026-05-29 07:25:00+00:00,159.262,159.274,159.262,159.274,0
2026-05-29 07:26:00+00:00,159.273,159.276,159.262,159.263,0
2026-05-29 07:27:00+00:00,159.264,159.266,159.262,159.265,0
2026-05-29 07:28:00+00:00,159.265,159.279,159.265,159.277,0
2026-05-29 07:29:00+00:00,159.276,159.276,159.271,159.274,0
2026-05-29 07:30:00+00:00,159.276,159.293,159.276,159.291,0
2026-05-29 07:31:00+00:00,159.29,159.297,159.29,159.293,0
2026-05-29 07:32:00+00:00,159.296,159.307,159.291,159.306,0
2026-05-29 07:33:00+00:00,159.304,159.304,159.296,159.297,0
2026-05-29 07:34:00+00:00,159.297,159.297,159.286,159.287,0
2026-05-29 07:35:00+00:00,159.287,159.294,159.286,159.29,0
2026-05-29 07:36:00+00:00,159.29,159.297,159.287,159.291,0
2026-05-29 07:37:00+00:00,159.29,159.29,159.283,159.285,0
2026-05-29 07:38:00+00:00,159.287,159.292,159.286,159.286,0
2026-05-29 07:39:00+00:00,159.288,159.301,159.288,159.3,0
2026-05-29 07:40:00+00:00,159.299,159.307,159.297,159.305,0
2026-05-29 07:41:00+00:00,159.306,159.316,159.302,159.303,0
2026-05-29 07:42:00+00:00,159.302,159.311,159.302,159.307,0
2026-05-29 07:43:00+00:00,159.308,159.311,159.301,159.301,0
2026-05-29 07:44:00+00:00,159.3,159.301,159.287,159.289,0
2026-05-29 07:45:00+00:00,159.288,159.291,159.274,159.274,0
2026-05-29 07:46:00+00:00,159.274,159.28,159.262,159.276,0
2026-05-29 07:47:00+00:00,159.276,159.298,159.275,159.289,0
2026-05-29 07:48:00+00:00,159.293,159.296,159.287,159.29,0
2026-05-29 07:49:00+00:00,159.291,159.296,159.291,159.292,0
2026-05-29 07:50:00+00:00,159.292,159.294,159.286,159.287,0
2026-05-29 07:51:00+00:00,159.288,159.294,159.287,159.289,0
2026-05-29 07:52:00+00:00,159.288,159.288,159.286,159.287,0
2026-05-29 07:53:00+00:00,159.286,159.287,159.283,159.287,0
2026-05-29 07:54:00+00:00,159.281,159.287,159.28,159.285,0
2026-05-29 07:55:00+00:00,159.284,159.289,159.281,159.289,0
2026-05-29 07:56:00+00:00,159.289,159.289,159.273,159.285,0
2026-05-29 07:57:00+00:00,159.286,159.3,159.285,159.289,0
2026-05-29 07:58:00+00:00,159.284,159.287,159.279,159.279,0
2026-05-29 07:59:00+00:00,159.283,159.285,159.259,159.262,0
2026-05-29 08:00:00+00:00,159.263,159.275,159.251,159.263,0
2026-05-29 08:01:00+00:00,159.263,159.27,159.25,159.253,0
2026-05-29 08:02:00+00:00,159.251,159.258,159.247,159.252,0
2026-05-29 08:03:00+00:00,159.253,159.253,159.244,159.251,0
2026-05-29 08:04:00+00:00,159.251,159.258,159.25,159.253,0
2026-05-29 08:05:00+00:00,159.253,159.253,159.25,159.251,0
2026-05-29 08:06:00+00:00,159.251,159.251,159.239,159.249,0
2026-05-29 08:07:00+00:00,159.25,159.251,159.249,159.25,0
2026-05-29 08:08:00+00:00,159.25,159.25,159.209,159.213,0
2026-05-29 08:09:00+00:00,159.215,159.225,159.215,159.221,0
2026-05-29 08:10:00+00:00,159.224,159.225,159.218,159.221,0
2026-05-29 08:11:00+00:00,159.218,159.23,159.218,159.225,0
2026-05-29 08:12:00+00:00,159.226,159.23,159.225,159.227,0
2026-05-29 08:13:00+00:00,159.226,159.229,159.225,159.225,0
2026-05-29 08:14:00+00:00,159.225,159.229,159.225,159.229,0
2026-05-29 08:15:00+00:00,159.228,159.239,159.228,159.239,0
2026-05-29 08:16:00+00:00,159.237,159.246,159.233,159.24,0
2026-05-29 08:17:00+00:00,159.238,159.24,159.237,159.24,0
2026-05-29 08:18:00+00:00,159.241,159.251,159.24,159.251,0
2026-05-29 08:19:00+00:00,159.247,159.249,159.245,159.245,0
2026-05-29 08:20:00+00:00,159.245,159.253,159.244,159.252,0
2026-05-29 08:21:00+00:00,159.251,159.255,159.248,159.251,0
2026-05-29 08:22:00+00:00,159.254,159.257,159.252,159.253,0
2026-05-29 08:23:00+00:00,159.254,159.257,159.252,159.257,0
2026-05-29 08:24:00+00:00,159.257,159.27,159.257,159.27,0
2026-05-29 08:25:00+00:00,159.269,159.269,159.266,159.266,0
2026-05-29 08:26:00+00:00,159.266,159.279,159.266,159.278,0
2026-05-29 08:27:00+00:00,159.278,159.279,159.27,159.276,0
2026-05-29 08:28:00+00:00,159.276,159.276,159.265,159.267,0
2026-05-29 08:29:00+00:00,159.266,159.275,159.26,159.274,0
2026-05-29 08:30:00+00:00,159.275,159.287,159.274,159.281,0
2026-05-29 08:31:00+00:00,159.28,159.288,159.278,159.278,0
2026-05-29 08:32:00+00:00,159.276,159.276,159.261,159.272,0
2026-05-29 08:33:00+00:00,159.274,159.286,159.274,159.286,0
2026-05-29 08:34:00+00:00,159.284,159.284,159.275,159.281,0
2026-05-29 08:35:00+00:00,159.281,159.286,159.276,159.285,0
2026-05-29 08:36:00+00:00,159.285,159.29,159.284,159.288,0
2026-05-29 08:37:00+00:00,159.289,159.3,159.289,159.294,0
2026-05-29 08:38:00+00:00,159.294,159.298,159.287,159.29,0
2026-05-29 08:39:00+00:00,159.288,159.289,159.284,159.285,0
2026-05-29 08:40:00+00:00,159.285,159.285,159.274,159.277,0
2026-05-29 08:41:00+00:00,159.277,159.277,159.266,159.275,0
2026-05-29 08:42:00+00:00,159.276,159.285,159.261,159.285,0
2026-05-29 08:43:00+00:00,159.285,159.288,159.28,159.285,0
2026-05-29 08:44:00+00:00,159.285,159.285,159.267,159.267,0
2026-05-29 08:45:00+00:00,159.269,159.277,159.269,159.276,0
2026-05-29 08:46:00+00:00,159.276,159.283,159.274,159.274,0
2026-05-29 08:47:00+00:00,159.275,159.275,159.273,159.273,0
2026-05-29 08:48:00+00:00,159.272,159.276,159.272,159.274,0
2026-05-29 08:49:00+00:00,159.273,159.285,159.273,159.285,0
2026-05-29 08:50:00+00:00,159.285,159.314,159.284,159.312,0
2026-05-29 08:51:00+00:00,159.313,159.316,159.295,159.295,0
2026-05-29 08:52:00+00:00,159.297,159.297,159.287,159.29,0
2026-05-29 08:53:00+00:00,159.29,159.294,159.286,159.292,0
2026-05-29 08:54:00+00:00,159.291,159.297,159.29,159.295,0
2026-05-29 08:55:00+00:00,159.298,159.3,159.295,159.298,0
2026-05-29 08:56:00+00:00,159.3,159.303,159.296,159.297,0
2026-05-29 08:57:00+00:00,159.296,159.3,159.296,159.298,0
2026-05-29 08:58:00+00:00,159.298,159.312,159.296,159.299,0
2026-05-29 08:59:00+00:00,159.298,159.298,159.286,159.294,0
2026-05-29 09:00:00+00:00,159.293,159.296,159.287,159.289,0
2026-05-29 09:01:00+00:00,159.29,159.298,159.278,159.28,0
2026-05-29 09:02:00+00:00,159.279,159.289,159.276,159.285,0
2026-05-29 09:03:00+00:00,159.284,159.287,159.266,159.266,0
2026-05-29 09:04:00+00:00,159.267,159.29,159.265,159.286,0
2026-05-29 09:05:00+00:00,159.285,159.285,159.275,159.28,0
2026-05-29 09:06:00+00:00,159.281,159.29,159.277,159.289,0
2026-05-29 09:07:00+00:00,159.29,159.29,159.278,159.281,0
2026-05-29 09:08:00+00:00,159.281,159.289,159.277,159.289,0
2026-05-29 09:09:00+00:00,159.291,159.291,159.287,159.29,0
2026-05-29 09:10:00+00:00,159.288,159.293,159.286,159.293,0
2026-05-29 09:11:00+00:00,159.291,159.299,159.29,159.29,0
2026-05-29 09:12:00+00:00,159.288,159.289,159.284,159.287,0
2026-05-29 09:13:00+00:00,159.286,159.287,159.282,159.286,0
2026-05-29 09:14:00+00:00,159.285,159.285,159.275,159.275,0
2026-05-29 09:15:00+00:00,159.275,159.284,159.272,159.273,0
2026-05-29 09:16:00+00:00,159.27,159.27,159.263,159.265,0
2026-05-29 09:17:00+00:00,159.265,159.274,159.264,159.273,0
2026-05-29 09:18:00+00:00,159.274,159.274,159.262,159.263,0
2026-05-29 09:19:00+00:00,159.262,159.262,159.247,159.25,0
2026-05-29 09:20:00+00:00,159.252,159.261,159.252,159.259,0
2026-05-29 09:21:00+00:00,159.26,159.271,159.26,159.271,0
2026-05-29 09:22:00+00:00,159.272,159.274,159.265,159.274,0
2026-05-29 09:23:00+00:00,159.274,159.275,159.27,159.271,0
2026-05-29 09:24:00+00:00,159.272,159.286,159.271,159.286,0
2026-05-29 09:25:00+00:00,159.285,159.286,159.279,159.283,0
2026-05-29 09:26:00+00:00,159.283,159.288,159.283,159.287,0
2026-05-29 09:27:00+00:00,159.287,159.287,159.269,159.271,0
2026-05-29 09:28:00+00:00,159.271,159.271,159.245,159.245,0
2026-05-29 09:29:00+00:00,159.246,159.248,159.235,159.248,0
2026-05-29 09:30:00+00:00,159.246,159.248,159.236,159.246,0
2026-05-29 09:31:00+00:00,159.247,159.261,159.245,159.257,0
2026-05-29 09:32:00+00:00,159.258,159.265,159.257,159.261,0
2026-05-29 09:33:00+00:00,159.264,159.264,159.253,159.259,0
2026-05-29 09:34:00+00:00,159.26,159.269,159.26,159.265,0
2026-05-29 09:35:00+00:00,159.265,159.273,159.264,159.273,0
2026-05-29 09:36:00+00:00,159.272,159.273,159.266,159.271,0
2026-05-29 09:37:00+00:00,159.271,159.275,159.27,159.271,0
2026-05-29 09:38:00+00:00,159.271,159.275,159.271,159.272,0
2026-05-29 09:39:00+00:00,159.272,159.274,159.272,159.274,0
2026-05-29 09:40:00+00:00,159.273,159.277,159.272,159.275,0
2026-05-29 09:41:00+00:00,159.275,159.277,159.274,159.274,0
2026-05-29 09:42:00+00:00,159.274,159.285,159.272,159.284,0
2026-05-29 09:43:00+00:00,159.284,159.284,159.277,159.278,0
2026-05-29 09:44:00+00:00,159.279,159.279,159.264,159.268,0
2026-05-29 09:45:00+00:00,159.269,159.273,159.261,159.261,0
2026-05-29 09:46:00+00:00,159.26,159.262,159.258,159.262,0
2026-05-29 09:47:00+00:00,159.262,159.264,159.261,159.264,0
2026-05-29 09:48:00+00:00,159.266,159.278,159.266,159.276,0
2026-05-29 09:49:00+00:00,159.276,159.279,159.276,159.279,0
2026-05-29 09:50:00+00:00,159.28,159.28,159.274,159.274,0
2026-05-29 09:51:00+00:00,159.273,159.278,159.272,159.278,0
2026-05-29 09:52:00+00:00,159.277,159.286,159.276,159.279,0
2026-05-29 09:53:00+00:00,159.28,159.285,159.279,159.285,0
2026-05-29 09:54:00+00:00,159.285,159.285,159.281,159.281,0
2026-05-29 09:55:00+00:00,159.279,159.285,159.276,159.276,0
2026-05-29 09:56:00+00:00,159.276,159.281,159.276,159.279,0
2026-05-29 09:57:00+00:00,159.281,159.287,159.277,159.282,0
2026-05-29 09:58:00+00:00,159.281,159.293,159.281,159.289,0
2026-05-29 09:59:00+00:00,159.288,159.298,159.28,159.297,0
2026-05-29 10:00:00+00:00,159.296,159.303,159.291,159.299,0
2026-05-29 10:01:00+00:00,159.299,159.318,159.296,159.314,0
2026-05-29 10:02:00+00:00,159.314,159.317,159.304,159.309,0
2026-05-29 10:03:00+00:00,159.306,159.32,159.306,159.32,0
2026-05-29 10:04:00+00:00,159.32,159.32,159.31,159.31,0
2026-05-29 10:05:00+00:00,159.311,159.312,159.3,159.304,0
2026-05-29 10:06:00+00:00,159.304,159.306,159.288,159.288,0
2026-05-29 10:07:00+00:00,159.289,159.301,159.289,159.297,0
2026-05-29 10:08:00+00:00,159.295,159.295,159.295,159.295,0
2026-05-29 10:09:00+00:00,159.295,159.3,159.295,159.296,0
2026-05-29 10:10:00+00:00,159.297,159.297,159.284,159.285,0
2026-05-29 10:11:00+00:00,159.286,159.286,159.284,159.284,0
2026-05-29 10:12:00+00:00,159.285,159.288,159.285,159.286,0
2026-05-29 10:13:00+00:00,159.286,159.286,159.283,159.283,0
2026-05-29 10:14:00+00:00,159.284,159.284,159.27,159.275,0
2026-05-29 10:15:00+00:00,159.274,159.274,159.268,159.274,0
2026-05-29 10:16:00+00:00,159.275,159.282,159.275,159.281,0
2026-05-29 10:17:00+00:00,159.284,159.298,159.284,159.298,0
2026-05-29 10:18:00+00:00,159.296,159.296,159.287,159.287,0
2026-05-29 10:19:00+00:00,159.287,159.29,159.286,159.288,0
2026-05-29 10:20:00+00:00,159.288,159.289,159.28,159.28,0
2026-05-29 10:21:00+00:00,159.28,159.285,159.277,159.277,0
2026-05-29 10:22:00+00:00,159.28,159.284,159.277,159.277,0
2026-05-29 10:23:00+00:00,159.274,159.276,159.273,159.275,0
2026-05-29 10:24:00+00:00,159.276,159.284,159.276,159.282,0
2026-05-29 10:25:00+00:00,159.282,159.297,159.281,159.295,0
2026-05-29 10:26:00+00:00,159.294,159.298,159.292,159.292,0
2026-05-29 10:27:00+00:00,159.291,159.291,159.284,159.285,0
2026-05-29 10:28:00+00:00,159.287,159.287,159.278,159.283,0
2026-05-29 10:29:00+00:00,159.282,159.283,159.274,159.275,0
2026-05-29 10:30:00+00:00,159.275,159.277,159.274,159.274,0
2026-05-29 10:31:00+00:00,159.278,159.278,159.274,159.274,0
2026-05-29 10:32:00+00:00,159.275,159.277,159.274,159.275,0
2026-05-29 10:33:00+00:00,159.274,159.284,159.274,159.276,0
2026-05-29 10:34:00+00:00,159.279,159.279,159.27,159.274,0
2026-05-29 10:35:00+00:00,159.275,159.276,159.273,159.273,0
2026-05-29 10:36:00+00:00,159.274,159.276,159.272,159.275,0
2026-05-29 10:37:00+00:00,159.276,159.277,159.265,159.268,0
2026-05-29 10:38:00+00:00,159.266,159.272,159.266,159.271,0
2026-05-29 10:39:00+00:00,159.271,159.273,159.27,159.27,0
2026-05-29 10:40:00+00:00,159.271,159.276,159.27,159.274,0
2026-05-29 10:41:00+00:00,159.274,159.285,159.273,159.285,0
2026-05-29 10:42:00+00:00,159.285,159.287,159.283,159.286,0
2026-05-29 10:43:00+00:00,159.286,159.286,159.283,159.284,0
2026-05-29 10:44:00+00:00,159.284,159.285,159.273,159.273,0
2026-05-29 10:45:00+00:00,159.271,159.271,159.262,159.264,0
2026-05-29 10:46:00+00:00,159.264,159.273,159.264,159.272,0
2026-05-29 10:47:00+00:00,159.272,159.273,159.272,159.273,0
2026-05-29 10:48:00+00:00,159.273,159.274,159.272,159.274,0
2026-05-29 10:49:00+00:00,159.274,159.275,159.272,159.275,0
2026-05-29 10:50:00+00:00,159.274,159.275,159.27,159.274,0
2026-05-29 10:51:00+00:00,159.272,159.277,159.272,159.276,0
2026-05-29 10:52:00+00:00,159.275,159.282,159.273,159.278,0
2026-05-29 10:53:00+00:00,159.283,159.286,159.28,159.285,0
2026-05-29 10:54:00+00:00,159.283,159.286,159.283,159.285,0
2026-05-29 10:55:00+00:00,159.285,159.285,159.284,159.285,0
2026-05-29 10:56:00+00:00,159.285,159.285,159.284,159.285,0
2026-05-29 10:57:00+00:00,159.285,159.291,159.284,159.286,0
2026-05-29 10:58:00+00:00,159.287,159.289,159.285,159.285,0
2026-05-29 10:59:00+00:00,159.285,159.285,159.285,159.285,0
2026-05-29 11:00:00+00:00,159.287,159.29,159.285,159.285,0
2026-05-29 11:01:00+00:00,159.286,159.286,159.283,159.285,0
2026-05-29 11:02:00+00:00,159.284,159.285,159.282,159.285,0
2026-05-29 11:03:00+00:00,159.283,159.283,159.274,159.279,0
2026-05-29 11:04:00+00:00,159.28,159.286,159.278,159.284,0
2026-05-29 11:05:00+00:00,159.284,159.287,159.284,159.287,0
2026-05-29 11:06:00+00:00,159.285,159.287,159.28,159.28,0
2026-05-29 11:07:00+00:00,159.285,159.289,159.285,159.288,0
2026-05-29 11:08:00+00:00,159.287,159.289,159.286,159.287,0
2026-05-29 11:09:00+00:00,159.287,159.29,159.286,159.288,0
2026-05-29 11:10:00+00:00,159.289,159.3,159.289,159.289,0
2026-05-29 11:11:00+00:00,159.289,159.29,159.286,159.288,0
2026-05-29 11:12:00+00:00,159.288,159.289,159.286,159.286,0
2026-05-29 11:13:00+00:00,159.286,159.286,159.286,159.286,0
2026-05-29 11:14:00+00:00,159.285,159.285,159.285,159.285,0
2026-05-29 11:15:00+00:00,159.283,159.285,159.283,159.285,0
2026-05-29 11:16:00+00:00,159.286,159.288,159.284,159.285,0
2026-05-29 11:17:00+00:00,159.286,159.286,159.286,159.286,0
2026-05-29 11:18:00+00:00,159.283,159.284,159.273,159.283,0
2026-05-29 11:19:00+00:00,159.282,159.282,159.274,159.276,0
2026-05-29 11:20:00+00:00,159.274,159.274,159.268,159.272,0
2026-05-29 11:21:00+00:00,159.273,159.274,159.269,159.27,0
2026-05-29 11:22:00+00:00,159.268,159.274,159.268,159.274,0
2026-05-29 11:23:00+00:00,159.273,159.274,159.273,159.274,0
2026-05-29 11:24:00+00:00,159.273,159.273,159.271,159.272,0
2026-05-29 11:25:00+00:00,159.271,159.273,159.268,159.271,0
2026-05-29 11:26:00+00:00,159.272,159.284,159.272,159.277,0
2026-05-29 11:27:00+00:00,159.276,159.276,159.274,159.274,0
2026-05-29 11:28:00+00:00,159.278,159.285,159.278,159.282,0
2026-05-29 11:29:00+00:00,159.283,159.283,159.277,159.281,0
2026-05-29 11:30:00+00:00,159.282,159.292,159.282,159.291,0
2026-05-29 11:31:00+00:00,159.29,159.292,159.282,159.292,0
2026-05-29 11:32:00+00:00,159.291,159.291,159.29,159.29,0
2026-05-29 11:33:00+00:00,159.291,159.294,159.291,159.292,0
2026-05-29 11:34:00+00:00,159.291,159.297,159.29,159.294,0
2026-05-29 11:35:00+00:00,159.297,159.297,159.285,159.289,0
2026-05-29 11:36:00+00:00,159.287,159.29,159.286,159.29,0
2026-05-29 11:37:00+00:00,159.289,159.29,159.273,159.273,0
2026-05-29 11:38:00+00:00,159.274,159.277,159.272,159.275,0
2026-05-29 11:39:00+00:00,159.276,159.281,159.273,159.274,0
2026-05-29 11:40:00+00:00,159.274,159.274,159.268,159.273,0
2026-05-29 11:41:00+00:00,159.271,159.277,159.269,159.276,0
2026-05-29 11:42:00+00:00,159.276,159.276,159.263,159.263,0
2026-05-29 11:43:00+00:00,159.265,159.274,159.262,159.273,0
2026-05-29 11:44:00+00:00,159.274,159.274,159.263,159.271,0
2026-05-29 11:45:00+00:00,159.271,159.271,159.265,159.266,0
2026-05-29 11:46:00+00:00,159.265,159.266,159.257,159.26,0
2026-05-29 11:47:00+00:00,159.258,159.264,159.257,159.263,0
2026-05-29 11:48:00+00:00,159.263,159.263,159.257,159.259,0
2026-05-29 11:49:00+00:00,159.261,159.265,159.26,159.265,0
2026-05-29 11:50:00+00:00,159.265,159.268,159.26,159.261,0
2026-05-29 11:51:00+00:00,159.263,159.265,159.259,159.261,0
2026-05-29 11:52:00+00:00,159.261,159.286,159.26,159.286,0
2026-05-29 11:53:00+00:00,159.29,159.293,159.267,159.27,0
2026-05-29 11:54:00+00:00,159.271,159.282,159.27,159.274,0
2026-05-29 11:55:00+00:00,159.275,159.275,159.261,159.263,0
2026-05-29 11:56:00+00:00,159.265,159.265,159.255,159.261,0
2026-05-29 11:57:00+00:00,159.261,159.263,159.254,159.262,0
2026-05-29 11:58:00+00:00,159.26,159.26,159.251,159.253,0
2026-05-29 11:59:00+00:00,159.251,159.252,159.248,159.25,0
2026-05-29 12:00:00+00:00,159.251,159.283,159.248,159.255,0
2026-05-29 12:01:00+00:00,159.254,159.261,159.252,159.26,0
2026-05-29 12:02:00+00:00,159.262,159.262,159.258,159.26,0
2026-05-29 12:03:00+00:00,159.261,159.271,159.261,159.271,0
2026-05-29 12:04:00+00:00,159.272,159.273,159.259,159.265,0
2026-05-29 12:05:00+00:00,159.268,159.273,159.263,159.263,0
2026-05-29 12:06:00+00:00,159.265,159.27,159.264,159.265,0
2026-05-29 12:07:00+00:00,159.266,159.275,159.266,159.274,0
2026-05-29 12:08:00+00:00,159.275,159.275,159.258,159.258,0
2026-05-29 12:09:00+00:00,159.257,159.267,159.252,159.262,0
2026-05-29 12:10:00+00:00,159.262,159.262,159.251,159.262,0
2026-05-29 12:11:00+00:00,159.262,159.262,159.259,159.26,0
2026-05-29 12:12:00+00:00,159.259,159.274,159.259,159.274,0
2026-05-29 12:13:00+00:00,159.274,159.274,159.26,159.26,0
2026-05-29 12:14:00+00:00,159.26,159.267,159.256,159.265,0
2026-05-29 12:15:00+00:00,159.265,159.27,159.258,159.258,0
2026-05-29 12:16:00+00:00,159.259,159.266,159.258,159.265,0
2026-05-29 12:17:00+00:00,159.265,159.266,159.261,159.262,0
2026-05-29 12:18:00+00:00,159.262,159.265,159.254,159.261,0
2026-05-29 12:19:00+00:00,159.26,159.26,159.253,159.259,0
2026-05-29 12:20:00+00:00,159.259,159.266,159.255,159.263,0
2026-05-29 12:21:00+00:00,159.265,159.271,159.262,159.262,0
2026-05-29 12:22:00+00:00,159.263,159.271,159.263,159.265,0
2026-05-29 12:23:00+00:00,159.264,159.271,159.262,159.262,0
2026-05-29 12:24:00+00:00,159.26,159.272,159.259,159.264,0
2026-05-29 12:25:00+00:00,159.268,159.275,159.261,159.264,0
2026-05-29 12:26:00+00:00,159.263,159.265,159.261,159.261,0
2026-05-29 12:27:00+00:00,159.261,159.273,159.261,159.265,0
2026-05-29 12:28:00+00:00,159.264,159.267,159.261,159.267,0
2026-05-29 12:29:00+00:00,159.267,159.272,159.265,159.271,0
2026-05-29 12:30:00+00:00,159.27,159.272,159.265,159.266,0
2026-05-29 12:31:00+00:00,159.268,159.273,159.267,159.269,0
2026-05-29 12:32:00+00:00,159.269,159.274,159.269,159.274,0
2026-05-29 12:33:00+00:00,159.276,159.305,159.265,159.272,0
2026-05-29 12:34:00+00:00,159.273,159.298,159.273,159.285,0
2026-05-29 12:35:00+00:00,159.285,159.293,159.281,159.289,0
2026-05-29 12:36:00+00:00,159.294,159.305,159.29,159.294,0
2026-05-29 12:37:00+00:00,159.292,159.295,159.285,159.289,0
2026-05-29 12:38:00+00:00,159.289,159.289,159.285,159.288,0
2026-05-29 12:39:00+00:00,159.29,159.298,159.287,159.295,0
2026-05-29 12:40:00+00:00,159.295,159.297,159.288,159.289,0
2026-05-29 12:41:00+00:00,159.289,159.29,159.286,159.289,0
2026-05-29 12:42:00+00:00,159.288,159.295,159.286,159.288,0
2026-05-29 12:43:00+00:00,159.289,159.298,159.289,159.289,0
2026-05-29 12:44:00+00:00,159.288,159.29,159.279,159.284,0
2026-05-29 12:45:00+00:00,159.285,159.285,159.274,159.274,0
2026-05-29 12:46:00+00:00,159.275,159.283,159.273,159.275,0
2026-05-29 12:47:00+00:00,159.275,159.28,159.27,159.27,0
2026-05-29 12:48:00+00:00,159.273,159.279,159.273,159.277,0
2026-05-29 12:49:00+00:00,159.276,159.287,159.275,159.278,0
2026-05-29 12:50:00+00:00,159.278,159.281,159.275,159.275,0
2026-05-29 12:51:00+00:00,159.274,159.274,159.266,159.271,0
2026-05-29 12:52:00+00:00,159.272,159.274,159.26,159.274,0
2026-05-29 12:53:00+00:00,159.274,159.276,159.273,159.276,0
2026-05-29 12:54:00+00:00,159.274,159.275,159.267,159.267,0
2026-05-29 12:55:00+00:00,159.269,159.273,159.266,159.273,0
2026-05-29 12:56:00+00:00,159.274,159.274,159.272,159.272,0
2026-05-29 12:57:00+00:00,159.271,159.272,159.262,159.264,0
2026-05-29 12:58:00+00:00,159.265,159.27,159.264,159.265,0
2026-05-29 12:59:00+00:00,159.264,159.264,159.255,159.259,0
2026-05-29 13:00:00+00:00,159.256,159.261,159.249,159.257,0
2026-05-29 13:01:00+00:00,159.258,159.263,159.253,159.258,0
2026-05-29 13:02:00+00:00,159.256,159.261,159.251,159.261,0
2026-05-29 13:03:00+00:00,159.26,159.262,159.25,159.252,0
2026-05-29 13:04:00+00:00,159.251,159.253,159.241,159.251,0
2026-05-29 13:05:00+00:00,159.251,159.254,159.247,159.254,0
2026-05-29 13:06:00+00:00,159.254,159.264,159.252,159.263,0
2026-05-29 13:07:00+00:00,159.263,159.264,159.259,159.263,0
2026-05-29 13:08:00+00:00,159.264,159.273,159.264,159.272,0
2026-05-29 13:09:00+00:00,159.271,159.273,159.266,159.272,0
2026-05-29 13:10:00+00:00,159.271,159.272,159.268,159.271,0
2026-05-29 13:11:00+00:00,159.272,159.273,159.271,159.271,0
2026-05-29 13:12:00+00:00,159.271,159.271,159.259,159.263,0
2026-05-29 13:13:00+00:00,159.264,159.282,159.264,159.281,0
2026-05-29 13:14:00+00:00,159.281,159.282,159.275,159.282,0
2026-05-29 13:15:00+00:00,159.282,159.283,159.273,159.279,0
2026-05-29 13:16:00+00:00,159.279,159.284,159.272,159.275,0
2026-05-29 13:17:00+00:00,159.275,159.275,159.264,159.269,0
2026-05-29 13:18:00+00:00,159.267,159.268,159.261,159.266,0
2026-05-29 13:19:00+00:00,159.268,159.271,159.265,159.271,0
2026-05-29 13:20:00+00:00,159.27,159.276,159.263,159.275,0
2026-05-29 13:21:00+00:00,159.274,159.274,159.257,159.258,0
2026-05-29 13:22:00+00:00,159.26,159.274,159.26,159.274,0
2026-05-29 13:23:00+00:00,159.274,159.276,159.27,159.272,0
2026-05-29 13:24:00+00:00,159.272,159.28,159.27,159.276,0
2026-05-29 13:25:00+00:00,159.278,159.278,159.26,159.269,0
2026-05-29 13:26:00+00:00,159.271,159.276,159.27,159.274,0
2026-05-29 13:27:00+00:00,159.274,159.279,159.272,159.276,0
2026-05-29 13:28:00+00:00,159.278,159.283,159.269,159.273,0
2026-05-29 13:29:00+00:00,159.274,159.275,159.269,159.269,0
2026-05-29 13:30:00+00:00,159.27,159.281,159.27,159.274,0
2026-05-29 13:31:00+00:00,159.273,159.274,159.271,159.273,0
2026-05-29 13:32:00+00:00,159.281,159.284,159.27,159.281,0
2026-05-29 13:33:00+00:00,159.282,159.289,159.274,159.276,0
2026-05-29 13:34:00+00:00,159.275,159.283,159.275,159.282,0
2026-05-29 13:35:00+00:00,159.283,159.289,159.282,159.284,0
2026-05-29 13:36:00+00:00,159.286,159.294,159.285,159.293,0
2026-05-29 13:37:00+00:00,159.292,159.293,159.284,159.293,0
2026-05-29 13:38:00+00:00,159.292,159.293,159.29,159.292,0
2026-05-29 13:39:00+00:00,159.293,159.301,159.293,159.295,0
2026-05-29 13:40:00+00:00,159.294,159.295,159.284,159.289,0
2026-05-29 13:41:00+00:00,159.287,159.288,159.281,159.288,0
2026-05-29 13:42:00+00:00,159.291,159.304,159.285,159.286,0
2026-05-29 13:43:00+00:00,159.285,159.294,159.276,159.286,0
2026-05-29 13:44:00+00:00,159.284,159.284,159.262,159.268,0
2026-05-29 13:45:00+00:00,159.268,159.28,159.259,159.26,0
2026-05-29 13:46:00+00:00,159.263,159.274,159.263,159.274,0
2026-05-29 13:47:00+00:00,159.275,159.285,159.274,159.285,0
2026-05-29 13:48:00+00:00,159.282,159.282,159.271,159.272,0
2026-05-29 13:49:00+00:00,159.272,159.277,159.272,159.277,0
2026-05-29 13:50:00+00:00,159.276,159.287,159.276,159.277,0
2026-05-29 13:51:00+00:00,159.276,159.299,159.275,159.293,0
2026-05-29 13:52:00+00:00,159.296,159.298,159.29,159.295,0
2026-05-29 13:53:00+00:00,159.295,159.297,159.294,159.297,0
2026-05-29 13:54:00+00:00,159.296,159.298,159.284,159.287,0
2026-05-29 13:55:00+00:00,159.289,159.295,159.289,159.295,0
2026-05-29 13:56:00+00:00,159.293,159.299,159.292,159.293,0
2026-05-29 13:57:00+00:00,159.292,159.296,159.286,159.287,0
2026-05-29 13:58:00+00:00,159.289,159.29,159.284,159.289,0
2026-05-29 13:59:00+00:00,159.293,159.309,159.293,159.301,0
2026-05-29 14:00:00+00:00,159.3,159.311,159.298,159.3,0
2026-05-29 14:01:00+00:00,159.3,159.302,159.284,159.289,0
2026-05-29 14:02:00+00:00,159.29,159.29,159.275,159.285,0
2026-05-29 14:03:00+00:00,159.286,159.286,159.269,159.278,0
2026-05-29 14:04:00+00:00,159.282,159.285,159.279,159.284,0
2026-05-29 14:05:00+00:00,159.284,159.285,159.277,159.284,0
2026-05-29 14:06:00+00:00,159.285,159.286,159.279,159.283,0
2026-05-29 14:07:00+00:00,159.284,159.286,159.276,159.277,0
2026-05-29 14:08:00+00:00,159.275,159.279,159.275,159.277,0
2026-05-29 14:09:00+00:00,159.276,159.277,159.275,159.276,0
2026-05-29 14:10:00+00:00,159.275,159.29,159.275,159.288,0
2026-05-29 14:11:00+00:00,159.289,159.302,159.286,159.302,0
2026-05-29 14:12:00+00:00,159.302,159.305,159.289,159.301,0
2026-05-29 14:13:00+00:00,159.302,159.314,159.302,159.312,0
2026-05-29 14:14:00+00:00,159.313,159.328,159.311,159.328,0
2026-05-29 14:15:00+00:00,159.326,159.34,159.326,159.34,0
2026-05-29 14:16:00+00:00,159.34,159.343,159.339,159.342,0
2026-05-29 14:17:00+00:00,159.341,159.342,159.336,159.337,0
2026-05-29 14:18:00+00:00,159.337,159.34,159.336,159.339,0
2026-05-29 14:19:00+00:00,159.339,159.349,159.337,159.344,0
2026-05-29 14:20:00+00:00,159.343,159.345,159.338,159.339,0
2026-05-29 14:21:00+00:00,159.34,159.34,159.324,159.324,0
2026-05-29 14:22:00+00:00,159.324,159.335,159.324,159.335,0
2026-05-29 14:23:00+00:00,159.336,159.348,159.336,159.345,0
2026-05-29 14:24:00+00:00,159.345,159.352,159.341,159.35,0
2026-05-29 14:25:00+00:00,159.351,159.352,159.342,159.342,0
2026-05-29 14:26:00+00:00,159.342,159.344,159.337,159.341,0
2026-05-29 14:27:00+00:00,159.342,159.352,159.341,159.346,0
2026-05-29 14:28:00+00:00,159.347,159.35,159.34,159.35,0
2026-05-29 14:29:00+00:00,159.35,159.355,159.349,159.353,0
2026-05-29 14:30:00+00:00,159.353,159.353,159.338,159.338,0
2026-05-29 14:31:00+00:00,159.339,159.341,159.336,159.338,0
2026-05-29 14:32:00+00:00,159.337,159.337,159.329,159.329,0
2026-05-29 14:33:00+00:00,159.329,159.336,159.321,159.335,0
2026-05-29 14:34:00+00:00,159.334,159.336,159.32,159.322,0
2026-05-29 14:35:00+00:00,159.322,159.326,159.318,159.326,0
2026-05-29 14:36:00+00:00,159.325,159.333,159.318,159.322,0
2026-05-29 14:37:00+00:00,159.321,159.35,159.315,159.349,0
2026-05-29 14:38:00+00:00,159.35,159.354,159.344,159.346,0
2026-05-29 14:39:00+00:00,159.347,159.353,159.341,159.342,0
2026-05-29 14:40:00+00:00,159.341,159.341,159.334,159.34,0
2026-05-29 14:41:00+00:00,159.34,159.341,159.326,159.329,0
2026-05-29 14:42:00+00:00,159.329,159.334,159.324,159.33,0
2026-05-29 14:43:00+00:00,159.329,159.338,159.328,159.334,0
2026-05-29 14:44:00+00:00,159.332,159.335,159.315,159.316,0
2026-05-29 14:45:00+00:00,159.317,159.324,159.311,159.324,0
2026-05-29 14:46:00+00:00,159.324,159.329,159.304,159.304,0
2026-05-29 14:47:00+00:00,159.304,159.314,159.298,159.314,0
2026-05-29 14:48:00+00:00,159.316,159.329,159.315,159.326,0
2026-05-29 14:49:00+00:00,159.325,159.327,159.295,159.301,0
2026-05-29 14:50:00+00:00,159.301,159.305,159.287,159.296,0
2026-05-29 14:51:00+00:00,159.297,159.301,159.211,159.276,0
2026-05-29 14:52:00+00:00,159.274,159.282,159.226,159.232,0
2026-05-29 14:53:00+00:00,159.231,159.238,159.181,159.213,0
2026-05-29 14:54:00+00:00,159.212,159.215,159.187,159.204,0
2026-05-29 14:55:00+00:00,159.204,159.227,159.179,159.182,0
2026-05-29 14:56:00+00:00,159.182,159.202,159.163,159.176,0
2026-05-29 14:57:00+00:00,159.172,159.202,159.165,159.19,0
2026-05-29 14:58:00+00:00,159.191,159.191,159.165,159.177,0
2026-05-29 14:59:00+00:00,159.177,159.19,159.161,159.188,0
2026-05-29 15:00:00+00:00,159.188,159.196,159.18,159.192,0
2026-05-29 15:01:00+00:00,159.193,159.205,159.122,159.138,0
2026-05-29 15:02:00+00:00,159.138,159.181,159.131,159.165,0
2026-05-29 15:03:00+00:00,159.167,159.185,159.161,159.162,0
2026-05-29 15:04:00+00:00,159.163,159.185,159.158,159.177,0
2026-05-29 15:05:00+00:00,159.177,159.192,159.175,159.189,0
2026-05-29 15:06:00+00:00,159.189,159.192,159.178,159.178,0
2026-05-29 15:07:00+00:00,159.177,159.178,159.149,159.153,0
2026-05-29 15:08:00+00:00,159.153,159.161,159.099,159.101,0
2026-05-29 15:09:00+00:00,159.102,159.121,159.099,159.116,0
2026-05-29 15:10:00+00:00,159.118,159.118,159.103,159.112,0
2026-05-29 15:11:00+00:00,159.113,159.116,159.095,159.115,0
2026-05-29 15:12:00+00:00,159.113,159.119,159.11,159.115,0
2026-05-29 15:13:00+00:00,159.116,159.126,159.1,159.124,0
2026-05-29 15:14:00+00:00,159.125,159.151,159.117,159.151,0
2026-05-29 15:15:00+00:00,159.151,159.18,159.149,159.176,0
2026-05-29 15:16:00+00:00,159.176,159.177,159.162,159.166,0
2026-05-29 15:17:00+00:00,159.165,159.175,159.16,159.171,0
2026-05-29 15:18:00+00:00,159.172,159.174,159.164,159.166,0
2026-05-29 15:19:00+00:00,159.166,159.188,159.165,159.188,0
2026-05-29 15:20:00+00:00,159.186,159.195,159.183,159.186,0
2026-05-29 15:21:00+00:00,159.187,159.192,159.159,159.163,0
2026-05-29 15:22:00+00:00,159.164,159.17,159.158,159.163,0
2026-05-29 15:23:00+00:00,159.163,159.169,159.141,159.144,0
2026-05-29 15:24:00+00:00,159.143,159.16,159.134,159.157,0
2026-05-29 15:25:00+00:00,159.157,159.184,159.157,159.179,0
2026-05-29 15:26:00+00:00,159.178,159.178,159.161,159.163,0
2026-05-29 15:27:00+00:00,159.164,159.188,159.163,159.187,0
2026-05-29 15:28:00+00:00,159.183,159.189,159.173,159.174,0
2026-05-29 15:29:00+00:00,159.176,159.179,159.16,159.179,0
2026-05-29 15:30:00+00:00,159.177,159.18,159.162,159.164,0
2026-05-29 15:31:00+00:00,159.163,159.174,159.159,159.165,0
2026-05-29 15:32:00+00:00,159.167,159.173,159.143,159.143,0
2026-05-29 15:33:00+00:00,159.149,159.156,159.141,159.146,0
2026-05-29 15:34:00+00:00,159.147,159.176,159.147,159.175,0
2026-05-29 15:35:00+00:00,159.176,159.178,159.157,159.158,0
2026-05-29 15:36:00+00:00,159.157,159.164,159.149,159.151,0
2026-05-29 15:37:00+00:00,159.151,159.205,159.151,159.183,0
2026-05-29 15:38:00+00:00,159.184,159.194,159.182,159.183,0
2026-05-29 15:39:00+00:00,159.186,159.193,159.172,159.187,0
2026-05-29 15:40:00+00:00,159.187,159.201,159.184,159.188,0
2026-05-29 15:41:00+00:00,159.189,159.232,159.175,159.226,0
2026-05-29 15:42:00+00:00,159.226,159.234,159.206,159.213,0
2026-05-29 15:43:00+00:00,159.212,159.235,159.212,159.227,0
2026-05-29 15:44:00+00:00,159.228,159.24,159.216,159.217,0
2026-05-29 15:45:00+00:00,159.219,159.22,159.199,159.2,0
2026-05-29 15:46:00+00:00,159.201,159.231,159.199,159.228,0
2026-05-29 15:47:00+00:00,159.229,159.245,159.227,159.229,0
2026-05-29 15:48:00+00:00,159.229,159.238,159.223,159.223,0
2026-05-29 15:49:00+00:00,159.222,159.224,159.208,159.22,0
2026-05-29 15:50:00+00:00,159.223,159.236,159.216,159.229,0
2026-05-29 15:51:00+00:00,159.227,159.234,159.22,159.225,0
2026-05-29 15:52:00+00:00,159.223,159.234,159.221,159.233,0
2026-05-29 15:53:00+00:00,159.233,159.238,159.229,159.238,0
2026-05-29 15:54:00+00:00,159.237,159.237,159.219,159.228,0
2026-05-29 15:55:00+00:00,159.229,159.237,159.227,159.233,0
2026-05-29 15:56:00+00:00,159.234,159.24,159.229,159.236,0
2026-05-29 15:57:00+00:00,159.237,159.241,159.229,159.232,0
2026-05-29 15:58:00+00:00,159.23,159.236,159.226,159.236,0
2026-05-29 15:59:00+00:00,159.237,159.242,159.229,159.23,0
2026-05-29 16:00:00+00:00,159.23,159.233,159.218,159.227,0
2026-05-29 16:01:00+00:00,159.226,159.229,159.214,159.218,0
2026-05-29 16:02:00+00:00,159.216,159.218,159.198,159.207,0
2026-05-29 16:03:00+00:00,159.206,159.217,159.204,159.213,0
2026-05-29 16:04:00+00:00,159.214,159.221,159.207,159.221,0
2026-05-29 16:05:00+00:00,159.222,159.229,159.221,159.223,0
2026-05-29 16:06:00+00:00,159.222,159.235,159.22,159.227,0
2026-05-29 16:07:00+00:00,159.228,159.235,159.222,159.235,0
2026-05-29 16:08:00+00:00,159.238,159.243,159.234,159.243,0
2026-05-29 16:09:00+00:00,159.241,159.242,159.228,159.234,0
2026-05-29 16:10:00+00:00,159.233,159.235,159.223,159.233,0
2026-05-29 16:11:00+00:00,159.232,159.237,159.228,159.232,0
2026-05-29 16:12:00+00:00,159.233,159.243,159.232,159.241,0
2026-05-29 16:13:00+00:00,159.238,159.249,159.236,159.238,0
2026-05-29 16:14:00+00:00,159.239,159.242,159.236,159.238,0
2026-05-29 16:15:00+00:00,159.24,159.245,159.238,159.241,0
2026-05-29 16:16:00+00:00,159.24,159.24,159.222,159.223,0
2026-05-29 16:17:00+00:00,159.224,159.229,159.221,159.224,0
2026-05-29 16:18:00+00:00,159.225,159.246,159.225,159.241,0
2026-05-29 16:19:00+00:00,159.24,159.248,159.238,159.248,0
2026-05-29 16:20:00+00:00,159.249,159.25,159.247,159.247,0
2026-05-29 16:21:00+00:00,159.246,159.246,159.235,159.236,0
2026-05-29 16:22:00+00:00,159.24,159.241,159.23,159.231,0
2026-05-29 16:23:00+00:00,159.229,159.233,159.219,159.233,0
2026-05-29 16:24:00+00:00,159.231,159.237,159.222,159.236,0
2026-05-29 16:25:00+00:00,159.237,159.24,159.231,159.236,0
2026-05-29 16:26:00+00:00,159.238,159.238,159.232,159.233,0
2026-05-29 16:27:00+00:00,159.232,159.238,159.232,159.238,0
2026-05-29 16:28:00+00:00,159.243,159.243,159.231,159.232,0
2026-05-29 16:29:00+00:00,159.234,159.234,159.232,159.232,0
2026-05-29 16:30:00+00:00,159.233,159.244,159.23,159.233,0
2026-05-29 16:31:00+00:00,159.232,159.237,159.21,159.22,0
2026-05-29 16:32:00+00:00,159.216,159.234,159.212,159.223,0
2026-05-29 16:33:00+00:00,159.221,159.221,159.208,159.208,0
2026-05-29 16:34:00+00:00,159.206,159.215,159.198,159.211,0
2026-05-29 16:35:00+00:00,159.211,159.215,159.209,159.212,0
2026-05-29 16:36:00+00:00,159.213,159.213,159.2,159.201,0
2026-05-29 16:37:00+00:00,159.2,159.211,159.187,159.201,0
2026-05-29 16:38:00+00:00,159.2,159.203,159.196,159.2,0
2026-05-29 16:39:00+00:00,159.199,159.199,159.186,159.194,0
2026-05-29 16:40:00+00:00,159.192,159.192,159.184,159.185,0
2026-05-29 16:41:00+00:00,159.187,159.189,159.181,159.185,0
2026-05-29 16:42:00+00:00,159.186,159.197,159.186,159.196,0
2026-05-29 16:43:00+00:00,159.195,159.2,159.193,159.195,0
2026-05-29 16:44:00+00:00,159.193,159.196,159.181,159.182,0
2026-05-29 16:45:00+00:00,159.184,159.194,159.182,159.19,0
2026-05-29 16:46:00+00:00,159.191,159.205,159.185,159.199,0
2026-05-29 16:47:00+00:00,159.2,159.21,159.2,159.201,0
2026-05-29 16:48:00+00:00,159.205,159.207,159.199,159.199,0
2026-05-29 16:49:00+00:00,159.2,159.21,159.2,159.209,0
2026-05-29 16:50:00+00:00,159.21,159.225,159.21,159.213,0
2026-05-29 16:51:00+00:00,159.212,159.216,159.211,159.216,0
2026-05-29 16:52:00+00:00,159.215,159.225,159.215,159.219,0
2026-05-29 16:53:00+00:00,159.22,159.22,159.21,159.21,0
2026-05-29 16:54:00+00:00,159.213,159.213,159.209,159.21,0
2026-05-29 16:55:00+00:00,159.206,159.209,159.205,159.209,0
2026-05-29 16:56:00+00:00,159.209,159.211,159.206,159.206,0
2026-05-29 16:57:00+00:00,159.207,159.211,159.199,159.209,0
2026-05-29 16:58:00+00:00,159.208,159.209,159.203,159.208,0
2026-05-29 16:59:00+00:00,159.205,159.207,159.186,159.197,0
2026-05-29 17:00:00+00:00,159.196,159.201,159.192,159.199,0
2026-05-29 17:01:00+00:00,159.201,159.201,159.192,159.195,0
2026-05-29 17:02:00+00:00,159.193,159.198,159.193,159.196,0
2026-05-29 17:03:00+00:00,159.194,159.197,159.193,159.196,0
2026-05-29 17:04:00+00:00,159.197,159.208,159.197,159.207,0
2026-05-29 17:05:00+00:00,159.205,159.205,159.197,159.199,0
2026-05-29 17:06:00+00:00,159.197,159.198,159.195,159.195,0
2026-05-29 17:07:00+00:00,159.194,159.194,159.183,159.187,0
2026-05-29 17:08:00+00:00,159.187,159.198,159.185,159.198,0
2026-05-29 17:09:00+00:00,159.202,159.207,159.198,159.204,0
2026-05-29 17:10:00+00:00,159.203,159.206,159.199,159.202,0
2026-05-29 17:11:00+00:00,159.203,159.221,159.203,159.217,0
2026-05-29 17:12:00+00:00,159.216,159.226,159.21,159.224,0
2026-05-29 17:13:00+00:00,159.224,159.224,159.221,159.221,0
2026-05-29 17:14:00+00:00,159.222,159.23,159.218,159.23,0
2026-05-29 17:15:00+00:00,159.229,159.229,159.225,159.226,0
2026-05-29 17:16:00+00:00,159.224,159.227,159.22,159.22,0
2026-05-29 17:17:00+00:00,159.221,159.225,159.22,159.225,0
2026-05-29 17:18:00+00:00,159.224,159.224,159.22,159.222,0
2026-05-29 17:19:00+00:00,159.221,159.228,159.22,159.226,0
2026-05-29 17:20:00+00:00,159.225,159.227,159.22,159.226,0
2026-05-29 17:21:00+00:00,159.225,159.255,159.225,159.249,0
2026-05-29 17:22:00+00:00,159.248,159.252,159.245,159.247,0
2026-05-29 17:23:00+00:00,159.248,159.249,159.236,159.239,0
2026-05-29 17:24:00+00:00,159.237,159.251,159.228,159.236,0
2026-05-29 17:25:00+00:00,159.236,159.238,159.232,159.237,0
2026-05-29 17:26:00+00:00,159.239,159.24,159.236,159.24,0
2026-05-29 17:27:00+00:00,159.241,159.242,159.237,159.237,0
2026-05-29 17:28:00+00:00,159.235,159.236,159.234,159.235,0
2026-05-29 17:29:00+00:00,159.236,159.236,159.234,159.235,0
2026-05-29 17:30:00+00:00,159.233,159.241,159.229,159.24,0
2026-05-29 17:31:00+00:00,159.239,159.242,159.236,159.236,0
2026-05-29 17:32:00+00:00,159.235,159.238,159.234,159.236,0
2026-05-29 17:33:00+00:00,159.236,159.239,159.234,159.238,0
2026-05-29 17:34:00+00:00,159.236,159.236,159.228,159.231,0
2026-05-29 17:35:00+00:00,159.232,159.235,159.225,159.235,0
2026-05-29 17:36:00+00:00,159.234,159.235,159.232,159.234,0
2026-05-29 17:37:00+00:00,159.232,159.235,159.231,159.234,0
2026-05-29 17:38:00+00:00,159.236,159.236,159.225,159.233,0
2026-05-29 17:39:00+00:00,159.235,159.245,159.235,159.245,0
2026-05-29 17:40:00+00:00,159.243,159.25,159.241,159.247,0
2026-05-29 17:41:00+00:00,159.245,159.245,159.237,159.238,0
2026-05-29 17:42:00+00:00,159.239,159.246,159.239,159.246,0
2026-05-29 17:43:00+00:00,159.248,159.255,159.248,159.25,0
2026-05-29 17:44:00+00:00,159.249,159.252,159.242,159.244,0
2026-05-29 17:45:00+00:00,159.243,159.248,159.243,159.246,0
2026-05-29 17:46:00+00:00,159.245,159.246,159.242,159.245,0
2026-05-29 17:47:00+00:00,159.246,159.248,159.242,159.246,0
2026-05-29 17:48:00+00:00,159.247,159.248,159.24,159.24,0
2026-05-29 17:49:00+00:00,159.24,159.244,159.235,159.238,0
2026-05-29 17:50:00+00:00,159.238,159.239,159.236,159.238,0
2026-05-29 17:51:00+00:00,159.237,159.237,159.231,159.232,0
2026-05-29 17:52:00+00:00,159.235,159.247,159.235,159.247,0
2026-05-29 17:53:00+00:00,159.246,159.253,159.246,159.25,0
2026-05-29 17:54:00+00:00,159.253,159.268,159.253,159.26,0
2026-05-29 17:55:00+00:00,159.262,159.266,159.259,159.266,0
2026-05-29 17:56:00+00:00,159.266,159.273,159.263,159.27,0
2026-05-29 17:57:00+00:00,159.266,159.274,159.26,159.272,0
2026-05-29 17:58:00+00:00,159.27,159.277,159.269,159.276,0
2026-05-29 17:59:00+00:00,159.277,159.285,159.274,159.283,0
2026-05-29 18:00:00+00:00,159.284,159.29,159.284,159.285,0
2026-05-29 18:01:00+00:00,159.286,159.295,159.285,159.286,0
2026-05-29 18:02:00+00:00,159.286,159.29,159.282,159.283,0
2026-05-29 18:03:00+00:00,159.285,159.285,159.28,159.281,0
2026-05-29 18:04:00+00:00,159.282,159.282,159.272,159.28,0
2026-05-29 18:05:00+00:00,159.279,159.282,159.275,159.281,0
2026-05-29 18:06:00+00:00,159.282,159.288,159.282,159.283,0
2026-05-29 18:07:00+00:00,159.282,159.282,159.279,159.281,0
2026-05-29 18:08:00+00:00,159.282,159.287,159.282,159.286,0
2026-05-29 18:09:00+00:00,159.285,159.285,159.282,159.282,0
2026-05-29 18:10:00+00:00,159.283,159.284,159.271,159.279,0
2026-05-29 18:11:00+00:00,159.278,159.28,159.265,159.267,0
2026-05-29 18:12:00+00:00,159.265,159.272,159.26,159.271,0
2026-05-29 18:13:00+00:00,159.272,159.274,159.269,159.27,0
2026-05-29 18:14:00+00:00,159.271,159.274,159.263,159.264,0
2026-05-29 18:15:00+00:00,159.267,159.268,159.26,159.261,0
2026-05-29 18:16:00+00:00,159.26,159.271,159.26,159.271,0
2026-05-29 18:17:00+00:00,159.268,159.288,159.267,159.283,0
2026-05-29 18:18:00+00:00,159.282,159.304,159.281,159.287,0
2026-05-29 18:19:00+00:00,159.285,159.285,159.273,159.274,0
2026-05-29 18:20:00+00:00,159.273,159.286,159.263,159.286,0
2026-05-29 18:21:00+00:00,159.285,159.291,159.283,159.286,0
2026-05-29 18:22:00+00:00,159.285,159.294,159.285,159.288,0
2026-05-29 18:23:00+00:00,159.289,159.299,159.286,159.29,0
2026-05-29 18:24:00+00:00,159.287,159.297,159.287,159.29,0
2026-05-29 18:25:00+00:00,159.291,159.291,159.277,159.285,0
2026-05-29 18:26:00+00:00,159.286,159.288,159.27,159.27,0
2026-05-29 18:27:00+00:00,159.27,159.271,159.264,159.265,0
2026-05-29 18:28:00+00:00,159.269,159.283,159.268,159.275,0
2026-05-29 18:29:00+00:00,159.277,159.277,159.268,159.268,0
2026-05-29 18:30:00+00:00,159.267,159.267,159.258,159.261,0
2026-05-29 18:31:00+00:00,159.262,159.262,159.248,159.249,0
2026-05-29 18:32:00+00:00,159.249,159.254,159.249,159.25,0
2026-05-29 18:33:00+00:00,159.251,159.256,159.245,159.246,0
2026-05-29 18:34:00+00:00,159.245,159.248,159.244,159.246,0
2026-05-29 18:35:00+00:00,159.246,159.249,159.238,159.245,0
2026-05-29 18:36:00+00:00,159.246,159.247,159.238,159.243,0
2026-05-29 18:37:00+00:00,159.245,159.248,159.242,159.244,0
2026-05-29 18:38:00+00:00,159.248,159.248,159.238,159.238,0
2026-05-29 18:39:00+00:00,159.235,159.236,159.231,159.235,0
2026-05-29 18:40:00+00:00,159.233,159.238,159.23,159.237,0
2026-05-29 18:41:00+00:00,159.238,159.243,159.235,159.237,0
2026-05-29 18:42:00+00:00,159.239,159.251,159.239,159.251,0
2026-05-29 18:43:00+00:00,159.254,159.255,159.246,159.25,0
2026-05-29 18:44:00+00:00,159.248,159.248,159.245,159.247,0
2026-05-29 18:45:00+00:00,159.249,159.3,159.249,159.275,0
2026-05-29 18:46:00+00:00,159.274,159.28,159.268,159.27,0
2026-05-29 18:47:00+00:00,159.27,159.271,159.254,159.254,0
2026-05-29 18:48:00+00:00,159.254,159.26,159.253,159.258,0
2026-05-29 18:49:00+00:00,159.258,159.258,159.245,159.255,0
2026-05-29 18:50:00+00:00,159.255,159.256,159.242,159.244,0
2026-05-29 18:51:00+00:00,159.244,159.251,159.244,159.249,0
2026-05-29 18:52:00+00:00,159.25,159.254,159.247,159.249,0
2026-05-29 18:53:00+00:00,159.253,159.255,159.243,159.243,0
2026-05-29 18:54:00+00:00,159.244,159.244,159.234,159.234,0
2026-05-29 18:55:00+00:00,159.233,159.234,159.224,159.226,0
2026-05-29 18:56:00+00:00,159.224,159.227,159.222,159.224,0
2026-05-29 18:57:00+00:00,159.223,159.235,159.221,159.232,0
2026-05-29 18:58:00+00:00,159.233,159.244,159.233,159.237,0
2026-05-29 18:59:00+00:00,159.236,159.264,159.236,159.261,0
2026-05-29 19:00:00+00:00,159.261,159.261,159.242,159.245,0
2026-05-29 19:01:00+00:00,159.245,159.25,159.239,159.24,0
2026-05-29 19:02:00+00:00,159.239,159.244,159.23,159.239,0
2026-05-29 19:03:00+00:00,159.236,159.241,159.233,159.233,0
2026-05-29 19:04:00+00:00,159.234,159.241,159.23,159.241,0
2026-05-29 19:05:00+00:00,159.239,159.24,159.233,159.234,0
2026-05-29 19:06:00+00:00,159.234,159.234,159.231,159.231,0
2026-05-29 19:07:00+00:00,159.229,159.23,159.224,159.225,0
2026-05-29 19:08:00+00:00,159.226,159.229,159.224,159.224,0
2026-05-29 19:09:00+00:00,159.225,159.225,159.218,159.218,0
2026-05-29 19:10:00+00:00,159.218,159.23,159.216,159.226,0
2026-05-29 19:11:00+00:00,159.226,159.227,159.223,159.223,0
2026-05-29 19:12:00+00:00,159.225,159.235,159.225,159.234,0
2026-05-29 19:13:00+00:00,159.234,159.236,159.232,159.236,0
2026-05-29 19:14:00+00:00,159.237,159.242,159.234,159.234,0
2026-05-29 19:15:00+00:00,159.236,159.236,159.233,159.234,0
2026-05-29 19:16:00+00:00,159.235,159.235,159.222,159.223,0
2026-05-29 19:17:00+00:00,159.227,159.234,159.227,159.231,0
2026-05-29 19:18:00+00:00,159.235,159.238,159.229,159.235,0
2026-05-29 19:19:00+00:00,159.233,159.249,159.233,159.248,0
2026-05-29 19:20:00+00:00,159.247,159.249,159.244,159.244,0
2026-05-29 19:21:00+00:00,159.246,159.248,159.235,159.245,0
2026-05-29 19:22:00+00:00,159.244,159.247,159.241,159.245,0
2026-05-29 19:23:00+00:00,159.246,159.248,159.239,159.248,0
2026-05-29 19:24:00+00:00,159.246,159.259,159.246,159.259,0
2026-05-29 19:25:00+00:00,159.263,159.272,159.263,159.267,0
2026-05-29 19:26:00+00:00,159.268,159.271,159.262,159.263,0
2026-05-29 19:27:00+00:00,159.263,159.264,159.256,159.26,0
2026-05-29 19:28:00+00:00,159.26,159.261,159.257,159.261,0
2026-05-29 19:29:00+00:00,159.26,159.262,159.258,159.261,0
2026-05-29 19:30:00+00:00,159.259,159.264,159.252,159.26,0
2026-05-29 19:31:00+00:00,159.259,159.261,159.246,159.248,0
2026-05-29 19:32:00+00:00,159.25,159.255,159.25,159.252,0
2026-05-29 19:33:00+00:00,159.25,159.253,159.249,159.249,0
2026-05-29 19:34:00+00:00,159.253,159.257,159.253,159.253,0
2026-05-29 19:35:00+00:00,159.252,159.253,159.249,159.249,0
2026-05-29 19:36:00+00:00,159.251,159.252,159.249,159.249,0
2026-05-29 19:37:00+00:00,159.25,159.252,159.248,159.252,0
2026-05-29 19:38:00+00:00,159.254,159.266,159.254,159.264,0
2026-05-29 19:39:00+00:00,159.262,159.265,159.259,159.259,0
2026-05-29 19:40:00+00:00,159.26,159.264,159.258,159.259,0
2026-05-29 19:41:00+00:00,159.259,159.264,159.259,159.264,0
2026-05-29 19:42:00+00:00,159.263,159.265,159.254,159.265,0
2026-05-29 19:43:00+00:00,159.263,159.266,159.261,159.263,0
2026-05-29 19:44:00+00:00,159.266,159.266,159.253,159.259,0
2026-05-29 19:45:00+00:00,159.258,159.271,159.258,159.264,0
2026-05-29 19:46:00+00:00,159.263,159.272,159.262,159.265,0
2026-05-29 19:47:00+00:00,159.265,159.268,159.253,159.254,0
2026-05-29 19:48:00+00:00,159.255,159.259,159.252,159.258,0
2026-05-29 19:49:00+00:00,159.259,159.259,159.253,159.256,0
2026-05-29 19:50:00+00:00,159.259,159.259,159.246,159.249,0
2026-05-29 19:51:00+00:00,159.248,159.256,159.248,159.256,0
2026-05-29 19:52:00+00:00,159.257,159.257,159.248,159.254,0
2026-05-29 19:53:00+00:00,159.253,159.254,159.246,159.253,0
2026-05-29 19:54:00+00:00,159.253,159.253,159.248,159.253,0
2026-05-29 19:55:00+00:00,159.25,159.25,159.24,159.245,0
2026-05-29 19:56:00+00:00,159.247,159.253,159.247,159.248,0
2026-05-29 19:57:00+00:00,159.249,159.255,159.248,159.249,0
2026-05-29 19:58:00+00:00,159.25,159.262,159.25,159.256,0
2026-05-29 19:59:00+00:00,159.255,159.261,159.249,159.26,0
2026-05-29 20:00:00+00:00,159.259,159.264,159.259,159.264,0
2026-05-29 20:01:00+00:00,159.262,159.269,159.26,159.264,0
2026-05-29 20:02:00+00:00,159.265,159.269,159.262,159.267,0
2026-05-29 20:03:00+00:00,159.265,159.265,159.261,159.263,0
2026-05-29 20:04:00+00:00,159.264,159.265,159.257,159.258,0
2026-05-29 20:05:00+00:00,159.257,159.261,159.25,159.26,0
2026-05-29 20:06:00+00:00,159.259,159.264,159.255,159.26,0
2026-05-29 20:07:00+00:00,159.262,159.263,159.257,159.258,0
2026-05-29 20:08:00+00:00,159.257,159.257,159.248,159.25,0
2026-05-29 20:09:00+00:00,159.251,159.262,159.25,159.261,0
2026-05-29 20:10:00+00:00,159.261,159.264,159.261,159.264,0
2026-05-29 20:11:00+00:00,159.265,159.27,159.263,159.264,0
2026-05-29 20:12:00+00:00,159.265,159.265,159.263,159.263,0
2026-05-29 20:13:00+00:00,159.264,159.267,159.263,159.263,0
2026-05-29 20:14:00+00:00,159.265,159.266,159.261,159.263,0
2026-05-29 20:15:00+00:00,159.264,159.266,159.264,159.265,0
2026-05-29 20:16:00+00:00,159.267,159.275,159.267,159.272,0
2026-05-29 20:17:00+00:00,159.272,159.274,159.272,159.274,0
2026-05-29 20:18:00+00:00,159.273,159.274,159.273,159.274,0
2026-05-29 20:19:00+00:00,159.273,159.273,159.271,159.273,0
2026-05-29 20:20:00+00:00,159.273,159.274,159.273,159.274,0
2026-05-29 20:21:00+00:00,159.274,159.275,159.272,159.274,0
2026-05-29 20:22:00+00:00,159.274,159.274,159.265,159.266,0
2026-05-29 20:23:00+00:00,159.266,159.27,159.266,159.269,0
2026-05-29 20:24:00+00:00,159.266,159.274,159.266,159.273,0
2026-05-29 20:25:00+00:00,159.273,159.273,159.272,159.273,0
2026-05-29 20:26:00+00:00,159.274,159.274,159.273,159.274,0
2026-05-29 20:27:00+00:00,159.274,159.277,159.274,159.275,0
2026-05-29 20:28:00+00:00,159.275,159.275,159.274,159.275,0
2026-05-29 20:29:00+00:00,159.275,159.288,159.274,159.274,0
2026-05-29 20:30:00+00:00,159.276,159.276,159.275,159.276,0
2026-05-29 20:31:00+00:00,159.277,159.277,159.274,159.274,0
2026-05-29 20:32:00+00:00,159.274,159.275,159.27,159.272,0
2026-05-29 20:33:00+00:00,159.273,159.273,159.263,159.263,0
2026-05-29 20:34:00+00:00,159.264,159.264,159.262,159.262,0
2026-05-29 20:35:00+00:00,159.269,159.274,159.261,159.263,0
2026-05-29 20:36:00+00:00,159.262,159.263,159.262,159.262,0
2026-05-29 20:37:00+00:00,159.263,159.269,159.263,159.267,0
2026-05-29 20:38:00+00:00,159.266,159.274,159.262,159.272,0
2026-05-29 20:39:00+00:00,159.273,159.274,159.272,159.274,0
2026-05-29 20:40:00+00:00,159.273,159.277,159.27,159.271,0
2026-05-29 20:41:00+00:00,159.272,159.272,159.269,159.27,0
2026-05-29 20:42:00+00:00,159.271,159.271,159.269,159.27,0
2026-05-29 20:43:00+00:00,159.269,159.271,159.267,159.269,0
2026-05-29 20:44:00+00:00,159.269,159.271,159.254,159.256,0
2026-05-29 20:45:00+00:00,159.263,159.265,159.258,159.261,0
2026-05-29 20:46:00+00:00,159.261,159.263,159.255,159.26,0
2026-05-29 20:47:00+00:00,159.262,159.262,159.253,159.256,0
2026-05-29 20:48:00+00:00,159.254,159.26,159.254,159.255,0
2026-05-29 20:49:00+00:00,159.255,159.259,159.248,159.256,0
2026-05-29 20:50:00+00:00,159.256,159.258,159.252,159.258,0
2026-05-29 20:51:00+00:00,159.257,159.258,159.255,159.258,0
2026-05-29 20:52:00+00:00,159.259,159.259,159.255,159.258,0
2026-05-29 20:53:00+00:00,159.257,159.259,159.254,159.255,0
2026-05-29 20:54:00+00:00,159.256,159.265,159.255,159.256,0
2026-05-29 20:55:00+00:00,159.255,159.258,159.251,159.254,0
2026-05-29 20:56:00+00:00,159.253,159.254,159.251,159.253,0
2026-05-29 20:57:00+00:00,159.253,159.261,159.241,159.259,0
2026-05-29 20:58:00+00:00,159.247,159.26,159.246,159.254,0
2026-05-29 20:59:00+00:00,159.253,159.268,159.249,159.249,0
2026-05-29 21:00:00+00:00,159.249,159.249,159.249,159.249,0
2026-05-29 21:01:00+00:00,159.249,159.249,159.249,159.249,0
2026-05-29 21:02:00+00:00,159.249,159.249,159.249,159.249,0
2026-05-29 21:03:00+00:00,159.249,159.249,159.249,159.249,0
2026-05-29 21:04:00+00:00,159.249,159.249,159.249,159.249,0
2026-05-29 21:05:00+00:00,159.249,159.249,159.249,159.249,0
2026-05-29 21:06:00+00:00,159.249,159.249,159.249,159.249,0
2026-05-29 21:07:00+00:00,159.249,159.249,159.249,159.249,0
2026-05-29 21:08:00+00:00,159.249,159.249,159.249,159.249,0
2026-05-29 21:09:00+00:00,159.249,159.249,159.249,159.249,0
2026-05-29 21:10:00+00:00,159.249,159.249,159.249,159.249,0
2026-05-29 21:11:00+00:00,159.249,159.249,159.249,159.249,0
2026-05-29 21:12:00+00:00,159.249,159.249,159.249,159.249,0
2026-05-29 21:13:00+00:00,159.249,159.249,159.249,159.249,0
2026-05-29 21:14:00+00:00,159.249,159.249,159.249,159.249,0
2026-05-29 21:15:00+00:00,159.249,159.249,159.249,159.249,0
2026-05-29 21:16:00+00:00,159.249,159.249,159.249,159.249,0
2026-05-29 21:17:00+00:00,159.249,159.249,159.249,159.249,0
2026-05-29 21:18:00+00:00,159.249,159.249,159.249,159.249,0
2026-05-29 21:19:00+00:00,159.249,159.249,159.249,159.249,0
2026-05-29 21:20:00+00:00,159.249,159.249,159.249,159.249,0
2026-05-29 21:21:00+00:00,159.249,159.249,159.249,159.249,0
2026-05-29 21:22:00+00:00,159.249,159.249,159.249,159.249,0
2026-05-29 21:23:00+00:00,159.249,159.249,159.249,159.249,0
2026-05-29 21:24:00+00:00,159.249,159.249,159.249,159.249,0
2026-05-29 21:25:00+00:00,159.249,159.249,159.249,159.249,0
2026-05-29 21:26:00+00:00,159.249,159.249,159.249,159.249,0
2026-05-29 21:27:00+00:00,159.249,159.249,159.249,159.249,0
2026-05-29 21:28:00+00:00,159.249,159.249,159.249,159.249,0
2026-05-29 21:29:00+00:00,159.249,159.249,159.249,159.249,0
2026-05-29 21:30:00+00:00,159.249,159.249,159.249,159.249,0
2026-05-29 21:31:00+00:00,159.249,159.249,159.249,159.249,0
2026-05-29 21:32:00+00:00,159.249,159.249,159.249,159.249,0
2026-05-29 21:33:00+00:00,159.249,159.249,159.249,159.249,0
2026-05-29 21:34:00+00:00,159.249,159.249,159.249,159.249,0
2026-05-29 21:35:00+00:00,159.249,159.249,159.249,159.249,0
2026-05-29 21:36:00+00:00,159.249,159.249,159.249,159.249,0
2026-05-29 21:37:00+00:00,159.249,159.249,159.249,159.249,0
2026-05-29 21:38:00+00:00,159.249,159.249,159.249,159.249,0
2026-05-29 21:39:00+00:00,159.249,159.249,159.249,159.249,0
2026-05-29 21:40:00+00:00,159.249,159.249,159.249,159.249,0
2026-05-29 21:41:00+00:00,159.249,159.249,159.249,159.249,0
2026-05-29 21:42:00+00:00,159.249,159.249,159.249,159.249,0
2026-05-29 21:43:00+00:00,159.249,159.249,159.249,159.249,0
2026-05-29 21:44:00+00:00,159.249,159.249,159.249,159.249,0
2026-05-29 21:45:00+00:00,159.249,159.249,159.249,159.249,0
2026-05-29 21:46:00+00:00,159.249,159.249,159.249,159.249,0
2026-05-29 21:47:00+00:00,159.249,159.249,159.249,159.249,0
2026-05-29 21:48:00+00:00,159.249,159.249,159.249,159.249,0
2026-05-29 21:49:00+00:00,159.249,159.249,159.249,159.249,0
2026-05-29 21:50:00+00:00,159.249,159.249,159.249,159.249,0
2026-05-29 21:51:00+00:00,159.249,159.249,159.249,159.249,0
2026-05-29 21:52:00+00:00,159.249,159.249,159.249,159.249,0
2026-05-29 21:53:00+00:00,159.249,159.249,159.249,159.249,0
2026-05-29 21:54:00+00:00,159.249,159.249,159.249,159.249,0
2026-05-29 21:55:00+00:00,159.249,159.249,159.249,159.249,0
2026-05-29 21:56:00+00:00,159.249,159.249,159.249,159.249,0
2026-05-29 21:57:00+00:00,159.249,159.249,159.249,159.249,0
2026-05-29 21:58:00+00:00,159.249,159.249,159.249,159.249,0
2026-05-29 21:59:00+00:00,159.249,159.249,159.249,159.249,0
2026-05-29 22:00:00+00:00,159.249,159.249,159.249,159.249,0
2026-05-29 22:01:00+00:00,159.249,159.249,159.249,159.249,0
2026-05-29 22:02:00+00:00,159.249,159.249,159.249,159.249,0
2026-05-29 22:03:00+00:00,159.249,159.249,159.249,159.249,0
2026-05-29 22:04:00+00:00,159.249,159.249,159.249,159.249,0
2026-05-29 22:05:00+00:00,159.249,159.249,159.249,159.249,0
2026-05-29 22:06:00+00:00,159.249,159.249,159.249,159.249,0
2026-05-29 22:07:00+00:00,159.249,159.249,159.249,159.249,0
2026-05-29 22:08:00+00:00,159.249,159.249,159.249,159.249,0
2026-05-29 22:09:00+00:00,159.249,159.249,159.249,159.249,0
2026-05-29 22:10:00+00:00,159.249,159.249,159.249,159.249,0
2026-05-29 22:11:00+00:00,159.249,159.249,159.249,159.249,0
2026-05-29 22:12:00+00:00,159.249,159.249,159.249,159.249,0
2026-05-29 22:13:00+00:00,159.249,159.249,159.249,159.249,0
2026-05-29 22:14:00+00:00,159.249,159.249,159.249,159.249,0
2026-05-29 22:15:00+00:00,159.249,159.249,159.249,159.249,0
2026-05-29 22:16:00+00:00,159.249,159.249,159.249,159.249,0
2026-05-29 22:17:00+00:00,159.249,159.249,159.249,159.249,0
2026-05-29 22:18:00+00:00,159.249,159.249,159.249,159.249,0
2026-05-29 22:19:00+00:00,159.249,159.249,159.249,159.249,0
2026-05-29 22:20:00+00:00,159.249,159.249,159.249,159.249,0
2026-05-29 22:21:00+00:00,159.249,159.249,159.249,159.249,0
2026-05-29 22:22:00+00:00,159.249,159.249,159.249,159.249,0
2026-05-29 22:23:00+00:00,159.249,159.249,159.249,159.249,0
2026-05-29 22:24:00+00:00,159.249,159.249,159.249,159.249,0
2026-05-29 22:25:00+00:00,159.249,159.249,159.249,159.249,0
2026-05-29 22:26:00+00:00,159.249,159.249,159.249,159.249,0
2026-05-29 22:27:00+00:00,159.249,159.249,159.249,159.249,0
2026-05-29 22:28:00+00:00,159.249,159.249,159.249,159.249,0
2026-05-29 22:29:00+00:00,159.249,159.249,159.249,159.249,0
2026-05-29 22:30:00+00:00,159.249,159.249,159.249,159.249,0
2026-05-29 22:31:00+00:00,159.249,159.249,159.249,159.249,0
2026-05-29 22:32:00+00:00,159.249,159.249,159.249,159.249,0
2026-05-29 22:33:00+00:00,159.249,159.249,159.249,159.249,0
2026-05-29 22:34:00+00:00,159.249,159.249,159.249,159.249,0
2026-05-29 22:35:00+00:00,159.249,159.249,159.249,159.249,0
2026-05-29 22:36:00+00:00,159.249,159.249,159.249,159.249,0
2026-05-29 22:37:00+00:00,159.249,159.249,159.249,159.249,0
2026-05-29 22:38:00+00:00,159.249,159.249,159.249,159.249,0
2026-05-29 22:39:00+00:00,159.249,159.249,159.249,159.249,0
2026-05-29 22:40:00+00:00,159.249,159.249,159.249,159.249,0
2026-05-29 22:41:00+00:00,159.249,159.249,159.249,159.249,0
2026-05-29 22:42:00+00:00,159.249,159.249,159.249,159.249,0
2026-05-29 22:43:00+00:00,159.249,159.249,159.249,159.249,0
2026-05-29 22:44:00+00:00,159.249,159.249,159.249,159.249,0
2026-05-29 22:45:00+00:00,159.249,159.249,159.249,159.249,0
2026-05-29 22:46:00+00:00,159.249,159.249,159.249,159.249,0
2026-05-29 22:47:00+00:00,159.249,159.249,159.249,159.249,0
2026-05-29 22:48:00+00:00,159.249,159.249,159.249,159.249,0
2026-05-29 22:49:00+00:00,159.249,159.249,159.249,159.249,0
2026-05-29 22:50:00+00:00,159.249,159.249,159.249,159.249,0
2026-05-29 22:51:00+00:00,159.249,159.249,159.249,159.249,0
2026-05-29 22:52:00+00:00,159.249,159.249,159.249,159.249,0
2026-05-29 22:53:00+00:00,159.249,159.249,159.249,159.249,0
2026-05-29 22:54:00+00:00,159.249,159.249,159.249,159.249,0
2026-05-29 22:55:00+00:00,159.249,159.249,159.249,159.249,0
2026-05-29 22:56:00+00:00,159.249,159.249,159.249,159.249,0
2026-05-29 22:57:00+00:00,159.249,159.249,159.249,159.249,0
2026-05-29 22:58:00+00:00,159.249,159.249,159.249,159.249,0
2026-05-29 22:59:00+00:00,159.249,159.249,159.249,159.249,0
2026-05-29 23:00:00+00:00,159.249,159.249,159.249,159.249,0
2026-05-29 23:01:00+00:00,159.249,159.249,159.249,159.249,0
2026-05-29 23:02:00+00:00,159.249,159.249,159.249,159.249,0
2026-05-29 23:03:00+00:00,159.249,159.249,159.249,159.249,0
2026-05-29 23:04:00+00:00,159.249,159.249,159.249,159.249,0
2026-05-29 23:05:00+00:00,159.249,159.249,159.249,159.249,0
2026-05-29 23:06:00+00:00,159.249,159.249,159.249,159.249,0
2026-05-29 23:07:00+00:00,159.249,159.249,159.249,159.249,0
2026-05-29 23:08:00+00:00,159.249,159.249,159.249,159.249,0
2026-05-29 23:09:00+00:00,159.249,159.249,159.249,159.249,0
2026-05-29 23:10:00+00:00,159.249,159.249,159.249,159.249,0
2026-05-29 23:11:00+00:00,159.249,159.249,159.249,159.249,0
2026-05-29 23:12:00+00:00,159.249,159.249,159.249,159.249,0
2026-05-29 23:13:00+00:00,159.249,159.249,159.249,159.249,0
2026-05-29 23:14:00+00:00,159.249,159.249,159.249,159.249,0
2026-05-29 23:15:00+00:00,159.249,159.249,159.249,159.249,0
2026-05-29 23:16:00+00:00,159.249,159.249,159.249,159.249,0
2026-05-29 23:17:00+00:00,159.249,159.249,159.249,159.249,0
2026-05-29 23:18:00+00:00,159.249,159.249,159.249,159.249,0
2026-05-29 23:19:00+00:00,159.249,159.249,159.249,159.249,0
2026-05-29 23:20:00+00:00,159.249,159.249,159.249,159.249,0
2026-05-29 23:21:00+00:00,159.249,159.249,159.249,159.249,0
2026-05-29 23:22:00+00:00,159.249,159.249,159.249,159.249,0
2026-05-29 23:23:00+00:00,159.249,159.249,159.249,159.249,0
2026-05-29 23:24:00+00:00,159.249,159.249,159.249,159.249,0
2026-05-29 23:25:00+00:00,159.249,159.249,159.249,159.249,0
2026-05-29 23:26:00+00:00,159.249,159.249,159.249,159.249,0
2026-05-29 23:27:00+00:00,159.249,159.249,159.249,159.249,0
2026-05-29 23:28:00+00:00,159.249,159.249,159.249,159.249,0
2026-05-29 23:29:00+00:00,159.249,159.249,159.249,159.249,0
2026-05-29 23:30:00+00:00,159.249,159.249,159.249,159.249,0
2026-05-29 23:31:00+00:00,159.249,159.249,159.249,159.249,0
2026-05-29 23:32:00+00:00,159.249,159.249,159.249,159.249,0
2026-05-29 23:33:00+00:00,159.249,159.249,159.249,159.249,0
2026-05-29 23:34:00+00:00,159.249,159.249,159.249,159.249,0
2026-05-29 23:35:00+00:00,159.249,159.249,159.249,159.249,0
2026-05-29 23:36:00+00:00,159.249,159.249,159.249,159.249,0
2026-05-29 23:37:00+00:00,159.249,159.249,159.249,159.249,0
2026-05-29 23:38:00+00:00,159.249,159.249,159.249,159.249,0
2026-05-29 23:39:00+00:00,159.249,159.249,159.249,159.249,0
2026-05-29 23:40:00+00:00,159.249,159.249,159.249,159.249,0
2026-05-29 23:41:00+00:00,159.249,159.249,159.249,159.249,0
2026-05-29 23:42:00+00:00,159.249,159.249,159.249,159.249,0
2026-05-29 23:43:00+00:00,159.249,159.249,159.249,159.249,0
2026-05-29 23:44:00+00:00,159.249,159.249,159.249,159.249,0
2026-05-29 23:45:00+00:00,159.249,159.249,159.249,159.249,0
2026-05-29 23:46:00+00:00,159.249,159.249,159.249,159.249,0
2026-05-29 23:47:00+00:00,159.249,159.249,159.249,159.249,0
2026-05-29 23:48:00+00:00,159.249,159.249,159.249,159.249,0
2026-05-29 23:49:00+00:00,159.249,159.249,159.249,159.249,0
2026-05-29 23:50:00+00:00,159.249,159.249,159.249,159.249,0
2026-05-29 23:51:00+00:00,159.249,159.249,159.249,159.249,0
2026-05-29 23:52:00+00:00,159.249,159.249,159.249,159.249,0
2026-05-29 23:53:00+00:00,159.249,159.249,159.249,159.249,0
2026-05-29 23:54:00+00:00,159.249,159.249,159.249,159.249,0
2026-05-29 23:55:00+00:00,159.249,159.249,159.249,159.249,0
2026-05-29 23:56:00+00:00,159.249,159.249,159.249,159.249,0
2026-05-29 23:57:00+00:00,159.249,159.249,159.249,159.249,0
2026-05-29 23:58:00+00:00,159.249,159.249,159.249,159.249,0
2026-05-29 23:59:00+00:00,159.249,159.249,159.249,159.249,0
2026-05-30 00:00:00+00:00,159.249,159.249,159.249,159.249,0
2026-05-30 00:01:00+00:00,159.249,159.249,159.249,159.249,0
2026-05-30 00:02:00+00:00,159.249,159.249,159.249,159.249,0
2026-05-30 00:03:00+00:00,159.249,159.249,159.249,159.249,0
2026-05-30 00:04:00+00:00,159.249,159.249,159.249,159.249,0
2026-05-30 00:05:00+00:00,159.249,159.249,159.249,159.249,0
2026-05-30 00:06:00+00:00,159.249,159.249,159.249,159.249,0
2026-05-30 00:07:00+00:00,159.249,159.249,159.249,159.249,0
2026-05-30 00:08:00+00:00,159.249,159.249,159.249,159.249,0
2026-05-30 00:09:00+00:00,159.249,159.249,159.249,159.249,0
2026-05-30 00:10:00+00:00,159.249,159.249,159.249,159.249,0
2026-05-30 00:11:00+00:00,159.249,159.249,159.249,159.249,0
2026-05-30 00:12:00+00:00,159.249,159.249,159.249,159.249,0
2026-05-30 00:13:00+00:00,159.249,159.249,159.249,159.249,0
2026-05-30 00:14:00+00:00,159.249,159.249,159.249,159.249,0
2026-05-30 00:15:00+00:00,159.249,159.249,159.249,159.249,0
2026-05-30 00:16:00+00:00,159.249,159.249,159.249,159.249,0
2026-05-30 00:17:00+00:00,159.249,159.249,159.249,159.249,0
2026-05-30 00:18:00+00:00,159.249,159.249,159.249,159.249,0
2026-05-30 00:19:00+00:00,159.249,159.249,159.249,159.249,0
2026-05-30 00:20:00+00:00,159.249,159.249,159.249,159.249,0
2026-05-30 00:21:00+00:00,159.249,159.249,159.249,159.249,0
2026-05-30 00:22:00+00:00,159.249,159.249,159.249,159.249,0
2026-05-30 00:23:00+00:00,159.249,159.249,159.249,159.249,0
2026-05-30 00:24:00+00:00,159.249,159.249,159.249,159.249,0
2026-05-30 00:25:00+00:00,159.249,159.249,159.249,159.249,0
2026-05-30 00:26:00+00:00,159.249,159.249,159.249,159.249,0
2026-05-30 00:27:00+00:00,159.249,159.249,159.249,159.249,0
2026-05-30 00:28:00+00:00,159.249,159.249,159.249,159.249,0
2026-05-30 00:29:00+00:00,159.249,159.249,159.249,159.249,0
2026-05-30 00:30:00+00:00,159.249,159.249,159.249,159.249,0
2026-05-30 00:31:00+00:00,159.249,159.249,159.249,159.249,0
2026-05-30 00:32:00+00:00,159.249,159.249,159.249,159.249,0
2026-05-30 00:33:00+00:00,159.249,159.249,159.249,159.249,0
2026-05-30 00:34:00+00:00,159.249,159.249,159.249,159.249,0
2026-05-30 00:35:00+00:00,159.249,159.249,159.249,159.249,0
2026-05-30 00:36:00+00:00,159.249,159.249,159.249,159.249,0
2026-05-30 00:37:00+00:00,159.249,159.249,159.249,159.249,0
2026-05-30 00:38:00+00:00,159.249,159.249,159.249,159.249,0
2026-05-30 00:39:00+00:00,159.249,159.249,159.249,159.249,0
2026-05-30 00:40:00+00:00,159.249,159.249,159.249,159.249,0
2026-05-30 00:41:00+00:00,159.249,159.249,159.249,159.249,0
2026-05-30 00:42:00+00:00,159.249,159.249,159.249,159.249,0
2026-05-30 00:43:00+00:00,159.249,159.249,159.249,159.249,0
2026-05-30 00:44:00+00:00,159.249,159.249,159.249,159.249,0
2026-05-30 00:45:00+00:00,159.249,159.249,159.249,159.249,0
2026-05-30 00:46:00+00:00,159.249,159.249,159.249,159.249,0
2026-05-30 00:47:00+00:00,159.249,159.249,159.249,159.249,0
2026-05-30 00:48:00+00:00,159.249,159.249,159.249,159.249,0
2026-05-30 00:49:00+00:00,159.249,159.249,159.249,159.249,0
2026-05-30 00:50:00+00:00,159.249,159.249,159.249,159.249,0
2026-05-30 00:51:00+00:00,159.249,159.249,159.249,159.249,0
2026-05-30 00:52:00+00:00,159.249,159.249,159.249,159.249,0
2026-05-30 00:53:00+00:00,159.249,159.249,159.249,159.249,0
2026-05-30 00:54:00+00:00,159.249,159.249,159.249,159.249,0
2026-05-30 00:55:00+00:00,159.249,159.249,159.249,159.249,0
2026-05-30 00:56:00+00:00,159.249,159.249,159.249,159.249,0
2026-05-30 00:57:00+00:00,159.249,159.249,159.249,159.249,0
2026-05-30 00:58:00+00:00,159.249,159.249,159.249,159.249,0
2026-05-30 00:59:00+00:00,159.249,159.249,159.249,159.249,0
2026-05-30 01:00:00+00:00,159.249,159.249,159.249,159.249,0
2026-05-30 01:01:00+00:00,159.249,159.249,159.249,159.249,0
2026-05-30 01:02:00+00:00,159.249,159.249,159.249,159.249,0
2026-05-30 01:03:00+00:00,159.249,159.249,159.249,159.249,0
2026-05-30 01:04:00+00:00,159.249,159.249,159.249,159.249,0
2026-05-30 01:05:00+00:00,159.249,159.249,159.249,159.249,0
2026-05-30 01:06:00+00:00,159.249,159.249,159.249,159.249,0
2026-05-30 01:07:00+00:00,159.249,159.249,159.249,159.249,0
2026-05-30 01:08:00+00:00,159.249,159.249,159.249,159.249,0
2026-05-30 01:09:00+00:00,159.249,159.249,159.249,159.249,0
2026-05-30 01:10:00+00:00,159.249,159.249,159.249,159.249,0
2026-05-30 01:11:00+00:00,159.249,159.249,159.249,159.249,0
2026-05-30 01:12:00+00:00,159.249,159.249,159.249,159.249,0
2026-05-30 01:13:00+00:00,159.249,159.249,159.249,159.249,0
2026-05-30 01:14:00+00:00,159.249,159.249,159.249,159.249,0
2026-05-30 01:15:00+00:00,159.249,159.249,159.249,159.249,0
2026-05-30 01:16:00+00:00,159.249,159.249,159.249,159.249,0
2026-05-30 01:17:00+00:00,159.249,159.249,159.249,159.249,0
2026-05-30 01:18:00+00:00,159.249,159.249,159.249,159.249,0
2026-05-30 01:19:00+00:00,159.249,159.249,159.249,159.249,0
2026-05-30 01:20:00+00:00,159.249,159.249,159.249,159.249,0
2026-05-30 01:21:00+00:00,159.249,159.249,159.249,159.249,0
2026-05-30 01:22:00+00:00,159.249,159.249,159.249,159.249,0
2026-05-30 01:23:00+00:00,159.249,159.249,159.249,159.249,0
2026-05-30 01:24:00+00:00,159.249,159.249,159.249,159.249,0
2026-05-30 01:25:00+00:00,159.249,159.249,159.249,159.249,0
2026-05-30 01:26:00+00:00,159.249,159.249,159.249,159.249,0
2026-05-30 01:27:00+00:00,159.249,159.249,159.249,159.249,0
2026-05-30 01:28:00+00:00,159.249,159.249,159.249,159.249,0
2026-05-30 01:29:00+00:00,159.249,159.249,159.249,159.249,0
2026-05-30 01:30:00+00:00,159.249,159.249,159.249,159.249,0
2026-05-30 01:31:00+00:00,159.249,159.249,159.249,159.249,0
2026-05-30 01:32:00+00:00,159.249,159.249,159.249,159.249,0
2026-05-30 01:33:00+00:00,159.249,159.249,159.249,159.249,0
2026-05-30 01:34:00+00:00,159.249,159.249,159.249,159.249,0
2026-05-30 01:35:00+00:00,159.249,159.249,159.249,159.249,0
2026-05-30 01:36:00+00:00,159.249,159.249,159.249,159.249,0
2026-05-30 01:37:00+00:00,159.249,159.249,159.249,159.249,0
2026-05-30 01:38:00+00:00,159.249,159.249,159.249,159.249,0
2026-05-30 01:39:00+00:00,159.249,159.249,159.249,159.249,0
2026-05-30 01:40:00+00:00,159.249,159.249,159.249,159.249,0
2026-05-30 01:41:00+00:00,159.249,159.249,159.249,159.249,0
2026-05-30 01:42:00+00:00,159.249,159.249,159.249,159.249,0
2026-05-30 01:43:00+00:00,159.249,159.249,159.249,159.249,0
2026-05-30 01:44:00+00:00,159.249,159.249,159.249,159.249,0
2026-05-30 01:45:00+00:00,159.249,159.249,159.249,159.249,0
2026-05-30 01:46:00+00:00,159.249,159.249,159.249,159.249,0
2026-05-30 01:47:00+00:00,159.249,159.249,159.249,159.249,0
2026-05-30 01:48:00+00:00,159.249,159.249,159.249,159.249,0
2026-05-30 01:49:00+00:00,159.249,159.249,159.249,159.249,0
2026-05-30 01:50:00+00:00,159.249,159.249,159.249,159.249,0
2026-05-30 01:51:00+00:00,159.249,159.249,159.249,159.249,0
2026-05-30 01:52:00+00:00,159.249,159.249,159.249,159.249,0
2026-05-30 01:53:00+00:00,159.249,159.249,159.249,159.249,0
2026-05-30 01:54:00+00:00,159.249,159.249,159.249,159.249,0
2026-05-30 01:55:00+00:00,159.249,159.249,159.249,159.249,0
2026-05-30 01:56:00+00:00,159.249,159.249,159.249,159.249,0
2026-05-30 01:57:00+00:00,159.249,159.249,159.249,159.249,0
2026-05-30 01:58:00+00:00,159.249,159.249,159.249,159.249,0
2026-05-30 01:59:00+00:00,159.249,159.249,159.249,159.249,0
2026-05-30 02:00:00+00:00,159.249,159.249,159.249,159.249,0
2026-05-30 02:01:00+00:00,159.249,159.249,159.249,159.249,0
2026-05-30 02:02:00+00:00,159.249,159.249,159.249,159.249,0
2026-05-30 02:03:00+00:00,159.249,159.249,159.249,159.249,0
2026-05-30 02:04:00+00:00,159.249,159.249,159.249,159.249,0
2026-05-30 02:05:00+00:00,159.249,159.249,159.249,159.249,0
2026-05-30 02:06:00+00:00,159.249,159.249,159.249,159.249,0
2026-05-30 02:07:00+00:00,159.249,159.249,159.249,159.249,0
2026-05-30 02:08:00+00:00,159.249,159.249,159.249,159.249,0
2026-05-30 02:09:00+00:00,159.249,159.249,159.249,159.249,0
2026-05-30 02:10:00+00:00,159.249,159.249,159.249,159.249,0
2026-05-30 02:11:00+00:00,159.249,159.249,159.249,159.249,0
2026-05-30 02:12:00+00:00,159.249,159.249,159.249,159.249,0
2026-05-30 02:13:00+00:00,159.249,159.249,159.249,159.249,0
2026-05-30 02:14:00+00:00,159.249,159.249,159.249,159.249,0
2026-05-30 02:15:00+00:00,159.249,159.249,159.249,159.249,0
2026-05-30 02:16:00+00:00,159.249,159.249,159.249,159.249,0
2026-05-30 02:17:00+00:00,159.249,159.249,159.249,159.249,0
2026-05-30 02:18:00+00:00,159.249,159.249,159.249,159.249,0
2026-05-30 02:19:00+00:00,159.249,159.249,159.249,159.249,0
2026-05-30 02:20:00+00:00,159.249,159.249,159.249,159.249,0
2026-05-30 02:21:00+00:00,159.249,159.249,159.249,159.249,0
2026-05-30 02:22:00+00:00,159.249,159.249,159.249,159.249,0
2026-05-30 02:23:00+00:00,159.249,159.249,159.249,159.249,0
2026-05-30 02:24:00+00:00,159.249,159.249,159.249,159.249,0
2026-05-30 02:25:00+00:00,159.249,159.249,159.249,159.249,0
2026-05-30 02:26:00+00:00,159.249,159.249,159.249,159.249,0
2026-05-30 02:27:00+00:00,159.249,159.249,159.249,159.249,0
2026-05-30 02:28:00+00:00,159.249,159.249,159.249,159.249,0
2026-05-30 02:29:00+00:00,159.249,159.249,159.249,159.249,0
2026-05-30 02:30:00+00:00,159.249,159.249,159.249,159.249,0
2026-05-30 02:31:00+00:00,159.249,159.249,159.249,159.249,0
2026-05-30 02:32:00+00:00,159.249,159.249,159.249,159.249,0
2026-05-30 02:33:00+00:00,159.249,159.249,159.249,159.249,0
2026-05-30 02:34:00+00:00,159.249,159.249,159.249,159.249,0
2026-05-30 02:35:00+00:00,159.249,159.249,159.249,159.249,0
2026-05-30 02:36:00+00:00,159.249,159.249,159.249,159.249,0
2026-05-30 02:37:00+00:00,159.249,159.249,159.249,159.249,0
2026-05-30 02:38:00+00:00,159.249,159.249,159.249,159.249,0
2026-05-30 02:39:00+00:00,159.249,159.249,159.249,159.249,0
2026-05-30 02:40:00+00:00,159.249,159.249,159.249,159.249,0
2026-05-30 02:41:00+00:00,159.249,159.249,159.249,159.249,0
2026-05-30 02:42:00+00:00,159.249,159.249,159.249,159.249,0
2026-05-30 02:43:00+00:00,159.249,159.249,159.249,159.249,0
2026-05-30 02:44:00+00:00,159.249,159.249,159.249,159.249,0
2026-05-30 02:45:00+00:00,159.249,159.249,159.249,159.249,0
2026-05-30 02:46:00+00:00,159.249,159.249,159.249,159.249,0
2026-05-30 02:47:00+00:00,159.249,159.249,159.249,159.249,0
2026-05-30 02:48:00+00:00,159.249,159.249,159.249,159.249,0
2026-05-30 02:49:00+00:00,159.249,159.249,159.249,159.249,0
2026-05-30 02:50:00+00:00,159.249,159.249,159.249,159.249,0
2026-05-30 02:51:00+00:00,159.249,159.249,159.249,159.249,0
2026-05-30 02:52:00+00:00,159.249,159.249,159.249,159.249,0
2026-05-30 02:53:00+00:00,159.249,159.249,159.249,159.249,0
2026-05-30 02:54:00+00:00,159.249,159.249,159.249,159.249,0
2026-05-30 02:55:00+00:00,159.249,159.249,159.249,159.249,0
2026-05-30 02:56:00+00:00,159.249,159.249,159.249,159.249,0
2026-05-30 02:57:00+00:00,159.249,159.249,159.249,159.249,0
2026-05-30 02:58:00+00:00,159.249,159.249,159.249,159.249,0
2026-05-30 02:59:00+00:00,159.249,159.249,159.249,159.249,0
2026-05-30 03:00:00+00:00,159.249,159.249,159.249,159.249,0
2026-05-30 03:01:00+00:00,159.249,159.249,159.249,159.249,0
2026-05-30 03:02:00+00:00,159.249,159.249,159.249,159.249,0
2026-05-30 03:03:00+00:00,159.249,159.249,159.249,159.249,0
2026-05-30 03:04:00+00:00,159.249,159.249,159.249,159.249,0
2026-05-30 03:05:00+00:00,159.249,159.249,159.249,159.249,0
2026-05-30 03:06:00+00:00,159.249,159.249,159.249,159.249,0
2026-05-30 03:07:00+00:00,159.249,159.249,159.249,159.249,0
2026-05-30 03:08:00+00:00,159.249,159.249,159.249,159.249,0
2026-05-30 03:09:00+00:00,159.249,159.249,159.249,159.249,0
2026-05-30 03:10:00+00:00,159.249,159.249,159.249,159.249,0
2026-05-30 03:11:00+00:00,159.249,159.249,159.249,159.249,0
2026-05-30 03:12:00+00:00,159.249,159.249,159.249,159.249,0
2026-05-30 03:13:00+00:00,159.249,159.249,159.249,159.249,0
2026-05-30 03:14:00+00:00,159.249,159.249,159.249,159.249,0
2026-05-30 03:15:00+00:00,159.249,159.249,159.249,159.249,0
2026-05-30 03:16:00+00:00,159.249,159.249,159.249,159.249,0
2026-05-30 03:17:00+00:00,159.249,159.249,159.249,159.249,0
2026-05-30 03:18:00+00:00,159.249,159.249,159.249,159.249,0
2026-05-30 03:19:00+00:00,159.249,159.249,159.249,159.249,0
2026-05-30 03:20:00+00:00,159.249,159.249,159.249,159.249,0
2026-05-30 03:21:00+00:00,159.249,159.249,159.249,159.249,0
2026-05-30 03:22:00+00:00,159.249,159.249,159.249,159.249,0
2026-05-30 03:23:00+00:00,159.249,159.249,159.249,159.249,0
2026-05-30 03:24:00+00:00,159.249,159.249,159.249,159.249,0
2026-05-30 03:25:00+00:00,159.249,159.249,159.249,159.249,0
2026-05-30 03:26:00+00:00,159.249,159.249,159.249,159.249,0
2026-05-30 03:27:00+00:00,159.249,159.249,159.249,159.249,0
2026-05-30 03:28:00+00:00,159.249,159.249,159.249,159.249,0
2026-05-30 03:29:00+00:00,159.249,159.249,159.249,159.249,0
2026-05-30 03:30:00+00:00,159.249,159.249,159.249,159.249,0
2026-05-30 03:31:00+00:00,159.249,159.249,159.249,159.249,0
2026-05-30 03:32:00+00:00,159.249,159.249,159.249,159.249,0
2026-05-30 03:33:00+00:00,159.249,159.249,159.249,159.249,0
2026-05-30 03:34:00+00:00,159.249,159.249,159.249,159.249,0
2026-05-30 03:35:00+00:00,159.249,159.249,159.249,159.249,0
2026-05-30 03:36:00+00:00,159.249,159.249,159.249,159.249,0
2026-05-30 03:37:00+00:00,159.249,159.249,159.249,159.249,0
2026-05-30 03:38:00+00:00,159.249,159.249,159.249,159.249,0
2026-05-30 03:39:00+00:00,159.249,159.249,159.249,159.249,0
2026-05-30 03:40:00+00:00,159.249,159.249,159.249,159.249,0
2026-05-30 03:41:00+00:00,159.249,159.249,159.249,159.249,0
2026-05-30 03:42:00+00:00,159.249,159.249,159.249,159.249,0
2026-05-30 03:43:00+00:00,159.249,159.249,159.249,159.249,0
2026-05-30 03:44:00+00:00,159.249,159.249,159.249,159.249,0
2026-05-30 03:45:00+00:00,159.249,159.249,159.249,159.249,0
2026-05-30 03:46:00+00:00,159.249,159.249,159.249,159.249,0
2026-05-30 03:47:00+00:00,159.249,159.249,159.249,159.249,0
2026-05-30 03:48:00+00:00,159.249,159.249,159.249,159.249,0
2026-05-30 03:49:00+00:00,159.249,159.249,159.249,159.249,0
2026-05-30 03:50:00+00:00,159.249,159.249,159.249,159.249,0
2026-05-30 03:51:00+00:00,159.249,159.249,159.249,159.249,0
2026-05-30 03:52:00+00:00,159.249,159.249,159.249,159.249,0
2026-05-30 03:53:00+00:00,159.249,159.249,159.249,159.249,0
2026-05-30 03:54:00+00:00,159.249,159.249,159.249,159.249,0
2026-05-30 03:55:00+00:00,159.249,159.249,159.249,159.249,0
2026-05-30 03:56:00+00:00,159.249,159.249,159.249,159.249,0
2026-05-30 03:57:00+00:00,159.249,159.249,159.249,159.249,0
2026-05-30 03:58:00+00:00,159.249,159.249,159.249,159.249,0
2026-05-30 03:59:00+00:00,159.249,159.249,159.249,159.249,0
2026-05-30 04:00:00+00:00,159.249,159.249,159.249,159.249,0
2026-05-30 04:01:00+00:00,159.249,159.249,159.249,159.249,0
2026-05-30 04:02:00+00:00,159.249,159.249,159.249,159.249,0
2026-05-30 04:03:00+00:00,159.249,159.249,159.249,159.249,0
2026-05-30 04:04:00+00:00,159.249,159.249,159.249,159.249,0
2026-05-30 04:05:00+00:00,159.249,159.249,159.249,159.249,0
2026-05-30 04:06:00+00:00,159.249,159.249,159.249,159.249,0
2026-05-30 04:07:00+00:00,159.249,159.249,159.249,159.249,0
2026-05-30 04:08:00+00:00,159.249,159.249,159.249,159.249,0
2026-05-30 04:09:00+00:00,159.249,159.249,159.249,159.249,0
2026-05-30 04:10:00+00:00,159.249,159.249,159.249,159.249,0
2026-05-30 04:11:00+00:00,159.249,159.249,159.249,159.249,0
2026-05-30 04:12:00+00:00,159.249,159.249,159.249,159.249,0
2026-05-30 04:13:00+00:00,159.249,159.249,159.249,159.249,0
2026-05-30 04:14:00+00:00,159.249,159.249,159.249,159.249,0
2026-05-30 04:15:00+00:00,159.249,159.249,159.249,159.249,0
2026-05-30 04:16:00+00:00,159.249,159.249,159.249,159.249,0
2026-05-30 04:17:00+00:00,159.249,159.249,159.249,159.249,0
2026-05-30 04:18:00+00:00,159.249,159.249,159.249,159.249,0
2026-05-30 04:19:00+00:00,159.249,159.249,159.249,159.249,0
2026-05-30 04:20:00+00:00,159.249,159.249,159.249,159.249,0
2026-05-30 04:21:00+00:00,159.249,159.249,159.249,159.249,0
2026-05-30 04:22:00+00:00,159.249,159.249,159.249,159.249,0
2026-05-30 04:23:00+00:00,159.249,159.249,159.249,159.249,0
2026-05-30 04:24:00+00:00,159.249,159.249,159.249,159.249,0
2026-05-30 04:25:00+00:00,159.249,159.249,159.249,159.249,0
2026-05-30 04:26:00+00:00,159.249,159.249,159.249,159.249,0
2026-05-30 04:27:00+00:00,159.249,159.249,159.249,159.249,0
2026-05-30 04:28:00+00:00,159.249,159.249,159.249,159.249,0
2026-05-30 04:29:00+00:00,159.249,159.249,159.249,159.249,0
2026-05-30 04:30:00+00:00,159.249,159.249,159.249,159.249,0
2026-05-30 04:31:00+00:00,159.249,159.249,159.249,159.249,0
2026-05-30 04:32:00+00:00,159.249,159.249,159.249,159.249,0
2026-05-30 04:33:00+00:00,159.249,159.249,159.249,159.249,0
2026-05-30 04:34:00+00:00,159.249,159.249,159.249,159.249,0
2026-05-30 04:35:00+00:00,159.249,159.249,159.249,159.249,0
2026-05-30 04:36:00+00:00,159.249,159.249,159.249,159.249,0
2026-05-30 04:37:00+00:00,159.249,159.249,159.249,159.249,0
2026-05-30 04:38:00+00:00,159.249,159.249,159.249,159.249,0
2026-05-30 04:39:00+00:00,159.249,159.249,159.249,159.249,0
2026-05-30 04:40:00+00:00,159.249,159.249,159.249,159.249,0
2026-05-30 04:41:00+00:00,159.249,159.249,159.249,159.249,0
2026-05-30 04:42:00+00:00,159.249,159.249,159.249,159.249,0
2026-05-30 04:43:00+00:00,159.249,159.249,159.249,159.249,0
2026-05-30 04:44:00+00:00,159.249,159.249,159.249,159.249,0
2026-05-30 04:45:00+00:00,159.249,159.249,159.249,159.249,0
2026-05-30 04:46:00+00:00,159.249,159.249,159.249,159.249,0
2026-05-30 04:47:00+00:00,159.249,159.249,159.249,159.249,0
2026-05-30 04:48:00+00:00,159.249,159.249,159.249,159.249,0
2026-05-30 04:49:00+00:00,159.249,159.249,159.249,159.249,0
2026-05-30 04:50:00+00:00,159.249,159.249,159.249,159.249,0
2026-05-30 04:51:00+00:00,159.249,159.249,159.249,159.249,0
2026-05-30 04:52:00+00:00,159.249,159.249,159.249,159.249,0
2026-05-30 04:53:00+00:00,159.249,159.249,159.249,159.249,0
2026-05-30 04:54:00+00:00,159.249,159.249,159.249,159.249,0
2026-05-30 04:55:00+00:00,159.249,159.249,159.249,159.249,0
2026-05-30 04:56:00+00:00,159.249,159.249,159.249,159.249,0
2026-05-30 04:57:00+00:00,159.249,159.249,159.249,159.249,0
2026-05-30 04:58:00+00:00,159.249,159.249,159.249,159.249,0
2026-05-30 04:59:00+00:00,159.249,159.249,159.249,159.249,0
2026-05-30 05:00:00+00:00,159.249,159.249,159.249,159.249,0
2026-05-30 05:01:00+00:00,159.249,159.249,159.249,159.249,0
2026-05-30 05:02:00+00:00,159.249,159.249,159.249,159.249,0
2026-05-30 05:03:00+00:00,159.249,159.249,159.249,159.249,0
2026-05-30 05:04:00+00:00,159.249,159.249,159.249,159.249,0
2026-05-30 05:05:00+00:00,159.249,159.249,159.249,159.249,0
2026-05-30 05:06:00+00:00,159.249,159.249,159.249,159.249,0
2026-05-30 05:07:00+00:00,159.249,159.249,159.249,159.249,0
2026-05-30 05:08:00+00:00,159.249,159.249,159.249,159.249,0
2026-05-30 05:09:00+00:00,159.249,159.249,159.249,159.249,0
2026-05-30 05:10:00+00:00,159.249,159.249,159.249,159.249,0
2026-05-30 05:11:00+00:00,159.249,159.249,159.249,159.249,0
2026-05-30 05:12:00+00:00,159.249,159.249,159.249,159.249,0
2026-05-30 05:13:00+00:00,159.249,159.249,159.249,159.249,0
2026-05-30 05:14:00+00:00,159.249,159.249,159.249,159.249,0
2026-05-30 05:15:00+00:00,159.249,159.249,159.249,159.249,0
2026-05-30 05:16:00+00:00,159.249,159.249,159.249,159.249,0
2026-05-30 05:17:00+00:00,159.249,159.249,159.249,159.249,0
2026-05-30 05:18:00+00:00,159.249,159.249,159.249,159.249,0
2026-05-30 05:19:00+00:00,159.249,159.249,159.249,159.249,0
2026-05-30 05:20:00+00:00,159.249,159.249,159.249,159.249,0
2026-05-30 05:21:00+00:00,159.249,159.249,159.249,159.249,0
2026-05-30 05:22:00+00:00,159.249,159.249,159.249,159.249,0
2026-05-30 05:23:00+00:00,159.249,159.249,159.249,159.249,0
2026-05-30 05:24:00+00:00,159.249,159.249,159.249,159.249,0
2026-05-30 05:25:00+00:00,159.249,159.249,159.249,159.249,0
2026-05-30 05:26:00+00:00,159.249,159.249,159.249,159.249,0
2026-05-30 05:27:00+00:00,159.249,159.249,159.249,159.249,0
2026-05-30 05:28:00+00:00,159.249,159.249,159.249,159.249,0
2026-05-30 05:29:00+00:00,159.249,159.249,159.249,159.249,0
2026-05-30 05:30:00+00:00,159.249,159.249,159.249,159.249,0
2026-05-30 05:31:00+00:00,159.249,159.249,159.249,159.249,0
2026-05-30 05:32:00+00:00,159.249,159.249,159.249,159.249,0
2026-05-30 05:33:00+00:00,159.249,159.249,159.249,159.249,0
2026-05-30 05:34:00+00:00,159.249,159.249,159.249,159.249,0
2026-05-30 05:35:00+00:00,159.249,159.249,159.249,159.249,0
2026-05-30 05:36:00+00:00,159.249,159.249,159.249,159.249,0
2026-05-30 05:37:00+00:00,159.249,159.249,159.249,159.249,0
2026-05-30 05:38:00+00:00,159.249,159.249,159.249,159.249,0
2026-05-30 05:39:00+00:00,159.249,159.249,159.249,159.249,0
2026-05-30 05:40:00+00:00,159.249,159.249,159.249,159.249,0
2026-05-30 05:41:00+00:00,159.249,159.249,159.249,159.249,0
2026-05-30 05:42:00+00:00,159.249,159.249,159.249,159.249,0
2026-05-30 05:43:00+00:00,159.249,159.249,159.249,159.249,0
2026-05-30 05:44:00+00:00,159.249,159.249,159.249,159.249,0
2026-05-30 05:45:00+00:00,159.249,159.249,159.249,159.249,0
2026-05-30 05:46:00+00:00,159.249,159.249,159.249,159.249,0
2026-05-30 05:47:00+00:00,159.249,159.249,159.249,159.249,0
2026-05-30 05:48:00+00:00,159.249,159.249,159.249,159.249,0
2026-05-30 05:49:00+00:00,159.249,159.249,159.249,159.249,0
2026-05-30 05:50:00+00:00,159.249,159.249,159.249,159.249,0
2026-05-30 05:51:00+00:00,159.249,159.249,159.249,159.249,0
2026-05-30 05:52:00+00:00,159.249,159.249,159.249,159.249,0
2026-05-30 05:53:00+00:00,159.249,159.249,159.249,159.249,0
2026-05-30 05:54:00+00:00,159.249,159.249,159.249,159.249,0
2026-05-30 05:55:00+00:00,159.249,159.249,159.249,159.249,0
2026-05-30 05:56:00+00:00,159.249,159.249,159.249,159.249,0
2026-05-30 05:57:00+00:00,159.249,159.249,159.249,159.249,0
2026-05-30 05:58:00+00:00,159.249,159.249,159.249,159.249,0
2026-05-30 05:59:00+00:00,159.249,159.249,159.249,159.249,0
2026-05-30 06:00:00+00:00,159.249,159.249,159.249,159.249,0
2026-05-30 06:01:00+00:00,159.249,159.249,159.249,159.249,0
2026-05-30 06:02:00+00:00,159.249,159.249,159.249,159.249,0
2026-05-30 06:03:00+00:00,159.249,159.249,159.249,159.249,0
2026-05-30 06:04:00+00:00,159.249,159.249,159.249,159.249,0
2026-05-30 06:05:00+00:00,159.249,159.249,159.249,159.249,0
2026-05-30 06:06:00+00:00,159.249,159.249,159.249,159.249,0
2026-05-30 06:07:00+00:00,159.249,159.249,159.249,159.249,0
2026-05-30 06:08:00+00:00,159.249,159.249,159.249,159.249,0
2026-05-30 06:09:00+00:00,159.249,159.249,159.249,159.249,0
2026-05-30 06:10:00+00:00,159.249,159.249,159.249,159.249,0
2026-05-30 06:11:00+00:00,159.249,159.249,159.249,159.249,0
2026-05-30 06:12:00+00:00,159.249,159.249,159.249,159.249,0
2026-05-30 06:13:00+00:00,159.249,159.249,159.249,159.249,0
2026-05-30 06:14:00+00:00,159.249,159.249,159.249,159.249,0
2026-05-30 06:15:00+00:00,159.249,159.249,159.249,159.249,0
2026-05-30 06:16:00+00:00,159.249,159.249,159.249,159.249,0
2026-05-30 06:17:00+00:00,159.249,159.249,159.249,159.249,0
2026-05-30 06:18:00+00:00,159.249,159.249,159.249,159.249,0
2026-05-30 06:19:00+00:00,159.249,159.249,159.249,159.249,0
2026-05-30 06:20:00+00:00,159.249,159.249,159.249,159.249,0
2026-05-30 06:21:00+00:00,159.249,159.249,159.249,159.249,0
2026-05-30 06:22:00+00:00,159.249,159.249,159.249,159.249,0
2026-05-30 06:23:00+00:00,159.249,159.249,159.249,159.249,0
2026-05-30 06:24:00+00:00,159.249,159.249,159.249,159.249,0
2026-05-30 06:25:00+00:00,159.249,159.249,159.249,159.249,0
2026-05-30 06:26:00+00:00,159.249,159.249,159.249,159.249,0
2026-05-30 06:27:00+00:00,159.249,159.249,159.249,159.249,0
2026-05-30 06:28:00+00:00,159.249,159.249,159.249,159.249,0
2026-05-30 06:29:00+00:00,159.249,159.249,159.249,159.249,0
2026-05-30 06:30:00+00:00,159.249,159.249,159.249,159.249,0
2026-05-30 06:31:00+00:00,159.249,159.249,159.249,159.249,0
2026-05-30 06:32:00+00:00,159.249,159.249,159.249,159.249,0
2026-05-30 06:33:00+00:00,159.249,159.249,159.249,159.249,0
2026-05-30 06:34:00+00:00,159.249,159.249,159.249,159.249,0
2026-05-30 06:35:00+00:00,159.249,159.249,159.249,159.249,0
2026-05-30 06:36:00+00:00,159.249,159.249,159.249,159.249,0
2026-05-30 06:37:00+00:00,159.249,159.249,159.249,159.249,0
2026-05-30 06:38:00+00:00,159.249,159.249,159.249,159.249,0
2026-05-30 06:39:00+00:00,159.249,159.249,159.249,159.249,0
2026-05-30 06:40:00+00:00,159.249,159.249,159.249,159.249,0
2026-05-30 06:41:00+00:00,159.249,159.249,159.249,159.249,0
2026-05-30 06:42:00+00:00,159.249,159.249,159.249,159.249,0
2026-05-30 06:43:00+00:00,159.249,159.249,159.249,159.249,0
2026-05-30 06:44:00+00:00,159.249,159.249,159.249,159.249,0
2026-05-30 06:45:00+00:00,159.249,159.249,159.249,159.249,0
2026-05-30 06:46:00+00:00,159.249,159.249,159.249,159.249,0
2026-05-30 06:47:00+00:00,159.249,159.249,159.249,159.249,0
2026-05-30 06:48:00+00:00,159.249,159.249,159.249,159.249,0
2026-05-30 06:49:00+00:00,159.249,159.249,159.249,159.249,0
2026-05-30 06:50:00+00:00,159.249,159.249,159.249,159.249,0
2026-05-30 06:51:00+00:00,159.249,159.249,159.249,159.249,0
2026-05-30 06:52:00+00:00,159.249,159.249,159.249,159.249,0
2026-05-30 06:53:00+00:00,159.249,159.249,159.249,159.249,0
2026-05-30 06:54:00+00:00,159.249,159.249,159.249,159.249,0
2026-05-30 06:55:00+00:00,159.249,159.249,159.249,159.249,0
2026-05-30 06:56:00+00:00,159.249,159.249,159.249,159.249,0
2026-05-30 06:57:00+00:00,159.249,159.249,159.249,159.249,0
2026-05-30 06:58:00+00:00,159.249,159.249,159.249,159.249,0
2026-05-30 06:59:00+00:00,159.249,159.249,159.249,159.249,0
2026-05-30 07:00:00+00:00,159.249,159.249,159.249,159.249,0
2026-05-30 07:01:00+00:00,159.249,159.249,159.249,159.249,0
2026-05-30 07:02:00+00:00,159.249,159.249,159.249,159.249,0
2026-05-30 07:03:00+00:00,159.249,159.249,159.249,159.249,0
2026-05-30 07:04:00+00:00,159.249,159.249,159.249,159.249,0
2026-05-30 07:05:00+00:00,159.249,159.249,159.249,159.249,0
2026-05-30 07:06:00+00:00,159.249,159.249,159.249,159.249,0
2026-05-30 07:07:00+00:00,159.249,159.249,159.249,159.249,0
2026-05-30 07:08:00+00:00,159.249,159.249,159.249,159.249,0
2026-05-30 07:09:00+00:00,159.249,159.249,159.249,159.249,0
2026-05-30 07:10:00+00:00,159.249,159.249,159.249,159.249,0
2026-05-30 07:11:00+00:00,159.249,159.249,159.249,159.249,0
2026-05-30 07:12:00+00:00,159.249,159.249,159.249,159.249,0
2026-05-30 07:13:00+00:00,159.249,159.249,159.249,159.249,0
2026-05-30 07:14:00+00:00,159.249,159.249,159.249,159.249,0
2026-05-30 07:15:00+00:00,159.249,159.249,159.249,159.249,0
2026-05-30 07:16:00+00:00,159.249,159.249,159.249,159.249,0
2026-05-30 07:17:00+00:00,159.249,159.249,159.249,159.249,0
2026-05-30 07:18:00+00:00,159.249,159.249,159.249,159.249,0
2026-05-30 07:19:00+00:00,159.249,159.249,159.249,159.249,0
2026-05-30 07:20:00+00:00,159.249,159.249,159.249,159.249,0
2026-05-30 07:21:00+00:00,159.249,159.249,159.249,159.249,0
2026-05-30 07:22:00+00:00,159.249,159.249,159.249,159.249,0
2026-05-30 07:23:00+00:00,159.249,159.249,159.249,159.249,0
2026-05-30 07:24:00+00:00,159.249,159.249,159.249,159.249,0
2026-05-30 07:25:00+00:00,159.249,159.249,159.249,159.249,0
2026-05-30 07:26:00+00:00,159.249,159.249,159.249,159.249,0
2026-05-30 07:27:00+00:00,159.249,159.249,159.249,159.249,0
2026-05-30 07:28:00+00:00,159.249,159.249,159.249,159.249,0
2026-05-30 07:29:00+00:00,159.249,159.249,159.249,159.249,0
2026-05-30 07:30:00+00:00,159.249,159.249,159.249,159.249,0
2026-05-30 07:31:00+00:00,159.249,159.249,159.249,159.249,0
2026-05-30 07:32:00+00:00,159.249,159.249,159.249,159.249,0
2026-05-30 07:33:00+00:00,159.249,159.249,159.249,159.249,0
2026-05-30 07:34:00+00:00,159.249,159.249,159.249,159.249,0
2026-05-30 07:35:00+00:00,159.249,159.249,159.249,159.249,0
2026-05-30 07:36:00+00:00,159.249,159.249,159.249,159.249,0
2026-05-30 07:37:00+00:00,159.249,159.249,159.249,159.249,0
2026-05-30 07:38:00+00:00,159.249,159.249,159.249,159.249,0
2026-05-30 07:39:00+00:00,159.249,159.249,159.249,159.249,0
2026-05-30 07:40:00+00:00,159.249,159.249,159.249,159.249,0
2026-05-30 07:41:00+00:00,159.249,159.249,159.249,159.249,0
2026-05-30 07:42:00+00:00,159.249,159.249,159.249,159.249,0
2026-05-30 07:43:00+00:00,159.249,159.249,159.249,159.249,0
2026-05-30 07:44:00+00:00,159.249,159.249,159.249,159.249,0
2026-05-30 07:45:00+00:00,159.249,159.249,159.249,159.249,0
2026-05-30 07:46:00+00:00,159.249,159.249,159.249,159.249,0
2026-05-30 07:47:00+00:00,159.249,159.249,159.249,159.249,0
2026-05-30 07:48:00+00:00,159.249,159.249,159.249,159.249,0
2026-05-30 07:49:00+00:00,159.249,159.249,159.249,159.249,0
2026-05-30 07:50:00+00:00,159.249,159.249,159.249,159.249,0
2026-05-30 07:51:00+00:00,159.249,159.249,159.249,159.249,0
2026-05-30 07:52:00+00:00,159.249,159.249,159.249,159.249,0
2026-05-30 07:53:00+00:00,159.249,159.249,159.249,159.249,0
2026-05-30 07:54:00+00:00,159.249,159.249,159.249,159.249,0
2026-05-30 07:55:00+00:00,159.249,159.249,159.249,159.249,0
2026-05-30 07:56:00+00:00,159.249,159.249,159.249,159.249,0
2026-05-30 07:57:00+00:00,159.249,159.249,159.249,159.249,0
2026-05-30 07:58:00+00:00,159.249,159.249,159.249,159.249,0
2026-05-30 07:59:00+00:00,159.249,159.249,159.249,159.249,0
2026-05-30 08:00:00+00:00,159.249,159.249,159.249,159.249,0
2026-05-30 08:01:00+00:00,159.249,159.249,159.249,159.249,0
2026-05-30 08:02:00+00:00,159.249,159.249,159.249,159.249,0
2026-05-30 08:03:00+00:00,159.249,159.249,159.249,159.249,0
2026-05-30 08:04:00+00:00,159.249,159.249,159.249,159.249,0
2026-05-30 08:05:00+00:00,159.249,159.249,159.249,159.249,0
2026-05-30 08:06:00+00:00,159.249,159.249,159.249,159.249,0
2026-05-30 08:07:00+00:00,159.249,159.249,159.249,159.249,0
2026-05-30 08:08:00+00:00,159.249,159.249,159.249,159.249,0
2026-05-30 08:09:00+00:00,159.249,159.249,159.249,159.249,0
2026-05-30 08:10:00+00:00,159.249,159.249,159.249,159.249,0
2026-05-30 08:11:00+00:00,159.249,159.249,159.249,159.249,0
2026-05-30 08:12:00+00:00,159.249,159.249,159.249,159.249,0
2026-05-30 08:13:00+00:00,159.249,159.249,159.249,159.249,0
2026-05-30 08:14:00+00:00,159.249,159.249,159.249,159.249,0
2026-05-30 08:15:00+00:00,159.249,159.249,159.249,159.249,0
2026-05-30 08:16:00+00:00,159.249,159.249,159.249,159.249,0
2026-05-30 08:17:00+00:00,159.249,159.249,159.249,159.249,0
2026-05-30 08:18:00+00:00,159.249,159.249,159.249,159.249,0
2026-05-30 08:19:00+00:00,159.249,159.249,159.249,159.249,0
2026-05-30 08:20:00+00:00,159.249,159.249,159.249,159.249,0
2026-05-30 08:21:00+00:00,159.249,159.249,159.249,159.249,0
2026-05-30 08:22:00+00:00,159.249,159.249,159.249,159.249,0
2026-05-30 08:23:00+00:00,159.249,159.249,159.249,159.249,0
2026-05-30 08:24:00+00:00,159.249,159.249,159.249,159.249,0
2026-05-30 08:25:00+00:00,159.249,159.249,159.249,159.249,0
2026-05-30 08:26:00+00:00,159.249,159.249,159.249,159.249,0
2026-05-30 08:27:00+00:00,159.249,159.249,159.249,159.249,0
2026-05-30 08:28:00+00:00,159.249,159.249,159.249,159.249,0
2026-05-30 08:29:00+00:00,159.249,159.249,159.249,159.249,0
2026-05-30 08:30:00+00:00,159.249,159.249,159.249,159.249,0
2026-05-30 08:31:00+00:00,159.249,159.249,159.249,159.249,0
2026-05-30 08:32:00+00:00,159.249,159.249,159.249,159.249,0
2026-05-30 08:33:00+00:00,159.249,159.249,159.249,159.249,0
2026-05-30 08:34:00+00:00,159.249,159.249,159.249,159.249,0
2026-05-30 08:35:00+00:00,159.249,159.249,159.249,159.249,0
2026-05-30 08:36:00+00:00,159.249,159.249,159.249,159.249,0
2026-05-30 08:37:00+00:00,159.249,159.249,159.249,159.249,0
2026-05-30 08:38:00+00:00,159.249,159.249,159.249,159.249,0
2026-05-30 08:39:00+00:00,159.249,159.249,159.249,159.249,0
2026-05-30 08:40:00+00:00,159.249,159.249,159.249,159.249,0
2026-05-30 08:41:00+00:00,159.249,159.249,159.249,159.249,0
2026-05-30 08:42:00+00:00,159.249,159.249,159.249,159.249,0
2026-05-30 08:43:00+00:00,159.249,159.249,159.249,159.249,0
2026-05-30 08:44:00+00:00,159.249,159.249,159.249,159.249,0
2026-05-30 08:45:00+00:00,159.249,159.249,159.249,159.249,0
2026-05-30 08:46:00+00:00,159.249,159.249,159.249,159.249,0
2026-05-30 08:47:00+00:00,159.249,159.249,159.249,159.249,0
2026-05-30 08:48:00+00:00,159.249,159.249,159.249,159.249,0
2026-05-30 08:49:00+00:00,159.249,159.249,159.249,159.249,0
2026-05-30 08:50:00+00:00,159.249,159.249,159.249,159.249,0
2026-05-30 08:51:00+00:00,159.249,159.249,159.249,159.249,0
2026-05-30 08:52:00+00:00,159.249,159.249,159.249,159.249,0
2026-05-30 08:53:00+00:00,159.249,159.249,159.249,159.249,0
2026-05-30 08:54:00+00:00,159.249,159.249,159.249,159.249,0
2026-05-30 08:55:00+00:00,159.249,159.249,159.249,159.249,0
2026-05-30 08:56:00+00:00,159.249,159.249,159.249,159.249,0
2026-05-30 08:57:00+00:00,159.249,159.249,159.249,159.249,0
2026-05-30 08:58:00+00:00,159.249,159.249,159.249,159.249,0
2026-05-30 08:59:00+00:00,159.249,159.249,159.249,159.249,0
2026-05-30 09:00:00+00:00,159.249,159.249,159.249,159.249,0
2026-05-30 09:01:00+00:00,159.249,159.249,159.249,159.249,0
2026-05-30 09:02:00+00:00,159.249,159.249,159.249,159.249,0
2026-05-30 09:03:00+00:00,159.249,159.249,159.249,159.249,0
2026-05-30 09:04:00+00:00,159.249,159.249,159.249,159.249,0
2026-05-30 09:05:00+00:00,159.249,159.249,159.249,159.249,0
2026-05-30 09:06:00+00:00,159.249,159.249,159.249,159.249,0
2026-05-30 09:07:00+00:00,159.249,159.249,159.249,159.249,0
2026-05-30 09:08:00+00:00,159.249,159.249,159.249,159.249,0
2026-05-30 09:09:00+00:00,159.249,159.249,159.249,159.249,0
2026-05-30 09:10:00+00:00,159.249,159.249,159.249,159.249,0
2026-05-30 09:11:00+00:00,159.249,159.249,159.249,159.249,0
2026-05-30 09:12:00+00:00,159.249,159.249,159.249,159.249,0
2026-05-30 09:13:00+00:00,159.249,159.249,159.249,159.249,0
2026-05-30 09:14:00+00:00,159.249,159.249,159.249,159.249,0
2026-05-30 09:15:00+00:00,159.249,159.249,159.249,159.249,0
2026-05-30 09:16:00+00:00,159.249,159.249,159.249,159.249,0
2026-05-30 09:17:00+00:00,159.249,159.249,159.249,159.249,0
2026-05-30 09:18:00+00:00,159.249,159.249,159.249,159.249,0
2026-05-30 09:19:00+00:00,159.249,159.249,159.249,159.249,0
2026-05-30 09:20:00+00:00,159.249,159.249,159.249,159.249,0
2026-05-30 09:21:00+00:00,159.249,159.249,159.249,159.249,0
2026-05-30 09:22:00+00:00,159.249,159.249,159.249,159.249,0
2026-05-30 09:23:00+00:00,159.249,159.249,159.249,159.249,0
2026-05-30 09:24:00+00:00,159.249,159.249,159.249,159.249,0
2026-05-30 09:25:00+00:00,159.249,159.249,159.249,159.249,0
2026-05-30 09:26:00+00:00,159.249,159.249,159.249,159.249,0
2026-05-30 09:27:00+00:00,159.249,159.249,159.249,159.249,0
2026-05-30 09:28:00+00:00,159.249,159.249,159.249,159.249,0
2026-05-30 09:29:00+00:00,159.249,159.249,159.249,159.249,0
2026-05-30 09:30:00+00:00,159.249,159.249,159.249,159.249,0
2026-05-30 09:31:00+00:00,159.249,159.249,159.249,159.249,0
2026-05-30 09:32:00+00:00,159.249,159.249,159.249,159.249,0
2026-05-30 09:33:00+00:00,159.249,159.249,159.249,159.249,0
2026-05-30 09:34:00+00:00,159.249,159.249,159.249,159.249,0
2026-05-30 09:35:00+00:00,159.249,159.249,159.249,159.249,0
2026-05-30 09:36:00+00:00,159.249,159.249,159.249,159.249,0
2026-05-30 09:37:00+00:00,159.249,159.249,159.249,159.249,0
2026-05-30 09:38:00+00:00,159.249,159.249,159.249,159.249,0
2026-05-30 09:39:00+00:00,159.249,159.249,159.249,159.249,0
2026-05-30 09:40:00+00:00,159.249,159.249,159.249,159.249,0
2026-05-30 09:41:00+00:00,159.249,159.249,159.249,159.249,0
2026-05-30 09:42:00+00:00,159.249,159.249,159.249,159.249,0
2026-05-30 09:43:00+00:00,159.249,159.249,159.249,159.249,0
2026-05-30 09:44:00+00:00,159.249,159.249,159.249,159.249,0
2026-05-30 09:45:00+00:00,159.249,159.249,159.249,159.249,0
2026-05-30 09:46:00+00:00,159.249,159.249,159.249,159.249,0
2026-05-30 09:47:00+00:00,159.249,159.249,159.249,159.249,0
2026-05-30 09:48:00+00:00,159.249,159.249,159.249,159.249,0
2026-05-30 09:49:00+00:00,159.249,159.249,159.249,159.249,0
2026-05-30 09:50:00+00:00,159.249,159.249,159.249,159.249,0
2026-05-30 09:51:00+00:00,159.249,159.249,159.249,159.249,0
2026-05-30 09:52:00+00:00,159.249,159.249,159.249,159.249,0
2026-05-30 09:53:00+00:00,159.249,159.249,159.249,159.249,0
2026-05-30 09:54:00+00:00,159.249,159.249,159.249,159.249,0
2026-05-30 09:55:00+00:00,159.249,159.249,159.249,159.249,0
2026-05-30 09:56:00+00:00,159.249,159.249,159.249,159.249,0
2026-05-30 09:57:00+00:00,159.249,159.249,159.249,159.249,0
2026-05-30 09:58:00+00:00,159.249,159.249,159.249,159.249,0
2026-05-30 09:59:00+00:00,159.249,159.249,159.249,159.249,0
2026-05-30 10:00:00+00:00,159.249,159.249,159.249,159.249,0
2026-05-30 10:01:00+00:00,159.249,159.249,159.249,159.249,0
2026-05-30 10:02:00+00:00,159.249,159.249,159.249,159.249,0
2026-05-30 10:03:00+00:00,159.249,159.249,159.249,159.249,0
2026-05-30 10:04:00+00:00,159.249,159.249,159.249,159.249,0
2026-05-30 10:05:00+00:00,159.249,159.249,159.249,159.249,0
2026-05-30 10:06:00+00:00,159.249,159.249,159.249,159.249,0
2026-05-30 10:07:00+00:00,159.249,159.249,159.249,159.249,0
2026-05-30 10:08:00+00:00,159.249,159.249,159.249,159.249,0
2026-05-30 10:09:00+00:00,159.249,159.249,159.249,159.249,0
2026-05-30 10:10:00+00:00,159.249,159.249,159.249,159.249,0
2026-05-30 10:11:00+00:00,159.249,159.249,159.249,159.249,0
2026-05-30 10:12:00+00:00,159.249,159.249,159.249,159.249,0
2026-05-30 10:13:00+00:00,159.249,159.249,159.249,159.249,0
2026-05-30 10:14:00+00:00,159.249,159.249,159.249,159.249,0
2026-05-30 10:15:00+00:00,159.249,159.249,159.249,159.249,0
2026-05-30 10:16:00+00:00,159.249,159.249,159.249,159.249,0
2026-05-30 10:17:00+00:00,159.249,159.249,159.249,159.249,0
2026-05-30 10:18:00+00:00,159.249,159.249,159.249,159.249,0
2026-05-30 10:19:00+00:00,159.249,159.249,159.249,159.249,0
2026-05-30 10:20:00+00:00,159.249,159.249,159.249,159.249,0
2026-05-30 10:21:00+00:00,159.249,159.249,159.249,159.249,0
2026-05-30 10:22:00+00:00,159.249,159.249,159.249,159.249,0
2026-05-30 10:23:00+00:00,159.249,159.249,159.249,159.249,0
2026-05-30 10:24:00+00:00,159.249,159.249,159.249,159.249,0
2026-05-30 10:25:00+00:00,159.249,159.249,159.249,159.249,0
2026-05-30 10:26:00+00:00,159.249,159.249,159.249,159.249,0
2026-05-30 10:27:00+00:00,159.249,159.249,159.249,159.249,0
2026-05-30 10:28:00+00:00,159.249,159.249,159.249,159.249,0
2026-05-30 10:29:00+00:00,159.249,159.249,159.249,159.249,0
2026-05-30 10:30:00+00:00,159.249,159.249,159.249,159.249,0
2026-05-30 10:31:00+00:00,159.249,159.249,159.249,159.249,0
2026-05-30 10:32:00+00:00,159.249,159.249,159.249,159.249,0
2026-05-30 10:33:00+00:00,159.249,159.249,159.249,159.249,0
2026-05-30 10:34:00+00:00,159.249,159.249,159.249,159.249,0
2026-05-30 10:35:00+00:00,159.249,159.249,159.249,159.249,0
2026-05-30 10:36:00+00:00,159.249,159.249,159.249,159.249,0
2026-05-30 10:37:00+00:00,159.249,159.249,159.249,159.249,0
2026-05-30 10:38:00+00:00,159.249,159.249,159.249,159.249,0
2026-05-30 10:39:00+00:00,159.249,159.249,159.249,159.249,0
2026-05-30 10:40:00+00:00,159.249,159.249,159.249,159.249,0
2026-05-30 10:41:00+00:00,159.249,159.249,159.249,159.249,0
2026-05-30 10:42:00+00:00,159.249,159.249,159.249,159.249,0
2026-05-30 10:43:00+00:00,159.249,159.249,159.249,159.249,0
2026-05-30 10:44:00+00:00,159.249,159.249,159.249,159.249,0
2026-05-30 10:45:00+00:00,159.249,159.249,159.249,159.249,0
2026-05-30 10:46:00+00:00,159.249,159.249,159.249,159.249,0
2026-05-30 10:47:00+00:00,159.249,159.249,159.249,159.249,0
2026-05-30 10:48:00+00:00,159.249,159.249,159.249,159.249,0
2026-05-30 10:49:00+00:00,159.249,159.249,159.249,159.249,0
2026-05-30 10:50:00+00:00,159.249,159.249,159.249,159.249,0
2026-05-30 10:51:00+00:00,159.249,159.249,159.249,159.249,0
2026-05-30 10:52:00+00:00,159.249,159.249,159.249,159.249,0
2026-05-30 10:53:00+00:00,159.249,159.249,159.249,159.249,0
2026-05-30 10:54:00+00:00,159.249,159.249,159.249,159.249,0
2026-05-30 10:55:00+00:00,159.249,159.249,159.249,159.249,0
2026-05-30 10:56:00+00:00,159.249,159.249,159.249,159.249,0
2026-05-30 10:57:00+00:00,159.249,159.249,159.249,159.249,0
2026-05-30 10:58:00+00:00,159.249,159.249,159.249,159.249,0
2026-05-30 10:59:00+00:00,159.249,159.249,159.249,159.249,0
2026-05-30 11:00:00+00:00,159.249,159.249,159.249,159.249,0
2026-05-30 11:01:00+00:00,159.249,159.249,159.249,159.249,0
2026-05-30 11:02:00+00:00,159.249,159.249,159.249,159.249,0
2026-05-30 11:03:00+00:00,159.249,159.249,159.249,159.249,0
2026-05-30 11:04:00+00:00,159.249,159.249,159.249,159.249,0
2026-05-30 11:05:00+00:00,159.249,159.249,159.249,159.249,0
2026-05-30 11:06:00+00:00,159.249,159.249,159.249,159.249,0
2026-05-30 11:07:00+00:00,159.249,159.249,159.249,159.249,0
2026-05-30 11:08:00+00:00,159.249,159.249,159.249,159.249,0
2026-05-30 11:09:00+00:00,159.249,159.249,159.249,159.249,0
2026-05-30 11:10:00+00:00,159.249,159.249,159.249,159.249,0
2026-05-30 11:11:00+00:00,159.249,159.249,159.249,159.249,0
2026-05-30 11:12:00+00:00,159.249,159.249,159.249,159.249,0
2026-05-30 11:13:00+00:00,159.249,159.249,159.249,159.249,0
2026-05-30 11:14:00+00:00,159.249,159.249,159.249,159.249,0
2026-05-30 11:15:00+00:00,159.249,159.249,159.249,159.249,0
2026-05-30 11:16:00+00:00,159.249,159.249,159.249,159.249,0
2026-05-30 11:17:00+00:00,159.249,159.249,159.249,159.249,0
2026-05-30 11:18:00+00:00,159.249,159.249,159.249,159.249,0
2026-05-30 11:19:00+00:00,159.249,159.249,159.249,159.249,0
2026-05-30 11:20:00+00:00,159.249,159.249,159.249,159.249,0
2026-05-30 11:21:00+00:00,159.249,159.249,159.249,159.249,0
2026-05-30 11:22:00+00:00,159.249,159.249,159.249,159.249,0
2026-05-30 11:23:00+00:00,159.249,159.249,159.249,159.249,0
2026-05-30 11:24:00+00:00,159.249,159.249,159.249,159.249,0
2026-05-30 11:25:00+00:00,159.249,159.249,159.249,159.249,0
2026-05-30 11:26:00+00:00,159.249,159.249,159.249,159.249,0
2026-05-30 11:27:00+00:00,159.249,159.249,159.249,159.249,0
2026-05-30 11:28:00+00:00,159.249,159.249,159.249,159.249,0
2026-05-30 11:29:00+00:00,159.249,159.249,159.249,159.249,0
2026-05-30 11:30:00+00:00,159.249,159.249,159.249,159.249,0
2026-05-30 11:31:00+00:00,159.249,159.249,159.249,159.249,0
2026-05-30 11:32:00+00:00,159.249,159.249,159.249,159.249,0
2026-05-30 11:33:00+00:00,159.249,159.249,159.249,159.249,0
2026-05-30 11:34:00+00:00,159.249,159.249,159.249,159.249,0
2026-05-30 11:35:00+00:00,159.249,159.249,159.249,159.249,0
2026-05-30 11:36:00+00:00,159.249,159.249,159.249,159.249,0
2026-05-30 11:37:00+00:00,159.249,159.249,159.249,159.249,0
2026-05-30 11:38:00+00:00,159.249,159.249,159.249,159.249,0
2026-05-30 11:39:00+00:00,159.249,159.249,159.249,159.249,0
2026-05-30 11:40:00+00:00,159.249,159.249,159.249,159.249,0
2026-05-30 11:41:00+00:00,159.249,159.249,159.249,159.249,0
2026-05-30 11:42:00+00:00,159.249,159.249,159.249,159.249,0
2026-05-30 11:43:00+00:00,159.249,159.249,159.249,159.249,0
2026-05-30 11:44:00+00:00,159.249,159.249,159.249,159.249,0
2026-05-30 11:45:00+00:00,159.249,159.249,159.249,159.249,0
2026-05-30 11:46:00+00:00,159.249,159.249,159.249,159.249,0
2026-05-30 11:47:00+00:00,159.249,159.249,159.249,159.249,0
2026-05-30 11:48:00+00:00,159.249,159.249,159.249,159.249,0
2026-05-30 11:49:00+00:00,159.249,159.249,159.249,159.249,0
2026-05-30 11:50:00+00:00,159.249,159.249,159.249,159.249,0
2026-05-30 11:51:00+00:00,159.249,159.249,159.249,159.249,0
2026-05-30 11:52:00+00:00,159.249,159.249,159.249,159.249,0
2026-05-30 11:53:00+00:00,159.249,159.249,159.249,159.249,0
2026-05-30 11:54:00+00:00,159.249,159.249,159.249,159.249,0
2026-05-30 11:55:00+00:00,159.249,159.249,159.249,159.249,0
2026-05-30 11:56:00+00:00,159.249,159.249,159.249,159.249,0
2026-05-30 11:57:00+00:00,159.249,159.249,159.249,159.249,0
2026-05-30 11:58:00+00:00,159.249,159.249,159.249,159.249,0
2026-05-30 11:59:00+00:00,159.249,159.249,159.249,159.249,0
2026-05-30 12:00:00+00:00,159.249,159.249,159.249,159.249,0
2026-05-30 12:01:00+00:00,159.249,159.249,159.249,159.249,0
2026-05-30 12:02:00+00:00,159.249,159.249,159.249,159.249,0
2026-05-30 12:03:00+00:00,159.249,159.249,159.249,159.249,0
2026-05-30 12:04:00+00:00,159.249,159.249,159.249,159.249,0
2026-05-30 12:05:00+00:00,159.249,159.249,159.249,159.249,0
2026-05-30 12:06:00+00:00,159.249,159.249,159.249,159.249,0
2026-05-30 12:07:00+00:00,159.249,159.249,159.249,159.249,0
2026-05-30 12:08:00+00:00,159.249,159.249,159.249,159.249,0
2026-05-30 12:09:00+00:00,159.249,159.249,159.249,159.249,0
2026-05-30 12:10:00+00:00,159.249,159.249,159.249,159.249,0
2026-05-30 12:11:00+00:00,159.249,159.249,159.249,159.249,0
2026-05-30 12:12:00+00:00,159.249,159.249,159.249,159.249,0
2026-05-30 12:13:00+00:00,159.249,159.249,159.249,159.249,0
2026-05-30 12:14:00+00:00,159.249,159.249,159.249,159.249,0
2026-05-30 12:15:00+00:00,159.249,159.249,159.249,159.249,0
2026-05-30 12:16:00+00:00,159.249,159.249,159.249,159.249,0
2026-05-30 12:17:00+00:00,159.249,159.249,159.249,159.249,0
2026-05-30 12:18:00+00:00,159.249,159.249,159.249,159.249,0
2026-05-30 12:19:00+00:00,159.249,159.249,159.249,159.249,0
2026-05-30 12:20:00+00:00,159.249,159.249,159.249,159.249,0
2026-05-30 12:21:00+00:00,159.249,159.249,159.249,159.249,0
2026-05-30 12:22:00+00:00,159.249,159.249,159.249,159.249,0
2026-05-30 12:23:00+00:00,159.249,159.249,159.249,159.249,0
2026-05-30 12:24:00+00:00,159.249,159.249,159.249,159.249,0
2026-05-30 12:25:00+00:00,159.249,159.249,159.249,159.249,0
2026-05-30 12:26:00+00:00,159.249,159.249,159.249,159.249,0
2026-05-30 12:27:00+00:00,159.249,159.249,159.249,159.249,0
2026-05-30 12:28:00+00:00,159.249,159.249,159.249,159.249,0
2026-05-30 12:29:00+00:00,159.249,159.249,159.249,159.249,0
2026-05-30 12:30:00+00:00,159.249,159.249,159.249,159.249,0
2026-05-30 12:31:00+00:00,159.249,159.249,159.249,159.249,0
2026-05-30 12:32:00+00:00,159.249,159.249,159.249,159.249,0
2026-05-30 12:33:00+00:00,159.249,159.249,159.249,159.249,0
2026-05-30 12:34:00+00:00,159.249,159.249,159.249,159.249,0
2026-05-30 12:35:00+00:00,159.249,159.249,159.249,159.249,0
2026-05-30 12:36:00+00:00,159.249,159.249,159.249,159.249,0
2026-05-30 12:37:00+00:00,159.249,159.249,159.249,159.249,0
2026-05-30 12:38:00+00:00,159.249,159.249,159.249,159.249,0
2026-05-30 12:39:00+00:00,159.249,159.249,159.249,159.249,0
2026-05-30 12:40:00+00:00,159.249,159.249,159.249,159.249,0
2026-05-30 12:41:00+00:00,159.249,159.249,159.249,159.249,0
2026-05-30 12:42:00+00:00,159.249,159.249,159.249,159.249,0
2026-05-30 12:43:00+00:00,159.249,159.249,159.249,159.249,0
2026-05-30 12:44:00+00:00,159.249,159.249,159.249,159.249,0
2026-05-30 12:45:00+00:00,159.249,159.249,159.249,159.249,0
2026-05-30 12:46:00+00:00,159.249,159.249,159.249,159.249,0
2026-05-30 12:47:00+00:00,159.249,159.249,159.249,159.249,0
2026-05-30 12:48:00+00:00,159.249,159.249,159.249,159.249,0
2026-05-30 12:49:00+00:00,159.249,159.249,159.249,159.249,0
2026-05-30 12:50:00+00:00,159.249,159.249,159.249,159.249,0
2026-05-30 12:51:00+00:00,159.249,159.249,159.249,159.249,0
2026-05-30 12:52:00+00:00,159.249,159.249,159.249,159.249,0
2026-05-30 12:53:00+00:00,159.249,159.249,159.249,159.249,0
2026-05-30 12:54:00+00:00,159.249,159.249,159.249,159.249,0
2026-05-30 12:55:00+00:00,159.249,159.249,159.249,159.249,0
2026-05-30 12:56:00+00:00,159.249,159.249,159.249,159.249,0
2026-05-30 12:57:00+00:00,159.249,159.249,159.249,159.249,0
2026-05-30 12:58:00+00:00,159.249,159.249,159.249,159.249,0
2026-05-30 12:59:00+00:00,159.249,159.249,159.249,159.249,0
2026-05-30 13:00:00+00:00,159.249,159.249,159.249,159.249,0
2026-05-30 13:01:00+00:00,159.249,159.249,159.249,159.249,0
2026-05-30 13:02:00+00:00,159.249,159.249,159.249,159.249,0
2026-05-30 13:03:00+00:00,159.249,159.249,159.249,159.249,0
2026-05-30 13:04:00+00:00,159.249,159.249,159.249,159.249,0
2026-05-30 13:05:00+00:00,159.249,159.249,159.249,159.249,0
2026-05-30 13:06:00+00:00,159.249,159.249,159.249,159.249,0
2026-05-30 13:07:00+00:00,159.249,159.249,159.249,159.249,0
2026-05-30 13:08:00+00:00,159.249,159.249,159.249,159.249,0
2026-05-30 13:09:00+00:00,159.249,159.249,159.249,159.249,0
2026-05-30 13:10:00+00:00,159.249,159.249,159.249,159.249,0
2026-05-30 13:11:00+00:00,159.249,159.249,159.249,159.249,0
2026-05-30 13:12:00+00:00,159.249,159.249,159.249,159.249,0
2026-05-30 13:13:00+00:00,159.249,159.249,159.249,159.249,0
2026-05-30 13:14:00+00:00,159.249,159.249,159.249,159.249,0
2026-05-30 13:15:00+00:00,159.249,159.249,159.249,159.249,0
2026-05-30 13:16:00+00:00,159.249,159.249,159.249,159.249,0
2026-05-30 13:17:00+00:00,159.249,159.249,159.249,159.249,0
2026-05-30 13:18:00+00:00,159.249,159.249,159.249,159.249,0
2026-05-30 13:19:00+00:00,159.249,159.249,159.249,159.249,0
2026-05-30 13:20:00+00:00,159.249,159.249,159.249,159.249,0
2026-05-30 13:21:00+00:00,159.249,159.249,159.249,159.249,0
2026-05-30 13:22:00+00:00,159.249,159.249,159.249,159.249,0
2026-05-30 13:23:00+00:00,159.249,159.249,159.249,159.249,0
2026-05-30 13:24:00+00:00,159.249,159.249,159.249,159.249,0
2026-05-30 13:25:00+00:00,159.249,159.249,159.249,159.249,0
2026-05-30 13:26:00+00:00,159.249,159.249,159.249,159.249,0
2026-05-30 13:27:00+00:00,159.249,159.249,159.249,159.249,0
2026-05-30 13:28:00+00:00,159.249,159.249,159.249,159.249,0
2026-05-30 13:29:00+00:00,159.249,159.249,159.249,159.249,0
2026-05-30 13:30:00+00:00,159.249,159.249,159.249,159.249,0
2026-05-30 13:31:00+00:00,159.249,159.249,159.249,159.249,0
2026-05-30 13:32:00+00:00,159.249,159.249,159.249,159.249,0
2026-05-30 13:33:00+00:00,159.249,159.249,159.249,159.249,0
2026-05-30 13:34:00+00:00,159.249,159.249,159.249,159.249,0
2026-05-30 13:35:00+00:00,159.249,159.249,159.249,159.249,0
2026-05-30 13:36:00+00:00,159.249,159.249,159.249,159.249,0
2026-05-30 13:37:00+00:00,159.249,159.249,159.249,159.249,0
2026-05-30 13:38:00+00:00,159.249,159.249,159.249,159.249,0
2026-05-30 13:39:00+00:00,159.249,159.249,159.249,159.249,0
2026-05-30 13:40:00+00:00,159.249,159.249,159.249,159.249,0
2026-05-30 13:41:00+00:00,159.249,159.249,159.249,159.249,0
2026-05-30 13:42:00+00:00,159.249,159.249,159.249,159.249,0
2026-05-30 13:43:00+00:00,159.249,159.249,159.249,159.249,0
2026-05-30 13:44:00+00:00,159.249,159.249,159.249,159.249,0
2026-05-30 13:45:00+00:00,159.249,159.249,159.249,159.249,0
2026-05-30 13:46:00+00:00,159.249,159.249,159.249,159.249,0
2026-05-30 13:47:00+00:00,159.249,159.249,159.249,159.249,0
2026-05-30 13:48:00+00:00,159.249,159.249,159.249,159.249,0
2026-05-30 13:49:00+00:00,159.249,159.249,159.249,159.249,0
2026-05-30 13:50:00+00:00,159.249,159.249,159.249,159.249,0
2026-05-30 13:51:00+00:00,159.249,159.249,159.249,159.249,0
2026-05-30 13:52:00+00:00,159.249,159.249,159.249,159.249,0
2026-05-30 13:53:00+00:00,159.249,159.249,159.249,159.249,0
2026-05-30 13:54:00+00:00,159.249,159.249,159.249,159.249,0
2026-05-30 13:55:00+00:00,159.249,159.249,159.249,159.249,0
2026-05-30 13:56:00+00:00,159.249,159.249,159.249,159.249,0
2026-05-30 13:57:00+00:00,159.249,159.249,159.249,159.249,0
2026-05-30 13:58:00+00:00,159.249,159.249,159.249,159.249,0
2026-05-30 13:59:00+00:00,159.249,159.249,159.249,159.249,0
2026-05-30 14:00:00+00:00,159.249,159.249,159.249,159.249,0
2026-05-30 14:01:00+00:00,159.249,159.249,159.249,159.249,0
2026-05-30 14:02:00+00:00,159.249,159.249,159.249,159.249,0
2026-05-30 14:03:00+00:00,159.249,159.249,159.249,159.249,0
2026-05-30 14:04:00+00:00,159.249,159.249,159.249,159.249,0
2026-05-30 14:05:00+00:00,159.249,159.249,159.249,159.249,0
2026-05-30 14:06:00+00:00,159.249,159.249,159.249,159.249,0
2026-05-30 14:07:00+00:00,159.249,159.249,159.249,159.249,0
2026-05-30 14:08:00+00:00,159.249,159.249,159.249,159.249,0
2026-05-30 14:09:00+00:00,159.249,159.249,159.249,159.249,0
2026-05-30 14:10:00+00:00,159.249,159.249,159.249,159.249,0
2026-05-30 14:11:00+00:00,159.249,159.249,159.249,159.249,0
2026-05-30 14:12:00+00:00,159.249,159.249,159.249,159.249,0
2026-05-30 14:13:00+00:00,159.249,159.249,159.249,159.249,0
2026-05-30 14:14:00+00:00,159.249,159.249,159.249,159.249,0
2026-05-30 14:15:00+00:00,159.249,159.249,159.249,159.249,0
2026-05-30 14:16:00+00:00,159.249,159.249,159.249,159.249,0
2026-05-30 14:17:00+00:00,159.249,159.249,159.249,159.249,0
2026-05-30 14:18:00+00:00,159.249,159.249,159.249,159.249,0
2026-05-30 14:19:00+00:00,159.249,159.249,159.249,159.249,0
2026-05-30 14:20:00+00:00,159.249,159.249,159.249,159.249,0
2026-05-30 14:21:00+00:00,159.249,159.249,159.249,159.249,0
2026-05-30 14:22:00+00:00,159.249,159.249,159.249,159.249,0
2026-05-30 14:23:00+00:00,159.249,159.249,159.249,159.249,0
2026-05-30 14:24:00+00:00,159.249,159.249,159.249,159.249,0
2026-05-30 14:25:00+00:00,159.249,159.249,159.249,159.249,0
2026-05-30 14:26:00+00:00,159.249,159.249,159.249,159.249,0
2026-05-30 14:27:00+00:00,159.249,159.249,159.249,159.249,0
2026-05-30 14:28:00+00:00,159.249,159.249,159.249,159.249,0
2026-05-30 14:29:00+00:00,159.249,159.249,159.249,159.249,0
2026-05-30 14:30:00+00:00,159.249,159.249,159.249,159.249,0
2026-05-30 14:31:00+00:00,159.249,159.249,159.249,159.249,0
2026-05-30 14:32:00+00:00,159.249,159.249,159.249,159.249,0
2026-05-30 14:33:00+00:00,159.249,159.249,159.249,159.249,0
2026-05-30 14:34:00+00:00,159.249,159.249,159.249,159.249,0
2026-05-30 14:35:00+00:00,159.249,159.249,159.249,159.249,0
2026-05-30 14:36:00+00:00,159.249,159.249,159.249,159.249,0
2026-05-30 14:37:00+00:00,159.249,159.249,159.249,159.249,0
2026-05-30 14:38:00+00:00,159.249,159.249,159.249,159.249,0
2026-05-30 14:39:00+00:00,159.249,159.249,159.249,159.249,0
2026-05-30 14:40:00+00:00,159.249,159.249,159.249,159.249,0
2026-05-30 14:41:00+00:00,159.249,159.249,159.249,159.249,0
2026-05-30 14:42:00+00:00,159.249,159.249,159.249,159.249,0
2026-05-30 14:43:00+00:00,159.249,159.249,159.249,159.249,0
2026-05-30 14:44:00+00:00,159.249,159.249,159.249,159.249,0
2026-05-30 14:45:00+00:00,159.249,159.249,159.249,159.249,0
2026-05-30 14:46:00+00:00,159.249,159.249,159.249,159.249,0
2026-05-30 14:47:00+00:00,159.249,159.249,159.249,159.249,0
2026-05-30 14:48:00+00:00,159.249,159.249,159.249,159.249,0
2026-05-30 14:49:00+00:00,159.249,159.249,159.249,159.249,0
2026-05-30 14:50:00+00:00,159.249,159.249,159.249,159.249,0
2026-05-30 14:51:00+00:00,159.249,159.249,159.249,159.249,0
2026-05-30 14:52:00+00:00,159.249,159.249,159.249,159.249,0
2026-05-30 14:53:00+00:00,159.249,159.249,159.249,159.249,0
2026-05-30 14:54:00+00:00,159.249,159.249,159.249,159.249,0
2026-05-30 14:55:00+00:00,159.249,159.249,159.249,159.249,0
2026-05-30 14:56:00+00:00,159.249,159.249,159.249,159.249,0
2026-05-30 14:57:00+00:00,159.249,159.249,159.249,159.249,0
2026-05-30 14:58:00+00:00,159.249,159.249,159.249,159.249,0
2026-05-30 14:59:00+00:00,159.249,159.249,159.249,159.249,0
2026-05-30 15:00:00+00:00,159.249,159.249,159.249,159.249,0
2026-05-30 15:01:00+00:00,159.249,159.249,159.249,159.249,0
2026-05-30 15:02:00+00:00,159.249,159.249,159.249,159.249,0
2026-05-30 15:03:00+00:00,159.249,159.249,159.249,159.249,0
2026-05-30 15:04:00+00:00,159.249,159.249,159.249,159.249,0
2026-05-30 15:05:00+00:00,159.249,159.249,159.249,159.249,0
2026-05-30 15:06:00+00:00,159.249,159.249,159.249,159.249,0
2026-05-30 15:07:00+00:00,159.249,159.249,159.249,159.249,0
2026-05-30 15:08:00+00:00,159.249,159.249,159.249,159.249,0
2026-05-30 15:09:00+00:00,159.249,159.249,159.249,159.249,0
2026-05-30 15:10:00+00:00,159.249,159.249,159.249,159.249,0
2026-05-30 15:11:00+00:00,159.249,159.249,159.249,159.249,0
2026-05-30 15:12:00+00:00,159.249,159.249,159.249,159.249,0
2026-05-30 15:13:00+00:00,159.249,159.249,159.249,159.249,0
2026-05-30 15:14:00+00:00,159.249,159.249,159.249,159.249,0
2026-05-30 15:15:00+00:00,159.249,159.249,159.249,159.249,0
2026-05-30 15:16:00+00:00,159.249,159.249,159.249,159.249,0
2026-05-30 15:17:00+00:00,159.249,159.249,159.249,159.249,0
2026-05-30 15:18:00+00:00,159.249,159.249,159.249,159.249,0
2026-05-30 15:19:00+00:00,159.249,159.249,159.249,159.249,0
2026-05-30 15:20:00+00:00,159.249,159.249,159.249,159.249,0
2026-05-30 15:21:00+00:00,159.249,159.249,159.249,159.249,0
2026-05-30 15:22:00+00:00,159.249,159.249,159.249,159.249,0
2026-05-30 15:23:00+00:00,159.249,159.249,159.249,159.249,0
2026-05-30 15:24:00+00:00,159.249,159.249,159.249,159.249,0
2026-05-30 15:25:00+00:00,159.249,159.249,159.249,159.249,0
2026-05-30 15:26:00+00:00,159.249,159.249,159.249,159.249,0
2026-05-30 15:27:00+00:00,159.249,159.249,159.249,159.249,0
2026-05-30 15:28:00+00:00,159.249,159.249,159.249,159.249,0
2026-05-30 15:29:00+00:00,159.249,159.249,159.249,159.249,0
2026-05-30 15:30:00+00:00,159.249,159.249,159.249,159.249,0
2026-05-30 15:31:00+00:00,159.249,159.249,159.249,159.249,0
2026-05-30 15:32:00+00:00,159.249,159.249,159.249,159.249,0
2026-05-30 15:33:00+00:00,159.249,159.249,159.249,159.249,0
2026-05-30 15:34:00+00:00,159.249,159.249,159.249,159.249,0
2026-05-30 15:35:00+00:00,159.249,159.249,159.249,159.249,0
2026-05-30 15:36:00+00:00,159.249,159.249,159.249,159.249,0
2026-05-30 15:37:00+00:00,159.249,159.249,159.249,159.249,0
2026-05-30 15:38:00+00:00,159.249,159.249,159.249,159.249,0
2026-05-30 15:39:00+00:00,159.249,159.249,159.249,159.249,0
2026-05-30 15:40:00+00:00,159.249,159.249,159.249,159.249,0
2026-05-30 15:41:00+00:00,159.249,159.249,159.249,159.249,0
2026-05-30 15:42:00+00:00,159.249,159.249,159.249,159.249,0
2026-05-30 15:43:00+00:00,159.249,159.249,159.249,159.249,0
2026-05-30 15:44:00+00:00,159.249,159.249,159.249,159.249,0
2026-05-30 15:45:00+00:00,159.249,159.249,159.249,159.249,0
2026-05-30 15:46:00+00:00,159.249,159.249,159.249,159.249,0
2026-05-30 15:47:00+00:00,159.249,159.249,159.249,159.249,0
2026-05-30 15:48:00+00:00,159.249,159.249,159.249,159.249,0
2026-05-30 15:49:00+00:00,159.249,159.249,159.249,159.249,0
2026-05-30 15:50:00+00:00,159.249,159.249,159.249,159.249,0
2026-05-30 15:51:00+00:00,159.249,159.249,159.249,159.249,0
2026-05-30 15:52:00+00:00,159.249,159.249,159.249,159.249,0
2026-05-30 15:53:00+00:00,159.249,159.249,159.249,159.249,0
2026-05-30 15:54:00+00:00,159.249,159.249,159.249,159.249,0
2026-05-30 15:55:00+00:00,159.249,159.249,159.249,159.249,0
2026-05-30 15:56:00+00:00,159.249,159.249,159.249,159.249,0
2026-05-30 15:57:00+00:00,159.249,159.249,159.249,159.249,0
2026-05-30 15:58:00+00:00,159.249,159.249,159.249,159.249,0
2026-05-30 15:59:00+00:00,159.249,159.249,159.249,159.249,0
2026-05-30 16:00:00+00:00,159.249,159.249,159.249,159.249,0
2026-05-30 16:01:00+00:00,159.249,159.249,159.249,159.249,0
2026-05-30 16:02:00+00:00,159.249,159.249,159.249,159.249,0
2026-05-30 16:03:00+00:00,159.249,159.249,159.249,159.249,0
2026-05-30 16:04:00+00:00,159.249,159.249,159.249,159.249,0
2026-05-30 16:05:00+00:00,159.249,159.249,159.249,159.249,0
2026-05-30 16:06:00+00:00,159.249,159.249,159.249,159.249,0
2026-05-30 16:07:00+00:00,159.249,159.249,159.249,159.249,0
2026-05-30 16:08:00+00:00,159.249,159.249,159.249,159.249,0
2026-05-30 16:09:00+00:00,159.249,159.249,159.249,159.249,0
2026-05-30 16:10:00+00:00,159.249,159.249,159.249,159.249,0
2026-05-30 16:11:00+00:00,159.249,159.249,159.249,159.249,0
2026-05-30 16:12:00+00:00,159.249,159.249,159.249,159.249,0
2026-05-30 16:13:00+00:00,159.249,159.249,159.249,159.249,0
2026-05-30 16:14:00+00:00,159.249,159.249,159.249,159.249,0
2026-05-30 16:15:00+00:00,159.249,159.249,159.249,159.249,0
2026-05-30 16:16:00+00:00,159.249,159.249,159.249,159.249,0
2026-05-30 16:17:00+00:00,159.249,159.249,159.249,159.249,0
2026-05-30 16:18:00+00:00,159.249,159.249,159.249,159.249,0
2026-05-30 16:19:00+00:00,159.249,159.249,159.249,159.249,0
2026-05-30 16:20:00+00:00,159.249,159.249,159.249,159.249,0
2026-05-30 16:21:00+00:00,159.249,159.249,159.249,159.249,0
2026-05-30 16:22:00+00:00,159.249,159.249,159.249,159.249,0
2026-05-30 16:23:00+00:00,159.249,159.249,159.249,159.249,0
2026-05-30 16:24:00+00:00,159.249,159.249,159.249,159.249,0
2026-05-30 16:25:00+00:00,159.249,159.249,159.249,159.249,0
2026-05-30 16:26:00+00:00,159.249,159.249,159.249,159.249,0
2026-05-30 16:27:00+00:00,159.249,159.249,159.249,159.249,0
2026-05-30 16:28:00+00:00,159.249,159.249,159.249,159.249,0
2026-05-30 16:29:00+00:00,159.249,159.249,159.249,159.249,0
2026-05-30 16:30:00+00:00,159.249,159.249,159.249,159.249,0
2026-05-30 16:31:00+00:00,159.249,159.249,159.249,159.249,0
2026-05-30 16:32:00+00:00,159.249,159.249,159.249,159.249,0
2026-05-30 16:33:00+00:00,159.249,159.249,159.249,159.249,0
2026-05-30 16:34:00+00:00,159.249,159.249,159.249,159.249,0
2026-05-30 16:35:00+00:00,159.249,159.249,159.249,159.249,0
2026-05-30 16:36:00+00:00,159.249,159.249,159.249,159.249,0
2026-05-30 16:37:00+00:00,159.249,159.249,159.249,159.249,0
2026-05-30 16:38:00+00:00,159.249,159.249,159.249,159.249,0
2026-05-30 16:39:00+00:00,159.249,159.249,159.249,159.249,0
2026-05-30 16:40:00+00:00,159.249,159.249,159.249,159.249,0
2026-05-30 16:41:00+00:00,159.249,159.249,159.249,159.249,0
2026-05-30 16:42:00+00:00,159.249,159.249,159.249,159.249,0
2026-05-30 16:43:00+00:00,159.249,159.249,159.249,159.249,0
2026-05-30 16:44:00+00:00,159.249,159.249,159.249,159.249,0
2026-05-30 16:45:00+00:00,159.249,159.249,159.249,159.249,0
2026-05-30 16:46:00+00:00,159.249,159.249,159.249,159.249,0
2026-05-30 16:47:00+00:00,159.249,159.249,159.249,159.249,0
2026-05-30 16:48:00+00:00,159.249,159.249,159.249,159.249,0
2026-05-30 16:49:00+00:00,159.249,159.249,159.249,159.249,0
2026-05-30 16:50:00+00:00,159.249,159.249,159.249,159.249,0
2026-05-30 16:51:00+00:00,159.249,159.249,159.249,159.249,0
2026-05-30 16:52:00+00:00,159.249,159.249,159.249,159.249,0
2026-05-30 16:53:00+00:00,159.249,159.249,159.249,159.249,0
2026-05-30 16:54:00+00:00,159.249,159.249,159.249,159.249,0
2026-05-30 16:55:00+00:00,159.249,159.249,159.249,159.249,0
2026-05-30 16:56:00+00:00,159.249,159.249,159.249,159.249,0
2026-05-30 16:57:00+00:00,159.249,159.249,159.249,159.249,0
2026-05-30 16:58:00+00:00,159.249,159.249,159.249,159.249,0
2026-05-30 16:59:00+00:00,159.249,159.249,159.249,159.249,0
2026-05-30 17:00:00+00:00,159.249,159.249,159.249,159.249,0
2026-05-30 17:01:00+00:00,159.249,159.249,159.249,159.249,0
2026-05-30 17:02:00+00:00,159.249,159.249,159.249,159.249,0
2026-05-30 17:03:00+00:00,159.249,159.249,159.249,159.249,0
2026-05-30 17:04:00+00:00,159.249,159.249,159.249,159.249,0
2026-05-30 17:05:00+00:00,159.249,159.249,159.249,159.249,0
2026-05-30 17:06:00+00:00,159.249,159.249,159.249,159.249,0
2026-05-30 17:07:00+00:00,159.249,159.249,159.249,159.249,0
2026-05-30 17:08:00+00:00,159.249,159.249,159.249,159.249,0
2026-05-30 17:09:00+00:00,159.249,159.249,159.249,159.249,0
2026-05-30 17:10:00+00:00,159.249,159.249,159.249,159.249,0
2026-05-30 17:11:00+00:00,159.249,159.249,159.249,159.249,0
2026-05-30 17:12:00+00:00,159.249,159.249,159.249,159.249,0
2026-05-30 17:13:00+00:00,159.249,159.249,159.249,159.249,0
2026-05-30 17:14:00+00:00,159.249,159.249,159.249,159.249,0
2026-05-30 17:15:00+00:00,159.249,159.249,159.249,159.249,0
2026-05-30 17:16:00+00:00,159.249,159.249,159.249,159.249,0
2026-05-30 17:17:00+00:00,159.249,159.249,159.249,159.249,0
2026-05-30 17:18:00+00:00,159.249,159.249,159.249,159.249,0
2026-05-30 17:19:00+00:00,159.249,159.249,159.249,159.249,0
2026-05-30 17:20:00+00:00,159.249,159.249,159.249,159.249,0
2026-05-30 17:21:00+00:00,159.249,159.249,159.249,159.249,0
2026-05-30 17:22:00+00:00,159.249,159.249,159.249,159.249,0
2026-05-30 17:23:00+00:00,159.249,159.249,159.249,159.249,0
2026-05-30 17:24:00+00:00,159.249,159.249,159.249,159.249,0
2026-05-30 17:25:00+00:00,159.249,159.249,159.249,159.249,0
2026-05-30 17:26:00+00:00,159.249,159.249,159.249,159.249,0
2026-05-30 17:27:00+00:00,159.249,159.249,159.249,159.249,0
2026-05-30 17:28:00+00:00,159.249,159.249,159.249,159.249,0
2026-05-30 17:29:00+00:00,159.249,159.249,159.249,159.249,0
2026-05-30 17:30:00+00:00,159.249,159.249,159.249,159.249,0
2026-05-30 17:31:00+00:00,159.249,159.249,159.249,159.249,0
2026-05-30 17:32:00+00:00,159.249,159.249,159.249,159.249,0
2026-05-30 17:33:00+00:00,159.249,159.249,159.249,159.249,0
2026-05-30 17:34:00+00:00,159.249,159.249,159.249,159.249,0
2026-05-30 17:35:00+00:00,159.249,159.249,159.249,159.249,0
2026-05-30 17:36:00+00:00,159.249,159.249,159.249,159.249,0
2026-05-30 17:37:00+00:00,159.249,159.249,159.249,159.249,0
2026-05-30 17:38:00+00:00,159.249,159.249,159.249,159.249,0
2026-05-30 17:39:00+00:00,159.249,159.249,159.249,159.249,0
2026-05-30 17:40:00+00:00,159.249,159.249,159.249,159.249,0
2026-05-30 17:41:00+00:00,159.249,159.249,159.249,159.249,0
2026-05-30 17:42:00+00:00,159.249,159.249,159.249,159.249,0
2026-05-30 17:43:00+00:00,159.249,159.249,159.249,159.249,0
2026-05-30 17:44:00+00:00,159.249,159.249,159.249,159.249,0
2026-05-30 17:45:00+00:00,159.249,159.249,159.249,159.249,0
2026-05-30 17:46:00+00:00,159.249,159.249,159.249,159.249,0
2026-05-30 17:47:00+00:00,159.249,159.249,159.249,159.249,0
2026-05-30 17:48:00+00:00,159.249,159.249,159.249,159.249,0
2026-05-30 17:49:00+00:00,159.249,159.249,159.249,159.249,0
2026-05-30 17:50:00+00:00,159.249,159.249,159.249,159.249,0
2026-05-30 17:51:00+00:00,159.249,159.249,159.249,159.249,0
2026-05-30 17:52:00+00:00,159.249,159.249,159.249,159.249,0
2026-05-30 17:53:00+00:00,159.249,159.249,159.249,159.249,0
2026-05-30 17:54:00+00:00,159.249,159.249,159.249,159.249,0
2026-05-30 17:55:00+00:00,159.249,159.249,159.249,159.249,0
2026-05-30 17:56:00+00:00,159.249,159.249,159.249,159.249,0
2026-05-30 17:57:00+00:00,159.249,159.249,159.249,159.249,0
2026-05-30 17:58:00+00:00,159.249,159.249,159.249,159.249,0
2026-05-30 17:59:00+00:00,159.249,159.249,159.249,159.249,0
2026-05-30 18:00:00+00:00,159.249,159.249,159.249,159.249,0
2026-05-30 18:01:00+00:00,159.249,159.249,159.249,159.249,0
2026-05-30 18:02:00+00:00,159.249,159.249,159.249,159.249,0
2026-05-30 18:03:00+00:00,159.249,159.249,159.249,159.249,0
2026-05-30 18:04:00+00:00,159.249,159.249,159.249,159.249,0
2026-05-30 18:05:00+00:00,159.249,159.249,159.249,159.249,0
2026-05-30 18:06:00+00:00,159.249,159.249,159.249,159.249,0
2026-05-30 18:07:00+00:00,159.249,159.249,159.249,159.249,0
2026-05-30 18:08:00+00:00,159.249,159.249,159.249,159.249,0
2026-05-30 18:09:00+00:00,159.249,159.249,159.249,159.249,0
2026-05-30 18:10:00+00:00,159.249,159.249,159.249,159.249,0
2026-05-30 18:11:00+00:00,159.249,159.249,159.249,159.249,0
2026-05-30 18:12:00+00:00,159.249,159.249,159.249,159.249,0
2026-05-30 18:13:00+00:00,159.249,159.249,159.249,159.249,0
2026-05-30 18:14:00+00:00,159.249,159.249,159.249,159.249,0
2026-05-30 18:15:00+00:00,159.249,159.249,159.249,159.249,0
2026-05-30 18:16:00+00:00,159.249,159.249,159.249,159.249,0
2026-05-30 18:17:00+00:00,159.249,159.249,159.249,159.249,0
2026-05-30 18:18:00+00:00,159.249,159.249,159.249,159.249,0
2026-05-30 18:19:00+00:00,159.249,159.249,159.249,159.249,0
2026-05-30 18:20:00+00:00,159.249,159.249,159.249,159.249,0
2026-05-30 18:21:00+00:00,159.249,159.249,159.249,159.249,0
2026-05-30 18:22:00+00:00,159.249,159.249,159.249,159.249,0
2026-05-30 18:23:00+00:00,159.249,159.249,159.249,159.249,0
2026-05-30 18:24:00+00:00,159.249,159.249,159.249,159.249,0
2026-05-30 18:25:00+00:00,159.249,159.249,159.249,159.249,0
2026-05-30 18:26:00+00:00,159.249,159.249,159.249,159.249,0
2026-05-30 18:27:00+00:00,159.249,159.249,159.249,159.249,0
2026-05-30 18:28:00+00:00,159.249,159.249,159.249,159.249,0
2026-05-30 18:29:00+00:00,159.249,159.249,159.249,159.249,0
2026-05-30 18:30:00+00:00,159.249,159.249,159.249,159.249,0
2026-05-30 18:31:00+00:00,159.249,159.249,159.249,159.249,0
2026-05-30 18:32:00+00:00,159.249,159.249,159.249,159.249,0
2026-05-30 18:33:00+00:00,159.249,159.249,159.249,159.249,0
2026-05-30 18:34:00+00:00,159.249,159.249,159.249,159.249,0
2026-05-30 18:35:00+00:00,159.249,159.249,159.249,159.249,0
2026-05-30 18:36:00+00:00,159.249,159.249,159.249,159.249,0
2026-05-30 18:37:00+00:00,159.249,159.249,159.249,159.249,0
2026-05-30 18:38:00+00:00,159.249,159.249,159.249,159.249,0
2026-05-30 18:39:00+00:00,159.249,159.249,159.249,159.249,0
2026-05-30 18:40:00+00:00,159.249,159.249,159.249,159.249,0
2026-05-30 18:41:00+00:00,159.249,159.249,159.249,159.249,0
2026-05-30 18:42:00+00:00,159.249,159.249,159.249,159.249,0
2026-05-30 18:43:00+00:00,159.249,159.249,159.249,159.249,0
2026-05-30 18:44:00+00:00,159.249,159.249,159.249,159.249,0
2026-05-30 18:45:00+00:00,159.249,159.249,159.249,159.249,0
2026-05-30 18:46:00+00:00,159.249,159.249,159.249,159.249,0
2026-05-30 18:47:00+00:00,159.249,159.249,159.249,159.249,0
2026-05-30 18:48:00+00:00,159.249,159.249,159.249,159.249,0
2026-05-30 18:49:00+00:00,159.249,159.249,159.249,159.249,0
2026-05-30 18:50:00+00:00,159.249,159.249,159.249,159.249,0
2026-05-30 18:51:00+00:00,159.249,159.249,159.249,159.249,0
2026-05-30 18:52:00+00:00,159.249,159.249,159.249,159.249,0
2026-05-30 18:53:00+00:00,159.249,159.249,159.249,159.249,0
2026-05-30 18:54:00+00:00,159.249,159.249,159.249,159.249,0
2026-05-30 18:55:00+00:00,159.249,159.249,159.249,159.249,0
2026-05-30 18:56:00+00:00,159.249,159.249,159.249,159.249,0
2026-05-30 18:57:00+00:00,159.249,159.249,159.249,159.249,0
2026-05-30 18:58:00+00:00,159.249,159.249,159.249,159.249,0
2026-05-30 18:59:00+00:00,159.249,159.249,159.249,159.249,0
2026-05-30 19:00:00+00:00,159.249,159.249,159.249,159.249,0
2026-05-30 19:01:00+00:00,159.249,159.249,159.249,159.249,0
2026-05-30 19:02:00+00:00,159.249,159.249,159.249,159.249,0
2026-05-30 19:03:00+00:00,159.249,159.249,159.249,159.249,0
2026-05-30 19:04:00+00:00,159.249,159.249,159.249,159.249,0
2026-05-30 19:05:00+00:00,159.249,159.249,159.249,159.249,0
2026-05-30 19:06:00+00:00,159.249,159.249,159.249,159.249,0
2026-05-30 19:07:00+00:00,159.249,159.249,159.249,159.249,0
2026-05-30 19:08:00+00:00,159.249,159.249,159.249,159.249,0
2026-05-30 19:09:00+00:00,159.249,159.249,159.249,159.249,0
2026-05-30 19:10:00+00:00,159.249,159.249,159.249,159.249,0
2026-05-30 19:11:00+00:00,159.249,159.249,159.249,159.249,0
2026-05-30 19:12:00+00:00,159.249,159.249,159.249,159.249,0
2026-05-30 19:13:00+00:00,159.249,159.249,159.249,159.249,0
2026-05-30 19:14:00+00:00,159.249,159.249,159.249,159.249,0
2026-05-30 19:15:00+00:00,159.249,159.249,159.249,159.249,0
2026-05-30 19:16:00+00:00,159.249,159.249,159.249,159.249,0
2026-05-30 19:17:00+00:00,159.249,159.249,159.249,159.249,0
2026-05-30 19:18:00+00:00,159.249,159.249,159.249,159.249,0
2026-05-30 19:19:00+00:00,159.249,159.249,159.249,159.249,0
2026-05-30 19:20:00+00:00,159.249,159.249,159.249,159.249,0
2026-05-30 19:21:00+00:00,159.249,159.249,159.249,159.249,0
2026-05-30 19:22:00+00:00,159.249,159.249,159.249,159.249,0
2026-05-30 19:23:00+00:00,159.249,159.249,159.249,159.249,0
2026-05-30 19:24:00+00:00,159.249,159.249,159.249,159.249,0
2026-05-30 19:25:00+00:00,159.249,159.249,159.249,159.249,0
2026-05-30 19:26:00+00:00,159.249,159.249,159.249,159.249,0
2026-05-30 19:27:00+00:00,159.249,159.249,159.249,159.249,0
2026-05-30 19:28:00+00:00,159.249,159.249,159.249,159.249,0
2026-05-30 19:29:00+00:00,159.249,159.249,159.249,159.249,0
2026-05-30 19:30:00+00:00,159.249,159.249,159.249,159.249,0
2026-05-30 19:31:00+00:00,159.249,159.249,159.249,159.249,0
2026-05-30 19:32:00+00:00,159.249,159.249,159.249,159.249,0
2026-05-30 19:33:00+00:00,159.249,159.249,159.249,159.249,0
2026-05-30 19:34:00+00:00,159.249,159.249,159.249,159.249,0
2026-05-30 19:35:00+00:00,159.249,159.249,159.249,159.249,0
2026-05-30 19:36:00+00:00,159.249,159.249,159.249,159.249,0
2026-05-30 19:37:00+00:00,159.249,159.249,159.249,159.249,0
2026-05-30 19:38:00+00:00,159.249,159.249,159.249,159.249,0
2026-05-30 19:39:00+00:00,159.249,159.249,159.249,159.249,0
2026-05-30 19:40:00+00:00,159.249,159.249,159.249,159.249,0
2026-05-30 19:41:00+00:00,159.249,159.249,159.249,159.249,0
2026-05-30 19:42:00+00:00,159.249,159.249,159.249,159.249,0
2026-05-30 19:43:00+00:00,159.249,159.249,159.249,159.249,0
2026-05-30 19:44:00+00:00,159.249,159.249,159.249,159.249,0
2026-05-30 19:45:00+00:00,159.249,159.249,159.249,159.249,0
2026-05-30 19:46:00+00:00,159.249,159.249,159.249,159.249,0
2026-05-30 19:47:00+00:00,159.249,159.249,159.249,159.249,0
2026-05-30 19:48:00+00:00,159.249,159.249,159.249,159.249,0
2026-05-30 19:49:00+00:00,159.249,159.249,159.249,159.249,0
2026-05-30 19:50:00+00:00,159.249,159.249,159.249,159.249,0
2026-05-30 19:51:00+00:00,159.249,159.249,159.249,159.249,0
2026-05-30 19:52:00+00:00,159.249,159.249,159.249,159.249,0
2026-05-30 19:53:00+00:00,159.249,159.249,159.249,159.249,0
2026-05-30 19:54:00+00:00,159.249,159.249,159.249,159.249,0
2026-05-30 19:55:00+00:00,159.249,159.249,159.249,159.249,0
2026-05-30 19:56:00+00:00,159.249,159.249,159.249,159.249,0
2026-05-30 19:57:00+00:00,159.249,159.249,159.249,159.249,0
2026-05-30 19:58:00+00:00,159.249,159.249,159.249,159.249,0
2026-05-30 19:59:00+00:00,159.249,159.249,159.249,159.249,0
2026-05-30 20:00:00+00:00,159.249,159.249,159.249,159.249,0
2026-05-30 20:01:00+00:00,159.249,159.249,159.249,159.249,0
2026-05-30 20:02:00+00:00,159.249,159.249,159.249,159.249,0
2026-05-30 20:03:00+00:00,159.249,159.249,159.249,159.249,0
2026-05-30 20:04:00+00:00,159.249,159.249,159.249,159.249,0
2026-05-30 20:05:00+00:00,159.249,159.249,159.249,159.249,0
2026-05-30 20:06:00+00:00,159.249,159.249,159.249,159.249,0
2026-05-30 20:07:00+00:00,159.249,159.249,159.249,159.249,0
2026-05-30 20:08:00+00:00,159.249,159.249,159.249,159.249,0
2026-05-30 20:09:00+00:00,159.249,159.249,159.249,159.249,0
2026-05-30 20:10:00+00:00,159.249,159.249,159.249,159.249,0
2026-05-30 20:11:00+00:00,159.249,159.249,159.249,159.249,0
2026-05-30 20:12:00+00:00,159.249,159.249,159.249,159.249,0
2026-05-30 20:13:00+00:00,159.249,159.249,159.249,159.249,0
2026-05-30 20:14:00+00:00,159.249,159.249,159.249,159.249,0
2026-05-30 20:15:00+00:00,159.249,159.249,159.249,159.249,0
2026-05-30 20:16:00+00:00,159.249,159.249,159.249,159.249,0
2026-05-30 20:17:00+00:00,159.249,159.249,159.249,159.249,0
2026-05-30 20:18:00+00:00,159.249,159.249,159.249,159.249,0
2026-05-30 20:19:00+00:00,159.249,159.249,159.249,159.249,0
2026-05-30 20:20:00+00:00,159.249,159.249,159.249,159.249,0
2026-05-30 20:21:00+00:00,159.249,159.249,159.249,159.249,0
2026-05-30 20:22:00+00:00,159.249,159.249,159.249,159.249,0
2026-05-30 20:23:00+00:00,159.249,159.249,159.249,159.249,0
2026-05-30 20:24:00+00:00,159.249,159.249,159.249,159.249,0
2026-05-30 20:25:00+00:00,159.249,159.249,159.249,159.249,0
2026-05-30 20:26:00+00:00,159.249,159.249,159.249,159.249,0
2026-05-30 20:27:00+00:00,159.249,159.249,159.249,159.249,0
2026-05-30 20:28:00+00:00,159.249,159.249,159.249,159.249,0
2026-05-30 20:29:00+00:00,159.249,159.249,159.249,159.249,0
2026-05-30 20:30:00+00:00,159.249,159.249,159.249,159.249,0
2026-05-30 20:31:00+00:00,159.249,159.249,159.249,159.249,0
2026-05-30 20:32:00+00:00,159.249,159.249,159.249,159.249,0
2026-05-30 20:33:00+00:00,159.249,159.249,159.249,159.249,0
2026-05-30 20:34:00+00:00,159.249,159.249,159.249,159.249,0
2026-05-30 20:35:00+00:00,159.249,159.249,159.249,159.249,0
2026-05-30 20:36:00+00:00,159.249,159.249,159.249,159.249,0
2026-05-30 20:37:00+00:00,159.249,159.249,159.249,159.249,0
2026-05-30 20:38:00+00:00,159.249,159.249,159.249,159.249,0
2026-05-30 20:39:00+00:00,159.249,159.249,159.249,159.249,0
2026-05-30 20:40:00+00:00,159.249,159.249,159.249,159.249,0
2026-05-30 20:41:00+00:00,159.249,159.249,159.249,159.249,0
2026-05-30 20:42:00+00:00,159.249,159.249,159.249,159.249,0
2026-05-30 20:43:00+00:00,159.249,159.249,159.249,159.249,0
2026-05-30 20:44:00+00:00,159.249,159.249,159.249,159.249,0
2026-05-30 20:45:00+00:00,159.249,159.249,159.249,159.249,0
2026-05-30 20:46:00+00:00,159.249,159.249,159.249,159.249,0
2026-05-30 20:47:00+00:00,159.249,159.249,159.249,159.249,0
2026-05-30 20:48:00+00:00,159.249,159.249,159.249,159.249,0
2026-05-30 20:49:00+00:00,159.249,159.249,159.249,159.249,0
2026-05-30 20:50:00+00:00,159.249,159.249,159.249,159.249,0
2026-05-30 20:51:00+00:00,159.249,159.249,159.249,159.249,0
2026-05-30 20:52:00+00:00,159.249,159.249,159.249,159.249,0
2026-05-30 20:53:00+00:00,159.249,159.249,159.249,159.249,0
2026-05-30 20:54:00+00:00,159.249,159.249,159.249,159.249,0
2026-05-30 20:55:00+00:00,159.249,159.249,159.249,159.249,0
2026-05-30 20:56:00+00:00,159.249,159.249,159.249,159.249,0
2026-05-30 20:57:00+00:00,159.249,159.249,159.249,159.249,0
2026-05-30 20:58:00+00:00,159.249,159.249,159.249,159.249,0
2026-05-30 20:59:00+00:00,159.249,159.249,159.249,159.249,0
2026-05-30 21:00:00+00:00,159.249,159.249,159.249,159.249,0
2026-05-30 21:01:00+00:00,159.249,159.249,159.249,159.249,0
2026-05-30 21:02:00+00:00,159.249,159.249,159.249,159.249,0
2026-05-30 21:03:00+00:00,159.249,159.249,159.249,159.249,0
2026-05-30 21:04:00+00:00,159.249,159.249,159.249,159.249,0
2026-05-30 21:05:00+00:00,159.249,159.249,159.249,159.249,0
2026-05-30 21:06:00+00:00,159.249,159.249,159.249,159.249,0
2026-05-30 21:07:00+00:00,159.249,159.249,159.249,159.249,0
2026-05-30 21:08:00+00:00,159.249,159.249,159.249,159.249,0
2026-05-30 21:09:00+00:00,159.249,159.249,159.249,159.249,0
2026-05-30 21:10:00+00:00,159.249,159.249,159.249,159.249,0
2026-05-30 21:11:00+00:00,159.249,159.249,159.249,159.249,0
2026-05-30 21:12:00+00:00,159.249,159.249,159.249,159.249,0
2026-05-30 21:13:00+00:00,159.249,159.249,159.249,159.249,0
2026-05-30 21:14:00+00:00,159.249,159.249,159.249,159.249,0
2026-05-30 21:15:00+00:00,159.249,159.249,159.249,159.249,0
2026-05-30 21:16:00+00:00,159.249,159.249,159.249,159.249,0
2026-05-30 21:17:00+00:00,159.249,159.249,159.249,159.249,0
2026-05-30 21:18:00+00:00,159.249,159.249,159.249,159.249,0
2026-05-30 21:19:00+00:00,159.249,159.249,159.249,159.249,0
2026-05-30 21:20:00+00:00,159.249,159.249,159.249,159.249,0
2026-05-30 21:21:00+00:00,159.249,159.249,159.249,159.249,0
2026-05-30 21:22:00+00:00,159.249,159.249,159.249,159.249,0
2026-05-30 21:23:00+00:00,159.249,159.249,159.249,159.249,0
2026-05-30 21:24:00+00:00,159.249,159.249,159.249,159.249,0
2026-05-30 21:25:00+00:00,159.249,159.249,159.249,159.249,0
2026-05-30 21:26:00+00:00,159.249,159.249,159.249,159.249,0
2026-05-30 21:27:00+00:00,159.249,159.249,159.249,159.249,0
2026-05-30 21:28:00+00:00,159.249,159.249,159.249,159.249,0
2026-05-30 21:29:00+00:00,159.249,159.249,159.249,159.249,0
2026-05-30 21:30:00+00:00,159.249,159.249,159.249,159.249,0
2026-05-30 21:31:00+00:00,159.249,159.249,159.249,159.249,0
2026-05-30 21:32:00+00:00,159.249,159.249,159.249,159.249,0
2026-05-30 21:33:00+00:00,159.249,159.249,159.249,159.249,0
2026-05-30 21:34:00+00:00,159.249,159.249,159.249,159.249,0
2026-05-30 21:35:00+00:00,159.249,159.249,159.249,159.249,0
2026-05-30 21:36:00+00:00,159.249,159.249,159.249,159.249,0
2026-05-30 21:37:00+00:00,159.249,159.249,159.249,159.249,0
2026-05-30 21:38:00+00:00,159.249,159.249,159.249,159.249,0
2026-05-30 21:39:00+00:00,159.249,159.249,159.249,159.249,0
2026-05-30 21:40:00+00:00,159.249,159.249,159.249,159.249,0
2026-05-30 21:41:00+00:00,159.249,159.249,159.249,159.249,0
2026-05-30 21:42:00+00:00,159.249,159.249,159.249,159.249,0
2026-05-30 21:43:00+00:00,159.249,159.249,159.249,159.249,0
2026-05-30 21:44:00+00:00,159.249,159.249,159.249,159.249,0
2026-05-30 21:45:00+00:00,159.249,159.249,159.249,159.249,0
2026-05-30 21:46:00+00:00,159.249,159.249,159.249,159.249,0
2026-05-30 21:47:00+00:00,159.249,159.249,159.249,159.249,0
2026-05-30 21:48:00+00:00,159.249,159.249,159.249,159.249,0
2026-05-30 21:49:00+00:00,159.249,159.249,159.249,159.249,0
2026-05-30 21:50:00+00:00,159.249,159.249,159.249,159.249,0
2026-05-30 21:51:00+00:00,159.249,159.249,159.249,159.249,0
2026-05-30 21:52:00+00:00,159.249,159.249,159.249,159.249,0
2026-05-30 21:53:00+00:00,159.249,159.249,159.249,159.249,0
2026-05-30 21:54:00+00:00,159.249,159.249,159.249,159.249,0
2026-05-30 21:55:00+00:00,159.249,159.249,159.249,159.249,0
2026-05-30 21:56:00+00:00,159.249,159.249,159.249,159.249,0
2026-05-30 21:57:00+00:00,159.249,159.249,159.249,159.249,0
2026-05-30 21:58:00+00:00,159.249,159.249,159.249,159.249,0
2026-05-30 21:59:00+00:00,159.249,159.249,159.249,159.249,0
2026-05-30 22:00:00+00:00,159.249,159.249,159.249,159.249,0
2026-05-30 22:01:00+00:00,159.249,159.249,159.249,159.249,0
2026-05-30 22:02:00+00:00,159.249,159.249,159.249,159.249,0
2026-05-30 22:03:00+00:00,159.249,159.249,159.249,159.249,0
2026-05-30 22:04:00+00:00,159.249,159.249,159.249,159.249,0
2026-05-30 22:05:00+00:00,159.249,159.249,159.249,159.249,0
2026-05-30 22:06:00+00:00,159.249,159.249,159.249,159.249,0
2026-05-30 22:07:00+00:00,159.249,159.249,159.249,159.249,0
2026-05-30 22:08:00+00:00,159.249,159.249,159.249,159.249,0
2026-05-30 22:09:00+00:00,159.249,159.249,159.249,159.249,0
2026-05-30 22:10:00+00:00,159.249,159.249,159.249,159.249,0
2026-05-30 22:11:00+00:00,159.249,159.249,159.249,159.249,0
2026-05-30 22:12:00+00:00,159.249,159.249,159.249,159.249,0
2026-05-30 22:13:00+00:00,159.249,159.249,159.249,159.249,0
2026-05-30 22:14:00+00:00,159.249,159.249,159.249,159.249,0
2026-05-30 22:15:00+00:00,159.249,159.249,159.249,159.249,0
2026-05-30 22:16:00+00:00,159.249,159.249,159.249,159.249,0
2026-05-30 22:17:00+00:00,159.249,159.249,159.249,159.249,0
2026-05-30 22:18:00+00:00,159.249,159.249,159.249,159.249,0
2026-05-30 22:19:00+00:00,159.249,159.249,159.249,159.249,0
2026-05-30 22:20:00+00:00,159.249,159.249,159.249,159.249,0
2026-05-30 22:21:00+00:00,159.249,159.249,159.249,159.249,0
2026-05-30 22:22:00+00:00,159.249,159.249,159.249,159.249,0
2026-05-30 22:23:00+00:00,159.249,159.249,159.249,159.249,0
2026-05-30 22:24:00+00:00,159.249,159.249,159.249,159.249,0
2026-05-30 22:25:00+00:00,159.249,159.249,159.249,159.249,0
2026-05-30 22:26:00+00:00,159.249,159.249,159.249,159.249,0
2026-05-30 22:27:00+00:00,159.249,159.249,159.249,159.249,0
2026-05-30 22:28:00+00:00,159.249,159.249,159.249,159.249,0
2026-05-30 22:29:00+00:00,159.249,159.249,159.249,159.249,0
2026-05-30 22:30:00+00:00,159.249,159.249,159.249,159.249,0
2026-05-30 22:31:00+00:00,159.249,159.249,159.249,159.249,0
2026-05-30 22:32:00+00:00,159.249,159.249,159.249,159.249,0
2026-05-30 22:33:00+00:00,159.249,159.249,159.249,159.249,0
2026-05-30 22:34:00+00:00,159.249,159.249,159.249,159.249,0
2026-05-30 22:35:00+00:00,159.249,159.249,159.249,159.249,0
2026-05-30 22:36:00+00:00,159.249,159.249,159.249,159.249,0
2026-05-30 22:37:00+00:00,159.249,159.249,159.249,159.249,0
2026-05-30 22:38:00+00:00,159.249,159.249,159.249,159.249,0
2026-05-30 22:39:00+00:00,159.249,159.249,159.249,159.249,0
2026-05-30 22:40:00+00:00,159.249,159.249,159.249,159.249,0
2026-05-30 22:41:00+00:00,159.249,159.249,159.249,159.249,0
2026-05-30 22:42:00+00:00,159.249,159.249,159.249,159.249,0
2026-05-30 22:43:00+00:00,159.249,159.249,159.249,159.249,0
2026-05-30 22:44:00+00:00,159.249,159.249,159.249,159.249,0
2026-05-30 22:45:00+00:00,159.249,159.249,159.249,159.249,0
2026-05-30 22:46:00+00:00,159.249,159.249,159.249,159.249,0
2026-05-30 22:47:00+00:00,159.249,159.249,159.249,159.249,0
2026-05-30 22:48:00+00:00,159.249,159.249,159.249,159.249,0
2026-05-30 22:49:00+00:00,159.249,159.249,159.249,159.249,0
2026-05-30 22:50:00+00:00,159.249,159.249,159.249,159.249,0
2026-05-30 22:51:00+00:00,159.249,159.249,159.249,159.249,0
2026-05-30 22:52:00+00:00,159.249,159.249,159.249,159.249,0
2026-05-30 22:53:00+00:00,159.249,159.249,159.249,159.249,0
2026-05-30 22:54:00+00:00,159.249,159.249,159.249,159.249,0
2026-05-30 22:55:00+00:00,159.249,159.249,159.249,159.249,0
2026-05-30 22:56:00+00:00,159.249,159.249,159.249,159.249,0
2026-05-30 22:57:00+00:00,159.249,159.249,159.249,159.249,0
2026-05-30 22:58:00+00:00,159.249,159.249,159.249,159.249,0
2026-05-30 22:59:00+00:00,159.249,159.249,159.249,159.249,0
2026-05-30 23:00:00+00:00,159.249,159.249,159.249,159.249,0
2026-05-30 23:01:00+00:00,159.249,159.249,159.249,159.249,0
2026-05-30 23:02:00+00:00,159.249,159.249,159.249,159.249,0
2026-05-30 23:03:00+00:00,159.249,159.249,159.249,159.249,0
2026-05-30 23:04:00+00:00,159.249,159.249,159.249,159.249,0
2026-05-30 23:05:00+00:00,159.249,159.249,159.249,159.249,0
2026-05-30 23:06:00+00:00,159.249,159.249,159.249,159.249,0
2026-05-30 23:07:00+00:00,159.249,159.249,159.249,159.249,0
2026-05-30 23:08:00+00:00,159.249,159.249,159.249,159.249,0
2026-05-30 23:09:00+00:00,159.249,159.249,159.249,159.249,0
2026-05-30 23:10:00+00:00,159.249,159.249,159.249,159.249,0
2026-05-30 23:11:00+00:00,159.249,159.249,159.249,159.249,0
2026-05-30 23:12:00+00:00,159.249,159.249,159.249,159.249,0
2026-05-30 23:13:00+00:00,159.249,159.249,159.249,159.249,0
2026-05-30 23:14:00+00:00,159.249,159.249,159.249,159.249,0
2026-05-30 23:15:00+00:00,159.249,159.249,159.249,159.249,0
2026-05-30 23:16:00+00:00,159.249,159.249,159.249,159.249,0
2026-05-30 23:17:00+00:00,159.249,159.249,159.249,159.249,0
2026-05-30 23:18:00+00:00,159.249,159.249,159.249,159.249,0
2026-05-30 23:19:00+00:00,159.249,159.249,159.249,159.249,0
2026-05-30 23:20:00+00:00,159.249,159.249,159.249,159.249,0
2026-05-30 23:21:00+00:00,159.249,159.249,159.249,159.249,0
2026-05-30 23:22:00+00:00,159.249,159.249,159.249,159.249,0
2026-05-30 23:23:00+00:00,159.249,159.249,159.249,159.249,0
2026-05-30 23:24:00+00:00,159.249,159.249,159.249,159.249,0
2026-05-30 23:25:00+00:00,159.249,159.249,159.249,159.249,0
2026-05-30 23:26:00+00:00,159.249,159.249,159.249,159.249,0
2026-05-30 23:27:00+00:00,159.249,159.249,159.249,159.249,0
2026-05-30 23:28:00+00:00,159.249,159.249,159.249,159.249,0
2026-05-30 23:29:00+00:00,159.249,159.249,159.249,159.249,0
2026-05-30 23:30:00+00:00,159.249,159.249,159.249,159.249,0
2026-05-30 23:31:00+00:00,159.249,159.249,159.249,159.249,0
2026-05-30 23:32:00+00:00,159.249,159.249,159.249,159.249,0
2026-05-30 23:33:00+00:00,159.249,159.249,159.249,159.249,0
2026-05-30 23:34:00+00:00,159.249,159.249,159.249,159.249,0
2026-05-30 23:35:00+00:00,159.249,159.249,159.249,159.249,0
2026-05-30 23:36:00+00:00,159.249,159.249,159.249,159.249,0
2026-05-30 23:37:00+00:00,159.249,159.249,159.249,159.249,0
2026-05-30 23:38:00+00:00,159.249,159.249,159.249,159.249,0
2026-05-30 23:39:00+00:00,159.249,159.249,159.249,159.249,0
2026-05-30 23:40:00+00:00,159.249,159.249,159.249,159.249,0
2026-05-30 23:41:00+00:00,159.249,159.249,159.249,159.249,0
2026-05-30 23:42:00+00:00,159.249,159.249,159.249,159.249,0
2026-05-30 23:43:00+00:00,159.249,159.249,159.249,159.249,0
2026-05-30 23:44:00+00:00,159.249,159.249,159.249,159.249,0
2026-05-30 23:45:00+00:00,159.249,159.249,159.249,159.249,0
2026-05-30 23:46:00+00:00,159.249,159.249,159.249,159.249,0
2026-05-30 23:47:00+00:00,159.249,159.249,159.249,159.249,0
2026-05-30 23:48:00+00:00,159.249,159.249,159.249,159.249,0
2026-05-30 23:49:00+00:00,159.249,159.249,159.249,159.249,0
2026-05-30 23:50:00+00:00,159.249,159.249,159.249,159.249,0
2026-05-30 23:51:00+00:00,159.249,159.249,159.249,159.249,0
2026-05-30 23:52:00+00:00,159.249,159.249,159.249,159.249,0
2026-05-30 23:53:00+00:00,159.249,159.249,159.249,159.249,0
2026-05-30 23:54:00+00:00,159.249,159.249,159.249,159.249,0
2026-05-30 23:55:00+00:00,159.249,159.249,159.249,159.249,0
2026-05-30 23:56:00+00:00,159.249,159.249,159.249,159.249,0
2026-05-30 23:57:00+00:00,159.249,159.249,159.249,159.249,0
2026-05-30 23:58:00+00:00,159.249,159.249,159.249,159.249,0
2026-05-30 23:59:00+00:00,159.249,159.249,159.249,159.249,0
2026-05-31 00:00:00+00:00,159.249,159.249,159.249,159.249,0
2026-05-31 00:01:00+00:00,159.249,159.249,159.249,159.249,0
2026-05-31 00:02:00+00:00,159.249,159.249,159.249,159.249,0
2026-05-31 00:03:00+00:00,159.249,159.249,159.249,159.249,0
2026-05-31 00:04:00+00:00,159.249,159.249,159.249,159.249,0
2026-05-31 00:05:00+00:00,159.249,159.249,159.249,159.249,0
2026-05-31 00:06:00+00:00,159.249,159.249,159.249,159.249,0
2026-05-31 00:07:00+00:00,159.249,159.249,159.249,159.249,0
2026-05-31 00:08:00+00:00,159.249,159.249,159.249,159.249,0
2026-05-31 00:09:00+00:00,159.249,159.249,159.249,159.249,0
2026-05-31 00:10:00+00:00,159.249,159.249,159.249,159.249,0
2026-05-31 00:11:00+00:00,159.249,159.249,159.249,159.249,0
2026-05-31 00:12:00+00:00,159.249,159.249,159.249,159.249,0
2026-05-31 00:13:00+00:00,159.249,159.249,159.249,159.249,0
2026-05-31 00:14:00+00:00,159.249,159.249,159.249,159.249,0
2026-05-31 00:15:00+00:00,159.249,159.249,159.249,159.249,0
2026-05-31 00:16:00+00:00,159.249,159.249,159.249,159.249,0
2026-05-31 00:17:00+00:00,159.249,159.249,159.249,159.249,0
2026-05-31 00:18:00+00:00,159.249,159.249,159.249,159.249,0
2026-05-31 00:19:00+00:00,159.249,159.249,159.249,159.249,0
2026-05-31 00:20:00+00:00,159.249,159.249,159.249,159.249,0
2026-05-31 00:21:00+00:00,159.249,159.249,159.249,159.249,0
2026-05-31 00:22:00+00:00,159.249,159.249,159.249,159.249,0
2026-05-31 00:23:00+00:00,159.249,159.249,159.249,159.249,0
2026-05-31 00:24:00+00:00,159.249,159.249,159.249,159.249,0
2026-05-31 00:25:00+00:00,159.249,159.249,159.249,159.249,0
2026-05-31 00:26:00+00:00,159.249,159.249,159.249,159.249,0
2026-05-31 00:27:00+00:00,159.249,159.249,159.249,159.249,0
2026-05-31 00:28:00+00:00,159.249,159.249,159.249,159.249,0
2026-05-31 00:29:00+00:00,159.249,159.249,159.249,159.249,0
2026-05-31 00:30:00+00:00,159.249,159.249,159.249,159.249,0
2026-05-31 00:31:00+00:00,159.249,159.249,159.249,159.249,0
2026-05-31 00:32:00+00:00,159.249,159.249,159.249,159.249,0
2026-05-31 00:33:00+00:00,159.249,159.249,159.249,159.249,0
2026-05-31 00:34:00+00:00,159.249,159.249,159.249,159.249,0
2026-05-31 00:35:00+00:00,159.249,159.249,159.249,159.249,0
2026-05-31 00:36:00+00:00,159.249,159.249,159.249,159.249,0
2026-05-31 00:37:00+00:00,159.249,159.249,159.249,159.249,0
2026-05-31 00:38:00+00:00,159.249,159.249,159.249,159.249,0
2026-05-31 00:39:00+00:00,159.249,159.249,159.249,159.249,0
2026-05-31 00:40:00+00:00,159.249,159.249,159.249,159.249,0
2026-05-31 00:41:00+00:00,159.249,159.249,159.249,159.249,0
2026-05-31 00:42:00+00:00,159.249,159.249,159.249,159.249,0
2026-05-31 00:43:00+00:00,159.249,159.249,159.249,159.249,0
2026-05-31 00:44:00+00:00,159.249,159.249,159.249,159.249,0
2026-05-31 00:45:00+00:00,159.249,159.249,159.249,159.249,0
2026-05-31 00:46:00+00:00,159.249,159.249,159.249,159.249,0
2026-05-31 00:47:00+00:00,159.249,159.249,159.249,159.249,0
2026-05-31 00:48:00+00:00,159.249,159.249,159.249,159.249,0
2026-05-31 00:49:00+00:00,159.249,159.249,159.249,159.249,0
2026-05-31 00:50:00+00:00,159.249,159.249,159.249,159.249,0
2026-05-31 00:51:00+00:00,159.249,159.249,159.249,159.249,0
2026-05-31 00:52:00+00:00,159.249,159.249,159.249,159.249,0
2026-05-31 00:53:00+00:00,159.249,159.249,159.249,159.249,0
2026-05-31 00:54:00+00:00,159.249,159.249,159.249,159.249,0
2026-05-31 00:55:00+00:00,159.249,159.249,159.249,159.249,0
2026-05-31 00:56:00+00:00,159.249,159.249,159.249,159.249,0
2026-05-31 00:57:00+00:00,159.249,159.249,159.249,159.249,0
2026-05-31 00:58:00+00:00,159.249,159.249,159.249,159.249,0
2026-05-31 00:59:00+00:00,159.249,159.249,159.249,159.249,0
2026-05-31 01:00:00+00:00,159.249,159.249,159.249,159.249,0
2026-05-31 01:01:00+00:00,159.249,159.249,159.249,159.249,0
2026-05-31 01:02:00+00:00,159.249,159.249,159.249,159.249,0
2026-05-31 01:03:00+00:00,159.249,159.249,159.249,159.249,0
2026-05-31 01:04:00+00:00,159.249,159.249,159.249,159.249,0
2026-05-31 01:05:00+00:00,159.249,159.249,159.249,159.249,0
2026-05-31 01:06:00+00:00,159.249,159.249,159.249,159.249,0
2026-05-31 01:07:00+00:00,159.249,159.249,159.249,159.249,0
2026-05-31 01:08:00+00:00,159.249,159.249,159.249,159.249,0
2026-05-31 01:09:00+00:00,159.249,159.249,159.249,159.249,0
2026-05-31 01:10:00+00:00,159.249,159.249,159.249,159.249,0
2026-05-31 01:11:00+00:00,159.249,159.249,159.249,159.249,0
2026-05-31 01:12:00+00:00,159.249,159.249,159.249,159.249,0
2026-05-31 01:13:00+00:00,159.249,159.249,159.249,159.249,0
2026-05-31 01:14:00+00:00,159.249,159.249,159.249,159.249,0
2026-05-31 01:15:00+00:00,159.249,159.249,159.249,159.249,0
2026-05-31 01:16:00+00:00,159.249,159.249,159.249,159.249,0
2026-05-31 01:17:00+00:00,159.249,159.249,159.249,159.249,0
2026-05-31 01:18:00+00:00,159.249,159.249,159.249,159.249,0
2026-05-31 01:19:00+00:00,159.249,159.249,159.249,159.249,0
2026-05-31 01:20:00+00:00,159.249,159.249,159.249,159.249,0
2026-05-31 01:21:00+00:00,159.249,159.249,159.249,159.249,0
2026-05-31 01:22:00+00:00,159.249,159.249,159.249,159.249,0
2026-05-31 01:23:00+00:00,159.249,159.249,159.249,159.249,0
2026-05-31 01:24:00+00:00,159.249,159.249,159.249,159.249,0
2026-05-31 01:25:00+00:00,159.249,159.249,159.249,159.249,0
2026-05-31 01:26:00+00:00,159.249,159.249,159.249,159.249,0
2026-05-31 01:27:00+00:00,159.249,159.249,159.249,159.249,0
2026-05-31 01:28:00+00:00,159.249,159.249,159.249,159.249,0
2026-05-31 01:29:00+00:00,159.249,159.249,159.249,159.249,0
2026-05-31 01:30:00+00:00,159.249,159.249,159.249,159.249,0
2026-05-31 01:31:00+00:00,159.249,159.249,159.249,159.249,0
2026-05-31 01:32:00+00:00,159.249,159.249,159.249,159.249,0
2026-05-31 01:33:00+00:00,159.249,159.249,159.249,159.249,0
2026-05-31 01:34:00+00:00,159.249,159.249,159.249,159.249,0
2026-05-31 01:35:00+00:00,159.249,159.249,159.249,159.249,0
2026-05-31 01:36:00+00:00,159.249,159.249,159.249,159.249,0
2026-05-31 01:37:00+00:00,159.249,159.249,159.249,159.249,0
2026-05-31 01:38:00+00:00,159.249,159.249,159.249,159.249,0
2026-05-31 01:39:00+00:00,159.249,159.249,159.249,159.249,0
2026-05-31 01:40:00+00:00,159.249,159.249,159.249,159.249,0
2026-05-31 01:41:00+00:00,159.249,159.249,159.249,159.249,0
2026-05-31 01:42:00+00:00,159.249,159.249,159.249,159.249,0
2026-05-31 01:43:00+00:00,159.249,159.249,159.249,159.249,0
2026-05-31 01:44:00+00:00,159.249,159.249,159.249,159.249,0
2026-05-31 01:45:00+00:00,159.249,159.249,159.249,159.249,0
2026-05-31 01:46:00+00:00,159.249,159.249,159.249,159.249,0
2026-05-31 01:47:00+00:00,159.249,159.249,159.249,159.249,0
2026-05-31 01:48:00+00:00,159.249,159.249,159.249,159.249,0
2026-05-31 01:49:00+00:00,159.249,159.249,159.249,159.249,0
2026-05-31 01:50:00+00:00,159.249,159.249,159.249,159.249,0
2026-05-31 01:51:00+00:00,159.249,159.249,159.249,159.249,0
2026-05-31 01:52:00+00:00,159.249,159.249,159.249,159.249,0
2026-05-31 01:53:00+00:00,159.249,159.249,159.249,159.249,0
2026-05-31 01:54:00+00:00,159.249,159.249,159.249,159.249,0
2026-05-31 01:55:00+00:00,159.249,159.249,159.249,159.249,0
2026-05-31 01:56:00+00:00,159.249,159.249,159.249,159.249,0
2026-05-31 01:57:00+00:00,159.249,159.249,159.249,159.249,0
2026-05-31 01:58:00+00:00,159.249,159.249,159.249,159.249,0
2026-05-31 01:59:00+00:00,159.249,159.249,159.249,159.249,0
2026-05-31 02:00:00+00:00,159.249,159.249,159.249,159.249,0
2026-05-31 02:01:00+00:00,159.249,159.249,159.249,159.249,0
2026-05-31 02:02:00+00:00,159.249,159.249,159.249,159.249,0
2026-05-31 02:03:00+00:00,159.249,159.249,159.249,159.249,0
2026-05-31 02:04:00+00:00,159.249,159.249,159.249,159.249,0
2026-05-31 02:05:00+00:00,159.249,159.249,159.249,159.249,0
2026-05-31 02:06:00+00:00,159.249,159.249,159.249,159.249,0
2026-05-31 02:07:00+00:00,159.249,159.249,159.249,159.249,0
2026-05-31 02:08:00+00:00,159.249,159.249,159.249,159.249,0
2026-05-31 02:09:00+00:00,159.249,159.249,159.249,159.249,0
2026-05-31 02:10:00+00:00,159.249,159.249,159.249,159.249,0
2026-05-31 02:11:00+00:00,159.249,159.249,159.249,159.249,0
2026-05-31 02:12:00+00:00,159.249,159.249,159.249,159.249,0
2026-05-31 02:13:00+00:00,159.249,159.249,159.249,159.249,0
2026-05-31 02:14:00+00:00,159.249,159.249,159.249,159.249,0
2026-05-31 02:15:00+00:00,159.249,159.249,159.249,159.249,0
2026-05-31 02:16:00+00:00,159.249,159.249,159.249,159.249,0
2026-05-31 02:17:00+00:00,159.249,159.249,159.249,159.249,0
2026-05-31 02:18:00+00:00,159.249,159.249,159.249,159.249,0
2026-05-31 02:19:00+00:00,159.249,159.249,159.249,159.249,0
2026-05-31 02:20:00+00:00,159.249,159.249,159.249,159.249,0
2026-05-31 02:21:00+00:00,159.249,159.249,159.249,159.249,0
2026-05-31 02:22:00+00:00,159.249,159.249,159.249,159.249,0
2026-05-31 02:23:00+00:00,159.249,159.249,159.249,159.249,0
2026-05-31 02:24:00+00:00,159.249,159.249,159.249,159.249,0
2026-05-31 02:25:00+00:00,159.249,159.249,159.249,159.249,0
2026-05-31 02:26:00+00:00,159.249,159.249,159.249,159.249,0
2026-05-31 02:27:00+00:00,159.249,159.249,159.249,159.249,0
2026-05-31 02:28:00+00:00,159.249,159.249,159.249,159.249,0
2026-05-31 02:29:00+00:00,159.249,159.249,159.249,159.249,0
2026-05-31 02:30:00+00:00,159.249,159.249,159.249,159.249,0
2026-05-31 02:31:00+00:00,159.249,159.249,159.249,159.249,0
2026-05-31 02:32:00+00:00,159.249,159.249,159.249,159.249,0
2026-05-31 02:33:00+00:00,159.249,159.249,159.249,159.249,0
2026-05-31 02:34:00+00:00,159.249,159.249,159.249,159.249,0
2026-05-31 02:35:00+00:00,159.249,159.249,159.249,159.249,0
2026-05-31 02:36:00+00:00,159.249,159.249,159.249,159.249,0
2026-05-31 02:37:00+00:00,159.249,159.249,159.249,159.249,0
2026-05-31 02:38:00+00:00,159.249,159.249,159.249,159.249,0
2026-05-31 02:39:00+00:00,159.249,159.249,159.249,159.249,0
2026-05-31 02:40:00+00:00,159.249,159.249,159.249,159.249,0
2026-05-31 02:41:00+00:00,159.249,159.249,159.249,159.249,0
2026-05-31 02:42:00+00:00,159.249,159.249,159.249,159.249,0
2026-05-31 02:43:00+00:00,159.249,159.249,159.249,159.249,0
2026-05-31 02:44:00+00:00,159.249,159.249,159.249,159.249,0
2026-05-31 02:45:00+00:00,159.249,159.249,159.249,159.249,0
2026-05-31 02:46:00+00:00,159.249,159.249,159.249,159.249,0
2026-05-31 02:47:00+00:00,159.249,159.249,159.249,159.249,0
2026-05-31 02:48:00+00:00,159.249,159.249,159.249,159.249,0
2026-05-31 02:49:00+00:00,159.249,159.249,159.249,159.249,0
2026-05-31 02:50:00+00:00,159.249,159.249,159.249,159.249,0
2026-05-31 02:51:00+00:00,159.249,159.249,159.249,159.249,0
2026-05-31 02:52:00+00:00,159.249,159.249,159.249,159.249,0
2026-05-31 02:53:00+00:00,159.249,159.249,159.249,159.249,0
2026-05-31 02:54:00+00:00,159.249,159.249,159.249,159.249,0
2026-05-31 02:55:00+00:00,159.249,159.249,159.249,159.249,0
2026-05-31 02:56:00+00:00,159.249,159.249,159.249,159.249,0
2026-05-31 02:57:00+00:00,159.249,159.249,159.249,159.249,0
2026-05-31 02:58:00+00:00,159.249,159.249,159.249,159.249,0
2026-05-31 02:59:00+00:00,159.249,159.249,159.249,159.249,0
2026-05-31 03:00:00+00:00,159.249,159.249,159.249,159.249,0
2026-05-31 03:01:00+00:00,159.249,159.249,159.249,159.249,0
2026-05-31 03:02:00+00:00,159.249,159.249,159.249,159.249,0
2026-05-31 03:03:00+00:00,159.249,159.249,159.249,159.249,0
2026-05-31 03:04:00+00:00,159.249,159.249,159.249,159.249,0
2026-05-31 03:05:00+00:00,159.249,159.249,159.249,159.249,0
2026-05-31 03:06:00+00:00,159.249,159.249,159.249,159.249,0
2026-05-31 03:07:00+00:00,159.249,159.249,159.249,159.249,0
2026-05-31 03:08:00+00:00,159.249,159.249,159.249,159.249,0
2026-05-31 03:09:00+00:00,159.249,159.249,159.249,159.249,0
2026-05-31 03:10:00+00:00,159.249,159.249,159.249,159.249,0
2026-05-31 03:11:00+00:00,159.249,159.249,159.249,159.249,0
2026-05-31 03:12:00+00:00,159.249,159.249,159.249,159.249,0
2026-05-31 03:13:00+00:00,159.249,159.249,159.249,159.249,0
2026-05-31 03:14:00+00:00,159.249,159.249,159.249,159.249,0
2026-05-31 03:15:00+00:00,159.249,159.249,159.249,159.249,0
2026-05-31 03:16:00+00:00,159.249,159.249,159.249,159.249,0
2026-05-31 03:17:00+00:00,159.249,159.249,159.249,159.249,0
2026-05-31 03:18:00+00:00,159.249,159.249,159.249,159.249,0
2026-05-31 03:19:00+00:00,159.249,159.249,159.249,159.249,0
2026-05-31 03:20:00+00:00,159.249,159.249,159.249,159.249,0
2026-05-31 03:21:00+00:00,159.249,159.249,159.249,159.249,0
2026-05-31 03:22:00+00:00,159.249,159.249,159.249,159.249,0
2026-05-31 03:23:00+00:00,159.249,159.249,159.249,159.249,0
2026-05-31 03:24:00+00:00,159.249,159.249,159.249,159.249,0
2026-05-31 03:25:00+00:00,159.249,159.249,159.249,159.249,0
2026-05-31 03:26:00+00:00,159.249,159.249,159.249,159.249,0
2026-05-31 03:27:00+00:00,159.249,159.249,159.249,159.249,0
2026-05-31 03:28:00+00:00,159.249,159.249,159.249,159.249,0
2026-05-31 03:29:00+00:00,159.249,159.249,159.249,159.249,0
2026-05-31 03:30:00+00:00,159.249,159.249,159.249,159.249,0
2026-05-31 03:31:00+00:00,159.249,159.249,159.249,159.249,0
2026-05-31 03:32:00+00:00,159.249,159.249,159.249,159.249,0
2026-05-31 03:33:00+00:00,159.249,159.249,159.249,159.249,0
2026-05-31 03:34:00+00:00,159.249,159.249,159.249,159.249,0
2026-05-31 03:35:00+00:00,159.249,159.249,159.249,159.249,0
2026-05-31 03:36:00+00:00,159.249,159.249,159.249,159.249,0
2026-05-31 03:37:00+00:00,159.249,159.249,159.249,159.249,0
2026-05-31 03:38:00+00:00,159.249,159.249,159.249,159.249,0
2026-05-31 03:39:00+00:00,159.249,159.249,159.249,159.249,0
2026-05-31 03:40:00+00:00,159.249,159.249,159.249,159.249,0
2026-05-31 03:41:00+00:00,159.249,159.249,159.249,159.249,0
2026-05-31 03:42:00+00:00,159.249,159.249,159.249,159.249,0
2026-05-31 03:43:00+00:00,159.249,159.249,159.249,159.249,0
2026-05-31 03:44:00+00:00,159.249,159.249,159.249,159.249,0
2026-05-31 03:45:00+00:00,159.249,159.249,159.249,159.249,0
2026-05-31 03:46:00+00:00,159.249,159.249,159.249,159.249,0
2026-05-31 03:47:00+00:00,159.249,159.249,159.249,159.249,0
2026-05-31 03:48:00+00:00,159.249,159.249,159.249,159.249,0
2026-05-31 03:49:00+00:00,159.249,159.249,159.249,159.249,0
2026-05-31 03:50:00+00:00,159.249,159.249,159.249,159.249,0
2026-05-31 03:51:00+00:00,159.249,159.249,159.249,159.249,0
2026-05-31 03:52:00+00:00,159.249,159.249,159.249,159.249,0
2026-05-31 03:53:00+00:00,159.249,159.249,159.249,159.249,0
2026-05-31 03:54:00+00:00,159.249,159.249,159.249,159.249,0
2026-05-31 03:55:00+00:00,159.249,159.249,159.249,159.249,0
2026-05-31 03:56:00+00:00,159.249,159.249,159.249,159.249,0
2026-05-31 03:57:00+00:00,159.249,159.249,159.249,159.249,0
2026-05-31 03:58:00+00:00,159.249,159.249,159.249,159.249,0
2026-05-31 03:59:00+00:00,159.249,159.249,159.249,159.249,0
2026-05-31 04:00:00+00:00,159.249,159.249,159.249,159.249,0
2026-05-31 04:01:00+00:00,159.249,159.249,159.249,159.249,0
2026-05-31 04:02:00+00:00,159.249,159.249,159.249,159.249,0
2026-05-31 04:03:00+00:00,159.249,159.249,159.249,159.249,0
2026-05-31 04:04:00+00:00,159.249,159.249,159.249,159.249,0
2026-05-31 04:05:00+00:00,159.249,159.249,159.249,159.249,0
2026-05-31 04:06:00+00:00,159.249,159.249,159.249,159.249,0
2026-05-31 04:07:00+00:00,159.249,159.249,159.249,159.249,0
2026-05-31 04:08:00+00:00,159.249,159.249,159.249,159.249,0
2026-05-31 04:09:00+00:00,159.249,159.249,159.249,159.249,0
2026-05-31 04:10:00+00:00,159.249,159.249,159.249,159.249,0
2026-05-31 04:11:00+00:00,159.249,159.249,159.249,159.249,0
2026-05-31 04:12:00+00:00,159.249,159.249,159.249,159.249,0
2026-05-31 04:13:00+00:00,159.249,159.249,159.249,159.249,0
2026-05-31 04:14:00+00:00,159.249,159.249,159.249,159.249,0
2026-05-31 04:15:00+00:00,159.249,159.249,159.249,159.249,0
2026-05-31 04:16:00+00:00,159.249,159.249,159.249,159.249,0
2026-05-31 04:17:00+00:00,159.249,159.249,159.249,159.249,0
2026-05-31 04:18:00+00:00,159.249,159.249,159.249,159.249,0
2026-05-31 04:19:00+00:00,159.249,159.249,159.249,159.249,0
2026-05-31 04:20:00+00:00,159.249,159.249,159.249,159.249,0
2026-05-31 04:21:00+00:00,159.249,159.249,159.249,159.249,0
2026-05-31 04:22:00+00:00,159.249,159.249,159.249,159.249,0
2026-05-31 04:23:00+00:00,159.249,159.249,159.249,159.249,0
2026-05-31 04:24:00+00:00,159.249,159.249,159.249,159.249,0
2026-05-31 04:25:00+00:00,159.249,159.249,159.249,159.249,0
2026-05-31 04:26:00+00:00,159.249,159.249,159.249,159.249,0
2026-05-31 04:27:00+00:00,159.249,159.249,159.249,159.249,0
2026-05-31 04:28:00+00:00,159.249,159.249,159.249,159.249,0
2026-05-31 04:29:00+00:00,159.249,159.249,159.249,159.249,0
2026-05-31 04:30:00+00:00,159.249,159.249,159.249,159.249,0
2026-05-31 04:31:00+00:00,159.249,159.249,159.249,159.249,0
2026-05-31 04:32:00+00:00,159.249,159.249,159.249,159.249,0
2026-05-31 04:33:00+00:00,159.249,159.249,159.249,159.249,0
2026-05-31 04:34:00+00:00,159.249,159.249,159.249,159.249,0
2026-05-31 04:35:00+00:00,159.249,159.249,159.249,159.249,0
2026-05-31 04:36:00+00:00,159.249,159.249,159.249,159.249,0
2026-05-31 04:37:00+00:00,159.249,159.249,159.249,159.249,0
2026-05-31 04:38:00+00:00,159.249,159.249,159.249,159.249,0
2026-05-31 04:39:00+00:00,159.249,159.249,159.249,159.249,0
2026-05-31 04:40:00+00:00,159.249,159.249,159.249,159.249,0
2026-05-31 04:41:00+00:00,159.249,159.249,159.249,159.249,0
2026-05-31 04:42:00+00:00,159.249,159.249,159.249,159.249,0
2026-05-31 04:43:00+00:00,159.249,159.249,159.249,159.249,0
2026-05-31 04:44:00+00:00,159.249,159.249,159.249,159.249,0
2026-05-31 04:45:00+00:00,159.249,159.249,159.249,159.249,0
2026-05-31 04:46:00+00:00,159.249,159.249,159.249,159.249,0
2026-05-31 04:47:00+00:00,159.249,159.249,159.249,159.249,0
2026-05-31 04:48:00+00:00,159.249,159.249,159.249,159.249,0
2026-05-31 04:49:00+00:00,159.249,159.249,159.249,159.249,0
2026-05-31 04:50:00+00:00,159.249,159.249,159.249,159.249,0
2026-05-31 04:51:00+00:00,159.249,159.249,159.249,159.249,0
2026-05-31 04:52:00+00:00,159.249,159.249,159.249,159.249,0
2026-05-31 04:53:00+00:00,159.249,159.249,159.249,159.249,0
2026-05-31 04:54:00+00:00,159.249,159.249,159.249,159.249,0
2026-05-31 04:55:00+00:00,159.249,159.249,159.249,159.249,0
2026-05-31 04:56:00+00:00,159.249,159.249,159.249,159.249,0
2026-05-31 04:57:00+00:00,159.249,159.249,159.249,159.249,0
2026-05-31 04:58:00+00:00,159.249,159.249,159.249,159.249,0
2026-05-31 04:59:00+00:00,159.249,159.249,159.249,159.249,0
2026-05-31 05:00:00+00:00,159.249,159.249,159.249,159.249,0
2026-05-31 05:01:00+00:00,159.249,159.249,159.249,159.249,0
2026-05-31 05:02:00+00:00,159.249,159.249,159.249,159.249,0
2026-05-31 05:03:00+00:00,159.249,159.249,159.249,159.249,0
2026-05-31 05:04:00+00:00,159.249,159.249,159.249,159.249,0
2026-05-31 05:05:00+00:00,159.249,159.249,159.249,159.249,0
2026-05-31 05:06:00+00:00,159.249,159.249,159.249,159.249,0
2026-05-31 05:07:00+00:00,159.249,159.249,159.249,159.249,0
2026-05-31 05:08:00+00:00,159.249,159.249,159.249,159.249,0
2026-05-31 05:09:00+00:00,159.249,159.249,159.249,159.249,0
2026-05-31 05:10:00+00:00,159.249,159.249,159.249,159.249,0
2026-05-31 05:11:00+00:00,159.249,159.249,159.249,159.249,0
2026-05-31 05:12:00+00:00,159.249,159.249,159.249,159.249,0
2026-05-31 05:13:00+00:00,159.249,159.249,159.249,159.249,0
2026-05-31 05:14:00+00:00,159.249,159.249,159.249,159.249,0
2026-05-31 05:15:00+00:00,159.249,159.249,159.249,159.249,0
2026-05-31 05:16:00+00:00,159.249,159.249,159.249,159.249,0
2026-05-31 05:17:00+00:00,159.249,159.249,159.249,159.249,0
2026-05-31 05:18:00+00:00,159.249,159.249,159.249,159.249,0
2026-05-31 05:19:00+00:00,159.249,159.249,159.249,159.249,0
2026-05-31 05:20:00+00:00,159.249,159.249,159.249,159.249,0
2026-05-31 05:21:00+00:00,159.249,159.249,159.249,159.249,0
2026-05-31 05:22:00+00:00,159.249,159.249,159.249,159.249,0
2026-05-31 05:23:00+00:00,159.249,159.249,159.249,159.249,0
2026-05-31 05:24:00+00:00,159.249,159.249,159.249,159.249,0
2026-05-31 05:25:00+00:00,159.249,159.249,159.249,159.249,0
2026-05-31 05:26:00+00:00,159.249,159.249,159.249,159.249,0
2026-05-31 05:27:00+00:00,159.249,159.249,159.249,159.249,0
2026-05-31 05:28:00+00:00,159.249,159.249,159.249,159.249,0
2026-05-31 05:29:00+00:00,159.249,159.249,159.249,159.249,0
2026-05-31 05:30:00+00:00,159.249,159.249,159.249,159.249,0
2026-05-31 05:31:00+00:00,159.249,159.249,159.249,159.249,0
2026-05-31 05:32:00+00:00,159.249,159.249,159.249,159.249,0
2026-05-31 05:33:00+00:00,159.249,159.249,159.249,159.249,0
2026-05-31 05:34:00+00:00,159.249,159.249,159.249,159.249,0
2026-05-31 05:35:00+00:00,159.249,159.249,159.249,159.249,0
2026-05-31 05:36:00+00:00,159.249,159.249,159.249,159.249,0
2026-05-31 05:37:00+00:00,159.249,159.249,159.249,159.249,0
2026-05-31 05:38:00+00:00,159.249,159.249,159.249,159.249,0
2026-05-31 05:39:00+00:00,159.249,159.249,159.249,159.249,0
2026-05-31 05:40:00+00:00,159.249,159.249,159.249,159.249,0
2026-05-31 05:41:00+00:00,159.249,159.249,159.249,159.249,0
2026-05-31 05:42:00+00:00,159.249,159.249,159.249,159.249,0
2026-05-31 05:43:00+00:00,159.249,159.249,159.249,159.249,0
2026-05-31 05:44:00+00:00,159.249,159.249,159.249,159.249,0
2026-05-31 05:45:00+00:00,159.249,159.249,159.249,159.249,0
2026-05-31 05:46:00+00:00,159.249,159.249,159.249,159.249,0
2026-05-31 05:47:00+00:00,159.249,159.249,159.249,159.249,0
2026-05-31 05:48:00+00:00,159.249,159.249,159.249,159.249,0
2026-05-31 05:49:00+00:00,159.249,159.249,159.249,159.249,0
2026-05-31 05:50:00+00:00,159.249,159.249,159.249,159.249,0
2026-05-31 05:51:00+00:00,159.249,159.249,159.249,159.249,0
2026-05-31 05:52:00+00:00,159.249,159.249,159.249,159.249,0
2026-05-31 05:53:00+00:00,159.249,159.249,159.249,159.249,0
2026-05-31 05:54:00+00:00,159.249,159.249,159.249,159.249,0
2026-05-31 05:55:00+00:00,159.249,159.249,159.249,159.249,0
2026-05-31 05:56:00+00:00,159.249,159.249,159.249,159.249,0
2026-05-31 05:57:00+00:00,159.249,159.249,159.249,159.249,0
2026-05-31 05:58:00+00:00,159.249,159.249,159.249,159.249,0
2026-05-31 05:59:00+00:00,159.249,159.249,159.249,159.249,0
2026-05-31 06:00:00+00:00,159.249,159.249,159.249,159.249,0
2026-05-31 06:01:00+00:00,159.249,159.249,159.249,159.249,0
2026-05-31 06:02:00+00:00,159.249,159.249,159.249,159.249,0
2026-05-31 06:03:00+00:00,159.249,159.249,159.249,159.249,0
2026-05-31 06:04:00+00:00,159.249,159.249,159.249,159.249,0
2026-05-31 06:05:00+00:00,159.249,159.249,159.249,159.249,0
2026-05-31 06:06:00+00:00,159.249,159.249,159.249,159.249,0
2026-05-31 06:07:00+00:00,159.249,159.249,159.249,159.249,0
2026-05-31 06:08:00+00:00,159.249,159.249,159.249,159.249,0
2026-05-31 06:09:00+00:00,159.249,159.249,159.249,159.249,0
2026-05-31 06:10:00+00:00,159.249,159.249,159.249,159.249,0
2026-05-31 06:11:00+00:00,159.249,159.249,159.249,159.249,0
2026-05-31 06:12:00+00:00,159.249,159.249,159.249,159.249,0
2026-05-31 06:13:00+00:00,159.249,159.249,159.249,159.249,0
2026-05-31 06:14:00+00:00,159.249,159.249,159.249,159.249,0
2026-05-31 06:15:00+00:00,159.249,159.249,159.249,159.249,0
2026-05-31 06:16:00+00:00,159.249,159.249,159.249,159.249,0
2026-05-31 06:17:00+00:00,159.249,159.249,159.249,159.249,0
2026-05-31 06:18:00+00:00,159.249,159.249,159.249,159.249,0
2026-05-31 06:19:00+00:00,159.249,159.249,159.249,159.249,0
2026-05-31 06:20:00+00:00,159.249,159.249,159.249,159.249,0
2026-05-31 06:21:00+00:00,159.249,159.249,159.249,159.249,0
2026-05-31 06:22:00+00:00,159.249,159.249,159.249,159.249,0
2026-05-31 06:23:00+00:00,159.249,159.249,159.249,159.249,0
2026-05-31 06:24:00+00:00,159.249,159.249,159.249,159.249,0
2026-05-31 06:25:00+00:00,159.249,159.249,159.249,159.249,0
2026-05-31 06:26:00+00:00,159.249,159.249,159.249,159.249,0
2026-05-31 06:27:00+00:00,159.249,159.249,159.249,159.249,0
2026-05-31 06:28:00+00:00,159.249,159.249,159.249,159.249,0
2026-05-31 06:29:00+00:00,159.249,159.249,159.249,159.249,0
2026-05-31 06:30:00+00:00,159.249,159.249,159.249,159.249,0
2026-05-31 06:31:00+00:00,159.249,159.249,159.249,159.249,0
2026-05-31 06:32:00+00:00,159.249,159.249,159.249,159.249,0
2026-05-31 06:33:00+00:00,159.249,159.249,159.249,159.249,0
2026-05-31 06:34:00+00:00,159.249,159.249,159.249,159.249,0
2026-05-31 06:35:00+00:00,159.249,159.249,159.249,159.249,0
2026-05-31 06:36:00+00:00,159.249,159.249,159.249,159.249,0
2026-05-31 06:37:00+00:00,159.249,159.249,159.249,159.249,0
2026-05-31 06:38:00+00:00,159.249,159.249,159.249,159.249,0
2026-05-31 06:39:00+00:00,159.249,159.249,159.249,159.249,0
2026-05-31 06:40:00+00:00,159.249,159.249,159.249,159.249,0
2026-05-31 06:41:00+00:00,159.249,159.249,159.249,159.249,0
2026-05-31 06:42:00+00:00,159.249,159.249,159.249,159.249,0
2026-05-31 06:43:00+00:00,159.249,159.249,159.249,159.249,0
2026-05-31 06:44:00+00:00,159.249,159.249,159.249,159.249,0
2026-05-31 06:45:00+00:00,159.249,159.249,159.249,159.249,0
2026-05-31 06:46:00+00:00,159.249,159.249,159.249,159.249,0
2026-05-31 06:47:00+00:00,159.249,159.249,159.249,159.249,0
2026-05-31 06:48:00+00:00,159.249,159.249,159.249,159.249,0
2026-05-31 06:49:00+00:00,159.249,159.249,159.249,159.249,0
2026-05-31 06:50:00+00:00,159.249,159.249,159.249,159.249,0
2026-05-31 06:51:00+00:00,159.249,159.249,159.249,159.249,0
2026-05-31 06:52:00+00:00,159.249,159.249,159.249,159.249,0
2026-05-31 06:53:00+00:00,159.249,159.249,159.249,159.249,0
2026-05-31 06:54:00+00:00,159.249,159.249,159.249,159.249,0
2026-05-31 06:55:00+00:00,159.249,159.249,159.249,159.249,0
2026-05-31 06:56:00+00:00,159.249,159.249,159.249,159.249,0
2026-05-31 06:57:00+00:00,159.249,159.249,159.249,159.249,0
2026-05-31 06:58:00+00:00,159.249,159.249,159.249,159.249,0
2026-05-31 06:59:00+00:00,159.249,159.249,159.249,159.249,0
2026-05-31 07:00:00+00:00,159.249,159.249,159.249,159.249,0
2026-05-31 07:01:00+00:00,159.249,159.249,159.249,159.249,0
2026-05-31 07:02:00+00:00,159.249,159.249,159.249,159.249,0
2026-05-31 07:03:00+00:00,159.249,159.249,159.249,159.249,0
2026-05-31 07:04:00+00:00,159.249,159.249,159.249,159.249,0
2026-05-31 07:05:00+00:00,159.249,159.249,159.249,159.249,0
2026-05-31 07:06:00+00:00,159.249,159.249,159.249,159.249,0
2026-05-31 07:07:00+00:00,159.249,159.249,159.249,159.249,0
2026-05-31 07:08:00+00:00,159.249,159.249,159.249,159.249,0
2026-05-31 07:09:00+00:00,159.249,159.249,159.249,159.249,0
2026-05-31 07:10:00+00:00,159.249,159.249,159.249,159.249,0
2026-05-31 07:11:00+00:00,159.249,159.249,159.249,159.249,0
2026-05-31 07:12:00+00:00,159.249,159.249,159.249,159.249,0
2026-05-31 07:13:00+00:00,159.249,159.249,159.249,159.249,0
2026-05-31 07:14:00+00:00,159.249,159.249,159.249,159.249,0
2026-05-31 07:15:00+00:00,159.249,159.249,159.249,159.249,0
2026-05-31 07:16:00+00:00,159.249,159.249,159.249,159.249,0
2026-05-31 07:17:00+00:00,159.249,159.249,159.249,159.249,0
2026-05-31 07:18:00+00:00,159.249,159.249,159.249,159.249,0
2026-05-31 07:19:00+00:00,159.249,159.249,159.249,159.249,0
2026-05-31 07:20:00+00:00,159.249,159.249,159.249,159.249,0
2026-05-31 07:21:00+00:00,159.249,159.249,159.249,159.249,0
2026-05-31 07:22:00+00:00,159.249,159.249,159.249,159.249,0
2026-05-31 07:23:00+00:00,159.249,159.249,159.249,159.249,0
2026-05-31 07:24:00+00:00,159.249,159.249,159.249,159.249,0
2026-05-31 07:25:00+00:00,159.249,159.249,159.249,159.249,0
2026-05-31 07:26:00+00:00,159.249,159.249,159.249,159.249,0
2026-05-31 07:27:00+00:00,159.249,159.249,159.249,159.249,0
2026-05-31 07:28:00+00:00,159.249,159.249,159.249,159.249,0
2026-05-31 07:29:00+00:00,159.249,159.249,159.249,159.249,0
2026-05-31 07:30:00+00:00,159.249,159.249,159.249,159.249,0
2026-05-31 07:31:00+00:00,159.249,159.249,159.249,159.249,0
2026-05-31 07:32:00+00:00,159.249,159.249,159.249,159.249,0
2026-05-31 07:33:00+00:00,159.249,159.249,159.249,159.249,0
2026-05-31 07:34:00+00:00,159.249,159.249,159.249,159.249,0
2026-05-31 07:35:00+00:00,159.249,159.249,159.249,159.249,0
2026-05-31 07:36:00+00:00,159.249,159.249,159.249,159.249,0
2026-05-31 07:37:00+00:00,159.249,159.249,159.249,159.249,0
2026-05-31 07:38:00+00:00,159.249,159.249,159.249,159.249,0
2026-05-31 07:39:00+00:00,159.249,159.249,159.249,159.249,0
2026-05-31 07:40:00+00:00,159.249,159.249,159.249,159.249,0
2026-05-31 07:41:00+00:00,159.249,159.249,159.249,159.249,0
2026-05-31 07:42:00+00:00,159.249,159.249,159.249,159.249,0
2026-05-31 07:43:00+00:00,159.249,159.249,159.249,159.249,0
2026-05-31 07:44:00+00:00,159.249,159.249,159.249,159.249,0
2026-05-31 07:45:00+00:00,159.249,159.249,159.249,159.249,0
2026-05-31 07:46:00+00:00,159.249,159.249,159.249,159.249,0
2026-05-31 07:47:00+00:00,159.249,159.249,159.249,159.249,0
2026-05-31 07:48:00+00:00,159.249,159.249,159.249,159.249,0
2026-05-31 07:49:00+00:00,159.249,159.249,159.249,159.249,0
2026-05-31 07:50:00+00:00,159.249,159.249,159.249,159.249,0
2026-05-31 07:51:00+00:00,159.249,159.249,159.249,159.249,0
2026-05-31 07:52:00+00:00,159.249,159.249,159.249,159.249,0
2026-05-31 07:53:00+00:00,159.249,159.249,159.249,159.249,0
2026-05-31 07:54:00+00:00,159.249,159.249,159.249,159.249,0
2026-05-31 07:55:00+00:00,159.249,159.249,159.249,159.249,0
2026-05-31 07:56:00+00:00,159.249,159.249,159.249,159.249,0
2026-05-31 07:57:00+00:00,159.249,159.249,159.249,159.249,0
2026-05-31 07:58:00+00:00,159.249,159.249,159.249,159.249,0
2026-05-31 07:59:00+00:00,159.249,159.249,159.249,159.249,0
2026-05-31 08:00:00+00:00,159.249,159.249,159.249,159.249,0
2026-05-31 08:01:00+00:00,159.249,159.249,159.249,159.249,0
2026-05-31 08:02:00+00:00,159.249,159.249,159.249,159.249,0
2026-05-31 08:03:00+00:00,159.249,159.249,159.249,159.249,0
2026-05-31 08:04:00+00:00,159.249,159.249,159.249,159.249,0
2026-05-31 08:05:00+00:00,159.249,159.249,159.249,159.249,0
2026-05-31 08:06:00+00:00,159.249,159.249,159.249,159.249,0
2026-05-31 08:07:00+00:00,159.249,159.249,159.249,159.249,0
2026-05-31 08:08:00+00:00,159.249,159.249,159.249,159.249,0
2026-05-31 08:09:00+00:00,159.249,159.249,159.249,159.249,0
2026-05-31 08:10:00+00:00,159.249,159.249,159.249,159.249,0
2026-05-31 08:11:00+00:00,159.249,159.249,159.249,159.249,0
2026-05-31 08:12:00+00:00,159.249,159.249,159.249,159.249,0
2026-05-31 08:13:00+00:00,159.249,159.249,159.249,159.249,0
2026-05-31 08:14:00+00:00,159.249,159.249,159.249,159.249,0
2026-05-31 08:15:00+00:00,159.249,159.249,159.249,159.249,0
2026-05-31 08:16:00+00:00,159.249,159.249,159.249,159.249,0
2026-05-31 08:17:00+00:00,159.249,159.249,159.249,159.249,0
2026-05-31 08:18:00+00:00,159.249,159.249,159.249,159.249,0
2026-05-31 08:19:00+00:00,159.249,159.249,159.249,159.249,0
2026-05-31 08:20:00+00:00,159.249,159.249,159.249,159.249,0
2026-05-31 08:21:00+00:00,159.249,159.249,159.249,159.249,0
2026-05-31 08:22:00+00:00,159.249,159.249,159.249,159.249,0
2026-05-31 08:23:00+00:00,159.249,159.249,159.249,159.249,0
2026-05-31 08:24:00+00:00,159.249,159.249,159.249,159.249,0
2026-05-31 08:25:00+00:00,159.249,159.249,159.249,159.249,0
2026-05-31 08:26:00+00:00,159.249,159.249,159.249,159.249,0
2026-05-31 08:27:00+00:00,159.249,159.249,159.249,159.249,0
2026-05-31 08:28:00+00:00,159.249,159.249,159.249,159.249,0
2026-05-31 08:29:00+00:00,159.249,159.249,159.249,159.249,0
2026-05-31 08:30:00+00:00,159.249,159.249,159.249,159.249,0
2026-05-31 08:31:00+00:00,159.249,159.249,159.249,159.249,0
2026-05-31 08:32:00+00:00,159.249,159.249,159.249,159.249,0
2026-05-31 08:33:00+00:00,159.249,159.249,159.249,159.249,0
2026-05-31 08:34:00+00:00,159.249,159.249,159.249,159.249,0
2026-05-31 08:35:00+00:00,159.249,159.249,159.249,159.249,0
2026-05-31 08:36:00+00:00,159.249,159.249,159.249,159.249,0
2026-05-31 08:37:00+00:00,159.249,159.249,159.249,159.249,0
2026-05-31 08:38:00+00:00,159.249,159.249,159.249,159.249,0
2026-05-31 08:39:00+00:00,159.249,159.249,159.249,159.249,0
2026-05-31 08:40:00+00:00,159.249,159.249,159.249,159.249,0
2026-05-31 08:41:00+00:00,159.249,159.249,159.249,159.249,0
2026-05-31 08:42:00+00:00,159.249,159.249,159.249,159.249,0
2026-05-31 08:43:00+00:00,159.249,159.249,159.249,159.249,0
2026-05-31 08:44:00+00:00,159.249,159.249,159.249,159.249,0
2026-05-31 08:45:00+00:00,159.249,159.249,159.249,159.249,0
2026-05-31 08:46:00+00:00,159.249,159.249,159.249,159.249,0
2026-05-31 08:47:00+00:00,159.249,159.249,159.249,159.249,0
2026-05-31 08:48:00+00:00,159.249,159.249,159.249,159.249,0
2026-05-31 08:49:00+00:00,159.249,159.249,159.249,159.249,0
2026-05-31 08:50:00+00:00,159.249,159.249,159.249,159.249,0
2026-05-31 08:51:00+00:00,159.249,159.249,159.249,159.249,0
2026-05-31 08:52:00+00:00,159.249,159.249,159.249,159.249,0
2026-05-31 08:53:00+00:00,159.249,159.249,159.249,159.249,0
2026-05-31 08:54:00+00:00,159.249,159.249,159.249,159.249,0
2026-05-31 08:55:00+00:00,159.249,159.249,159.249,159.249,0
2026-05-31 08:56:00+00:00,159.249,159.249,159.249,159.249,0
2026-05-31 08:57:00+00:00,159.249,159.249,159.249,159.249,0
2026-05-31 08:58:00+00:00,159.249,159.249,159.249,159.249,0
2026-05-31 08:59:00+00:00,159.249,159.249,159.249,159.249,0
2026-05-31 09:00:00+00:00,159.249,159.249,159.249,159.249,0
2026-05-31 09:01:00+00:00,159.249,159.249,159.249,159.249,0
2026-05-31 09:02:00+00:00,159.249,159.249,159.249,159.249,0
2026-05-31 09:03:00+00:00,159.249,159.249,159.249,159.249,0
2026-05-31 09:04:00+00:00,159.249,159.249,159.249,159.249,0
2026-05-31 09:05:00+00:00,159.249,159.249,159.249,159.249,0
2026-05-31 09:06:00+00:00,159.249,159.249,159.249,159.249,0
2026-05-31 09:07:00+00:00,159.249,159.249,159.249,159.249,0
2026-05-31 09:08:00+00:00,159.249,159.249,159.249,159.249,0
2026-05-31 09:09:00+00:00,159.249,159.249,159.249,159.249,0
2026-05-31 09:10:00+00:00,159.249,159.249,159.249,159.249,0
2026-05-31 09:11:00+00:00,159.249,159.249,159.249,159.249,0
2026-05-31 09:12:00+00:00,159.249,159.249,159.249,159.249,0
2026-05-31 09:13:00+00:00,159.249,159.249,159.249,159.249,0
2026-05-31 09:14:00+00:00,159.249,159.249,159.249,159.249,0
2026-05-31 09:15:00+00:00,159.249,159.249,159.249,159.249,0
2026-05-31 09:16:00+00:00,159.249,159.249,159.249,159.249,0
2026-05-31 09:17:00+00:00,159.249,159.249,159.249,159.249,0
2026-05-31 09:18:00+00:00,159.249,159.249,159.249,159.249,0
2026-05-31 09:19:00+00:00,159.249,159.249,159.249,159.249,0
2026-05-31 09:20:00+00:00,159.249,159.249,159.249,159.249,0
2026-05-31 09:21:00+00:00,159.249,159.249,159.249,159.249,0
2026-05-31 09:22:00+00:00,159.249,159.249,159.249,159.249,0
2026-05-31 09:23:00+00:00,159.249,159.249,159.249,159.249,0
2026-05-31 09:24:00+00:00,159.249,159.249,159.249,159.249,0
2026-05-31 09:25:00+00:00,159.249,159.249,159.249,159.249,0
2026-05-31 09:26:00+00:00,159.249,159.249,159.249,159.249,0
2026-05-31 09:27:00+00:00,159.249,159.249,159.249,159.249,0
2026-05-31 09:28:00+00:00,159.249,159.249,159.249,159.249,0
2026-05-31 09:29:00+00:00,159.249,159.249,159.249,159.249,0
2026-05-31 09:30:00+00:00,159.249,159.249,159.249,159.249,0
2026-05-31 09:31:00+00:00,159.249,159.249,159.249,159.249,0
2026-05-31 09:32:00+00:00,159.249,159.249,159.249,159.249,0
2026-05-31 09:33:00+00:00,159.249,159.249,159.249,159.249,0
2026-05-31 09:34:00+00:00,159.249,159.249,159.249,159.249,0
2026-05-31 09:35:00+00:00,159.249,159.249,159.249,159.249,0
2026-05-31 09:36:00+00:00,159.249,159.249,159.249,159.249,0
2026-05-31 09:37:00+00:00,159.249,159.249,159.249,159.249,0
2026-05-31 09:38:00+00:00,159.249,159.249,159.249,159.249,0
2026-05-31 09:39:00+00:00,159.249,159.249,159.249,159.249,0
2026-05-31 09:40:00+00:00,159.249,159.249,159.249,159.249,0
2026-05-31 09:41:00+00:00,159.249,159.249,159.249,159.249,0
2026-05-31 09:42:00+00:00,159.249,159.249,159.249,159.249,0
2026-05-31 09:43:00+00:00,159.249,159.249,159.249,159.249,0
2026-05-31 09:44:00+00:00,159.249,159.249,159.249,159.249,0
2026-05-31 09:45:00+00:00,159.249,159.249,159.249,159.249,0
2026-05-31 09:46:00+00:00,159.249,159.249,159.249,159.249,0
2026-05-31 09:47:00+00:00,159.249,159.249,159.249,159.249,0
2026-05-31 09:48:00+00:00,159.249,159.249,159.249,159.249,0
2026-05-31 09:49:00+00:00,159.249,159.249,159.249,159.249,0
2026-05-31 09:50:00+00:00,159.249,159.249,159.249,159.249,0
2026-05-31 09:51:00+00:00,159.249,159.249,159.249,159.249,0
2026-05-31 09:52:00+00:00,159.249,159.249,159.249,159.249,0
2026-05-31 09:53:00+00:00,159.249,159.249,159.249,159.249,0
2026-05-31 09:54:00+00:00,159.249,159.249,159.249,159.249,0
2026-05-31 09:55:00+00:00,159.249,159.249,159.249,159.249,0
2026-05-31 09:56:00+00:00,159.249,159.249,159.249,159.249,0
2026-05-31 09:57:00+00:00,159.249,159.249,159.249,159.249,0
2026-05-31 09:58:00+00:00,159.249,159.249,159.249,159.249,0
2026-05-31 09:59:00+00:00,159.249,159.249,159.249,159.249,0
2026-05-31 10:00:00+00:00,159.249,159.249,159.249,159.249,0
2026-05-31 10:01:00+00:00,159.249,159.249,159.249,159.249,0
2026-05-31 10:02:00+00:00,159.249,159.249,159.249,159.249,0
2026-05-31 10:03:00+00:00,159.249,159.249,159.249,159.249,0
2026-05-31 10:04:00+00:00,159.249,159.249,159.249,159.249,0
2026-05-31 10:05:00+00:00,159.249,159.249,159.249,159.249,0
2026-05-31 10:06:00+00:00,159.249,159.249,159.249,159.249,0
2026-05-31 10:07:00+00:00,159.249,159.249,159.249,159.249,0
2026-05-31 10:08:00+00:00,159.249,159.249,159.249,159.249,0
2026-05-31 10:09:00+00:00,159.249,159.249,159.249,159.249,0
2026-05-31 10:10:00+00:00,159.249,159.249,159.249,159.249,0
2026-05-31 10:11:00+00:00,159.249,159.249,159.249,159.249,0
2026-05-31 10:12:00+00:00,159.249,159.249,159.249,159.249,0
2026-05-31 10:13:00+00:00,159.249,159.249,159.249,159.249,0
2026-05-31 10:14:00+00:00,159.249,159.249,159.249,159.249,0
2026-05-31 10:15:00+00:00,159.249,159.249,159.249,159.249,0
2026-05-31 10:16:00+00:00,159.249,159.249,159.249,159.249,0
2026-05-31 10:17:00+00:00,159.249,159.249,159.249,159.249,0
2026-05-31 10:18:00+00:00,159.249,159.249,159.249,159.249,0
2026-05-31 10:19:00+00:00,159.249,159.249,159.249,159.249,0
2026-05-31 10:20:00+00:00,159.249,159.249,159.249,159.249,0
2026-05-31 10:21:00+00:00,159.249,159.249,159.249,159.249,0
2026-05-31 10:22:00+00:00,159.249,159.249,159.249,159.249,0
2026-05-31 10:23:00+00:00,159.249,159.249,159.249,159.249,0
2026-05-31 10:24:00+00:00,159.249,159.249,159.249,159.249,0
2026-05-31 10:25:00+00:00,159.249,159.249,159.249,159.249,0
2026-05-31 10:26:00+00:00,159.249,159.249,159.249,159.249,0
2026-05-31 10:27:00+00:00,159.249,159.249,159.249,159.249,0
2026-05-31 10:28:00+00:00,159.249,159.249,159.249,159.249,0
2026-05-31 10:29:00+00:00,159.249,159.249,159.249,159.249,0
2026-05-31 10:30:00+00:00,159.249,159.249,159.249,159.249,0
2026-05-31 10:31:00+00:00,159.249,159.249,159.249,159.249,0
2026-05-31 10:32:00+00:00,159.249,159.249,159.249,159.249,0
2026-05-31 10:33:00+00:00,159.249,159.249,159.249,159.249,0
2026-05-31 10:34:00+00:00,159.249,159.249,159.249,159.249,0
2026-05-31 10:35:00+00:00,159.249,159.249,159.249,159.249,0
2026-05-31 10:36:00+00:00,159.249,159.249,159.249,159.249,0
2026-05-31 10:37:00+00:00,159.249,159.249,159.249,159.249,0
2026-05-31 10:38:00+00:00,159.249,159.249,159.249,159.249,0
2026-05-31 10:39:00+00:00,159.249,159.249,159.249,159.249,0
2026-05-31 10:40:00+00:00,159.249,159.249,159.249,159.249,0
2026-05-31 10:41:00+00:00,159.249,159.249,159.249,159.249,0
2026-05-31 10:42:00+00:00,159.249,159.249,159.249,159.249,0
2026-05-31 10:43:00+00:00,159.249,159.249,159.249,159.249,0
2026-05-31 10:44:00+00:00,159.249,159.249,159.249,159.249,0
2026-05-31 10:45:00+00:00,159.249,159.249,159.249,159.249,0
2026-05-31 10:46:00+00:00,159.249,159.249,159.249,159.249,0
2026-05-31 10:47:00+00:00,159.249,159.249,159.249,159.249,0
2026-05-31 10:48:00+00:00,159.249,159.249,159.249,159.249,0
2026-05-31 10:49:00+00:00,159.249,159.249,159.249,159.249,0
2026-05-31 10:50:00+00:00,159.249,159.249,159.249,159.249,0
2026-05-31 10:51:00+00:00,159.249,159.249,159.249,159.249,0
2026-05-31 10:52:00+00:00,159.249,159.249,159.249,159.249,0
2026-05-31 10:53:00+00:00,159.249,159.249,159.249,159.249,0
2026-05-31 10:54:00+00:00,159.249,159.249,159.249,159.249,0
2026-05-31 10:55:00+00:00,159.249,159.249,159.249,159.249,0
2026-05-31 10:56:00+00:00,159.249,159.249,159.249,159.249,0
2026-05-31 10:57:00+00:00,159.249,159.249,159.249,159.249,0
2026-05-31 10:58:00+00:00,159.249,159.249,159.249,159.249,0
2026-05-31 10:59:00+00:00,159.249,159.249,159.249,159.249,0
2026-05-31 11:00:00+00:00,159.249,159.249,159.249,159.249,0
2026-05-31 11:01:00+00:00,159.249,159.249,159.249,159.249,0
2026-05-31 11:02:00+00:00,159.249,159.249,159.249,159.249,0
2026-05-31 11:03:00+00:00,159.249,159.249,159.249,159.249,0
2026-05-31 11:04:00+00:00,159.249,159.249,159.249,159.249,0
2026-05-31 11:05:00+00:00,159.249,159.249,159.249,159.249,0
2026-05-31 11:06:00+00:00,159.249,159.249,159.249,159.249,0
2026-05-31 11:07:00+00:00,159.249,159.249,159.249,159.249,0
2026-05-31 11:08:00+00:00,159.249,159.249,159.249,159.249,0
2026-05-31 11:09:00+00:00,159.249,159.249,159.249,159.249,0
2026-05-31 11:10:00+00:00,159.249,159.249,159.249,159.249,0
2026-05-31 11:11:00+00:00,159.249,159.249,159.249,159.249,0
2026-05-31 11:12:00+00:00,159.249,159.249,159.249,159.249,0
2026-05-31 11:13:00+00:00,159.249,159.249,159.249,159.249,0
2026-05-31 11:14:00+00:00,159.249,159.249,159.249,159.249,0
2026-05-31 11:15:00+00:00,159.249,159.249,159.249,159.249,0
2026-05-31 11:16:00+00:00,159.249,159.249,159.249,159.249,0
2026-05-31 11:17:00+00:00,159.249,159.249,159.249,159.249,0
2026-05-31 11:18:00+00:00,159.249,159.249,159.249,159.249,0
2026-05-31 11:19:00+00:00,159.249,159.249,159.249,159.249,0
2026-05-31 11:20:00+00:00,159.249,159.249,159.249,159.249,0
2026-05-31 11:21:00+00:00,159.249,159.249,159.249,159.249,0
2026-05-31 11:22:00+00:00,159.249,159.249,159.249,159.249,0
2026-05-31 11:23:00+00:00,159.249,159.249,159.249,159.249,0
2026-05-31 11:24:00+00:00,159.249,159.249,159.249,159.249,0
2026-05-31 11:25:00+00:00,159.249,159.249,159.249,159.249,0
2026-05-31 11:26:00+00:00,159.249,159.249,159.249,159.249,0
2026-05-31 11:27:00+00:00,159.249,159.249,159.249,159.249,0
2026-05-31 11:28:00+00:00,159.249,159.249,159.249,159.249,0
2026-05-31 11:29:00+00:00,159.249,159.249,159.249,159.249,0
2026-05-31 11:30:00+00:00,159.249,159.249,159.249,159.249,0
2026-05-31 11:31:00+00:00,159.249,159.249,159.249,159.249,0
2026-05-31 11:32:00+00:00,159.249,159.249,159.249,159.249,0
2026-05-31 11:33:00+00:00,159.249,159.249,159.249,159.249,0
2026-05-31 11:34:00+00:00,159.249,159.249,159.249,159.249,0
2026-05-31 11:35:00+00:00,159.249,159.249,159.249,159.249,0
2026-05-31 11:36:00+00:00,159.249,159.249,159.249,159.249,0
2026-05-31 11:37:00+00:00,159.249,159.249,159.249,159.249,0
2026-05-31 11:38:00+00:00,159.249,159.249,159.249,159.249,0
2026-05-31 11:39:00+00:00,159.249,159.249,159.249,159.249,0
2026-05-31 11:40:00+00:00,159.249,159.249,159.249,159.249,0
2026-05-31 11:41:00+00:00,159.249,159.249,159.249,159.249,0
2026-05-31 11:42:00+00:00,159.249,159.249,159.249,159.249,0
2026-05-31 11:43:00+00:00,159.249,159.249,159.249,159.249,0
2026-05-31 11:44:00+00:00,159.249,159.249,159.249,159.249,0
2026-05-31 11:45:00+00:00,159.249,159.249,159.249,159.249,0
2026-05-31 11:46:00+00:00,159.249,159.249,159.249,159.249,0
2026-05-31 11:47:00+00:00,159.249,159.249,159.249,159.249,0
2026-05-31 11:48:00+00:00,159.249,159.249,159.249,159.249,0
2026-05-31 11:49:00+00:00,159.249,159.249,159.249,159.249,0
2026-05-31 11:50:00+00:00,159.249,159.249,159.249,159.249,0
2026-05-31 11:51:00+00:00,159.249,159.249,159.249,159.249,0
2026-05-31 11:52:00+00:00,159.249,159.249,159.249,159.249,0
2026-05-31 11:53:00+00:00,159.249,159.249,159.249,159.249,0
2026-05-31 11:54:00+00:00,159.249,159.249,159.249,159.249,0
2026-05-31 11:55:00+00:00,159.249,159.249,159.249,159.249,0
2026-05-31 11:56:00+00:00,159.249,159.249,159.249,159.249,0
2026-05-31 11:57:00+00:00,159.249,159.249,159.249,159.249,0
2026-05-31 11:58:00+00:00,159.249,159.249,159.249,159.249,0
2026-05-31 11:59:00+00:00,159.249,159.249,159.249,159.249,0
2026-05-31 12:00:00+00:00,159.249,159.249,159.249,159.249,0
2026-05-31 12:01:00+00:00,159.249,159.249,159.249,159.249,0
2026-05-31 12:02:00+00:00,159.249,159.249,159.249,159.249,0
2026-05-31 12:03:00+00:00,159.249,159.249,159.249,159.249,0
2026-05-31 12:04:00+00:00,159.249,159.249,159.249,159.249,0
2026-05-31 12:05:00+00:00,159.249,159.249,159.249,159.249,0
2026-05-31 12:06:00+00:00,159.249,159.249,159.249,159.249,0
2026-05-31 12:07:00+00:00,159.249,159.249,159.249,159.249,0
2026-05-31 12:08:00+00:00,159.249,159.249,159.249,159.249,0
2026-05-31 12:09:00+00:00,159.249,159.249,159.249,159.249,0
2026-05-31 12:10:00+00:00,159.249,159.249,159.249,159.249,0
2026-05-31 12:11:00+00:00,159.249,159.249,159.249,159.249,0
2026-05-31 12:12:00+00:00,159.249,159.249,159.249,159.249,0
2026-05-31 12:13:00+00:00,159.249,159.249,159.249,159.249,0
2026-05-31 12:14:00+00:00,159.249,159.249,159.249,159.249,0
2026-05-31 12:15:00+00:00,159.249,159.249,159.249,159.249,0
2026-05-31 12:16:00+00:00,159.249,159.249,159.249,159.249,0
2026-05-31 12:17:00+00:00,159.249,159.249,159.249,159.249,0
2026-05-31 12:18:00+00:00,159.249,159.249,159.249,159.249,0
2026-05-31 12:19:00+00:00,159.249,159.249,159.249,159.249,0
2026-05-31 12:20:00+00:00,159.249,159.249,159.249,159.249,0
2026-05-31 12:21:00+00:00,159.249,159.249,159.249,159.249,0
2026-05-31 12:22:00+00:00,159.249,159.249,159.249,159.249,0
2026-05-31 12:23:00+00:00,159.249,159.249,159.249,159.249,0
2026-05-31 12:24:00+00:00,159.249,159.249,159.249,159.249,0
2026-05-31 12:25:00+00:00,159.249,159.249,159.249,159.249,0
2026-05-31 12:26:00+00:00,159.249,159.249,159.249,159.249,0
2026-05-31 12:27:00+00:00,159.249,159.249,159.249,159.249,0
2026-05-31 12:28:00+00:00,159.249,159.249,159.249,159.249,0
2026-05-31 12:29:00+00:00,159.249,159.249,159.249,159.249,0
2026-05-31 12:30:00+00:00,159.249,159.249,159.249,159.249,0
2026-05-31 12:31:00+00:00,159.249,159.249,159.249,159.249,0
2026-05-31 12:32:00+00:00,159.249,159.249,159.249,159.249,0
2026-05-31 12:33:00+00:00,159.249,159.249,159.249,159.249,0
2026-05-31 12:34:00+00:00,159.249,159.249,159.249,159.249,0
2026-05-31 12:35:00+00:00,159.249,159.249,159.249,159.249,0
2026-05-31 12:36:00+00:00,159.249,159.249,159.249,159.249,0
2026-05-31 12:37:00+00:00,159.249,159.249,159.249,159.249,0
2026-05-31 12:38:00+00:00,159.249,159.249,159.249,159.249,0
2026-05-31 12:39:00+00:00,159.249,159.249,159.249,159.249,0
2026-05-31 12:40:00+00:00,159.249,159.249,159.249,159.249,0
2026-05-31 12:41:00+00:00,159.249,159.249,159.249,159.249,0
2026-05-31 12:42:00+00:00,159.249,159.249,159.249,159.249,0
2026-05-31 12:43:00+00:00,159.249,159.249,159.249,159.249,0
2026-05-31 12:44:00+00:00,159.249,159.249,159.249,159.249,0
2026-05-31 12:45:00+00:00,159.249,159.249,159.249,159.249,0
2026-05-31 12:46:00+00:00,159.249,159.249,159.249,159.249,0
2026-05-31 12:47:00+00:00,159.249,159.249,159.249,159.249,0
2026-05-31 12:48:00+00:00,159.249,159.249,159.249,159.249,0
2026-05-31 12:49:00+00:00,159.249,159.249,159.249,159.249,0
2026-05-31 12:50:00+00:00,159.249,159.249,159.249,159.249,0
2026-05-31 12:51:00+00:00,159.249,159.249,159.249,159.249,0
2026-05-31 12:52:00+00:00,159.249,159.249,159.249,159.249,0
2026-05-31 12:53:00+00:00,159.249,159.249,159.249,159.249,0
2026-05-31 12:54:00+00:00,159.249,159.249,159.249,159.249,0
2026-05-31 12:55:00+00:00,159.249,159.249,159.249,159.249,0
2026-05-31 12:56:00+00:00,159.249,159.249,159.249,159.249,0
2026-05-31 12:57:00+00:00,159.249,159.249,159.249,159.249,0
2026-05-31 12:58:00+00:00,159.249,159.249,159.249,159.249,0
2026-05-31 12:59:00+00:00,159.249,159.249,159.249,159.249,0
2026-05-31 13:00:00+00:00,159.249,159.249,159.249,159.249,0
2026-05-31 13:01:00+00:00,159.249,159.249,159.249,159.249,0
2026-05-31 13:02:00+00:00,159.249,159.249,159.249,159.249,0
2026-05-31 13:03:00+00:00,159.249,159.249,159.249,159.249,0
2026-05-31 13:04:00+00:00,159.249,159.249,159.249,159.249,0
2026-05-31 13:05:00+00:00,159.249,159.249,159.249,159.249,0
2026-05-31 13:06:00+00:00,159.249,159.249,159.249,159.249,0
2026-05-31 13:07:00+00:00,159.249,159.249,159.249,159.249,0
2026-05-31 13:08:00+00:00,159.249,159.249,159.249,159.249,0
2026-05-31 13:09:00+00:00,159.249,159.249,159.249,159.249,0
2026-05-31 13:10:00+00:00,159.249,159.249,159.249,159.249,0
2026-05-31 13:11:00+00:00,159.249,159.249,159.249,159.249,0
2026-05-31 13:12:00+00:00,159.249,159.249,159.249,159.249,0
2026-05-31 13:13:00+00:00,159.249,159.249,159.249,159.249,0
2026-05-31 13:14:00+00:00,159.249,159.249,159.249,159.249,0
2026-05-31 13:15:00+00:00,159.249,159.249,159.249,159.249,0
2026-05-31 13:16:00+00:00,159.249,159.249,159.249,159.249,0
2026-05-31 13:17:00+00:00,159.249,159.249,159.249,159.249,0
2026-05-31 13:18:00+00:00,159.249,159.249,159.249,159.249,0
2026-05-31 13:19:00+00:00,159.249,159.249,159.249,159.249,0
2026-05-31 13:20:00+00:00,159.249,159.249,159.249,159.249,0
2026-05-31 13:21:00+00:00,159.249,159.249,159.249,159.249,0
2026-05-31 13:22:00+00:00,159.249,159.249,159.249,159.249,0
2026-05-31 13:23:00+00:00,159.249,159.249,159.249,159.249,0
2026-05-31 13:24:00+00:00,159.249,159.249,159.249,159.249,0
2026-05-31 13:25:00+00:00,159.249,159.249,159.249,159.249,0
2026-05-31 13:26:00+00:00,159.249,159.249,159.249,159.249,0
2026-05-31 13:27:00+00:00,159.249,159.249,159.249,159.249,0
2026-05-31 13:28:00+00:00,159.249,159.249,159.249,159.249,0
2026-05-31 13:29:00+00:00,159.249,159.249,159.249,159.249,0
2026-05-31 13:30:00+00:00,159.249,159.249,159.249,159.249,0
2026-05-31 13:31:00+00:00,159.249,159.249,159.249,159.249,0
2026-05-31 13:32:00+00:00,159.249,159.249,159.249,159.249,0
2026-05-31 13:33:00+00:00,159.249,159.249,159.249,159.249,0
2026-05-31 13:34:00+00:00,159.249,159.249,159.249,159.249,0
2026-05-31 13:35:00+00:00,159.249,159.249,159.249,159.249,0
2026-05-31 13:36:00+00:00,159.249,159.249,159.249,159.249,0
2026-05-31 13:37:00+00:00,159.249,159.249,159.249,159.249,0
2026-05-31 13:38:00+00:00,159.249,159.249,159.249,159.249,0
2026-05-31 13:39:00+00:00,159.249,159.249,159.249,159.249,0
2026-05-31 13:40:00+00:00,159.249,159.249,159.249,159.249,0
2026-05-31 13:41:00+00:00,159.249,159.249,159.249,159.249,0
2026-05-31 13:42:00+00:00,159.249,159.249,159.249,159.249,0
2026-05-31 13:43:00+00:00,159.249,159.249,159.249,159.249,0
2026-05-31 13:44:00+00:00,159.249,159.249,159.249,159.249,0
2026-05-31 13:45:00+00:00,159.249,159.249,159.249,159.249,0
2026-05-31 13:46:00+00:00,159.249,159.249,159.249,159.249,0
2026-05-31 13:47:00+00:00,159.249,159.249,159.249,159.249,0
2026-05-31 13:48:00+00:00,159.249,159.249,159.249,159.249,0
2026-05-31 13:49:00+00:00,159.249,159.249,159.249,159.249,0
2026-05-31 13:50:00+00:00,159.249,159.249,159.249,159.249,0
2026-05-31 13:51:00+00:00,159.249,159.249,159.249,159.249,0
2026-05-31 13:52:00+00:00,159.249,159.249,159.249,159.249,0
2026-05-31 13:53:00+00:00,159.249,159.249,159.249,159.249,0
2026-05-31 13:54:00+00:00,159.249,159.249,159.249,159.249,0
2026-05-31 13:55:00+00:00,159.249,159.249,159.249,159.249,0
2026-05-31 13:56:00+00:00,159.249,159.249,159.249,159.249,0
2026-05-31 13:57:00+00:00,159.249,159.249,159.249,159.249,0
2026-05-31 13:58:00+00:00,159.249,159.249,159.249,159.249,0
2026-05-31 13:59:00+00:00,159.249,159.249,159.249,159.249,0
2026-05-31 14:00:00+00:00,159.249,159.249,159.249,159.249,0
2026-05-31 14:01:00+00:00,159.249,159.249,159.249,159.249,0
2026-05-31 14:02:00+00:00,159.249,159.249,159.249,159.249,0
2026-05-31 14:03:00+00:00,159.249,159.249,159.249,159.249,0
2026-05-31 14:04:00+00:00,159.249,159.249,159.249,159.249,0
2026-05-31 14:05:00+00:00,159.249,159.249,159.249,159.249,0
2026-05-31 14:06:00+00:00,159.249,159.249,159.249,159.249,0
2026-05-31 14:07:00+00:00,159.249,159.249,159.249,159.249,0
2026-05-31 14:08:00+00:00,159.249,159.249,159.249,159.249,0
2026-05-31 14:09:00+00:00,159.249,159.249,159.249,159.249,0
2026-05-31 14:10:00+00:00,159.249,159.249,159.249,159.249,0
2026-05-31 14:11:00+00:00,159.249,159.249,159.249,159.249,0
2026-05-31 14:12:00+00:00,159.249,159.249,159.249,159.249,0
2026-05-31 14:13:00+00:00,159.249,159.249,159.249,159.249,0
2026-05-31 14:14:00+00:00,159.249,159.249,159.249,159.249,0
2026-05-31 14:15:00+00:00,159.249,159.249,159.249,159.249,0
2026-05-31 14:16:00+00:00,159.249,159.249,159.249,159.249,0
2026-05-31 14:17:00+00:00,159.249,159.249,159.249,159.249,0
2026-05-31 14:18:00+00:00,159.249,159.249,159.249,159.249,0
2026-05-31 14:19:00+00:00,159.249,159.249,159.249,159.249,0
2026-05-31 14:20:00+00:00,159.249,159.249,159.249,159.249,0
2026-05-31 14:21:00+00:00,159.249,159.249,159.249,159.249,0
2026-05-31 14:22:00+00:00,159.249,159.249,159.249,159.249,0
2026-05-31 14:23:00+00:00,159.249,159.249,159.249,159.249,0
2026-05-31 14:24:00+00:00,159.249,159.249,159.249,159.249,0
2026-05-31 14:25:00+00:00,159.249,159.249,159.249,159.249,0
2026-05-31 14:26:00+00:00,159.249,159.249,159.249,159.249,0
2026-05-31 14:27:00+00:00,159.249,159.249,159.249,159.249,0
2026-05-31 14:28:00+00:00,159.249,159.249,159.249,159.249,0
2026-05-31 14:29:00+00:00,159.249,159.249,159.249,159.249,0
2026-05-31 14:30:00+00:00,159.249,159.249,159.249,159.249,0
2026-05-31 14:31:00+00:00,159.249,159.249,159.249,159.249,0
2026-05-31 14:32:00+00:00,159.249,159.249,159.249,159.249,0
2026-05-31 14:33:00+00:00,159.249,159.249,159.249,159.249,0
2026-05-31 14:34:00+00:00,159.249,159.249,159.249,159.249,0
2026-05-31 14:35:00+00:00,159.249,159.249,159.249,159.249,0
2026-05-31 14:36:00+00:00,159.249,159.249,159.249,159.249,0
2026-05-31 14:37:00+00:00,159.249,159.249,159.249,159.249,0
2026-05-31 14:38:00+00:00,159.249,159.249,159.249,159.249,0
2026-05-31 14:39:00+00:00,159.249,159.249,159.249,159.249,0
2026-05-31 14:40:00+00:00,159.249,159.249,159.249,159.249,0
2026-05-31 14:41:00+00:00,159.249,159.249,159.249,159.249,0
2026-05-31 14:42:00+00:00,159.249,159.249,159.249,159.249,0
2026-05-31 14:43:00+00:00,159.249,159.249,159.249,159.249,0
2026-05-31 14:44:00+00:00,159.249,159.249,159.249,159.249,0
2026-05-31 14:45:00+00:00,159.249,159.249,159.249,159.249,0
2026-05-31 14:46:00+00:00,159.249,159.249,159.249,159.249,0
2026-05-31 14:47:00+00:00,159.249,159.249,159.249,159.249,0
2026-05-31 14:48:00+00:00,159.249,159.249,159.249,159.249,0
2026-05-31 14:49:00+00:00,159.249,159.249,159.249,159.249,0
2026-05-31 14:50:00+00:00,159.249,159.249,159.249,159.249,0
2026-05-31 14:51:00+00:00,159.249,159.249,159.249,159.249,0
2026-05-31 14:52:00+00:00,159.249,159.249,159.249,159.249,0
2026-05-31 14:53:00+00:00,159.249,159.249,159.249,159.249,0
2026-05-31 14:54:00+00:00,159.249,159.249,159.249,159.249,0
2026-05-31 14:55:00+00:00,159.249,159.249,159.249,159.249,0
2026-05-31 14:56:00+00:00,159.249,159.249,159.249,159.249,0
2026-05-31 14:57:00+00:00,159.249,159.249,159.249,159.249,0
2026-05-31 14:58:00+00:00,159.249,159.249,159.249,159.249,0
2026-05-31 14:59:00+00:00,159.249,159.249,159.249,159.249,0
2026-05-31 15:00:00+00:00,159.249,159.249,159.249,159.249,0
2026-05-31 15:01:00+00:00,159.249,159.249,159.249,159.249,0
2026-05-31 15:02:00+00:00,159.249,159.249,159.249,159.249,0
2026-05-31 15:03:00+00:00,159.249,159.249,159.249,159.249,0
2026-05-31 15:04:00+00:00,159.249,159.249,159.249,159.249,0
2026-05-31 15:05:00+00:00,159.249,159.249,159.249,159.249,0
2026-05-31 15:06:00+00:00,159.249,159.249,159.249,159.249,0
2026-05-31 15:07:00+00:00,159.249,159.249,159.249,159.249,0
2026-05-31 15:08:00+00:00,159.249,159.249,159.249,159.249,0
2026-05-31 15:09:00+00:00,159.249,159.249,159.249,159.249,0
2026-05-31 15:10:00+00:00,159.249,159.249,159.249,159.249,0
2026-05-31 15:11:00+00:00,159.249,159.249,159.249,159.249,0
2026-05-31 15:12:00+00:00,159.249,159.249,159.249,159.249,0
2026-05-31 15:13:00+00:00,159.249,159.249,159.249,159.249,0
2026-05-31 15:14:00+00:00,159.249,159.249,159.249,159.249,0
2026-05-31 15:15:00+00:00,159.249,159.249,159.249,159.249,0
2026-05-31 15:16:00+00:00,159.249,159.249,159.249,159.249,0
2026-05-31 15:17:00+00:00,159.249,159.249,159.249,159.249,0
2026-05-31 15:18:00+00:00,159.249,159.249,159.249,159.249,0
2026-05-31 15:19:00+00:00,159.249,159.249,159.249,159.249,0
2026-05-31 15:20:00+00:00,159.249,159.249,159.249,159.249,0
2026-05-31 15:21:00+00:00,159.249,159.249,159.249,159.249,0
2026-05-31 15:22:00+00:00,159.249,159.249,159.249,159.249,0
2026-05-31 15:23:00+00:00,159.249,159.249,159.249,159.249,0
2026-05-31 15:24:00+00:00,159.249,159.249,159.249,159.249,0
2026-05-31 15:25:00+00:00,159.249,159.249,159.249,159.249,0
2026-05-31 15:26:00+00:00,159.249,159.249,159.249,159.249,0
2026-05-31 15:27:00+00:00,159.249,159.249,159.249,159.249,0
2026-05-31 15:28:00+00:00,159.249,159.249,159.249,159.249,0
2026-05-31 15:29:00+00:00,159.249,159.249,159.249,159.249,0
2026-05-31 15:30:00+00:00,159.249,159.249,159.249,159.249,0
2026-05-31 15:31:00+00:00,159.249,159.249,159.249,159.249,0
2026-05-31 15:32:00+00:00,159.249,159.249,159.249,159.249,0
2026-05-31 15:33:00+00:00,159.249,159.249,159.249,159.249,0
2026-05-31 15:34:00+00:00,159.249,159.249,159.249,159.249,0
2026-05-31 15:35:00+00:00,159.249,159.249,159.249,159.249,0
2026-05-31 15:36:00+00:00,159.249,159.249,159.249,159.249,0
2026-05-31 15:37:00+00:00,159.249,159.249,159.249,159.249,0
2026-05-31 15:38:00+00:00,159.249,159.249,159.249,159.249,0
2026-05-31 15:39:00+00:00,159.249,159.249,159.249,159.249,0
2026-05-31 15:40:00+00:00,159.249,159.249,159.249,159.249,0
2026-05-31 15:41:00+00:00,159.249,159.249,159.249,159.249,0
2026-05-31 15:42:00+00:00,159.249,159.249,159.249,159.249,0
2026-05-31 15:43:00+00:00,159.249,159.249,159.249,159.249,0
2026-05-31 15:44:00+00:00,159.249,159.249,159.249,159.249,0
2026-05-31 15:45:00+00:00,159.249,159.249,159.249,159.249,0
2026-05-31 15:46:00+00:00,159.249,159.249,159.249,159.249,0
2026-05-31 15:47:00+00:00,159.249,159.249,159.249,159.249,0
2026-05-31 15:48:00+00:00,159.249,159.249,159.249,159.249,0
2026-05-31 15:49:00+00:00,159.249,159.249,159.249,159.249,0
2026-05-31 15:50:00+00:00,159.249,159.249,159.249,159.249,0
2026-05-31 15:51:00+00:00,159.249,159.249,159.249,159.249,0
2026-05-31 15:52:00+00:00,159.249,159.249,159.249,159.249,0
2026-05-31 15:53:00+00:00,159.249,159.249,159.249,159.249,0
2026-05-31 15:54:00+00:00,159.249,159.249,159.249,159.249,0
2026-05-31 15:55:00+00:00,159.249,159.249,159.249,159.249,0
2026-05-31 15:56:00+00:00,159.249,159.249,159.249,159.249,0
2026-05-31 15:57:00+00:00,159.249,159.249,159.249,159.249,0
2026-05-31 15:58:00+00:00,159.249,159.249,159.249,159.249,0
2026-05-31 15:59:00+00:00,159.249,159.249,159.249,159.249,0
2026-05-31 16:00:00+00:00,159.249,159.249,159.249,159.249,0
2026-05-31 16:01:00+00:00,159.249,159.249,159.249,159.249,0
2026-05-31 16:02:00+00:00,159.249,159.249,159.249,159.249,0
2026-05-31 16:03:00+00:00,159.249,159.249,159.249,159.249,0
2026-05-31 16:04:00+00:00,159.249,159.249,159.249,159.249,0
2026-05-31 16:05:00+00:00,159.249,159.249,159.249,159.249,0
2026-05-31 16:06:00+00:00,159.249,159.249,159.249,159.249,0
2026-05-31 16:07:00+00:00,159.249,159.249,159.249,159.249,0
2026-05-31 16:08:00+00:00,159.249,159.249,159.249,159.249,0
2026-05-31 16:09:00+00:00,159.249,159.249,159.249,159.249,0
2026-05-31 16:10:00+00:00,159.249,159.249,159.249,159.249,0
2026-05-31 16:11:00+00:00,159.249,159.249,159.249,159.249,0
2026-05-31 16:12:00+00:00,159.249,159.249,159.249,159.249,0
2026-05-31 16:13:00+00:00,159.249,159.249,159.249,159.249,0
2026-05-31 16:14:00+00:00,159.249,159.249,159.249,159.249,0
2026-05-31 16:15:00+00:00,159.249,159.249,159.249,159.249,0
2026-05-31 16:16:00+00:00,159.249,159.249,159.249,159.249,0
2026-05-31 16:17:00+00:00,159.249,159.249,159.249,159.249,0
2026-05-31 16:18:00+00:00,159.249,159.249,159.249,159.249,0
2026-05-31 16:19:00+00:00,159.249,159.249,159.249,159.249,0
2026-05-31 16:20:00+00:00,159.249,159.249,159.249,159.249,0
2026-05-31 16:21:00+00:00,159.249,159.249,159.249,159.249,0
2026-05-31 16:22:00+00:00,159.249,159.249,159.249,159.249,0
2026-05-31 16:23:00+00:00,159.249,159.249,159.249,159.249,0
2026-05-31 16:24:00+00:00,159.249,159.249,159.249,159.249,0
2026-05-31 16:25:00+00:00,159.249,159.249,159.249,159.249,0
2026-05-31 16:26:00+00:00,159.249,159.249,159.249,159.249,0
2026-05-31 16:27:00+00:00,159.249,159.249,159.249,159.249,0
2026-05-31 16:28:00+00:00,159.249,159.249,159.249,159.249,0
2026-05-31 16:29:00+00:00,159.249,159.249,159.249,159.249,0
2026-05-31 16:30:00+00:00,159.249,159.249,159.249,159.249,0
2026-05-31 16:31:00+00:00,159.249,159.249,159.249,159.249,0
2026-05-31 16:32:00+00:00,159.249,159.249,159.249,159.249,0
2026-05-31 16:33:00+00:00,159.249,159.249,159.249,159.249,0
2026-05-31 16:34:00+00:00,159.249,159.249,159.249,159.249,0
2026-05-31 16:35:00+00:00,159.249,159.249,159.249,159.249,0
2026-05-31 16:36:00+00:00,159.249,159.249,159.249,159.249,0
2026-05-31 16:37:00+00:00,159.249,159.249,159.249,159.249,0
2026-05-31 16:38:00+00:00,159.249,159.249,159.249,159.249,0
2026-05-31 16:39:00+00:00,159.249,159.249,159.249,159.249,0
2026-05-31 16:40:00+00:00,159.249,159.249,159.249,159.249,0
2026-05-31 16:41:00+00:00,159.249,159.249,159.249,159.249,0
2026-05-31 16:42:00+00:00,159.249,159.249,159.249,159.249,0
2026-05-31 16:43:00+00:00,159.249,159.249,159.249,159.249,0
2026-05-31 16:44:00+00:00,159.249,159.249,159.249,159.249,0
2026-05-31 16:45:00+00:00,159.249,159.249,159.249,159.249,0
2026-05-31 16:46:00+00:00,159.249,159.249,159.249,159.249,0
2026-05-31 16:47:00+00:00,159.249,159.249,159.249,159.249,0
2026-05-31 16:48:00+00:00,159.249,159.249,159.249,159.249,0
2026-05-31 16:49:00+00:00,159.249,159.249,159.249,159.249,0
2026-05-31 16:50:00+00:00,159.249,159.249,159.249,159.249,0
2026-05-31 16:51:00+00:00,159.249,159.249,159.249,159.249,0
2026-05-31 16:52:00+00:00,159.249,159.249,159.249,159.249,0
2026-05-31 16:53:00+00:00,159.249,159.249,159.249,159.249,0
2026-05-31 16:54:00+00:00,159.249,159.249,159.249,159.249,0
2026-05-31 16:55:00+00:00,159.249,159.249,159.249,159.249,0
2026-05-31 16:56:00+00:00,159.249,159.249,159.249,159.249,0
2026-05-31 16:57:00+00:00,159.249,159.249,159.249,159.249,0
2026-05-31 16:58:00+00:00,159.249,159.249,159.249,159.249,0
2026-05-31 16:59:00+00:00,159.249,159.249,159.249,159.249,0
2026-05-31 17:00:00+00:00,159.249,159.249,159.249,159.249,0
2026-05-31 17:01:00+00:00,159.249,159.249,159.249,159.249,0
2026-05-31 17:02:00+00:00,159.249,159.249,159.249,159.249,0
2026-05-31 17:03:00+00:00,159.249,159.249,159.249,159.249,0
2026-05-31 17:04:00+00:00,159.249,159.249,159.249,159.249,0
2026-05-31 17:05:00+00:00,159.249,159.249,159.249,159.249,0
2026-05-31 17:06:00+00:00,159.249,159.249,159.249,159.249,0
2026-05-31 17:07:00+00:00,159.249,159.249,159.249,159.249,0
2026-05-31 17:08:00+00:00,159.249,159.249,159.249,159.249,0
2026-05-31 17:09:00+00:00,159.249,159.249,159.249,159.249,0
2026-05-31 17:10:00+00:00,159.249,159.249,159.249,159.249,0
2026-05-31 17:11:00+00:00,159.249,159.249,159.249,159.249,0
2026-05-31 17:12:00+00:00,159.249,159.249,159.249,159.249,0
2026-05-31 17:13:00+00:00,159.249,159.249,159.249,159.249,0
2026-05-31 17:14:00+00:00,159.249,159.249,159.249,159.249,0
2026-05-31 17:15:00+00:00,159.249,159.249,159.249,159.249,0
2026-05-31 17:16:00+00:00,159.249,159.249,159.249,159.249,0
2026-05-31 17:17:00+00:00,159.249,159.249,159.249,159.249,0
2026-05-31 17:18:00+00:00,159.249,159.249,159.249,159.249,0
2026-05-31 17:19:00+00:00,159.249,159.249,159.249,159.249,0
2026-05-31 17:20:00+00:00,159.249,159.249,159.249,159.249,0
2026-05-31 17:21:00+00:00,159.249,159.249,159.249,159.249,0
2026-05-31 17:22:00+00:00,159.249,159.249,159.249,159.249,0
2026-05-31 17:23:00+00:00,159.249,159.249,159.249,159.249,0
2026-05-31 17:24:00+00:00,159.249,159.249,159.249,159.249,0
2026-05-31 17:25:00+00:00,159.249,159.249,159.249,159.249,0
2026-05-31 17:26:00+00:00,159.249,159.249,159.249,159.249,0
2026-05-31 17:27:00+00:00,159.249,159.249,159.249,159.249,0
2026-05-31 17:28:00+00:00,159.249,159.249,159.249,159.249,0
2026-05-31 17:29:00+00:00,159.249,159.249,159.249,159.249,0
2026-05-31 17:30:00+00:00,159.249,159.249,159.249,159.249,0
2026-05-31 17:31:00+00:00,159.249,159.249,159.249,159.249,0
2026-05-31 17:32:00+00:00,159.249,159.249,159.249,159.249,0
2026-05-31 17:33:00+00:00,159.249,159.249,159.249,159.249,0
2026-05-31 17:34:00+00:00,159.249,159.249,159.249,159.249,0
2026-05-31 17:35:00+00:00,159.249,159.249,159.249,159.249,0
2026-05-31 17:36:00+00:00,159.249,159.249,159.249,159.249,0
2026-05-31 17:37:00+00:00,159.249,159.249,159.249,159.249,0
2026-05-31 17:38:00+00:00,159.249,159.249,159.249,159.249,0
2026-05-31 17:39:00+00:00,159.249,159.249,159.249,159.249,0
2026-05-31 17:40:00+00:00,159.249,159.249,159.249,159.249,0
2026-05-31 17:41:00+00:00,159.249,159.249,159.249,159.249,0
2026-05-31 17:42:00+00:00,159.249,159.249,159.249,159.249,0
2026-05-31 17:43:00+00:00,159.249,159.249,159.249,159.249,0
2026-05-31 17:44:00+00:00,159.249,159.249,159.249,159.249,0
2026-05-31 17:45:00+00:00,159.249,159.249,159.249,159.249,0
2026-05-31 17:46:00+00:00,159.249,159.249,159.249,159.249,0
2026-05-31 17:47:00+00:00,159.249,159.249,159.249,159.249,0
2026-05-31 17:48:00+00:00,159.249,159.249,159.249,159.249,0
2026-05-31 17:49:00+00:00,159.249,159.249,159.249,159.249,0
2026-05-31 17:50:00+00:00,159.249,159.249,159.249,159.249,0
2026-05-31 17:51:00+00:00,159.249,159.249,159.249,159.249,0
2026-05-31 17:52:00+00:00,159.249,159.249,159.249,159.249,0
2026-05-31 17:53:00+00:00,159.249,159.249,159.249,159.249,0
2026-05-31 17:54:00+00:00,159.249,159.249,159.249,159.249,0
2026-05-31 17:55:00+00:00,159.249,159.249,159.249,159.249,0
2026-05-31 17:56:00+00:00,159.249,159.249,159.249,159.249,0
2026-05-31 17:57:00+00:00,159.249,159.249,159.249,159.249,0
2026-05-31 17:58:00+00:00,159.249,159.249,159.249,159.249,0
2026-05-31 17:59:00+00:00,159.249,159.249,159.249,159.249,0
2026-05-31 18:00:00+00:00,159.249,159.249,159.249,159.249,0
2026-05-31 18:01:00+00:00,159.249,159.249,159.249,159.249,0
2026-05-31 18:02:00+00:00,159.249,159.249,159.249,159.249,0
2026-05-31 18:03:00+00:00,159.249,159.249,159.249,159.249,0
2026-05-31 18:04:00+00:00,159.249,159.249,159.249,159.249,0
2026-05-31 18:05:00+00:00,159.249,159.249,159.249,159.249,0
2026-05-31 18:06:00+00:00,159.249,159.249,159.249,159.249,0
2026-05-31 18:07:00+00:00,159.249,159.249,159.249,159.249,0
2026-05-31 18:08:00+00:00,159.249,159.249,159.249,159.249,0
2026-05-31 18:09:00+00:00,159.249,159.249,159.249,159.249,0
2026-05-31 18:10:00+00:00,159.249,159.249,159.249,159.249,0
2026-05-31 18:11:00+00:00,159.249,159.249,159.249,159.249,0
2026-05-31 18:12:00+00:00,159.249,159.249,159.249,159.249,0
2026-05-31 18:13:00+00:00,159.249,159.249,159.249,159.249,0
2026-05-31 18:14:00+00:00,159.249,159.249,159.249,159.249,0
2026-05-31 18:15:00+00:00,159.249,159.249,159.249,159.249,0
2026-05-31 18:16:00+00:00,159.249,159.249,159.249,159.249,0
2026-05-31 18:17:00+00:00,159.249,159.249,159.249,159.249,0
2026-05-31 18:18:00+00:00,159.249,159.249,159.249,159.249,0
2026-05-31 18:19:00+00:00,159.249,159.249,159.249,159.249,0
2026-05-31 18:20:00+00:00,159.249,159.249,159.249,159.249,0
2026-05-31 18:21:00+00:00,159.249,159.249,159.249,159.249,0
2026-05-31 18:22:00+00:00,159.249,159.249,159.249,159.249,0
2026-05-31 18:23:00+00:00,159.249,159.249,159.249,159.249,0
2026-05-31 18:24:00+00:00,159.249,159.249,159.249,159.249,0
2026-05-31 18:25:00+00:00,159.249,159.249,159.249,159.249,0
2026-05-31 18:26:00+00:00,159.249,159.249,159.249,159.249,0
2026-05-31 18:27:00+00:00,159.249,159.249,159.249,159.249,0
2026-05-31 18:28:00+00:00,159.249,159.249,159.249,159.249,0
2026-05-31 18:29:00+00:00,159.249,159.249,159.249,159.249,0
2026-05-31 18:30:00+00:00,159.249,159.249,159.249,159.249,0
2026-05-31 18:31:00+00:00,159.249,159.249,159.249,159.249,0
2026-05-31 18:32:00+00:00,159.249,159.249,159.249,159.249,0
2026-05-31 18:33:00+00:00,159.249,159.249,159.249,159.249,0
2026-05-31 18:34:00+00:00,159.249,159.249,159.249,159.249,0
2026-05-31 18:35:00+00:00,159.249,159.249,159.249,159.249,0
2026-05-31 18:36:00+00:00,159.249,159.249,159.249,159.249,0
2026-05-31 18:37:00+00:00,159.249,159.249,159.249,159.249,0
2026-05-31 18:38:00+00:00,159.249,159.249,159.249,159.249,0
2026-05-31 18:39:00+00:00,159.249,159.249,159.249,159.249,0
2026-05-31 18:40:00+00:00,159.249,159.249,159.249,159.249,0
2026-05-31 18:41:00+00:00,159.249,159.249,159.249,159.249,0
2026-05-31 18:42:00+00:00,159.249,159.249,159.249,159.249,0
2026-05-31 18:43:00+00:00,159.249,159.249,159.249,159.249,0
2026-05-31 18:44:00+00:00,159.249,159.249,159.249,159.249,0
2026-05-31 18:45:00+00:00,159.249,159.249,159.249,159.249,0
2026-05-31 18:46:00+00:00,159.249,159.249,159.249,159.249,0
2026-05-31 18:47:00+00:00,159.249,159.249,159.249,159.249,0
2026-05-31 18:48:00+00:00,159.249,159.249,159.249,159.249,0
2026-05-31 18:49:00+00:00,159.249,159.249,159.249,159.249,0
2026-05-31 18:50:00+00:00,159.249,159.249,159.249,159.249,0
2026-05-31 18:51:00+00:00,159.249,159.249,159.249,159.249,0
2026-05-31 18:52:00+00:00,159.249,159.249,159.249,159.249,0
2026-05-31 18:53:00+00:00,159.249,159.249,159.249,159.249,0
2026-05-31 18:54:00+00:00,159.249,159.249,159.249,159.249,0
2026-05-31 18:55:00+00:00,159.249,159.249,159.249,159.249,0
2026-05-31 18:56:00+00:00,159.249,159.249,159.249,159.249,0
2026-05-31 18:57:00+00:00,159.249,159.249,159.249,159.249,0
2026-05-31 18:58:00+00:00,159.249,159.249,159.249,159.249,0
2026-05-31 18:59:00+00:00,159.249,159.249,159.249,159.249,0
2026-05-31 19:00:00+00:00,159.249,159.249,159.249,159.249,0
2026-05-31 19:01:00+00:00,159.249,159.249,159.249,159.249,0
2026-05-31 19:02:00+00:00,159.249,159.249,159.249,159.249,0
2026-05-31 19:03:00+00:00,159.249,159.249,159.249,159.249,0
2026-05-31 19:04:00+00:00,159.249,159.249,159.249,159.249,0
2026-05-31 19:05:00+00:00,159.249,159.249,159.249,159.249,0
2026-05-31 19:06:00+00:00,159.249,159.249,159.249,159.249,0
2026-05-31 19:07:00+00:00,159.249,159.249,159.249,159.249,0
2026-05-31 19:08:00+00:00,159.249,159.249,159.249,159.249,0
2026-05-31 19:09:00+00:00,159.249,159.249,159.249,159.249,0
2026-05-31 19:10:00+00:00,159.249,159.249,159.249,159.249,0
2026-05-31 19:11:00+00:00,159.249,159.249,159.249,159.249,0
2026-05-31 19:12:00+00:00,159.249,159.249,159.249,159.249,0
2026-05-31 19:13:00+00:00,159.249,159.249,159.249,159.249,0
2026-05-31 19:14:00+00:00,159.249,159.249,159.249,159.249,0
2026-05-31 19:15:00+00:00,159.249,159.249,159.249,159.249,0
2026-05-31 19:16:00+00:00,159.249,159.249,159.249,159.249,0
2026-05-31 19:17:00+00:00,159.249,159.249,159.249,159.249,0
2026-05-31 19:18:00+00:00,159.249,159.249,159.249,159.249,0
2026-05-31 19:19:00+00:00,159.249,159.249,159.249,159.249,0
2026-05-31 19:20:00+00:00,159.249,159.249,159.249,159.249,0
2026-05-31 19:21:00+00:00,159.249,159.249,159.249,159.249,0
2026-05-31 19:22:00+00:00,159.249,159.249,159.249,159.249,0
2026-05-31 19:23:00+00:00,159.249,159.249,159.249,159.249,0
2026-05-31 19:24:00+00:00,159.249,159.249,159.249,159.249,0
2026-05-31 19:25:00+00:00,159.249,159.249,159.249,159.249,0
2026-05-31 19:26:00+00:00,159.249,159.249,159.249,159.249,0
2026-05-31 19:27:00+00:00,159.249,159.249,159.249,159.249,0
2026-05-31 19:28:00+00:00,159.249,159.249,159.249,159.249,0
2026-05-31 19:29:00+00:00,159.249,159.249,159.249,159.249,0
2026-05-31 19:30:00+00:00,159.249,159.249,159.249,159.249,0
2026-05-31 19:31:00+00:00,159.249,159.249,159.249,159.249,0
2026-05-31 19:32:00+00:00,159.249,159.249,159.249,159.249,0
2026-05-31 19:33:00+00:00,159.249,159.249,159.249,159.249,0
2026-05-31 19:34:00+00:00,159.249,159.249,159.249,159.249,0
2026-05-31 19:35:00+00:00,159.249,159.249,159.249,159.249,0
2026-05-31 19:36:00+00:00,159.249,159.249,159.249,159.249,0
2026-05-31 19:37:00+00:00,159.249,159.249,159.249,159.249,0
2026-05-31 19:38:00+00:00,159.249,159.249,159.249,159.249,0
2026-05-31 19:39:00+00:00,159.249,159.249,159.249,159.249,0
2026-05-31 19:40:00+00:00,159.249,159.249,159.249,159.249,0
2026-05-31 19:41:00+00:00,159.249,159.249,159.249,159.249,0
2026-05-31 19:42:00+00:00,159.249,159.249,159.249,159.249,0
2026-05-31 19:43:00+00:00,159.249,159.249,159.249,159.249,0
2026-05-31 19:44:00+00:00,159.249,159.249,159.249,159.249,0
2026-05-31 19:45:00+00:00,159.249,159.249,159.249,159.249,0
2026-05-31 19:46:00+00:00,159.249,159.249,159.249,159.249,0
2026-05-31 19:47:00+00:00,159.249,159.249,159.249,159.249,0
2026-05-31 19:48:00+00:00,159.249,159.249,159.249,159.249,0
2026-05-31 19:49:00+00:00,159.249,159.249,159.249,159.249,0
2026-05-31 19:50:00+00:00,159.249,159.249,159.249,159.249,0
2026-05-31 19:51:00+00:00,159.249,159.249,159.249,159.249,0
2026-05-31 19:52:00+00:00,159.249,159.249,159.249,159.249,0
2026-05-31 19:53:00+00:00,159.249,159.249,159.249,159.249,0
2026-05-31 19:54:00+00:00,159.249,159.249,159.249,159.249,0
2026-05-31 19:55:00+00:00,159.249,159.249,159.249,159.249,0
2026-05-31 19:56:00+00:00,159.249,159.249,159.249,159.249,0
2026-05-31 19:57:00+00:00,159.249,159.249,159.249,159.249,0
2026-05-31 19:58:00+00:00,159.249,159.249,159.249,159.249,0
2026-05-31 19:59:00+00:00,159.249,159.249,159.249,159.249,0
2026-05-31 20:00:00+00:00,159.249,159.249,159.249,159.249,0
2026-05-31 20:01:00+00:00,159.249,159.249,159.249,159.249,0
2026-05-31 20:02:00+00:00,159.249,159.249,159.249,159.249,0
2026-05-31 20:03:00+00:00,159.249,159.249,159.249,159.249,0
2026-05-31 20:04:00+00:00,159.249,159.249,159.249,159.249,0
2026-05-31 20:05:00+00:00,159.249,159.249,159.249,159.249,0
2026-05-31 20:06:00+00:00,159.249,159.249,159.249,159.249,0
2026-05-31 20:07:00+00:00,159.249,159.249,159.249,159.249,0
2026-05-31 20:08:00+00:00,159.249,159.249,159.249,159.249,0
2026-05-31 20:09:00+00:00,159.249,159.249,159.249,159.249,0
2026-05-31 20:10:00+00:00,159.249,159.249,159.249,159.249,0
2026-05-31 20:11:00+00:00,159.249,159.249,159.249,159.249,0
2026-05-31 20:12:00+00:00,159.249,159.249,159.249,159.249,0
2026-05-31 20:13:00+00:00,159.249,159.249,159.249,159.249,0
2026-05-31 20:14:00+00:00,159.249,159.249,159.249,159.249,0
2026-05-31 20:15:00+00:00,159.249,159.249,159.249,159.249,0
2026-05-31 20:16:00+00:00,159.249,159.249,159.249,159.249,0
2026-05-31 20:17:00+00:00,159.249,159.249,159.249,159.249,0
2026-05-31 20:18:00+00:00,159.249,159.249,159.249,159.249,0
2026-05-31 20:19:00+00:00,159.249,159.249,159.249,159.249,0
2026-05-31 20:20:00+00:00,159.249,159.249,159.249,159.249,0
2026-05-31 20:21:00+00:00,159.249,159.249,159.249,159.249,0
2026-05-31 20:22:00+00:00,159.249,159.249,159.249,159.249,0
2026-05-31 20:23:00+00:00,159.249,159.249,159.249,159.249,0
2026-05-31 20:24:00+00:00,159.249,159.249,159.249,159.249,0
2026-05-31 20:25:00+00:00,159.249,159.249,159.249,159.249,0
2026-05-31 20:26:00+00:00,159.249,159.249,159.249,159.249,0
2026-05-31 20:27:00+00:00,159.249,159.249,159.249,159.249,0
2026-05-31 20:28:00+00:00,159.249,159.249,159.249,159.249,0
2026-05-31 20:29:00+00:00,159.249,159.249,159.249,159.249,0
2026-05-31 20:30:00+00:00,159.249,159.249,159.249,159.249,0
2026-05-31 20:31:00+00:00,159.249,159.249,159.249,159.249,0
2026-05-31 20:32:00+00:00,159.249,159.249,159.249,159.249,0
2026-05-31 20:33:00+00:00,159.249,159.249,159.249,159.249,0
2026-05-31 20:34:00+00:00,159.249,159.249,159.249,159.249,0
2026-05-31 20:35:00+00:00,159.249,159.249,159.249,159.249,0
2026-05-31 20:36:00+00:00,159.249,159.249,159.249,159.249,0
2026-05-31 20:37:00+00:00,159.249,159.249,159.249,159.249,0
2026-05-31 20:38:00+00:00,159.249,159.249,159.249,159.249,0
2026-05-31 20:39:00+00:00,159.249,159.249,159.249,159.249,0
2026-05-31 20:40:00+00:00,159.249,159.249,159.249,159.249,0
2026-05-31 20:41:00+00:00,159.249,159.249,159.249,159.249,0
2026-05-31 20:42:00+00:00,159.249,159.249,159.249,159.249,0
2026-05-31 20:43:00+00:00,159.249,159.249,159.249,159.249,0
2026-05-31 20:44:00+00:00,159.249,159.249,159.249,159.249,0
2026-05-31 20:45:00+00:00,159.249,159.249,159.249,159.249,0
2026-05-31 20:46:00+00:00,159.249,159.249,159.249,159.249,0
2026-05-31 20:47:00+00:00,159.249,159.249,159.249,159.249,0
2026-05-31 20:48:00+00:00,159.249,159.249,159.249,159.249,0
2026-05-31 20:49:00+00:00,159.249,159.249,159.249,159.249,0
2026-05-31 20:50:00+00:00,159.249,159.249,159.249,159.249,0
2026-05-31 20:51:00+00:00,159.249,159.249,159.249,159.249,0
2026-05-31 20:52:00+00:00,159.249,159.249,159.249,159.249,0
2026-05-31 20:53:00+00:00,159.249,159.249,159.249,159.249,0
2026-05-31 20:54:00+00:00,159.249,159.249,159.249,159.249,0
2026-05-31 20:55:00+00:00,159.249,159.249,159.249,159.249,0
2026-05-31 20:56:00+00:00,159.249,159.249,159.249,159.249,0
2026-05-31 20:57:00+00:00,159.249,159.249,159.249,159.249,0
2026-05-31 20:58:00+00:00,159.249,159.249,159.249,159.249,0
2026-05-31 20:59:00+00:00,159.249,159.249,159.249,159.249,0
2026-05-31 21:00:00+00:00,159.344,159.352,159.344,159.352,0
2026-05-31 21:01:00+00:00,159.352,159.352,159.352,159.352,0
2026-05-31 21:02:00+00:00,159.352,159.352,159.352,159.352,0
2026-05-31 21:03:00+00:00,159.352,159.352,159.352,159.352,0
2026-05-31 21:04:00+00:00,159.352,159.352,159.352,159.352,0
2026-05-31 21:05:00+00:00,159.333,159.349,159.333,159.346,0
2026-05-31 21:06:00+00:00,159.346,159.349,159.344,159.349,0
2026-05-31 21:07:00+00:00,159.349,159.349,159.349,159.349,0
2026-05-31 21:08:00+00:00,159.347,159.347,159.346,159.346,0
2026-05-31 21:09:00+00:00,159.346,159.346,159.346,159.346,0
2026-05-31 21:10:00+00:00,159.347,159.347,159.346,159.346,0
2026-05-31 21:11:00+00:00,159.346,159.346,159.346,159.346,0
2026-05-31 21:12:00+00:00,159.348,159.348,159.346,159.346,0
2026-05-31 21:13:00+00:00,159.349,159.349,159.349,159.349,0
2026-05-31 21:14:00+00:00,159.35,159.352,159.35,159.352,0
2026-05-31 21:15:00+00:00,159.351,159.352,159.35,159.35,0
2026-05-31 21:16:00+00:00,159.353,159.353,159.353,159.353,0
2026-05-31 21:17:00+00:00,159.354,159.354,159.354,159.354,0
2026-05-31 21:18:00+00:00,159.353,159.353,159.353,159.353,0
2026-05-31 21:19:00+00:00,159.353,159.353,159.353,159.353,0
2026-05-31 21:20:00+00:00,159.356,159.356,159.356,159.356,0
2026-05-31 21:21:00+00:00,159.356,159.356,159.356,159.356,0
2026-05-31 21:22:00+00:00,159.346,159.346,159.346,159.346,0
2026-05-31 21:23:00+00:00,159.346,159.346,159.346,159.346,0
2026-05-31 21:24:00+00:00,159.346,159.346,159.346,159.346,0
2026-05-31 21:25:00+00:00,159.343,159.343,159.343,159.343,0
2026-05-31 21:26:00+00:00,159.343,159.343,159.343,159.343,0
2026-05-31 21:27:00+00:00,159.343,159.343,159.343,159.343,0
2026-05-31 21:28:00+00:00,159.343,159.343,159.343,159.343,0
2026-05-31 21:29:00+00:00,159.343,159.343,159.343,159.343,0
2026-05-31 21:30:00+00:00,159.343,159.343,159.343,159.343,0
2026-05-31 21:31:00+00:00,159.343,159.343,159.343,159.343,0
2026-05-31 21:32:00+00:00,159.351,159.352,159.351,159.352,0
2026-05-31 21:33:00+00:00,159.352,159.352,159.343,159.343,0
2026-05-31 21:34:00+00:00,159.339,159.339,159.339,159.339,0
2026-05-31 21:35:00+00:00,159.347,159.347,159.347,159.347,0
2026-05-31 21:36:00+00:00,159.348,159.348,159.348,159.348,0
2026-05-31 21:37:00+00:00,159.353,159.353,159.323,159.323,0
2026-05-31 21:38:00+00:00,159.324,159.324,159.324,159.324,0
2026-05-31 21:39:00+00:00,159.324,159.324,159.324,159.324,0
2026-05-31 21:40:00+00:00,159.325,159.325,159.322,159.322,0
2026-05-31 21:41:00+00:00,159.322,159.322,159.322,159.322,0
2026-05-31 21:42:00+00:00,159.323,159.323,159.323,159.323,0
2026-05-31 21:43:00+00:00,159.323,159.323,159.323,159.323,0
2026-05-31 21:44:00+00:00,159.323,159.323,159.323,159.323,0
2026-05-31 21:45:00+00:00,159.323,159.323,159.323,159.323,0
2026-05-31 21:46:00+00:00,159.323,159.323,159.323,159.323,0
2026-05-31 21:47:00+00:00,159.323,159.323,159.323,159.323,0
2026-05-31 21:48:00+00:00,159.323,159.323,159.323,159.323,0
2026-05-31 21:49:00+00:00,159.327,159.342,159.327,159.341,0
2026-05-31 21:50:00+00:00,159.34,159.342,159.34,159.341,0
2026-05-31 21:51:00+00:00,159.341,159.341,159.341,159.341,0
2026-05-31 21:52:00+00:00,159.336,159.336,159.336,159.336,0
2026-05-31 21:53:00+00:00,159.34,159.34,159.34,159.34,0
2026-05-31 21:54:00+00:00,159.336,159.336,159.336,159.336,0
2026-05-31 21:55:00+00:00,159.335,159.341,159.335,159.34,0
2026-05-31 21:56:00+00:00,159.343,159.343,159.343,159.343,0
2026-05-31 21:57:00+00:00,159.341,159.341,159.341,159.341,0
2026-05-31 21:58:00+00:00,159.342,159.342,159.336,159.336,0
2026-05-31 21:59:00+00:00,159.339,159.339,159.336,159.336,0
2026-05-31 22:00:00+00:00,159.336,159.346,159.319,159.344,0
2026-05-31 22:01:00+00:00,159.35,159.387,159.343,159.376,0
2026-05-31 22:02:00+00:00,159.382,159.401,159.37,159.393,0
2026-05-31 22:03:00+00:00,159.393,159.402,159.367,159.381,0
2026-05-31 22:04:00+00:00,159.38,159.398,159.374,159.382,0
2026-05-31 22:05:00+00:00,159.382,159.408,159.377,159.402,0
2026-05-31 22:06:00+00:00,159.403,159.414,159.4,159.414,0
2026-05-31 22:07:00+00:00,159.413,159.414,159.376,159.386,0
2026-05-31 22:08:00+00:00,159.389,159.393,159.371,159.38,0
2026-05-31 22:09:00+00:00,159.38,159.388,159.38,159.384,0
2026-05-31 22:10:00+00:00,159.386,159.39,159.375,159.378,0
2026-05-31 22:11:00+00:00,159.378,159.379,159.375,159.376,0
2026-05-31 22:12:00+00:00,159.376,159.393,159.372,159.387,0
2026-05-31 22:13:00+00:00,159.387,159.39,159.373,159.373,0
2026-05-31 22:14:00+00:00,159.371,159.381,159.371,159.373,0
2026-05-31 22:15:00+00:00,159.371,159.378,159.368,159.378,0
2026-05-31 22:16:00+00:00,159.381,159.387,159.372,159.378,0
2026-05-31 22:17:00+00:00,159.379,159.384,159.372,159.379,0
2026-05-31 22:18:00+00:00,159.378,159.39,159.373,159.385,0
2026-05-31 22:19:00+00:00,159.385,159.391,159.383,159.389,0
2026-05-31 22:20:00+00:00,159.389,159.389,159.388,159.389,0
2026-05-31 22:21:00+00:00,159.389,159.389,159.384,159.385,0
2026-05-31 22:22:00+00:00,159.379,159.381,159.376,159.376,0
2026-05-31 22:23:00+00:00,159.384,159.386,159.379,159.382,0
2026-05-31 22:24:00+00:00,159.382,159.389,159.378,159.383,0
2026-05-31 22:25:00+00:00,159.385,159.399,159.385,159.392,0
2026-05-31 22:26:00+00:00,159.392,159.405,159.392,159.397,0
2026-05-31 22:27:00+00:00,159.397,159.404,159.392,159.402,0
2026-05-31 22:28:00+00:00,159.398,159.411,159.394,159.406,0
2026-05-31 22:29:00+00:00,159.401,159.405,159.401,159.405,0
2026-05-31 22:30:00+00:00,159.405,159.421,159.397,159.419,0
2026-05-31 22:31:00+00:00,159.42,159.421,159.415,159.415,0
2026-05-31 22:32:00+00:00,159.416,159.422,159.401,159.409,0
2026-05-31 22:33:00+00:00,159.409,159.421,159.408,159.421,0
2026-05-31 22:34:00+00:00,159.421,159.431,159.412,159.414,0
2026-05-31 22:35:00+00:00,159.418,159.421,159.405,159.408,0
2026-05-31 22:36:00+00:00,159.409,159.412,159.406,159.408,0
2026-05-31 22:37:00+00:00,159.409,159.42,159.407,159.414,0
2026-05-31 22:38:00+00:00,159.413,159.423,159.412,159.42,0
2026-05-31 22:39:00+00:00,159.421,159.422,159.409,159.411,0
2026-05-31 22:40:00+00:00,159.412,159.422,159.411,159.418,0
2026-05-31 22:41:00+00:00,159.417,159.422,159.412,159.419,0
2026-05-31 22:42:00+00:00,159.418,159.419,159.403,159.405,0
2026-05-31 22:43:00+00:00,159.41,159.41,159.405,159.407,0
2026-05-31 22:44:00+00:00,159.406,159.411,159.406,159.407,0
2026-05-31 22:45:00+00:00,159.406,159.407,159.405,159.406,0
2026-05-31 22:46:00+00:00,159.407,159.41,159.406,159.407,0
2026-05-31 22:47:00+00:00,159.409,159.411,159.406,159.408,0
2026-05-31 22:48:00+00:00,159.409,159.416,159.407,159.408,0
2026-05-31 22:49:00+00:00,159.411,159.411,159.409,159.409,0
2026-05-31 22:50:00+00:00,159.407,159.407,159.402,159.402,0
2026-05-31 22:51:00+00:00,159.401,159.402,159.39,159.393,0
2026-05-31 22:52:00+00:00,159.393,159.393,159.393,159.393,0
2026-05-31 22:53:00+00:00,159.393,159.394,159.389,159.39,0
2026-05-31 22:54:00+00:00,159.392,159.393,159.382,159.385,0
2026-05-31 22:55:00+00:00,159.383,159.387,159.383,159.386,0
2026-05-31 22:56:00+00:00,159.387,159.387,159.386,159.387,0
2026-05-31 22:57:00+00:00,159.387,159.387,159.374,159.378,0
2026-05-31 22:58:00+00:00,159.376,159.38,159.371,159.378,0
2026-05-31 22:59:00+00:00,159.378,159.387,159.378,159.386,0
2026-05-31 23:00:00+00:00,159.385,159.396,159.378,159.38,0
2026-05-31 23:01:00+00:00,159.38,159.384,159.375,159.384,0
2026-05-31 23:02:00+00:00,159.385,159.388,159.382,159.384,0
2026-05-31 23:03:00+00:00,159.384,159.386,159.382,159.384,0
2026-05-31 23:04:00+00:00,159.384,159.389,159.381,159.388,0
2026-05-31 23:05:00+00:00,159.386,159.388,159.385,159.387,0
2026-05-31 23:06:00+00:00,159.387,159.388,159.386,159.386,0
2026-05-31 23:07:00+00:00,159.385,159.386,159.37,159.372,0
2026-05-31 23:08:00+00:00,159.372,159.379,159.369,159.371,0
2026-05-31 23:09:00+00:00,159.371,159.374,159.37,159.373,0
2026-05-31 23:10:00+00:00,159.373,159.387,159.372,159.386,0
2026-05-31 23:11:00+00:00,159.387,159.387,159.384,159.387,0
2026-05-31 23:12:00+00:00,159.387,159.387,159.383,159.387,0
2026-05-31 23:13:00+00:00,159.387,159.387,159.382,159.385,0
2026-05-31 23:14:00+00:00,159.385,159.386,159.384,159.385,0
2026-05-31 23:15:00+00:00,159.385,159.386,159.384,159.386,0
2026-05-31 23:16:00+00:00,159.385,159.386,159.385,159.386,0
2026-05-31 23:17:00+00:00,159.386,159.386,159.385,159.385,0
2026-05-31 23:18:00+00:00,159.386,159.387,159.385,159.387,0
2026-05-31 23:19:00+00:00,159.386,159.386,159.384,159.385,0
2026-05-31 23:20:00+00:00,159.385,159.385,159.384,159.384,0
2026-05-31 23:21:00+00:00,159.384,159.389,159.383,159.386,0
2026-05-31 23:22:00+00:00,159.385,159.385,159.385,159.385,0
2026-05-31 23:23:00+00:00,159.386,159.386,159.383,159.384,0
2026-05-31 23:24:00+00:00,159.385,159.385,159.382,159.382,0
2026-05-31 23:25:00+00:00,159.383,159.387,159.383,159.384,0
2026-05-31 23:26:00+00:00,159.381,159.381,159.37,159.371,0
2026-05-31 23:27:00+00:00,159.371,159.376,159.371,159.371,0
2026-05-31 23:28:00+00:00,159.371,159.371,159.367,159.371,0
2026-05-31 23:29:00+00:00,159.372,159.374,159.372,159.374,0
2026-05-31 23:30:00+00:00,159.373,159.377,159.373,159.374,0
2026-05-31 23:31:00+00:00,159.373,159.373,159.372,159.373,0
2026-05-31 23:32:00+00:00,159.374,159.374,159.374,159.374,0
2026-05-31 23:33:00+00:00,159.373,159.373,159.373,159.373,0
2026-05-31 23:34:00+00:00,159.374,159.376,159.373,159.374,0
2026-05-31 23:35:00+00:00,159.374,159.374,159.374,159.374,0
2026-05-31 23:36:00+00:00,159.376,159.378,159.374,159.378,0
2026-05-31 23:37:00+00:00,159.377,159.378,159.366,159.366,0
2026-05-31 23:38:00+00:00,159.366,159.377,159.366,159.375,0
2026-05-31 23:39:00+00:00,159.377,159.378,159.376,159.376,0
2026-05-31 23:40:00+00:00,159.373,159.375,159.373,159.374,0
2026-05-31 23:41:00+00:00,159.374,159.374,159.374,159.374,0
2026-05-31 23:42:00+00:00,159.373,159.373,159.373,159.373,0
2026-05-31 23:43:00+00:00,159.372,159.373,159.366,159.372,0
2026-05-31 23:44:00+00:00,159.373,159.373,159.338,159.341,0
2026-05-31 23:45:00+00:00,159.339,159.341,159.297,159.338,0
2026-05-31 23:46:00+00:00,159.339,159.355,159.339,159.345,0
2026-05-31 23:47:00+00:00,159.345,159.354,159.344,159.353,0
2026-05-31 23:48:00+00:00,159.348,159.348,159.324,159.326,0
2026-05-31 23:49:00+00:00,159.326,159.336,159.324,159.326,0
2026-05-31 23:50:00+00:00,159.328,159.337,159.326,159.334,0
2026-05-31 23:51:00+00:00,159.336,159.336,159.325,159.325,0
2026-05-31 23:52:00+00:00,159.323,159.339,159.323,159.339,0
2026-05-31 23:53:00+00:00,159.337,159.341,159.337,159.341,0
2026-05-31 23:54:00+00:00,159.338,159.352,159.338,159.349,0
2026-05-31 23:55:00+00:00,159.349,159.352,159.344,159.35,0
2026-05-31 23:56:00+00:00,159.35,159.353,159.348,159.351,0
2026-05-31 23:57:00+00:00,159.351,159.355,159.351,159.355,0
2026-05-31 23:58:00+00:00,159.355,159.362,159.351,159.36,0
2026-05-31 23:59:00+00:00,159.36,159.363,159.359,159.359,0
