ts_event,open,high,low,close,volume
2026-05-22 06:40:00+00:00,1.16062,1.16062,1.16052,1.16057,0
2026-05-22 06:41:00+00:00,1.16057,1.16064,1.16053,1.16064,0
2026-05-22 06:42:00+00:00,1.16066,1.16073,1.16059,1.16068,0
2026-05-22 06:43:00+00:00,1.16067,1.16068,1.16063,1.16064,0
2026-05-22 06:44:00+00:00,1.16065,1.16096,1.16063,1.16094,0
2026-05-22 06:45:00+00:00,1.16096,1.16097,1.16078,1.16084,0
2026-05-22 06:46:00+00:00,1.16083,1.16099,1.16083,1.16098,0
2026-05-22 06:47:00+00:00,1.16101,1.16103,1.16093,1.16094,0
2026-05-22 06:48:00+00:00,1.16095,1.16106,1.16095,1.16103,0
2026-05-22 06:49:00+00:00,1.16102,1.16102,1.16089,1.16089,0
2026-05-22 06:50:00+00:00,1.1609,1.16092,1.16086,1.16087,0
2026-05-22 06:51:00+00:00,1.16087,1.16088,1.16079,1.16079,0
2026-05-22 06:52:00+00:00,1.16078,1.16079,1.16073,1.16075,0
2026-05-22 06:53:00+00:00,1.16076,1.16081,1.16067,1.16081,0
2026-05-22 06:54:00+00:00,1.16082,1.16083,1.16056,1.16065,0
2026-05-22 06:55:00+00:00,1.16067,1.16104,1.16067,1.16104,0
2026-05-22 06:56:00+00:00,1.16103,1.16107,1.16099,1.16103,0
2026-05-22 06:57:00+00:00,1.16103,1.16106,1.16098,1.16098,0
2026-05-22 06:58:00+00:00,1.16097,1.16101,1.16092,1.16097,0
2026-05-22 06:59:00+00:00,1.16098,1.161,1.16092,1.16098,0
2026-05-22 07:00:00+00:00,1.16096,1.16097,1.16056,1.16064,0
2026-05-22 07:01:00+00:00,1.16064,1.16064,1.16051,1.16053,0
2026-05-22 07:02:00+00:00,1.16053,1.16058,1.16038,1.16043,0
2026-05-22 07:03:00+00:00,1.16042,1.16055,1.16039,1.16054,0
2026-05-22 07:04:00+00:00,1.16053,1.16054,1.16047,1.16053,0
2026-05-22 07:05:00+00:00,1.16054,1.16054,1.16039,1.16043,0
2026-05-22 07:06:00+00:00,1.16044,1.16047,1.1604,1.16043,0
2026-05-22 07:07:00+00:00,1.16045,1.16049,1.16033,1.16033,0
2026-05-22 07:08:00+00:00,1.16033,1.16045,1.16033,1.16042,0
2026-05-22 07:09:00+00:00,1.16044,1.16049,1.16038,1.16046,0
2026-05-22 07:10:00+00:00,1.16046,1.16054,1.16036,1.16036,0
2026-05-22 07:11:00+00:00,1.16037,1.16043,1.16036,1.1604,0
2026-05-22 07:12:00+00:00,1.16038,1.16038,1.16025,1.1603,0
2026-05-22 07:13:00+00:00,1.16028,1.16033,1.16023,1.16025,0
2026-05-22 07:14:00+00:00,1.16027,1.16029,1.16012,1.16019,0
2026-05-22 07:15:00+00:00,1.16021,1.16043,1.16021,1.16043,0
2026-05-22 07:16:00+00:00,1.16043,1.16044,1.16035,1.16043,0
2026-05-22 07:17:00+00:00,1.16045,1.1605,1.16039,1.16048,0
2026-05-22 07:18:00+00:00,1.16046,1.16046,1.16029,1.16031,0
2026-05-22 07:19:00+00:00,1.16033,1.16038,1.16032,1.16033,0
2026-05-22 07:20:00+00:00,1.16032,1.16038,1.16026,1.16029,0
2026-05-22 07:21:00+00:00,1.16029,1.16044,1.16028,1.16043,0
2026-05-22 07:22:00+00:00,1.16044,1.16063,1.16043,1.16062,0
2026-05-22 07:23:00+00:00,1.1606,1.16069,1.1606,1.16062,0
2026-05-22 07:24:00+00:00,1.16061,1.16065,1.16059,1.16062,0
2026-05-22 07:25:00+00:00,1.1606,1.16061,1.16052,1.16061,0
2026-05-22 07:26:00+00:00,1.16059,1.16062,1.16058,1.1606,0
2026-05-22 07:27:00+00:00,1.16061,1.16064,1.1606,1.16063,0
2026-05-22 07:28:00+00:00,1.1606,1.16067,1.16055,1.16067,0
2026-05-22 07:29:00+00:00,1.1607,1.16085,1.1607,1.16085,0
2026-05-22 07:30:00+00:00,1.16082,1.16082,1.16065,1.16068,0
2026-05-22 07:31:00+00:00,1.1607,1.1607,1.16056,1.1606,0
2026-05-22 07:32:00+00:00,1.16061,1.16066,1.16052,1.16056,0
2026-05-22 07:33:00+00:00,1.16054,1.16071,1.16052,1.16071,0
2026-05-22 07:34:00+00:00,1.16069,1.16069,1.16061,1.16068,0
2026-05-22 07:35:00+00:00,1.16066,1.16075,1.16061,1.16068,0
2026-05-22 07:36:00+00:00,1.1607,1.1607,1.16047,1.1605,0
2026-05-22 07:37:00+00:00,1.16048,1.16069,1.16048,1.16067,0
2026-05-22 07:38:00+00:00,1.16068,1.16071,1.16064,1.16067,0
2026-05-22 07:39:00+00:00,1.16065,1.16065,1.16052,1.16052,0
2026-05-22 07:40:00+00:00,1.16054,1.16067,1.16053,1.16067,0
2026-05-22 07:41:00+00:00,1.16066,1.16069,1.16059,1.16062,0
2026-05-22 07:42:00+00:00,1.16062,1.16064,1.16058,1.16063,0
2026-05-22 07:43:00+00:00,1.16062,1.16069,1.16057,1.16063,0
2026-05-22 07:44:00+00:00,1.16063,1.16065,1.16059,1.16062,0
2026-05-22 07:45:00+00:00,1.16062,1.16062,1.16054,1.16058,0
2026-05-22 07:46:00+00:00,1.16057,1.1606,1.16051,1.16054,0
2026-05-22 07:47:00+00:00,1.16054,1.16063,1.16053,1.16059,0
2026-05-22 07:48:00+00:00,1.16058,1.16065,1.16058,1.16063,0
2026-05-22 07:49:00+00:00,1.16062,1.16064,1.16059,1.16063,0
2026-05-22 07:50:00+00:00,1.16067,1.16069,1.16059,1.16064,0
2026-05-22 07:51:00+00:00,1.16066,1.16069,1.16062,1.16062,0
2026-05-22 07:52:00+00:00,1.16063,1.16079,1.16063,1.16079,0
2026-05-22 07:53:00+00:00,1.16077,1.16077,1.16063,1.16063,0
2026-05-22 07:54:00+00:00,1.16065,1.16072,1.16059,1.16059,0
2026-05-22 07:55:00+00:00,1.16058,1.16067,1.16053,1.16067,0
2026-05-22 07:56:00+00:00,1.16067,1.16077,1.16064,1.16077,0
2026-05-22 07:57:00+00:00,1.16078,1.16093,1.16078,1.16089,0
2026-05-22 07:58:00+00:00,1.16089,1.1609,1.16086,1.1609,0
2026-05-22 07:59:00+00:00,1.16089,1.16089,1.16081,1.16083,0
2026-05-22 08:00:00+00:00,1.16081,1.16094,1.16076,1.16078,0
2026-05-22 08:01:00+00:00,1.16077,1.16085,1.16068,1.16084,0
2026-05-22 08:02:00+00:00,1.16083,1.16096,1.16082,1.16093,0
2026-05-22 08:03:00+00:00,1.16092,1.16104,1.16092,1.16103,0
2026-05-22 08:04:00+00:00,1.16102,1.16102,1.16086,1.16088,0
2026-05-22 08:05:00+00:00,1.16086,1.16089,1.16073,1.16074,0
2026-05-22 08:06:00+00:00,1.16076,1.16078,1.16066,1.16066,0
2026-05-22 08:07:00+00:00,1.16065,1.16075,1.16061,1.16064,0
2026-05-22 08:08:00+00:00,1.16062,1.16069,1.16058,1.16058,0
2026-05-22 08:09:00+00:00,1.1606,1.16077,1.1606,1.16066,0
2026-05-22 08:10:00+00:00,1.16066,1.16072,1.16059,1.16072,0
2026-05-22 08:11:00+00:00,1.16072,1.16078,1.16072,1.16074,0
2026-05-22 08:12:00+00:00,1.16074,1.16076,1.16069,1.16069,0
2026-05-22 08:13:00+00:00,1.1607,1.16072,1.16061,1.16061,0
2026-05-22 08:14:00+00:00,1.16062,1.16063,1.16058,1.16061,0
2026-05-22 08:15:00+00:00,1.16063,1.16084,1.16061,1.16081,0
2026-05-22 08:16:00+00:00,1.1608,1.16095,1.16075,1.1609,0
2026-05-22 08:17:00+00:00,1.1609,1.16102,1.1609,1.16102,0
2026-05-22 08:18:00+00:00,1.16104,1.16111,1.16097,1.16107,0
2026-05-22 08:19:00+00:00,1.16107,1.16117,1.16106,1.16116,0
2026-05-22 08:20:00+00:00,1.16116,1.16156,1.16116,1.16156,0
2026-05-22 08:21:00+00:00,1.16156,1.16157,1.16123,1.16123,0
2026-05-22 08:22:00+00:00,1.16121,1.16121,1.16101,1.16105,0
2026-05-22 08:23:00+00:00,1.16107,1.16107,1.16096,1.16103,0
2026-05-22 08:24:00+00:00,1.16105,1.16113,1.16104,1.16113,0
2026-05-22 08:25:00+00:00,1.16111,1.1612,1.16101,1.16117,0
2026-05-22 08:26:00+00:00,1.16115,1.16124,1.16111,1.16123,0
2026-05-22 08:27:00+00:00,1.16121,1.16121,1.16107,1.16107,0
2026-05-22 08:28:00+00:00,1.16107,1.1611,1.16099,1.16099,0
2026-05-22 08:29:00+00:00,1.16101,1.16113,1.16097,1.16111,0
2026-05-22 08:30:00+00:00,1.16112,1.16122,1.16108,1.16112,0
2026-05-22 08:31:00+00:00,1.16112,1.16113,1.16104,1.16113,0
2026-05-22 08:32:00+00:00,1.16111,1.16111,1.16098,1.16099,0
2026-05-22 08:33:00+00:00,1.16098,1.16098,1.16087,1.16092,0
2026-05-22 08:34:00+00:00,1.1609,1.16092,1.16061,1.16071,0
2026-05-22 08:35:00+00:00,1.16072,1.16073,1.16032,1.16058,0
2026-05-22 08:36:00+00:00,1.1606,1.16073,1.1605,1.16073,0
2026-05-22 08:37:00+00:00,1.16073,1.16094,1.1607,1.16077,0
2026-05-22 08:38:00+00:00,1.16074,1.16094,1.16066,1.16088,0
2026-05-22 08:39:00+00:00,1.16085,1.16088,1.16071,1.16071,0
2026-05-22 08:40:00+00:00,1.16071,1.16083,1.16067,1.16079,0
2026-05-22 08:41:00+00:00,1.16077,1.16083,1.1607,1.16078,0
2026-05-22 08:42:00+00:00,1.16078,1.16088,1.16075,1.16081,0
2026-05-22 08:43:00+00:00,1.16083,1.16093,1.16083,1.16087,0
2026-05-22 08:44:00+00:00,1.16086,1.16087,1.16067,1.16072,0
2026-05-22 08:45:00+00:00,1.16075,1.16086,1.16075,1.16082,0
2026-05-22 08:46:00+00:00,1.16084,1.16089,1.16083,1.16084,0
2026-05-22 08:47:00+00:00,1.16085,1.16088,1.1608,1.16087,0
2026-05-22 08:48:00+00:00,1.16088,1.16102,1.16088,1.16101,0
2026-05-22 08:49:00+00:00,1.161,1.161,1.16087,1.16092,0
2026-05-22 08:50:00+00:00,1.16093,1.16098,1.16081,1.16098,0
2026-05-22 08:51:00+00:00,1.16097,1.16098,1.16085,1.16086,0
2026-05-22 08:52:00+00:00,1.16083,1.16092,1.16071,1.1609,0
2026-05-22 08:53:00+00:00,1.16093,1.16093,1.16074,1.16076,0
2026-05-22 08:54:00+00:00,1.16075,1.16078,1.16069,1.16072,0
2026-05-22 08:55:00+00:00,1.16071,1.16074,1.16067,1.1607,0
2026-05-22 08:56:00+00:00,1.16071,1.16074,1.16063,1.16065,0
2026-05-22 08:57:00+00:00,1.16064,1.16069,1.16058,1.16062,0
2026-05-22 08:58:00+00:00,1.16062,1.16077,1.16062,1.16071,0
2026-05-22 08:59:00+00:00,1.16073,1.16078,1.16071,1.16076,0
2026-05-22 09:00:00+00:00,1.16076,1.16078,1.16063,1.1607,0
2026-05-22 09:01:00+00:00,1.16069,1.16077,1.16061,1.16064,0
2026-05-22 09:02:00+00:00,1.16063,1.16079,1.16063,1.16075,0
2026-05-22 09:03:00+00:00,1.16074,1.16077,1.16063,1.16064,0
2026-05-22 09:04:00+00:00,1.16062,1.16065,1.16062,1.16063,0
2026-05-22 09:05:00+00:00,1.16063,1.16064,1.16059,1.16064,0
2026-05-22 09:06:00+00:00,1.16065,1.16065,1.16057,1.16059,0
2026-05-22 09:07:00+00:00,1.16059,1.16062,1.16043,1.1605,0
2026-05-22 09:08:00+00:00,1.1605,1.16053,1.16032,1.16033,0
2026-05-22 09:09:00+00:00,1.16031,1.16033,1.16023,1.16032,0
2026-05-22 09:10:00+00:00,1.16032,1.16038,1.16029,1.16036,0
2026-05-22 09:11:00+00:00,1.16037,1.16037,1.1602,1.1602,0
2026-05-22 09:12:00+00:00,1.16021,1.16021,1.16007,1.16011,0
2026-05-22 09:13:00+00:00,1.16013,1.16016,1.16008,1.16008,0
2026-05-22 09:14:00+00:00,1.16008,1.16009,1.15993,1.15997,0
2026-05-22 09:15:00+00:00,1.15998,1.15999,1.15982,1.15985,0
2026-05-22 09:16:00+00:00,1.15983,1.15994,1.15983,1.15987,0
2026-05-22 09:17:00+00:00,1.15986,1.15986,1.1596,1.15961,0
2026-05-22 09:18:00+00:00,1.15964,1.15972,1.15964,1.15967,0
2026-05-22 09:19:00+00:00,1.15969,1.1598,1.15969,1.15977,0
2026-05-22 09:20:00+00:00,1.15978,1.15989,1.15978,1.15986,0
2026-05-22 09:21:00+00:00,1.15988,1.1599,1.15984,1.15989,0
2026-05-22 09:22:00+00:00,1.15989,1.15993,1.15983,1.15987,0
2026-05-22 09:23:00+00:00,1.15986,1.1599,1.15982,1.15989,0
2026-05-22 09:24:00+00:00,1.15988,1.15992,1.15985,1.15989,0
2026-05-22 09:25:00+00:00,1.15988,1.15991,1.15983,1.15985,0
2026-05-22 09:26:00+00:00,1.15986,1.15994,1.15983,1.15994,0
2026-05-22 09:27:00+00:00,1.15994,1.16003,1.15992,1.16002,0
2026-05-22 09:28:00+00:00,1.16002,1.16009,1.16001,1.16008,0
2026-05-22 09:29:00+00:00,1.16007,1.16007,1.1599,1.15992,0
2026-05-22 09:30:00+00:00,1.15992,1.15993,1.15985,1.15987,0
2026-05-22 09:31:00+00:00,1.15988,1.15993,1.15981,1.15993,0
2026-05-22 09:32:00+00:00,1.15995,1.16004,1.15994,1.15998,0
2026-05-22 09:33:00+00:00,1.15998,1.15999,1.15993,1.15994,0
2026-05-22 09:34:00+00:00,1.15995,1.15997,1.15982,1.15987,0
2026-05-22 09:35:00+00:00,1.15986,1.15994,1.15986,1.15989,0
2026-05-22 09:36:00+00:00,1.1599,1.15996,1.15989,1.15996,0
2026-05-22 09:37:00+00:00,1.15996,1.16003,1.15996,1.16002,0
2026-05-22 09:38:00+00:00,1.16002,1.16014,1.16002,1.16014,0
2026-05-22 09:39:00+00:00,1.16016,1.16031,1.16016,1.16029,0
2026-05-22 09:40:00+00:00,1.16029,1.16036,1.16027,1.16036,0
2026-05-22 09:41:00+00:00,1.16035,1.16039,1.1603,1.16036,0
2026-05-22 09:42:00+00:00,1.16038,1.16038,1.16019,1.16021,0
2026-05-22 09:43:00+00:00,1.1602,1.1602,1.16016,1.16017,0
2026-05-22 09:44:00+00:00,1.16019,1.16024,1.16016,1.16021,0
2026-05-22 09:45:00+00:00,1.16021,1.16028,1.16021,1.16026,0
2026-05-22 09:46:00+00:00,1.16027,1.16027,1.16022,1.16024,0
2026-05-22 09:47:00+00:00,1.16023,1.16029,1.16023,1.16029,0
2026-05-22 09:48:00+00:00,1.16029,1.1603,1.16026,1.16026,0
2026-05-22 09:49:00+00:00,1.16024,1.16039,1.16024,1.16036,0
2026-05-22 09:50:00+00:00,1.16036,1.16042,1.16036,1.16041,0
2026-05-22 09:51:00+00:00,1.16042,1.16047,1.16038,1.16046,0
2026-05-22 09:52:00+00:00,1.16047,1.16049,1.16038,1.16038,0
2026-05-22 09:53:00+00:00,1.1604,1.16048,1.16039,1.16048,0
2026-05-22 09:54:00+00:00,1.16049,1.16056,1.16047,1.16049,0
2026-05-22 09:55:00+00:00,1.16049,1.16054,1.16047,1.16052,0
2026-05-22 09:56:00+00:00,1.16052,1.16052,1.16045,1.16046,0
2026-05-22 09:57:00+00:00,1.16044,1.16048,1.16043,1.16044,0
2026-05-22 09:58:00+00:00,1.16043,1.16044,1.16034,1.16034,0
2026-05-22 09:59:00+00:00,1.16035,1.16041,1.16034,1.16041,0
2026-05-22 10:00:00+00:00,1.16042,1.16049,1.16039,1.16045,0
2026-05-22 10:01:00+00:00,1.16046,1.16046,1.16034,1.16034,0
2026-05-22 10:02:00+00:00,1.16033,1.16049,1.16026,1.16048,0
2026-05-22 10:03:00+00:00,1.16047,1.16047,1.16039,1.16039,0
2026-05-22 10:04:00+00:00,1.16037,1.16042,1.16037,1.16038,0
2026-05-22 10:05:00+00:00,1.16041,1.16052,1.16041,1.16049,0
2026-05-22 10:06:00+00:00,1.16048,1.16055,1.16048,1.16054,0
2026-05-22 10:07:00+00:00,1.16057,1.16059,1.16053,1.16054,0
2026-05-22 10:08:00+00:00,1.16054,1.16064,1.16052,1.16062,0
2026-05-22 10:09:00+00:00,1.16063,1.16067,1.16063,1.16064,0
2026-05-22 10:10:00+00:00,1.16064,1.16067,1.16063,1.16065,0
2026-05-22 10:11:00+00:00,1.16065,1.16066,1.16064,1.16066,0
2026-05-22 10:12:00+00:00,1.16067,1.16074,1.16065,1.16074,0
2026-05-22 10:13:00+00:00,1.16074,1.16077,1.16065,1.16065,0
2026-05-22 10:14:00+00:00,1.16064,1.16064,1.16035,1.16036,0
2026-05-22 10:15:00+00:00,1.16033,1.16037,1.16032,1.16034,0
2026-05-22 10:16:00+00:00,1.16033,1.16036,1.16032,1.16034,0
2026-05-22 10:17:00+00:00,1.16038,1.16046,1.16038,1.16044,0
2026-05-22 10:18:00+00:00,1.16046,1.16057,1.16046,1.16056,0
2026-05-22 10:19:00+00:00,1.16057,1.16057,1.16044,1.16046,0
2026-05-22 10:20:00+00:00,1.16046,1.1605,1.16028,1.16028,0
2026-05-22 10:21:00+00:00,1.16029,1.16036,1.16029,1.16036,0
2026-05-22 10:22:00+00:00,1.16035,1.16037,1.16023,1.16023,0
2026-05-22 10:23:00+00:00,1.16023,1.16023,1.16016,1.1602,0
2026-05-22 10:24:00+00:00,1.16021,1.16027,1.16019,1.16025,0
2026-05-22 10:25:00+00:00,1.16025,1.16025,1.16021,1.16022,0
2026-05-22 10:26:00+00:00,1.16022,1.16022,1.16017,1.16019,0
2026-05-22 10:27:00+00:00,1.16019,1.16022,1.16017,1.16021,0
2026-05-22 10:28:00+00:00,1.16019,1.16022,1.16016,1.16017,0
2026-05-22 10:29:00+00:00,1.16015,1.16015,1.16001,1.16002,0
2026-05-22 10:30:00+00:00,1.16001,1.16013,1.15999,1.16006,0
2026-05-22 10:31:00+00:00,1.16004,1.16004,1.15991,1.15996,0
2026-05-22 10:32:00+00:00,1.15995,1.15998,1.15985,1.15993,0
2026-05-22 10:33:00+00:00,1.15993,1.15995,1.15987,1.15989,0
2026-05-22 10:34:00+00:00,1.15989,1.15989,1.15975,1.15977,0
2026-05-22 10:35:00+00:00,1.15978,1.15988,1.15972,1.15984,0
2026-05-22 10:36:00+00:00,1.15985,1.15988,1.1598,1.1598,0
2026-05-22 10:37:00+00:00,1.1598,1.15992,1.15977,1.15984,0
2026-05-22 10:38:00+00:00,1.15984,1.15991,1.15983,1.15985,0
2026-05-22 10:39:00+00:00,1.15985,1.15995,1.15982,1.15993,0
2026-05-22 10:40:00+00:00,1.15994,1.15996,1.15991,1.15991,0
2026-05-22 10:41:00+00:00,1.15992,1.15997,1.15987,1.15992,0
2026-05-22 10:42:00+00:00,1.15992,1.15993,1.15983,1.15985,0
2026-05-22 10:43:00+00:00,1.15984,1.15987,1.15982,1.15985,0
2026-05-22 10:44:00+00:00,1.15986,1.15987,1.15984,1.15985,0
2026-05-22 10:45:00+00:00,1.15984,1.15989,1.15981,1.15989,0
2026-05-22 10:46:00+00:00,1.15987,1.15995,1.15984,1.15984,0
2026-05-22 10:47:00+00:00,1.15984,1.15984,1.15976,1.15979,0
2026-05-22 10:48:00+00:00,1.15977,1.15977,1.15969,1.15971,0
2026-05-22 10:49:00+00:00,1.1597,1.1597,1.15954,1.15958,0
2026-05-22 10:50:00+00:00,1.15957,1.15962,1.15953,1.15959,0
2026-05-22 10:51:00+00:00,1.1596,1.15964,1.15959,1.15961,0
2026-05-22 10:52:00+00:00,1.15962,1.15969,1.15956,1.15957,0
2026-05-22 10:53:00+00:00,1.15959,1.15966,1.15959,1.15964,0
2026-05-22 10:54:00+00:00,1.15963,1.15964,1.1596,1.15963,0
2026-05-22 10:55:00+00:00,1.15961,1.15961,1.1595,1.15954,0
2026-05-22 10:56:00+00:00,1.15954,1.15958,1.15953,1.15953,0
2026-05-22 10:57:00+00:00,1.15953,1.15963,1.15953,1.1596,0
2026-05-22 10:58:00+00:00,1.15957,1.15963,1.15957,1.15963,0
2026-05-22 10:59:00+00:00,1.15964,1.15973,1.15964,1.15973,0
2026-05-22 11:00:00+00:00,1.15976,1.15976,1.15955,1.15959,0
2026-05-22 11:01:00+00:00,1.15958,1.15959,1.15944,1.15944,0
2026-05-22 11:02:00+00:00,1.15944,1.15945,1.15936,1.15944,0
2026-05-22 11:03:00+00:00,1.15943,1.15948,1.15942,1.15945,0
2026-05-22 11:04:00+00:00,1.15943,1.15948,1.15938,1.15948,0
2026-05-22 11:05:00+00:00,1.15949,1.15956,1.15945,1.15954,0
2026-05-22 11:06:00+00:00,1.15956,1.1596,1.15953,1.15959,0
2026-05-22 11:07:00+00:00,1.15957,1.15957,1.15947,1.15947,0
2026-05-22 11:08:00+00:00,1.15945,1.15963,1.15945,1.15948,0
2026-05-22 11:09:00+00:00,1.15949,1.15952,1.15939,1.15939,0
2026-05-22 11:10:00+00:00,1.15941,1.15941,1.15933,1.15937,0
2026-05-22 11:11:00+00:00,1.15938,1.15938,1.15935,1.15938,0
2026-05-22 11:12:00+00:00,1.15937,1.15941,1.15936,1.15938,0
2026-05-22 11:13:00+00:00,1.15939,1.1594,1.15938,1.15939,0
2026-05-22 11:14:00+00:00,1.15943,1.15953,1.15943,1.15953,0
2026-05-22 11:15:00+00:00,1.15953,1.15964,1.15947,1.15954,0
2026-05-22 11:16:00+00:00,1.15955,1.15955,1.15948,1.15949,0
2026-05-22 11:17:00+00:00,1.15947,1.15949,1.15946,1.15949,0
2026-05-22 11:18:00+00:00,1.15947,1.1595,1.15944,1.15946,0
2026-05-22 11:19:00+00:00,1.15946,1.15947,1.15942,1.15943,0
2026-05-22 11:20:00+00:00,1.15945,1.15956,1.15943,1.15954,0
2026-05-22 11:21:00+00:00,1.15952,1.15952,1.15947,1.1595,0
2026-05-22 11:22:00+00:00,1.15949,1.15952,1.15939,1.15942,0
2026-05-22 11:23:00+00:00,1.15941,1.15944,1.15937,1.15942,0
2026-05-22 11:24:00+00:00,1.15941,1.15953,1.15941,1.15953,0
2026-05-22 11:25:00+00:00,1.1595,1.15953,1.1595,1.15953,0
2026-05-22 11:26:00+00:00,1.15953,1.15967,1.15953,1.15965,0
2026-05-22 11:27:00+00:00,1.15964,1.15964,1.1596,1.15962,0
2026-05-22 11:28:00+00:00,1.15961,1.15961,1.15936,1.15939,0
2026-05-22 11:29:00+00:00,1.1594,1.1594,1.15937,1.15939,0
2026-05-22 11:30:00+00:00,1.15938,1.15939,1.15932,1.15935,0
2026-05-22 11:31:00+00:00,1.15936,1.15937,1.15932,1.15935,0
2026-05-22 11:32:00+00:00,1.15935,1.15947,1.15935,1.15946,0
2026-05-22 11:33:00+00:00,1.15947,1.15954,1.15947,1.15953,0
2026-05-22 11:34:00+00:00,1.15954,1.15957,1.1595,1.15957,0
2026-05-22 11:35:00+00:00,1.15957,1.15966,1.15955,1.15962,0
2026-05-22 11:36:00+00:00,1.15962,1.15978,1.15962,1.15976,0
2026-05-22 11:37:00+00:00,1.15977,1.15978,1.15971,1.15971,0
2026-05-22 11:38:00+00:00,1.15972,1.15975,1.15963,1.15968,0
2026-05-22 11:39:00+00:00,1.1597,1.15975,1.15967,1.15969,0
2026-05-22 11:40:00+00:00,1.15968,1.15968,1.15961,1.15962,0
2026-05-22 11:41:00+00:00,1.15961,1.15965,1.15957,1.15961,0
2026-05-22 11:42:00+00:00,1.15962,1.15964,1.15956,1.15959,0
2026-05-22 11:43:00+00:00,1.1596,1.15973,1.1596,1.15971,0
2026-05-22 11:44:00+00:00,1.15971,1.15986,1.1597,1.15979,0
2026-05-22 11:45:00+00:00,1.15978,1.15986,1.15974,1.15975,0
2026-05-22 11:46:00+00:00,1.15976,1.15981,1.15974,1.15975,0
2026-05-22 11:47:00+00:00,1.15975,1.16017,1.15973,1.16006,0
2026-05-22 11:48:00+00:00,1.16005,1.16021,1.16002,1.16012,0
2026-05-22 11:49:00+00:00,1.16012,1.16012,1.15997,1.16003,0
2026-05-22 11:50:00+00:00,1.16003,1.16008,1.15979,1.15981,0
2026-05-22 11:51:00+00:00,1.15979,1.1599,1.15975,1.15979,0
2026-05-22 11:52:00+00:00,1.1598,1.15984,1.15972,1.15977,0
2026-05-22 11:53:00+00:00,1.15976,1.15981,1.15975,1.15977,0
2026-05-22 11:54:00+00:00,1.15977,1.15977,1.15965,1.15965,0
2026-05-22 11:55:00+00:00,1.15965,1.1597,1.1596,1.15969,0
2026-05-22 11:56:00+00:00,1.1597,1.15987,1.15968,1.15981,0
2026-05-22 11:57:00+00:00,1.15983,1.15985,1.15964,1.15971,0
2026-05-22 11:58:00+00:00,1.15972,1.15973,1.1596,1.15961,0
2026-05-22 11:59:00+00:00,1.15962,1.15965,1.15954,1.15963,0
2026-05-22 12:00:00+00:00,1.15963,1.1597,1.15956,1.15959,0
2026-05-22 12:01:00+00:00,1.1596,1.15969,1.15952,1.15969,0
2026-05-22 12:02:00+00:00,1.15971,1.15984,1.15967,1.1598,0
2026-05-22 12:03:00+00:00,1.15978,1.15979,1.15951,1.15952,0
2026-05-22 12:04:00+00:00,1.15952,1.15954,1.15947,1.15948,0
2026-05-22 12:05:00+00:00,1.15948,1.15964,1.15945,1.15963,0
2026-05-22 12:06:00+00:00,1.15963,1.15969,1.1596,1.15968,0
2026-05-22 12:07:00+00:00,1.15967,1.15967,1.15948,1.1595,0
2026-05-22 12:08:00+00:00,1.15949,1.15958,1.15949,1.15957,0
2026-05-22 12:09:00+00:00,1.15957,1.15962,1.15952,1.15952,0
2026-05-22 12:10:00+00:00,1.15955,1.15959,1.15952,1.15959,0
2026-05-22 12:11:00+00:00,1.15957,1.15963,1.15957,1.15963,0
2026-05-22 12:12:00+00:00,1.15964,1.16067,1.15964,1.16021,0
2026-05-22 12:13:00+00:00,1.16024,1.16052,1.16018,1.1605,0
2026-05-22 12:14:00+00:00,1.16048,1.16058,1.16016,1.16044,0
2026-05-22 12:15:00+00:00,1.16044,1.16055,1.16035,1.16053,0
2026-05-22 12:16:00+00:00,1.16057,1.16067,1.16048,1.16053,0
2026-05-22 12:17:00+00:00,1.16054,1.16058,1.16031,1.16035,0
2026-05-22 12:18:00+00:00,1.16036,1.16038,1.16022,1.16038,0
2026-05-22 12:19:00+00:00,1.16036,1.16069,1.16031,1.16045,0
2026-05-22 12:20:00+00:00,1.16044,1.16044,1.16018,1.16021,0
2026-05-22 12:21:00+00:00,1.16022,1.16022,1.16003,1.16008,0
2026-05-22 12:22:00+00:00,1.16006,1.16013,1.15988,1.15994,0
2026-05-22 12:23:00+00:00,1.15992,1.16007,1.15989,1.16006,0
2026-05-22 12:24:00+00:00,1.16004,1.16022,1.16004,1.16021,0
2026-05-22 12:25:00+00:00,1.16022,1.16023,1.16009,1.16019,0
2026-05-22 12:26:00+00:00,1.16019,1.16022,1.15993,1.15998,0
2026-05-22 12:27:00+00:00,1.15998,1.15998,1.15963,1.15965,0
2026-05-22 12:28:00+00:00,1.15969,1.1598,1.15968,1.15977,0
2026-05-22 12:29:00+00:00,1.15975,1.15986,1.15973,1.15983,0
2026-05-22 12:30:00+00:00,1.15982,1.15994,1.15982,1.15993,0
2026-05-22 12:31:00+00:00,1.15991,1.16002,1.15989,1.15989,0
2026-05-22 12:32:00+00:00,1.15987,1.15993,1.15983,1.15984,0
2026-05-22 12:33:00+00:00,1.15984,1.15994,1.1598,1.1599,0
2026-05-22 12:34:00+00:00,1.1599,1.15995,1.1598,1.15994,0
2026-05-22 12:35:00+00:00,1.15992,1.15998,1.15989,1.15993,0
2026-05-22 12:36:00+00:00,1.15993,1.15994,1.15984,1.15993,0
2026-05-22 12:37:00+00:00,1.15994,1.15995,1.15988,1.15991,0
2026-05-22 12:38:00+00:00,1.15993,1.15994,1.15991,1.15994,0
2026-05-22 12:39:00+00:00,1.15992,1.16009,1.15992,1.16008,0
2026-05-22 12:40:00+00:00,1.1601,1.1601,1.16001,1.16005,0
2026-05-22 12:41:00+00:00,1.16004,1.16009,1.16003,1.16005,0
2026-05-22 12:42:00+00:00,1.16004,1.16004,1.15984,1.15987,0
2026-05-22 12:43:00+00:00,1.15988,1.15996,1.15978,1.15989,0
2026-05-22 12:44:00+00:00,1.1599,1.15999,1.15988,1.15999,0
2026-05-22 12:45:00+00:00,1.16,1.16023,1.16,1.16018,0
2026-05-22 12:46:00+00:00,1.1602,1.16023,1.16011,1.1602,0
2026-05-22 12:47:00+00:00,1.16019,1.1603,1.16014,1.16015,0
2026-05-22 12:48:00+00:00,1.16017,1.16034,1.16015,1.16034,0
2026-05-22 12:49:00+00:00,1.16033,1.16037,1.16023,1.16024,0
2026-05-22 12:50:00+00:00,1.16023,1.16023,1.16009,1.1601,0
2026-05-22 12:51:00+00:00,1.1601,1.16014,1.16008,1.16009,0
2026-05-22 12:52:00+00:00,1.16008,1.16018,1.16008,1.16018,0
2026-05-22 12:53:00+00:00,1.16017,1.16021,1.16013,1.1602,0
2026-05-22 12:54:00+00:00,1.16019,1.16023,1.16013,1.16021,0
2026-05-22 12:55:00+00:00,1.1602,1.16024,1.16013,1.16013,0
2026-05-22 12:56:00+00:00,1.16015,1.16024,1.16015,1.16022,0
2026-05-22 12:57:00+00:00,1.16024,1.16028,1.16019,1.16022,0
2026-05-22 12:58:00+00:00,1.16021,1.16027,1.16014,1.16027,0
2026-05-22 12:59:00+00:00,1.16027,1.16049,1.16018,1.16042,0
2026-05-22 13:00:00+00:00,1.16041,1.16051,1.16038,1.16048,0
2026-05-22 13:01:00+00:00,1.16048,1.16061,1.16048,1.16053,0
2026-05-22 13:02:00+00:00,1.16053,1.16058,1.16041,1.16048,0
2026-05-22 13:03:00+00:00,1.16048,1.16073,1.16048,1.16073,0
2026-05-22 13:04:00+00:00,1.16073,1.16079,1.16039,1.16044,0
2026-05-22 13:05:00+00:00,1.16043,1.16058,1.16043,1.16049,0
2026-05-22 13:06:00+00:00,1.16052,1.16053,1.16039,1.16041,0
2026-05-22 13:07:00+00:00,1.16041,1.16075,1.16041,1.16072,0
2026-05-22 13:08:00+00:00,1.16072,1.16086,1.16069,1.16084,0
2026-05-22 13:09:00+00:00,1.16084,1.16161,1.1608,1.16139,0
2026-05-22 13:10:00+00:00,1.16145,1.16148,1.16111,1.16139,0
2026-05-22 13:11:00+00:00,1.16142,1.16182,1.16137,1.16173,0
2026-05-22 13:12:00+00:00,1.16174,1.16183,1.16148,1.16149,0
2026-05-22 13:13:00+00:00,1.16147,1.16162,1.16126,1.16128,0
2026-05-22 13:14:00+00:00,1.16128,1.16133,1.16114,1.16127,0
2026-05-22 13:15:00+00:00,1.16128,1.16138,1.16118,1.16128,0
2026-05-22 13:16:00+00:00,1.16127,1.16139,1.16121,1.16129,0
2026-05-22 13:17:00+00:00,1.16126,1.16134,1.16108,1.16108,0
2026-05-22 13:18:00+00:00,1.1611,1.16136,1.1611,1.16121,0
2026-05-22 13:19:00+00:00,1.16119,1.16131,1.16102,1.16123,0
2026-05-22 13:20:00+00:00,1.16125,1.16126,1.16098,1.16098,0
2026-05-22 13:21:00+00:00,1.16098,1.16099,1.1608,1.1608,0
2026-05-22 13:22:00+00:00,1.16082,1.16093,1.16077,1.16093,0
2026-05-22 13:23:00+00:00,1.16092,1.16092,1.16083,1.1609,0
2026-05-22 13:24:00+00:00,1.1609,1.16091,1.16084,1.16088,0
2026-05-22 13:25:00+00:00,1.16089,1.16097,1.16084,1.16092,0
2026-05-22 13:26:00+00:00,1.16094,1.16103,1.16092,1.16103,0
2026-05-22 13:27:00+00:00,1.16103,1.16109,1.16096,1.16109,0
2026-05-22 13:28:00+00:00,1.16107,1.16114,1.16103,1.16114,0
2026-05-22 13:29:00+00:00,1.16116,1.16117,1.16108,1.1611,0
2026-05-22 13:30:00+00:00,1.16109,1.16109,1.161,1.16102,0
2026-05-22 13:31:00+00:00,1.16102,1.16115,1.16102,1.16111,0
2026-05-22 13:32:00+00:00,1.16113,1.16113,1.16102,1.16102,0
2026-05-22 13:33:00+00:00,1.16101,1.16107,1.16063,1.16064,0
2026-05-22 13:34:00+00:00,1.16063,1.16084,1.16062,1.16083,0
2026-05-22 13:35:00+00:00,1.16084,1.16109,1.16079,1.16089,0
2026-05-22 13:36:00+00:00,1.16091,1.16104,1.16086,1.16091,0
2026-05-22 13:37:00+00:00,1.1609,1.16092,1.16067,1.16078,0
2026-05-22 13:38:00+00:00,1.16079,1.16087,1.16063,1.16065,0
2026-05-22 13:39:00+00:00,1.16064,1.16068,1.16057,1.16067,0
2026-05-22 13:40:00+00:00,1.16067,1.16083,1.16042,1.16058,0
2026-05-22 13:41:00+00:00,1.16057,1.16075,1.16056,1.1607,0
2026-05-22 13:42:00+00:00,1.16072,1.16072,1.16024,1.16041,0
2026-05-22 13:43:00+00:00,1.16039,1.16054,1.16029,1.16051,0
2026-05-22 13:44:00+00:00,1.16048,1.16048,1.16039,1.16041,0
2026-05-22 13:45:00+00:00,1.1604,1.16054,1.16038,1.16041,0
2026-05-22 13:46:00+00:00,1.1604,1.16046,1.16036,1.16036,0
2026-05-22 13:47:00+00:00,1.16038,1.16041,1.16026,1.16027,0
2026-05-22 13:48:00+00:00,1.16024,1.16025,1.16003,1.16012,0
2026-05-22 13:49:00+00:00,1.16012,1.16017,1.16002,1.16002,0
2026-05-22 13:50:00+00:00,1.16005,1.16007,1.15993,1.16007,0
2026-05-22 13:51:00+00:00,1.16006,1.16042,1.16002,1.16035,0
2026-05-22 13:52:00+00:00,1.16035,1.16043,1.16029,1.16043,0
2026-05-22 13:53:00+00:00,1.16042,1.16053,1.16039,1.16046,0
2026-05-22 13:54:00+00:00,1.16044,1.16054,1.16042,1.16053,0
2026-05-22 13:55:00+00:00,1.16053,1.16055,1.16039,1.16041,0
2026-05-22 13:56:00+00:00,1.16042,1.16048,1.16039,1.1604,0
2026-05-22 13:57:00+00:00,1.16042,1.16056,1.16037,1.16041,0
2026-05-22 13:58:00+00:00,1.16042,1.16046,1.16036,1.1604,0
2026-05-22 13:59:00+00:00,1.16039,1.16041,1.16032,1.16035,0
2026-05-22 14:00:00+00:00,1.16036,1.16038,1.1594,1.15942,0
2026-05-22 14:01:00+00:00,1.15939,1.1596,1.15923,1.15935,0
2026-05-22 14:02:00+00:00,1.15933,1.15945,1.15907,1.15909,0
2026-05-22 14:03:00+00:00,1.1591,1.15916,1.1589,1.15911,0
2026-05-22 14:04:00+00:00,1.15911,1.15927,1.15902,1.15922,0
2026-05-22 14:05:00+00:00,1.15923,1.15933,1.15916,1.15918,0
2026-05-22 14:06:00+00:00,1.15918,1.15923,1.15895,1.15901,0
2026-05-22 14:07:00+00:00,1.15905,1.15926,1.15901,1.15925,0
2026-05-22 14:08:00+00:00,1.15927,1.15937,1.15917,1.15918,0
2026-05-22 14:09:00+00:00,1.15917,1.15954,1.15912,1.15954,0
2026-05-22 14:10:00+00:00,1.15952,1.15967,1.15949,1.15959,0
2026-05-22 14:11:00+00:00,1.15957,1.15957,1.15939,1.15942,0
2026-05-22 14:12:00+00:00,1.15945,1.15947,1.15929,1.15929,0
2026-05-22 14:13:00+00:00,1.15929,1.15929,1.15891,1.15903,0
2026-05-22 14:14:00+00:00,1.15904,1.15912,1.15891,1.15898,0
2026-05-22 14:15:00+00:00,1.15898,1.15913,1.15894,1.15899,0
2026-05-22 14:16:00+00:00,1.15899,1.15908,1.15893,1.15893,0
2026-05-22 14:17:00+00:00,1.15895,1.15902,1.15881,1.15886,0
2026-05-22 14:18:00+00:00,1.15884,1.15903,1.15882,1.15903,0
2026-05-22 14:19:00+00:00,1.15901,1.15903,1.15894,1.15902,0
2026-05-22 14:20:00+00:00,1.15904,1.15916,1.15899,1.15912,0
2026-05-22 14:21:00+00:00,1.15911,1.15913,1.15899,1.15902,0
2026-05-22 14:22:00+00:00,1.15899,1.15904,1.15897,1.15903,0
2026-05-22 14:23:00+00:00,1.15906,1.15919,1.15904,1.15907,0
2026-05-22 14:24:00+00:00,1.15907,1.15925,1.15906,1.15924,0
2026-05-22 14:25:00+00:00,1.15924,1.15949,1.15922,1.15949,0
2026-05-22 14:26:00+00:00,1.15949,1.15957,1.15948,1.15952,0
2026-05-22 14:27:00+00:00,1.15952,1.15957,1.15949,1.15954,0
2026-05-22 14:28:00+00:00,1.15953,1.15954,1.15943,1.15951,0
2026-05-22 14:29:00+00:00,1.15952,1.15966,1.15952,1.15965,0
2026-05-22 14:30:00+00:00,1.15965,1.15977,1.15955,1.15976,0
2026-05-22 14:31:00+00:00,1.15976,1.15994,1.15974,1.15994,0
2026-05-22 14:32:00+00:00,1.15993,1.16006,1.1599,1.16001,0
2026-05-22 14:33:00+00:00,1.16002,1.16009,1.15994,1.16007,0
2026-05-22 14:34:00+00:00,1.16007,1.16017,1.16003,1.16004,0
2026-05-22 14:35:00+00:00,1.16003,1.16006,1.15988,1.15993,0
2026-05-22 14:36:00+00:00,1.15994,1.15996,1.15978,1.15985,0
2026-05-22 14:37:00+00:00,1.15988,1.15993,1.15981,1.1599,0
2026-05-22 14:38:00+00:00,1.15989,1.15993,1.15981,1.15992,0
2026-05-22 14:39:00+00:00,1.15992,1.15992,1.15962,1.15965,0
2026-05-22 14:40:00+00:00,1.15967,1.15988,1.15967,1.15984,0
2026-05-22 14:41:00+00:00,1.15983,1.15987,1.15978,1.15986,0
2026-05-22 14:42:00+00:00,1.15984,1.1601,1.15979,1.16009,0
2026-05-22 14:43:00+00:00,1.16007,1.16009,1.15991,1.15991,0
2026-05-22 14:44:00+00:00,1.15995,1.16013,1.15992,1.16007,0
2026-05-22 14:45:00+00:00,1.16007,1.16023,1.16006,1.16017,0
2026-05-22 14:46:00+00:00,1.16017,1.16019,1.16007,1.1601,0
2026-05-22 14:47:00+00:00,1.16011,1.1602,1.16003,1.16007,0
2026-05-22 14:48:00+00:00,1.16007,1.16008,1.15987,1.15987,0
2026-05-22 14:49:00+00:00,1.15991,1.15995,1.15963,1.15963,0
2026-05-22 14:50:00+00:00,1.15963,1.15965,1.15947,1.15953,0
2026-05-22 14:51:00+00:00,1.15952,1.15966,1.15952,1.15955,0
2026-05-22 14:52:00+00:00,1.15956,1.15966,1.15953,1.15962,0
2026-05-22 14:53:00+00:00,1.15962,1.15984,1.15959,1.15984,0
2026-05-22 14:54:00+00:00,1.15985,1.15988,1.15981,1.15983,0
2026-05-22 14:55:00+00:00,1.15982,1.15996,1.15971,1.1599,0
2026-05-22 14:56:00+00:00,1.15992,1.15998,1.15986,1.15988,0
2026-05-22 14:57:00+00:00,1.15988,1.15996,1.15975,1.15994,0
2026-05-22 14:58:00+00:00,1.15992,1.15993,1.15981,1.15984,0
2026-05-22 14:59:00+00:00,1.15982,1.15982,1.15974,1.15977,0
2026-05-22 15:00:00+00:00,1.15976,1.15977,1.15956,1.15968,0
2026-05-22 15:01:00+00:00,1.15969,1.1599,1.15969,1.15982,0
2026-05-22 15:02:00+00:00,1.15983,1.15993,1.15979,1.15989,0
2026-05-22 15:03:00+00:00,1.15987,1.15996,1.15971,1.15978,0
2026-05-22 15:04:00+00:00,1.15978,1.16012,1.15977,1.1601,0
2026-05-22 15:05:00+00:00,1.16011,1.16043,1.16006,1.16042,0
2026-05-22 15:06:00+00:00,1.16041,1.16047,1.16016,1.16019,0
2026-05-22 15:07:00+00:00,1.16021,1.16047,1.16019,1.16047,0
2026-05-22 15:08:00+00:00,1.16045,1.16046,1.16007,1.16012,0
2026-05-22 15:09:00+00:00,1.1601,1.16014,1.16,1.16014,0
2026-05-22 15:10:00+00:00,1.16013,1.16018,1.1601,1.16016,0
2026-05-22 15:11:00+00:00,1.16017,1.16024,1.16004,1.16022,0
2026-05-22 15:12:00+00:00,1.16021,1.16027,1.16014,1.16014,0
2026-05-22 15:13:00+00:00,1.16016,1.1603,1.16015,1.1603,0
2026-05-22 15:14:00+00:00,1.16029,1.16034,1.16024,1.16034,0
2026-05-22 15:15:00+00:00,1.16033,1.16048,1.16027,1.16046,0
2026-05-22 15:16:00+00:00,1.16048,1.16055,1.16028,1.16034,0
2026-05-22 15:17:00+00:00,1.16033,1.16033,1.16027,1.16028,0
2026-05-22 15:18:00+00:00,1.16027,1.16034,1.16026,1.16028,0
2026-05-22 15:19:00+00:00,1.16029,1.16035,1.16021,1.16021,0
2026-05-22 15:20:00+00:00,1.16021,1.16021,1.1601,1.16015,0
2026-05-22 15:21:00+00:00,1.16012,1.16018,1.16005,1.16011,0
2026-05-22 15:22:00+00:00,1.16009,1.16009,1.16001,1.16006,0
2026-05-22 15:23:00+00:00,1.16007,1.16011,1.16005,1.16007,0
2026-05-22 15:24:00+00:00,1.16006,1.16011,1.15997,1.16001,0
2026-05-22 15:25:00+00:00,1.16001,1.16012,1.15992,1.16012,0
2026-05-22 15:26:00+00:00,1.16012,1.16026,1.16009,1.16022,0
2026-05-22 15:27:00+00:00,1.16021,1.16035,1.16021,1.16032,0
2026-05-22 15:28:00+00:00,1.16033,1.16046,1.16033,1.16044,0
2026-05-22 15:29:00+00:00,1.16042,1.16042,1.16025,1.16026,0
2026-05-22 15:30:00+00:00,1.16026,1.16034,1.16008,1.16034,0
2026-05-22 15:31:00+00:00,1.16035,1.16038,1.16013,1.16015,0
2026-05-22 15:32:00+00:00,1.16016,1.16022,1.16011,1.16013,0
2026-05-22 15:33:00+00:00,1.1601,1.16022,1.16003,1.16017,0
2026-05-22 15:34:00+00:00,1.16016,1.16016,1.15995,1.15996,0
2026-05-22 15:35:00+00:00,1.15995,1.16002,1.15983,1.15992,0
2026-05-22 15:36:00+00:00,1.15994,1.16005,1.15991,1.16005,0
2026-05-22 15:37:00+00:00,1.16007,1.16017,1.16005,1.1601,0
2026-05-22 15:38:00+00:00,1.16011,1.16015,1.15996,1.15997,0
2026-05-22 15:39:00+00:00,1.15996,1.15999,1.15991,1.15992,0
2026-05-22 15:40:00+00:00,1.1599,1.15999,1.15982,1.15995,0
2026-05-22 15:41:00+00:00,1.15994,1.16007,1.15994,1.16002,0
2026-05-22 15:42:00+00:00,1.16004,1.16005,1.16001,1.16004,0
2026-05-22 15:43:00+00:00,1.16002,1.16016,1.16001,1.16012,0
2026-05-22 15:44:00+00:00,1.16012,1.16018,1.16001,1.1601,0
2026-05-22 15:45:00+00:00,1.16011,1.16028,1.16006,1.16027,0
2026-05-22 15:46:00+00:00,1.16027,1.16028,1.16014,1.16014,0
2026-05-22 15:47:00+00:00,1.16015,1.16021,1.16014,1.16015,0
2026-05-22 15:48:00+00:00,1.16017,1.16017,1.16001,1.16003,0
2026-05-22 15:49:00+00:00,1.16004,1.16018,1.15999,1.16017,0
2026-05-22 15:50:00+00:00,1.16017,1.16018,1.16012,1.16017,0
2026-05-22 15:51:00+00:00,1.16018,1.16022,1.16016,1.16019,0
2026-05-22 15:52:00+00:00,1.1602,1.16027,1.16015,1.16015,0
2026-05-22 15:53:00+00:00,1.16017,1.1604,1.16017,1.16037,0
2026-05-22 15:54:00+00:00,1.16038,1.16044,1.16028,1.16031,0
2026-05-22 15:55:00+00:00,1.16031,1.16032,1.16007,1.16013,0
2026-05-22 15:56:00+00:00,1.16013,1.16015,1.16005,1.16005,0
2026-05-22 15:57:00+00:00,1.16006,1.16012,1.15993,1.16006,0
2026-05-22 15:58:00+00:00,1.16007,1.16025,1.16006,1.16023,0
2026-05-22 15:59:00+00:00,1.16022,1.16026,1.16017,1.16026,0
2026-05-22 16:00:00+00:00,1.16027,1.16029,1.15994,1.16007,0
2026-05-22 16:01:00+00:00,1.16007,1.1602,1.16003,1.16019,0
2026-05-22 16:02:00+00:00,1.16018,1.16024,1.16015,1.16024,0
2026-05-22 16:03:00+00:00,1.16022,1.16023,1.16007,1.1601,0
2026-05-22 16:04:00+00:00,1.16008,1.16013,1.15996,1.16007,0
2026-05-22 16:05:00+00:00,1.16007,1.16014,1.16005,1.16013,0
2026-05-22 16:06:00+00:00,1.16013,1.16016,1.16009,1.16014,0
2026-05-22 16:07:00+00:00,1.16015,1.16033,1.16015,1.16031,0
2026-05-22 16:08:00+00:00,1.1603,1.16036,1.16026,1.16036,0
2026-05-22 16:09:00+00:00,1.16038,1.16041,1.1603,1.16041,0
2026-05-22 16:10:00+00:00,1.16042,1.16061,1.16039,1.16057,0
2026-05-22 16:11:00+00:00,1.16054,1.16073,1.16052,1.16071,0
2026-05-22 16:12:00+00:00,1.16069,1.16073,1.16066,1.16066,0
2026-05-22 16:13:00+00:00,1.16066,1.16071,1.16063,1.16069,0
2026-05-22 16:14:00+00:00,1.16069,1.16077,1.16066,1.16068,0
2026-05-22 16:15:00+00:00,1.16066,1.16076,1.16051,1.16057,0
2026-05-22 16:16:00+00:00,1.16058,1.16078,1.16058,1.16078,0
2026-05-22 16:17:00+00:00,1.16079,1.16082,1.16067,1.16068,0
2026-05-22 16:18:00+00:00,1.16066,1.16069,1.16053,1.16067,0
2026-05-22 16:19:00+00:00,1.16066,1.16066,1.16056,1.16056,0
2026-05-22 16:20:00+00:00,1.16055,1.16061,1.16055,1.16057,0
2026-05-22 16:21:00+00:00,1.16056,1.16073,1.16056,1.16071,0
2026-05-22 16:22:00+00:00,1.16072,1.16076,1.16065,1.16071,0
2026-05-22 16:23:00+00:00,1.16072,1.16076,1.16066,1.16074,0
2026-05-22 16:24:00+00:00,1.16073,1.16083,1.1607,1.16079,0
2026-05-22 16:25:00+00:00,1.16079,1.16087,1.16076,1.16086,0
2026-05-22 16:26:00+00:00,1.16086,1.16086,1.16079,1.16082,0
2026-05-22 16:27:00+00:00,1.16082,1.16086,1.16077,1.1608,0
2026-05-22 16:28:00+00:00,1.16079,1.16086,1.16077,1.16086,0
2026-05-22 16:29:00+00:00,1.16086,1.16093,1.16082,1.16093,0
2026-05-22 16:30:00+00:00,1.16091,1.16105,1.16091,1.16103,0
2026-05-22 16:31:00+00:00,1.16102,1.16107,1.16099,1.16103,0
2026-05-22 16:32:00+00:00,1.16102,1.16106,1.1609,1.16091,0
2026-05-22 16:33:00+00:00,1.16092,1.16095,1.16065,1.16071,0
2026-05-22 16:34:00+00:00,1.1607,1.16073,1.16062,1.16073,0
2026-05-22 16:35:00+00:00,1.16073,1.16077,1.16068,1.16077,0
2026-05-22 16:36:00+00:00,1.16076,1.16082,1.16072,1.16079,0
2026-05-22 16:37:00+00:00,1.16077,1.16086,1.16077,1.16082,0
2026-05-22 16:38:00+00:00,1.16083,1.16083,1.16053,1.16061,0
2026-05-22 16:39:00+00:00,1.16062,1.16072,1.1606,1.16072,0
2026-05-22 16:40:00+00:00,1.16073,1.16073,1.16067,1.16067,0
2026-05-22 16:41:00+00:00,1.16069,1.16077,1.16066,1.16077,0
2026-05-22 16:42:00+00:00,1.16078,1.16078,1.1606,1.16062,0
2026-05-22 16:43:00+00:00,1.16062,1.16067,1.16056,1.16067,0
2026-05-22 16:44:00+00:00,1.16067,1.16078,1.16066,1.16067,0
2026-05-22 16:45:00+00:00,1.16067,1.16076,1.16067,1.16072,0
2026-05-22 16:46:00+00:00,1.16072,1.16094,1.16072,1.16094,0
2026-05-22 16:47:00+00:00,1.16093,1.161,1.16088,1.1609,0
2026-05-22 16:48:00+00:00,1.16091,1.16091,1.16084,1.16084,0
2026-05-22 16:49:00+00:00,1.16085,1.16088,1.16082,1.16085,0
2026-05-22 16:50:00+00:00,1.16085,1.16089,1.16072,1.16075,0
2026-05-22 16:51:00+00:00,1.16074,1.16079,1.16071,1.16076,0
2026-05-22 16:52:00+00:00,1.16073,1.16081,1.16072,1.16081,0
2026-05-22 16:53:00+00:00,1.16083,1.16098,1.16081,1.16098,0
2026-05-22 16:54:00+00:00,1.16097,1.16103,1.16092,1.16098,0
2026-05-22 16:55:00+00:00,1.16098,1.16102,1.16094,1.16098,0
2026-05-22 16:56:00+00:00,1.16098,1.16104,1.16095,1.16099,0
2026-05-22 16:57:00+00:00,1.16097,1.16102,1.16087,1.16094,0
2026-05-22 16:58:00+00:00,1.16094,1.16103,1.16092,1.16103,0
2026-05-22 16:59:00+00:00,1.16101,1.1611,1.16097,1.1611,0
2026-05-22 17:00:00+00:00,1.1611,1.16136,1.16109,1.16132,0
2026-05-22 17:01:00+00:00,1.16132,1.16137,1.16131,1.16136,0
2026-05-22 17:02:00+00:00,1.16138,1.1614,1.16134,1.16134,0
2026-05-22 17:03:00+00:00,1.16134,1.16144,1.16134,1.16142,0
2026-05-22 17:04:00+00:00,1.16141,1.16146,1.16137,1.16142,0
2026-05-22 17:05:00+00:00,1.16141,1.16152,1.16139,1.1615,0
2026-05-22 17:06:00+00:00,1.16149,1.16149,1.16125,1.16126,0
2026-05-22 17:07:00+00:00,1.16125,1.16128,1.1611,1.16123,0
2026-05-22 17:08:00+00:00,1.16124,1.1613,1.16119,1.1613,0
2026-05-22 17:09:00+00:00,1.16128,1.16135,1.16125,1.16135,0
2026-05-22 17:10:00+00:00,1.16136,1.16142,1.16134,1.1614,0
2026-05-22 17:11:00+00:00,1.16142,1.16144,1.16139,1.16141,0
2026-05-22 17:12:00+00:00,1.1614,1.1614,1.16121,1.16124,0
2026-05-22 17:13:00+00:00,1.16125,1.16127,1.16122,1.16125,0
2026-05-22 17:14:00+00:00,1.16124,1.16136,1.16115,1.16136,0
2026-05-22 17:15:00+00:00,1.16136,1.16149,1.16136,1.16146,0
2026-05-22 17:16:00+00:00,1.16146,1.16148,1.16139,1.16141,0
2026-05-22 17:17:00+00:00,1.16141,1.1615,1.16141,1.16144,0
2026-05-22 17:18:00+00:00,1.16143,1.16143,1.16126,1.16127,0
2026-05-22 17:19:00+00:00,1.16127,1.16135,1.16107,1.1611,0
2026-05-22 17:20:00+00:00,1.16111,1.16125,1.16107,1.16112,0
2026-05-22 17:21:00+00:00,1.16111,1.16111,1.1609,1.1609,0
2026-05-22 17:22:00+00:00,1.16092,1.161,1.16088,1.16095,0
2026-05-22 17:23:00+00:00,1.16093,1.16096,1.16085,1.16095,0
2026-05-22 17:24:00+00:00,1.16096,1.16112,1.16087,1.16112,0
2026-05-22 17:25:00+00:00,1.16113,1.16118,1.16106,1.16118,0
2026-05-22 17:26:00+00:00,1.1612,1.16121,1.16112,1.16116,0
2026-05-22 17:27:00+00:00,1.16116,1.16134,1.16112,1.16129,0
2026-05-22 17:28:00+00:00,1.16127,1.16173,1.16105,1.16125,0
2026-05-22 17:29:00+00:00,1.16123,1.16163,1.161,1.16162,0
2026-05-22 17:30:00+00:00,1.16162,1.1619,1.16162,1.16181,0
2026-05-22 17:31:00+00:00,1.16182,1.16187,1.16154,1.16158,0
2026-05-22 17:32:00+00:00,1.16157,1.16167,1.16138,1.1615,0
2026-05-22 17:33:00+00:00,1.16149,1.16151,1.16135,1.16136,0
2026-05-22 17:34:00+00:00,1.16136,1.16145,1.16131,1.16131,0
2026-05-22 17:35:00+00:00,1.16133,1.16135,1.16119,1.16119,0
2026-05-22 17:36:00+00:00,1.16121,1.16124,1.16112,1.1612,0
2026-05-22 17:37:00+00:00,1.16122,1.16128,1.1612,1.16124,0
2026-05-22 17:38:00+00:00,1.16122,1.16143,1.16122,1.16143,0
2026-05-22 17:39:00+00:00,1.16144,1.16149,1.16141,1.16145,0
2026-05-22 17:40:00+00:00,1.16143,1.16146,1.16121,1.16122,0
2026-05-22 17:41:00+00:00,1.16122,1.16131,1.16121,1.16126,0
2026-05-22 17:42:00+00:00,1.16128,1.16137,1.16126,1.16137,0
2026-05-22 17:43:00+00:00,1.16136,1.16146,1.16135,1.16141,0
2026-05-22 17:44:00+00:00,1.16144,1.16145,1.16129,1.16131,0
2026-05-22 17:45:00+00:00,1.16133,1.16137,1.16126,1.16127,0
2026-05-22 17:46:00+00:00,1.16126,1.16128,1.1611,1.16111,0
2026-05-22 17:47:00+00:00,1.16112,1.16115,1.16106,1.1611,0
2026-05-22 17:48:00+00:00,1.16112,1.16116,1.1611,1.16115,0
2026-05-22 17:49:00+00:00,1.16115,1.16125,1.1611,1.16121,0
2026-05-22 17:50:00+00:00,1.16121,1.16125,1.16118,1.16123,0
2026-05-22 17:51:00+00:00,1.16122,1.1614,1.16117,1.16136,0
2026-05-22 17:52:00+00:00,1.16139,1.16139,1.16126,1.16131,0
2026-05-22 17:53:00+00:00,1.16132,1.16139,1.16128,1.16138,0
2026-05-22 17:54:00+00:00,1.16138,1.16144,1.16118,1.16124,0
2026-05-22 17:55:00+00:00,1.16125,1.16133,1.16125,1.16127,0
2026-05-22 17:56:00+00:00,1.16127,1.16135,1.16126,1.16132,0
2026-05-22 17:57:00+00:00,1.16134,1.1615,1.16134,1.16144,0
2026-05-22 17:58:00+00:00,1.16144,1.16145,1.16137,1.16138,0
2026-05-22 17:59:00+00:00,1.16138,1.16139,1.16132,1.16132,0
2026-05-22 18:00:00+00:00,1.16132,1.16142,1.16129,1.16142,0
2026-05-22 18:01:00+00:00,1.16141,1.16142,1.1613,1.16132,0
2026-05-22 18:02:00+00:00,1.16131,1.16143,1.1613,1.16143,0
2026-05-22 18:03:00+00:00,1.16143,1.16143,1.16136,1.1614,0
2026-05-22 18:04:00+00:00,1.16141,1.16145,1.16095,1.16141,0
2026-05-22 18:05:00+00:00,1.16141,1.16148,1.16137,1.16138,0
2026-05-22 18:06:00+00:00,1.1614,1.16143,1.16123,1.1613,0
2026-05-22 18:07:00+00:00,1.1613,1.1614,1.16125,1.16138,0
2026-05-22 18:08:00+00:00,1.1614,1.16144,1.16134,1.16138,0
2026-05-22 18:09:00+00:00,1.16137,1.16141,1.16132,1.16132,0
2026-05-22 18:10:00+00:00,1.16131,1.16131,1.16115,1.16115,0
2026-05-22 18:11:00+00:00,1.16117,1.16123,1.16112,1.16114,0
2026-05-22 18:12:00+00:00,1.16113,1.16116,1.1611,1.16112,0
2026-05-22 18:13:00+00:00,1.16111,1.16115,1.1611,1.16113,0
2026-05-22 18:14:00+00:00,1.16114,1.1612,1.16107,1.16117,0
2026-05-22 18:15:00+00:00,1.16115,1.16122,1.16111,1.16114,0
2026-05-22 18:16:00+00:00,1.16116,1.16121,1.16116,1.1612,0
2026-05-22 18:17:00+00:00,1.1612,1.1612,1.16115,1.16115,0
2026-05-22 18:18:00+00:00,1.16115,1.16122,1.16112,1.16112,0
2026-05-22 18:19:00+00:00,1.16111,1.16114,1.16106,1.16106,0
2026-05-22 18:20:00+00:00,1.16109,1.1611,1.16107,1.1611,0
2026-05-22 18:21:00+00:00,1.1611,1.16115,1.1611,1.16111,0
2026-05-22 18:22:00+00:00,1.16109,1.16121,1.16104,1.16119,0
2026-05-22 18:23:00+00:00,1.16117,1.16117,1.16112,1.16115,0
2026-05-22 18:24:00+00:00,1.16116,1.16121,1.16113,1.16116,0
2026-05-22 18:25:00+00:00,1.16117,1.16119,1.16099,1.16099,0
2026-05-22 18:26:00+00:00,1.16102,1.1611,1.16101,1.1611,0
2026-05-22 18:27:00+00:00,1.16108,1.16119,1.16105,1.16118,0
2026-05-22 18:28:00+00:00,1.16116,1.16117,1.16105,1.16109,0
2026-05-22 18:29:00+00:00,1.16108,1.16108,1.16102,1.16104,0
2026-05-22 18:30:00+00:00,1.16102,1.16104,1.16094,1.16094,0
2026-05-22 18:31:00+00:00,1.16092,1.161,1.16092,1.161,0
2026-05-22 18:32:00+00:00,1.16101,1.16103,1.16098,1.161,0
2026-05-22 18:33:00+00:00,1.16101,1.16105,1.16101,1.16101,0
2026-05-22 18:34:00+00:00,1.16104,1.16107,1.16103,1.16107,0
2026-05-22 18:35:00+00:00,1.16107,1.16107,1.16102,1.16104,0
2026-05-22 18:36:00+00:00,1.16106,1.16108,1.16104,1.16106,0
2026-05-22 18:37:00+00:00,1.16106,1.16115,1.16105,1.16115,0
2026-05-22 18:38:00+00:00,1.16113,1.16116,1.16107,1.16114,0
2026-05-22 18:39:00+00:00,1.16112,1.1615,1.16112,1.16117,0
2026-05-22 18:40:00+00:00,1.16117,1.16122,1.16113,1.16113,0
2026-05-22 18:41:00+00:00,1.16117,1.16118,1.16108,1.16111,0
2026-05-22 18:42:00+00:00,1.1611,1.16111,1.16108,1.1611,0
2026-05-22 18:43:00+00:00,1.16112,1.16121,1.1611,1.16118,0
2026-05-22 18:44:00+00:00,1.16119,1.16121,1.16117,1.16117,0
2026-05-22 18:45:00+00:00,1.16116,1.16124,1.16116,1.16117,0
2026-05-22 18:46:00+00:00,1.16117,1.16119,1.16114,1.16114,0
2026-05-22 18:47:00+00:00,1.16113,1.16115,1.16109,1.16109,0
2026-05-22 18:48:00+00:00,1.16111,1.16115,1.1611,1.16113,0
2026-05-22 18:49:00+00:00,1.16115,1.1612,1.16111,1.16115,0
2026-05-22 18:50:00+00:00,1.16114,1.16123,1.16114,1.16118,0
2026-05-22 18:51:00+00:00,1.16119,1.16127,1.16119,1.16125,0
2026-05-22 18:52:00+00:00,1.16124,1.16126,1.16122,1.16125,0
2026-05-22 18:53:00+00:00,1.16126,1.16136,1.16126,1.16135,0
2026-05-22 18:54:00+00:00,1.16136,1.16139,1.16135,1.16136,0
2026-05-22 18:55:00+00:00,1.16137,1.16139,1.1613,1.16131,0
2026-05-22 18:56:00+00:00,1.16129,1.1613,1.16126,1.1613,0
2026-05-22 18:57:00+00:00,1.16131,1.16132,1.16124,1.16127,0
2026-05-22 18:58:00+00:00,1.16127,1.16127,1.16121,1.16122,0
2026-05-22 18:59:00+00:00,1.16124,1.16124,1.16117,1.16117,0
2026-05-22 19:00:00+00:00,1.16117,1.16138,1.16113,1.16136,0
2026-05-22 19:01:00+00:00,1.16135,1.16137,1.16107,1.16111,0
2026-05-22 19:02:00+00:00,1.16112,1.1613,1.16089,1.16092,0
2026-05-22 19:03:00+00:00,1.1609,1.16096,1.16079,1.16084,0
2026-05-22 19:04:00+00:00,1.16082,1.16096,1.16081,1.16085,0
2026-05-22 19:05:00+00:00,1.16084,1.16093,1.16078,1.16092,0
2026-05-22 19:06:00+00:00,1.16089,1.16091,1.16085,1.16085,0
2026-05-22 19:07:00+00:00,1.16086,1.16097,1.16086,1.16092,0
2026-05-22 19:08:00+00:00,1.16092,1.16096,1.1609,1.16091,0
2026-05-22 19:09:00+00:00,1.16089,1.16092,1.16084,1.16091,0
2026-05-22 19:10:00+00:00,1.16091,1.16097,1.16088,1.16091,0
2026-05-22 19:11:00+00:00,1.16092,1.16094,1.16091,1.16091,0
2026-05-22 19:12:00+00:00,1.16092,1.16096,1.16092,1.16094,0
2026-05-22 19:13:00+00:00,1.16093,1.16095,1.16087,1.16088,0
2026-05-22 19:14:00+00:00,1.16088,1.16088,1.16081,1.16084,0
2026-05-22 19:15:00+00:00,1.16082,1.16095,1.16082,1.16092,0
2026-05-22 19:16:00+00:00,1.16092,1.16096,1.1609,1.16095,0
2026-05-22 19:17:00+00:00,1.16096,1.16099,1.16092,1.16096,0
2026-05-22 19:18:00+00:00,1.16094,1.16102,1.16094,1.16097,0
2026-05-22 19:19:00+00:00,1.16098,1.161,1.16097,1.161,0
2026-05-22 19:20:00+00:00,1.16098,1.16099,1.16089,1.16089,0
2026-05-22 19:21:00+00:00,1.1609,1.16091,1.16088,1.16091,0
2026-05-22 19:22:00+00:00,1.1609,1.16095,1.1609,1.16095,0
2026-05-22 19:23:00+00:00,1.16097,1.16097,1.16092,1.16094,0
2026-05-22 19:24:00+00:00,1.16095,1.16099,1.16094,1.16099,0
2026-05-22 19:25:00+00:00,1.16098,1.16098,1.16096,1.16098,0
2026-05-22 19:26:00+00:00,1.16098,1.16098,1.1609,1.16091,0
2026-05-22 19:27:00+00:00,1.16092,1.16096,1.16092,1.16095,0
2026-05-22 19:28:00+00:00,1.16093,1.16095,1.16093,1.16094,0
2026-05-22 19:29:00+00:00,1.16094,1.16094,1.16079,1.16082,0
2026-05-22 19:30:00+00:00,1.16083,1.16083,1.16071,1.16072,0
2026-05-22 19:31:00+00:00,1.16072,1.16075,1.16069,1.16072,0
2026-05-22 19:32:00+00:00,1.16071,1.16075,1.16068,1.16074,0
2026-05-22 19:33:00+00:00,1.16074,1.16076,1.16074,1.16076,0
2026-05-22 19:34:00+00:00,1.16075,1.16077,1.16072,1.16076,0
2026-05-22 19:35:00+00:00,1.16077,1.16087,1.16076,1.16085,0
2026-05-22 19:36:00+00:00,1.16086,1.16088,1.16082,1.16086,0
2026-05-22 19:37:00+00:00,1.16084,1.16086,1.16079,1.16081,0
2026-05-22 19:38:00+00:00,1.16079,1.16079,1.16071,1.16073,0
2026-05-22 19:39:00+00:00,1.16071,1.16073,1.16069,1.16072,0
2026-05-22 19:40:00+00:00,1.16074,1.16076,1.16072,1.16072,0
2026-05-22 19:41:00+00:00,1.16072,1.16075,1.16071,1.16072,0
2026-05-22 19:42:00+00:00,1.1607,1.16074,1.16069,1.16072,0
2026-05-22 19:43:00+00:00,1.16071,1.16071,1.16066,1.16069,0
2026-05-22 19:44:00+00:00,1.16071,1.16075,1.16068,1.16069,0
2026-05-22 19:45:00+00:00,1.16068,1.16072,1.16065,1.16065,0
2026-05-22 19:46:00+00:00,1.16063,1.16063,1.16057,1.16057,0
2026-05-22 19:47:00+00:00,1.16056,1.16061,1.16053,1.16059,0
2026-05-22 19:48:00+00:00,1.16059,1.16063,1.16057,1.16063,0
2026-05-22 19:49:00+00:00,1.16061,1.16065,1.1606,1.16065,0
2026-05-22 19:50:00+00:00,1.16065,1.16068,1.16061,1.16063,0
2026-05-22 19:51:00+00:00,1.16062,1.16064,1.16052,1.16058,0
2026-05-22 19:52:00+00:00,1.16059,1.16059,1.16053,1.16054,0
2026-05-22 19:53:00+00:00,1.16054,1.16061,1.16054,1.1606,0
2026-05-22 19:54:00+00:00,1.16059,1.16064,1.16058,1.16063,0
2026-05-22 19:55:00+00:00,1.16062,1.16067,1.16062,1.16066,0
2026-05-22 19:56:00+00:00,1.16066,1.16072,1.16065,1.16068,0
2026-05-22 19:57:00+00:00,1.16066,1.16072,1.16066,1.16066,0
2026-05-22 19:58:00+00:00,1.16063,1.16067,1.16061,1.16063,0
2026-05-22 19:59:00+00:00,1.16061,1.16062,1.16056,1.16057,0
2026-05-22 20:00:00+00:00,1.16061,1.16065,1.16058,1.16058,0
2026-05-22 20:01:00+00:00,1.16059,1.16063,1.16059,1.16061,0
2026-05-22 20:02:00+00:00,1.1606,1.16062,1.16041,1.16045,0
2026-05-22 20:03:00+00:00,1.16045,1.16047,1.16041,1.16046,0
2026-05-22 20:04:00+00:00,1.16046,1.16052,1.16046,1.16051,0
2026-05-22 20:05:00+00:00,1.1605,1.16051,1.16048,1.16051,0
2026-05-22 20:06:00+00:00,1.16051,1.16055,1.16051,1.16051,0
2026-05-22 20:07:00+00:00,1.16051,1.16053,1.16049,1.16051,0
2026-05-22 20:08:00+00:00,1.1605,1.1605,1.16048,1.1605,0
2026-05-22 20:09:00+00:00,1.16049,1.16054,1.16049,1.16052,0
2026-05-22 20:10:00+00:00,1.16051,1.16053,1.16049,1.16051,0
2026-05-22 20:11:00+00:00,1.16051,1.16054,1.16051,1.16054,0
2026-05-22 20:12:00+00:00,1.16053,1.16053,1.1605,1.16052,0
2026-05-22 20:13:00+00:00,1.16053,1.16054,1.16052,1.16052,0
2026-05-22 20:14:00+00:00,1.16051,1.16051,1.16047,1.16047,0
2026-05-22 20:15:00+00:00,1.16049,1.16049,1.16046,1.16047,0
2026-05-22 20:16:00+00:00,1.16046,1.16047,1.16041,1.16041,0
2026-05-22 20:17:00+00:00,1.16042,1.16045,1.16042,1.16044,0
2026-05-22 20:18:00+00:00,1.16043,1.16046,1.16042,1.16046,0
2026-05-22 20:19:00+00:00,1.16046,1.16051,1.16046,1.16051,0
2026-05-22 20:20:00+00:00,1.1605,1.16056,1.1605,1.16055,0
2026-05-22 20:21:00+00:00,1.16058,1.16059,1.16052,1.16052,0
2026-05-22 20:22:00+00:00,1.1605,1.16051,1.1605,1.16051,0
2026-05-22 20:23:00+00:00,1.16053,1.16054,1.16048,1.16048,0
2026-05-22 20:24:00+00:00,1.16048,1.16048,1.16046,1.16047,0
2026-05-22 20:25:00+00:00,1.16045,1.16045,1.16038,1.16038,0
2026-05-22 20:26:00+00:00,1.16036,1.16036,1.16035,1.16036,0
2026-05-22 20:27:00+00:00,1.16035,1.16037,1.16034,1.16037,0
2026-05-22 20:28:00+00:00,1.16038,1.16044,1.16038,1.16042,0
2026-05-22 20:29:00+00:00,1.16045,1.16046,1.16038,1.16038,0
2026-05-22 20:30:00+00:00,1.16038,1.16038,1.16031,1.16032,0
2026-05-22 20:31:00+00:00,1.16029,1.16031,1.16,1.16015,0
2026-05-22 20:32:00+00:00,1.16017,1.16023,1.16006,1.16007,0
2026-05-22 20:33:00+00:00,1.16006,1.16019,1.16005,1.16019,0
2026-05-22 20:34:00+00:00,1.1602,1.1602,1.15997,1.16011,0
2026-05-22 20:35:00+00:00,1.16011,1.16014,1.16007,1.16014,0
2026-05-22 20:36:00+00:00,1.16014,1.16018,1.1601,1.16016,0
2026-05-22 20:37:00+00:00,1.16017,1.16018,1.16017,1.16017,0
2026-05-22 20:38:00+00:00,1.16015,1.16015,1.16012,1.16015,0
2026-05-22 20:39:00+00:00,1.16015,1.16016,1.16012,1.16015,0
2026-05-22 20:40:00+00:00,1.16016,1.16016,1.16009,1.16009,0
2026-05-22 20:41:00+00:00,1.16012,1.16013,1.16011,1.16013,0
2026-05-22 20:42:00+00:00,1.16012,1.16016,1.16012,1.16016,0
2026-05-22 20:43:00+00:00,1.16017,1.16017,1.16014,1.16014,0
2026-05-22 20:44:00+00:00,1.16015,1.16017,1.16014,1.16014,0
2026-05-22 20:45:00+00:00,1.16015,1.16016,1.16013,1.16015,0
2026-05-22 20:46:00+00:00,1.16015,1.16016,1.16008,1.16012,0
2026-05-22 20:47:00+00:00,1.1601,1.16012,1.15992,1.15995,0
2026-05-22 20:48:00+00:00,1.15996,1.15996,1.15989,1.1599,0
2026-05-22 20:49:00+00:00,1.15989,1.15992,1.15978,1.15991,0
2026-05-22 20:50:00+00:00,1.15991,1.15996,1.15987,1.15991,0
2026-05-22 20:51:00+00:00,1.15991,1.15993,1.15988,1.15993,0
2026-05-22 20:52:00+00:00,1.15991,1.16001,1.15991,1.15999,0
2026-05-22 20:53:00+00:00,1.16001,1.16001,1.15986,1.15994,0
2026-05-22 20:54:00+00:00,1.15994,1.16025,1.15994,1.16025,0
2026-05-22 20:55:00+00:00,1.16023,1.16035,1.16013,1.16014,0
2026-05-22 20:56:00+00:00,1.16013,1.16018,1.16009,1.16012,0
2026-05-22 20:57:00+00:00,1.1601,1.1603,1.1601,1.16019,0
2026-05-22 20:58:00+00:00,1.16018,1.16029,1.16014,1.16016,0
2026-05-22 20:59:00+00:00,1.16011,1.16019,1.15989,1.15989,0
2026-05-22 21:00:00+00:00,1.15989,1.15989,1.15989,1.15989,0
2026-05-22 21:01:00+00:00,1.15989,1.15989,1.15989,1.15989,0
2026-05-22 21:02:00+00:00,1.15989,1.15989,1.15989,1.15989,0
2026-05-22 21:03:00+00:00,1.15989,1.15989,1.15989,1.15989,0
2026-05-22 21:04:00+00:00,1.15989,1.15989,1.15989,1.15989,0
2026-05-22 21:05:00+00:00,1.15989,1.15989,1.15989,1.15989,0
2026-05-22 21:06:00+00:00,1.15989,1.15989,1.15989,1.15989,0
2026-05-22 21:07:00+00:00,1.15989,1.15989,1.15989,1.15989,0
2026-05-22 21:08:00+00:00,1.15989,1.15989,1.15989,1.15989,0
2026-05-22 21:09:00+00:00,1.15989,1.15989,1.15989,1.15989,0
2026-05-22 21:10:00+00:00,1.15989,1.15989,1.15989,1.15989,0
2026-05-22 21:11:00+00:00,1.15989,1.15989,1.15989,1.15989,0
2026-05-22 21:12:00+00:00,1.15989,1.15989,1.15989,1.15989,0
2026-05-22 21:13:00+00:00,1.15989,1.15989,1.15989,1.15989,0
2026-05-22 21:14:00+00:00,1.15989,1.15989,1.15989,1.15989,0
2026-05-22 21:15:00+00:00,1.15989,1.15989,1.15989,1.15989,0
2026-05-22 21:16:00+00:00,1.15989,1.15989,1.15989,1.15989,0
2026-05-22 21:17:00+00:00,1.15989,1.15989,1.15989,1.15989,0
2026-05-22 21:18:00+00:00,1.15989,1.15989,1.15989,1.15989,0
2026-05-22 21:19:00+00:00,1.15989,1.15989,1.15989,1.15989,0
2026-05-22 21:20:00+00:00,1.15989,1.15989,1.15989,1.15989,0
2026-05-22 21:21:00+00:00,1.15989,1.15989,1.15989,1.15989,0
2026-05-22 21:22:00+00:00,1.15989,1.15989,1.15989,1.15989,0
2026-05-22 21:23:00+00:00,1.15989,1.15989,1.15989,1.15989,0
2026-05-22 21:24:00+00:00,1.15989,1.15989,1.15989,1.15989,0
2026-05-22 21:25:00+00:00,1.15989,1.15989,1.15989,1.15989,0
2026-05-22 21:26:00+00:00,1.15989,1.15989,1.15989,1.15989,0
2026-05-22 21:27:00+00:00,1.15989,1.15989,1.15989,1.15989,0
2026-05-22 21:28:00+00:00,1.15989,1.15989,1.15989,1.15989,0
2026-05-22 21:29:00+00:00,1.15989,1.15989,1.15989,1.15989,0
2026-05-22 21:30:00+00:00,1.15989,1.15989,1.15989,1.15989,0
2026-05-22 21:31:00+00:00,1.15989,1.15989,1.15989,1.15989,0
2026-05-22 21:32:00+00:00,1.15989,1.15989,1.15989,1.15989,0
2026-05-22 21:33:00+00:00,1.15989,1.15989,1.15989,1.15989,0
2026-05-22 21:34:00+00:00,1.15989,1.15989,1.15989,1.15989,0
2026-05-22 21:35:00+00:00,1.15989,1.15989,1.15989,1.15989,0
2026-05-22 21:36:00+00:00,1.15989,1.15989,1.15989,1.15989,0
2026-05-22 21:37:00+00:00,1.15989,1.15989,1.15989,1.15989,0
2026-05-22 21:38:00+00:00,1.15989,1.15989,1.15989,1.15989,0
2026-05-22 21:39:00+00:00,1.15989,1.15989,1.15989,1.15989,0
2026-05-22 21:40:00+00:00,1.15989,1.15989,1.15989,1.15989,0
2026-05-22 21:41:00+00:00,1.15989,1.15989,1.15989,1.15989,0
2026-05-22 21:42:00+00:00,1.15989,1.15989,1.15989,1.15989,0
2026-05-22 21:43:00+00:00,1.15989,1.15989,1.15989,1.15989,0
2026-05-22 21:44:00+00:00,1.15989,1.15989,1.15989,1.15989,0
2026-05-22 21:45:00+00:00,1.15989,1.15989,1.15989,1.15989,0
2026-05-22 21:46:00+00:00,1.15989,1.15989,1.15989,1.15989,0
2026-05-22 21:47:00+00:00,1.15989,1.15989,1.15989,1.15989,0
2026-05-22 21:48:00+00:00,1.15989,1.15989,1.15989,1.15989,0
2026-05-22 21:49:00+00:00,1.15989,1.15989,1.15989,1.15989,0
2026-05-22 21:50:00+00:00,1.15989,1.15989,1.15989,1.15989,0
2026-05-22 21:51:00+00:00,1.15989,1.15989,1.15989,1.15989,0
2026-05-22 21:52:00+00:00,1.15989,1.15989,1.15989,1.15989,0
2026-05-22 21:53:00+00:00,1.15989,1.15989,1.15989,1.15989,0
2026-05-22 21:54:00+00:00,1.15989,1.15989,1.15989,1.15989,0
2026-05-22 21:55:00+00:00,1.15989,1.15989,1.15989,1.15989,0
2026-05-22 21:56:00+00:00,1.15989,1.15989,1.15989,1.15989,0
2026-05-22 21:57:00+00:00,1.15989,1.15989,1.15989,1.15989,0
2026-05-22 21:58:00+00:00,1.15989,1.15989,1.15989,1.15989,0
2026-05-22 21:59:00+00:00,1.15989,1.15989,1.15989,1.15989,0
2026-05-22 22:00:00+00:00,1.15989,1.15989,1.15989,1.15989,0
2026-05-22 22:01:00+00:00,1.15989,1.15989,1.15989,1.15989,0
2026-05-22 22:02:00+00:00,1.15989,1.15989,1.15989,1.15989,0
2026-05-22 22:03:00+00:00,1.15989,1.15989,1.15989,1.15989,0
2026-05-22 22:04:00+00:00,1.15989,1.15989,1.15989,1.15989,0
2026-05-22 22:05:00+00:00,1.15989,1.15989,1.15989,1.15989,0
2026-05-22 22:06:00+00:00,1.15989,1.15989,1.15989,1.15989,0
2026-05-22 22:07:00+00:00,1.15989,1.15989,1.15989,1.15989,0
2026-05-22 22:08:00+00:00,1.15989,1.15989,1.15989,1.15989,0
2026-05-22 22:09:00+00:00,1.15989,1.15989,1.15989,1.15989,0
2026-05-22 22:10:00+00:00,1.15989,1.15989,1.15989,1.15989,0
2026-05-22 22:11:00+00:00,1.15989,1.15989,1.15989,1.15989,0
2026-05-22 22:12:00+00:00,1.15989,1.15989,1.15989,1.15989,0
2026-05-22 22:13:00+00:00,1.15989,1.15989,1.15989,1.15989,0
2026-05-22 22:14:00+00:00,1.15989,1.15989,1.15989,1.15989,0
2026-05-22 22:15:00+00:00,1.15989,1.15989,1.15989,1.15989,0
2026-05-22 22:16:00+00:00,1.15989,1.15989,1.15989,1.15989,0
2026-05-22 22:17:00+00:00,1.15989,1.15989,1.15989,1.15989,0
2026-05-22 22:18:00+00:00,1.15989,1.15989,1.15989,1.15989,0
2026-05-22 22:19:00+00:00,1.15989,1.15989,1.15989,1.15989,0
2026-05-22 22:20:00+00:00,1.15989,1.15989,1.15989,1.15989,0
2026-05-22 22:21:00+00:00,1.15989,1.15989,1.15989,1.15989,0
2026-05-22 22:22:00+00:00,1.15989,1.15989,1.15989,1.15989,0
2026-05-22 22:23:00+00:00,1.15989,1.15989,1.15989,1.15989,0
2026-05-22 22:24:00+00:00,1.15989,1.15989,1.15989,1.15989,0
2026-05-22 22:25:00+00:00,1.15989,1.15989,1.15989,1.15989,0
2026-05-22 22:26:00+00:00,1.15989,1.15989,1.15989,1.15989,0
2026-05-22 22:27:00+00:00,1.15989,1.15989,1.15989,1.15989,0
2026-05-22 22:28:00+00:00,1.15989,1.15989,1.15989,1.15989,0
2026-05-22 22:29:00+00:00,1.15989,1.15989,1.15989,1.15989,0
2026-05-22 22:30:00+00:00,1.15989,1.15989,1.15989,1.15989,0
2026-05-22 22:31:00+00:00,1.15989,1.15989,1.15989,1.15989,0
2026-05-22 22:32:00+00:00,1.15989,1.15989,1.15989,1.15989,0
2026-05-22 22:33:00+00:00,1.15989,1.15989,1.15989,1.15989,0
2026-05-22 22:34:00+00:00,1.15989,1.15989,1.15989,1.15989,0
2026-05-22 22:35:00+00:00,1.15989,1.15989,1.15989,1.15989,0
2026-05-22 22:36:00+00:00,1.15989,1.15989,1.15989,1.15989,0
2026-05-22 22:37:00+00:00,1.15989,1.15989,1.15989,1.15989,0
2026-05-22 22:38:00+00:00,1.15989,1.15989,1.15989,1.15989,0
2026-05-22 22:39:00+00:00,1.15989,1.15989,1.15989,1.15989,0
2026-05-22 22:40:00+00:00,1.15989,1.15989,1.15989,1.15989,0
2026-05-22 22:41:00+00:00,1.15989,1.15989,1.15989,1.15989,0
2026-05-22 22:42:00+00:00,1.15989,1.15989,1.15989,1.15989,0
2026-05-22 22:43:00+00:00,1.15989,1.15989,1.15989,1.15989,0
2026-05-22 22:44:00+00:00,1.15989,1.15989,1.15989,1.15989,0
2026-05-22 22:45:00+00:00,1.15989,1.15989,1.15989,1.15989,0
2026-05-22 22:46:00+00:00,1.15989,1.15989,1.15989,1.15989,0
2026-05-22 22:47:00+00:00,1.15989,1.15989,1.15989,1.15989,0
2026-05-22 22:48:00+00:00,1.15989,1.15989,1.15989,1.15989,0
2026-05-22 22:49:00+00:00,1.15989,1.15989,1.15989,1.15989,0
2026-05-22 22:50:00+00:00,1.15989,1.15989,1.15989,1.15989,0
2026-05-22 22:51:00+00:00,1.15989,1.15989,1.15989,1.15989,0
2026-05-22 22:52:00+00:00,1.15989,1.15989,1.15989,1.15989,0
2026-05-22 22:53:00+00:00,1.15989,1.15989,1.15989,1.15989,0
2026-05-22 22:54:00+00:00,1.15989,1.15989,1.15989,1.15989,0
2026-05-22 22:55:00+00:00,1.15989,1.15989,1.15989,1.15989,0
2026-05-22 22:56:00+00:00,1.15989,1.15989,1.15989,1.15989,0
2026-05-22 22:57:00+00:00,1.15989,1.15989,1.15989,1.15989,0
2026-05-22 22:58:00+00:00,1.15989,1.15989,1.15989,1.15989,0
2026-05-22 22:59:00+00:00,1.15989,1.15989,1.15989,1.15989,0
2026-05-22 23:00:00+00:00,1.15989,1.15989,1.15989,1.15989,0
2026-05-22 23:01:00+00:00,1.15989,1.15989,1.15989,1.15989,0
2026-05-22 23:02:00+00:00,1.15989,1.15989,1.15989,1.15989,0
2026-05-22 23:03:00+00:00,1.15989,1.15989,1.15989,1.15989,0
2026-05-22 23:04:00+00:00,1.15989,1.15989,1.15989,1.15989,0
2026-05-22 23:05:00+00:00,1.15989,1.15989,1.15989,1.15989,0
2026-05-22 23:06:00+00:00,1.15989,1.15989,1.15989,1.15989,0
2026-05-22 23:07:00+00:00,1.15989,1.15989,1.15989,1.15989,0
2026-05-22 23:08:00+00:00,1.15989,1.15989,1.15989,1.15989,0
2026-05-22 23:09:00+00:00,1.15989,1.15989,1.15989,1.15989,0
2026-05-22 23:10:00+00:00,1.15989,1.15989,1.15989,1.15989,0
2026-05-22 23:11:00+00:00,1.15989,1.15989,1.15989,1.15989,0
2026-05-22 23:12:00+00:00,1.15989,1.15989,1.15989,1.15989,0
2026-05-22 23:13:00+00:00,1.15989,1.15989,1.15989,1.15989,0
2026-05-22 23:14:00+00:00,1.15989,1.15989,1.15989,1.15989,0
2026-05-22 23:15:00+00:00,1.15989,1.15989,1.15989,1.15989,0
2026-05-22 23:16:00+00:00,1.15989,1.15989,1.15989,1.15989,0
2026-05-22 23:17:00+00:00,1.15989,1.15989,1.15989,1.15989,0
2026-05-22 23:18:00+00:00,1.15989,1.15989,1.15989,1.15989,0
2026-05-22 23:19:00+00:00,1.15989,1.15989,1.15989,1.15989,0
2026-05-22 23:20:00+00:00,1.15989,1.15989,1.15989,1.15989,0
2026-05-22 23:21:00+00:00,1.15989,1.15989,1.15989,1.15989,0
2026-05-22 23:22:00+00:00,1.15989,1.15989,1.15989,1.15989,0
2026-05-22 23:23:00+00:00,1.15989,1.15989,1.15989,1.15989,0
2026-05-22 23:24:00+00:00,1.15989,1.15989,1.15989,1.15989,0
2026-05-22 23:25:00+00:00,1.15989,1.15989,1.15989,1.15989,0
2026-05-22 23:26:00+00:00,1.15989,1.15989,1.15989,1.15989,0
2026-05-22 23:27:00+00:00,1.15989,1.15989,1.15989,1.15989,0
2026-05-22 23:28:00+00:00,1.15989,1.15989,1.15989,1.15989,0
2026-05-22 23:29:00+00:00,1.15989,1.15989,1.15989,1.15989,0
2026-05-22 23:30:00+00:00,1.15989,1.15989,1.15989,1.15989,0
2026-05-22 23:31:00+00:00,1.15989,1.15989,1.15989,1.15989,0
2026-05-22 23:32:00+00:00,1.15989,1.15989,1.15989,1.15989,0
2026-05-22 23:33:00+00:00,1.15989,1.15989,1.15989,1.15989,0
2026-05-22 23:34:00+00:00,1.15989,1.15989,1.15989,1.15989,0
2026-05-22 23:35:00+00:00,1.15989,1.15989,1.15989,1.15989,0
2026-05-22 23:36:00+00:00,1.15989,1.15989,1.15989,1.15989,0
2026-05-22 23:37:00+00:00,1.15989,1.15989,1.15989,1.15989,0
2026-05-22 23:38:00+00:00,1.15989,1.15989,1.15989,1.15989,0
2026-05-22 23:39:00+00:00,1.15989,1.15989,1.15989,1.15989,0
2026-05-22 23:40:00+00:00,1.15989,1.15989,1.15989,1.15989,0
2026-05-22 23:41:00+00:00,1.15989,1.15989,1.15989,1.15989,0
2026-05-22 23:42:00+00:00,1.15989,1.15989,1.15989,1.15989,0
2026-05-22 23:43:00+00:00,1.15989,1.15989,1.15989,1.15989,0
2026-05-22 23:44:00+00:00,1.15989,1.15989,1.15989,1.15989,0
2026-05-22 23:45:00+00:00,1.15989,1.15989,1.15989,1.15989,0
2026-05-22 23:46:00+00:00,1.15989,1.15989,1.15989,1.15989,0
2026-05-22 23:47:00+00:00,1.15989,1.15989,1.15989,1.15989,0
2026-05-22 23:48:00+00:00,1.15989,1.15989,1.15989,1.15989,0
2026-05-22 23:49:00+00:00,1.15989,1.15989,1.15989,1.15989,0
2026-05-22 23:50:00+00:00,1.15989,1.15989,1.15989,1.15989,0
2026-05-22 23:51:00+00:00,1.15989,1.15989,1.15989,1.15989,0
2026-05-22 23:52:00+00:00,1.15989,1.15989,1.15989,1.15989,0
2026-05-22 23:53:00+00:00,1.15989,1.15989,1.15989,1.15989,0
2026-05-22 23:54:00+00:00,1.15989,1.15989,1.15989,1.15989,0
2026-05-22 23:55:00+00:00,1.15989,1.15989,1.15989,1.15989,0
2026-05-22 23:56:00+00:00,1.15989,1.15989,1.15989,1.15989,0
2026-05-22 23:57:00+00:00,1.15989,1.15989,1.15989,1.15989,0
2026-05-22 23:58:00+00:00,1.15989,1.15989,1.15989,1.15989,0
2026-05-22 23:59:00+00:00,1.15989,1.15989,1.15989,1.15989,0
2026-05-23 00:00:00+00:00,1.15989,1.15989,1.15989,1.15989,0
2026-05-23 00:01:00+00:00,1.15989,1.15989,1.15989,1.15989,0
2026-05-23 00:02:00+00:00,1.15989,1.15989,1.15989,1.15989,0
2026-05-23 00:03:00+00:00,1.15989,1.15989,1.15989,1.15989,0
2026-05-23 00:04:00+00:00,1.15989,1.15989,1.15989,1.15989,0
2026-05-23 00:05:00+00:00,1.15989,1.15989,1.15989,1.15989,0
2026-05-23 00:06:00+00:00,1.15989,1.15989,1.15989,1.15989,0
2026-05-23 00:07:00+00:00,1.15989,1.15989,1.15989,1.15989,0
2026-05-23 00:08:00+00:00,1.15989,1.15989,1.15989,1.15989,0
2026-05-23 00:09:00+00:00,1.15989,1.15989,1.15989,1.15989,0
2026-05-23 00:10:00+00:00,1.15989,1.15989,1.15989,1.15989,0
2026-05-23 00:11:00+00:00,1.15989,1.15989,1.15989,1.15989,0
2026-05-23 00:12:00+00:00,1.15989,1.15989,1.15989,1.15989,0
2026-05-23 00:13:00+00:00,1.15989,1.15989,1.15989,1.15989,0
2026-05-23 00:14:00+00:00,1.15989,1.15989,1.15989,1.15989,0
2026-05-23 00:15:00+00:00,1.15989,1.15989,1.15989,1.15989,0
2026-05-23 00:16:00+00:00,1.15989,1.15989,1.15989,1.15989,0
2026-05-23 00:17:00+00:00,1.15989,1.15989,1.15989,1.15989,0
2026-05-23 00:18:00+00:00,1.15989,1.15989,1.15989,1.15989,0
2026-05-23 00:19:00+00:00,1.15989,1.15989,1.15989,1.15989,0
2026-05-23 00:20:00+00:00,1.15989,1.15989,1.15989,1.15989,0
2026-05-23 00:21:00+00:00,1.15989,1.15989,1.15989,1.15989,0
2026-05-23 00:22:00+00:00,1.15989,1.15989,1.15989,1.15989,0
2026-05-23 00:23:00+00:00,1.15989,1.15989,1.15989,1.15989,0
2026-05-23 00:24:00+00:00,1.15989,1.15989,1.15989,1.15989,0
2026-05-23 00:25:00+00:00,1.15989,1.15989,1.15989,1.15989,0
2026-05-23 00:26:00+00:00,1.15989,1.15989,1.15989,1.15989,0
2026-05-23 00:27:00+00:00,1.15989,1.15989,1.15989,1.15989,0
2026-05-23 00:28:00+00:00,1.15989,1.15989,1.15989,1.15989,0
2026-05-23 00:29:00+00:00,1.15989,1.15989,1.15989,1.15989,0
2026-05-23 00:30:00+00:00,1.15989,1.15989,1.15989,1.15989,0
2026-05-23 00:31:00+00:00,1.15989,1.15989,1.15989,1.15989,0
2026-05-23 00:32:00+00:00,1.15989,1.15989,1.15989,1.15989,0
2026-05-23 00:33:00+00:00,1.15989,1.15989,1.15989,1.15989,0
2026-05-23 00:34:00+00:00,1.15989,1.15989,1.15989,1.15989,0
2026-05-23 00:35:00+00:00,1.15989,1.15989,1.15989,1.15989,0
2026-05-23 00:36:00+00:00,1.15989,1.15989,1.15989,1.15989,0
2026-05-23 00:37:00+00:00,1.15989,1.15989,1.15989,1.15989,0
2026-05-23 00:38:00+00:00,1.15989,1.15989,1.15989,1.15989,0
2026-05-23 00:39:00+00:00,1.15989,1.15989,1.15989,1.15989,0
2026-05-23 00:40:00+00:00,1.15989,1.15989,1.15989,1.15989,0
2026-05-23 00:41:00+00:00,1.15989,1.15989,1.15989,1.15989,0
2026-05-23 00:42:00+00:00,1.15989,1.15989,1.15989,1.15989,0
2026-05-23 00:43:00+00:00,1.15989,1.15989,1.15989,1.15989,0
2026-05-23 00:44:00+00:00,1.15989,1.15989,1.15989,1.15989,0
2026-05-23 00:45:00+00:00,1.15989,1.15989,1.15989,1.15989,0
2026-05-23 00:46:00+00:00,1.15989,1.15989,1.15989,1.15989,0
2026-05-23 00:47:00+00:00,1.15989,1.15989,1.15989,1.15989,0
2026-05-23 00:48:00+00:00,1.15989,1.15989,1.15989,1.15989,0
2026-05-23 00:49:00+00:00,1.15989,1.15989,1.15989,1.15989,0
2026-05-23 00:50:00+00:00,1.15989,1.15989,1.15989,1.15989,0
2026-05-23 00:51:00+00:00,1.15989,1.15989,1.15989,1.15989,0
2026-05-23 00:52:00+00:00,1.15989,1.15989,1.15989,1.15989,0
2026-05-23 00:53:00+00:00,1.15989,1.15989,1.15989,1.15989,0
2026-05-23 00:54:00+00:00,1.15989,1.15989,1.15989,1.15989,0
2026-05-23 00:55:00+00:00,1.15989,1.15989,1.15989,1.15989,0
2026-05-23 00:56:00+00:00,1.15989,1.15989,1.15989,1.15989,0
2026-05-23 00:57:00+00:00,1.15989,1.15989,1.15989,1.15989,0
2026-05-23 00:58:00+00:00,1.15989,1.15989,1.15989,1.15989,0
2026-05-23 00:59:00+00:00,1.15989,1.15989,1.15989,1.15989,0
2026-05-23 01:00:00+00:00,1.15989,1.15989,1.15989,1.15989,0
2026-05-23 01:01:00+00:00,1.15989,1.15989,1.15989,1.15989,0
2026-05-23 01:02:00+00:00,1.15989,1.15989,1.15989,1.15989,0
2026-05-23 01:03:00+00:00,1.15989,1.15989,1.15989,1.15989,0
2026-05-23 01:04:00+00:00,1.15989,1.15989,1.15989,1.15989,0
2026-05-23 01:05:00+00:00,1.15989,1.15989,1.15989,1.15989,0
2026-05-23 01:06:00+00:00,1.15989,1.15989,1.15989,1.15989,0
2026-05-23 01:07:00+00:00,1.15989,1.15989,1.15989,1.15989,0
2026-05-23 01:08:00+00:00,1.15989,1.15989,1.15989,1.15989,0
2026-05-23 01:09:00+00:00,1.15989,1.15989,1.15989,1.15989,0
2026-05-23 01:10:00+00:00,1.15989,1.15989,1.15989,1.15989,0
2026-05-23 01:11:00+00:00,1.15989,1.15989,1.15989,1.15989,0
2026-05-23 01:12:00+00:00,1.15989,1.15989,1.15989,1.15989,0
2026-05-23 01:13:00+00:00,1.15989,1.15989,1.15989,1.15989,0
2026-05-23 01:14:00+00:00,1.15989,1.15989,1.15989,1.15989,0
2026-05-23 01:15:00+00:00,1.15989,1.15989,1.15989,1.15989,0
2026-05-23 01:16:00+00:00,1.15989,1.15989,1.15989,1.15989,0
2026-05-23 01:17:00+00:00,1.15989,1.15989,1.15989,1.15989,0
2026-05-23 01:18:00+00:00,1.15989,1.15989,1.15989,1.15989,0
2026-05-23 01:19:00+00:00,1.15989,1.15989,1.15989,1.15989,0
2026-05-23 01:20:00+00:00,1.15989,1.15989,1.15989,1.15989,0
2026-05-23 01:21:00+00:00,1.15989,1.15989,1.15989,1.15989,0
2026-05-23 01:22:00+00:00,1.15989,1.15989,1.15989,1.15989,0
2026-05-23 01:23:00+00:00,1.15989,1.15989,1.15989,1.15989,0
2026-05-23 01:24:00+00:00,1.15989,1.15989,1.15989,1.15989,0
2026-05-23 01:25:00+00:00,1.15989,1.15989,1.15989,1.15989,0
2026-05-23 01:26:00+00:00,1.15989,1.15989,1.15989,1.15989,0
2026-05-23 01:27:00+00:00,1.15989,1.15989,1.15989,1.15989,0
2026-05-23 01:28:00+00:00,1.15989,1.15989,1.15989,1.15989,0
2026-05-23 01:29:00+00:00,1.15989,1.15989,1.15989,1.15989,0
2026-05-23 01:30:00+00:00,1.15989,1.15989,1.15989,1.15989,0
2026-05-23 01:31:00+00:00,1.15989,1.15989,1.15989,1.15989,0
2026-05-23 01:32:00+00:00,1.15989,1.15989,1.15989,1.15989,0
2026-05-23 01:33:00+00:00,1.15989,1.15989,1.15989,1.15989,0
2026-05-23 01:34:00+00:00,1.15989,1.15989,1.15989,1.15989,0
2026-05-23 01:35:00+00:00,1.15989,1.15989,1.15989,1.15989,0
2026-05-23 01:36:00+00:00,1.15989,1.15989,1.15989,1.15989,0
2026-05-23 01:37:00+00:00,1.15989,1.15989,1.15989,1.15989,0
2026-05-23 01:38:00+00:00,1.15989,1.15989,1.15989,1.15989,0
2026-05-23 01:39:00+00:00,1.15989,1.15989,1.15989,1.15989,0
2026-05-23 01:40:00+00:00,1.15989,1.15989,1.15989,1.15989,0
2026-05-23 01:41:00+00:00,1.15989,1.15989,1.15989,1.15989,0
2026-05-23 01:42:00+00:00,1.15989,1.15989,1.15989,1.15989,0
2026-05-23 01:43:00+00:00,1.15989,1.15989,1.15989,1.15989,0
2026-05-23 01:44:00+00:00,1.15989,1.15989,1.15989,1.15989,0
2026-05-23 01:45:00+00:00,1.15989,1.15989,1.15989,1.15989,0
2026-05-23 01:46:00+00:00,1.15989,1.15989,1.15989,1.15989,0
2026-05-23 01:47:00+00:00,1.15989,1.15989,1.15989,1.15989,0
2026-05-23 01:48:00+00:00,1.15989,1.15989,1.15989,1.15989,0
2026-05-23 01:49:00+00:00,1.15989,1.15989,1.15989,1.15989,0
2026-05-23 01:50:00+00:00,1.15989,1.15989,1.15989,1.15989,0
2026-05-23 01:51:00+00:00,1.15989,1.15989,1.15989,1.15989,0
2026-05-23 01:52:00+00:00,1.15989,1.15989,1.15989,1.15989,0
2026-05-23 01:53:00+00:00,1.15989,1.15989,1.15989,1.15989,0
2026-05-23 01:54:00+00:00,1.15989,1.15989,1.15989,1.15989,0
2026-05-23 01:55:00+00:00,1.15989,1.15989,1.15989,1.15989,0
2026-05-23 01:56:00+00:00,1.15989,1.15989,1.15989,1.15989,0
2026-05-23 01:57:00+00:00,1.15989,1.15989,1.15989,1.15989,0
2026-05-23 01:58:00+00:00,1.15989,1.15989,1.15989,1.15989,0
2026-05-23 01:59:00+00:00,1.15989,1.15989,1.15989,1.15989,0
2026-05-23 02:00:00+00:00,1.15989,1.15989,1.15989,1.15989,0
2026-05-23 02:01:00+00:00,1.15989,1.15989,1.15989,1.15989,0
2026-05-23 02:02:00+00:00,1.15989,1.15989,1.15989,1.15989,0
2026-05-23 02:03:00+00:00,1.15989,1.15989,1.15989,1.15989,0
2026-05-23 02:04:00+00:00,1.15989,1.15989,1.15989,1.15989,0
2026-05-23 02:05:00+00:00,1.15989,1.15989,1.15989,1.15989,0
2026-05-23 02:06:00+00:00,1.15989,1.15989,1.15989,1.15989,0
2026-05-23 02:07:00+00:00,1.15989,1.15989,1.15989,1.15989,0
2026-05-23 02:08:00+00:00,1.15989,1.15989,1.15989,1.15989,0
2026-05-23 02:09:00+00:00,1.15989,1.15989,1.15989,1.15989,0
2026-05-23 02:10:00+00:00,1.15989,1.15989,1.15989,1.15989,0
2026-05-23 02:11:00+00:00,1.15989,1.15989,1.15989,1.15989,0
2026-05-23 02:12:00+00:00,1.15989,1.15989,1.15989,1.15989,0
2026-05-23 02:13:00+00:00,1.15989,1.15989,1.15989,1.15989,0
2026-05-23 02:14:00+00:00,1.15989,1.15989,1.15989,1.15989,0
2026-05-23 02:15:00+00:00,1.15989,1.15989,1.15989,1.15989,0
2026-05-23 02:16:00+00:00,1.15989,1.15989,1.15989,1.15989,0
2026-05-23 02:17:00+00:00,1.15989,1.15989,1.15989,1.15989,0
2026-05-23 02:18:00+00:00,1.15989,1.15989,1.15989,1.15989,0
2026-05-23 02:19:00+00:00,1.15989,1.15989,1.15989,1.15989,0
2026-05-23 02:20:00+00:00,1.15989,1.15989,1.15989,1.15989,0
2026-05-23 02:21:00+00:00,1.15989,1.15989,1.15989,1.15989,0
2026-05-23 02:22:00+00:00,1.15989,1.15989,1.15989,1.15989,0
2026-05-23 02:23:00+00:00,1.15989,1.15989,1.15989,1.15989,0
2026-05-23 02:24:00+00:00,1.15989,1.15989,1.15989,1.15989,0
2026-05-23 02:25:00+00:00,1.15989,1.15989,1.15989,1.15989,0
2026-05-23 02:26:00+00:00,1.15989,1.15989,1.15989,1.15989,0
2026-05-23 02:27:00+00:00,1.15989,1.15989,1.15989,1.15989,0
2026-05-23 02:28:00+00:00,1.15989,1.15989,1.15989,1.15989,0
2026-05-23 02:29:00+00:00,1.15989,1.15989,1.15989,1.15989,0
2026-05-23 02:30:00+00:00,1.15989,1.15989,1.15989,1.15989,0
2026-05-23 02:31:00+00:00,1.15989,1.15989,1.15989,1.15989,0
2026-05-23 02:32:00+00:00,1.15989,1.15989,1.15989,1.15989,0
2026-05-23 02:33:00+00:00,1.15989,1.15989,1.15989,1.15989,0
2026-05-23 02:34:00+00:00,1.15989,1.15989,1.15989,1.15989,0
2026-05-23 02:35:00+00:00,1.15989,1.15989,1.15989,1.15989,0
2026-05-23 02:36:00+00:00,1.15989,1.15989,1.15989,1.15989,0
2026-05-23 02:37:00+00:00,1.15989,1.15989,1.15989,1.15989,0
2026-05-23 02:38:00+00:00,1.15989,1.15989,1.15989,1.15989,0
2026-05-23 02:39:00+00:00,1.15989,1.15989,1.15989,1.15989,0
2026-05-23 02:40:00+00:00,1.15989,1.15989,1.15989,1.15989,0
2026-05-23 02:41:00+00:00,1.15989,1.15989,1.15989,1.15989,0
2026-05-23 02:42:00+00:00,1.15989,1.15989,1.15989,1.15989,0
2026-05-23 02:43:00+00:00,1.15989,1.15989,1.15989,1.15989,0
2026-05-23 02:44:00+00:00,1.15989,1.15989,1.15989,1.15989,0
2026-05-23 02:45:00+00:00,1.15989,1.15989,1.15989,1.15989,0
2026-05-23 02:46:00+00:00,1.15989,1.15989,1.15989,1.15989,0
2026-05-23 02:47:00+00:00,1.15989,1.15989,1.15989,1.15989,0
2026-05-23 02:48:00+00:00,1.15989,1.15989,1.15989,1.15989,0
2026-05-23 02:49:00+00:00,1.15989,1.15989,1.15989,1.15989,0
2026-05-23 02:50:00+00:00,1.15989,1.15989,1.15989,1.15989,0
2026-05-23 02:51:00+00:00,1.15989,1.15989,1.15989,1.15989,0
2026-05-23 02:52:00+00:00,1.15989,1.15989,1.15989,1.15989,0
2026-05-23 02:53:00+00:00,1.15989,1.15989,1.15989,1.15989,0
2026-05-23 02:54:00+00:00,1.15989,1.15989,1.15989,1.15989,0
2026-05-23 02:55:00+00:00,1.15989,1.15989,1.15989,1.15989,0
2026-05-23 02:56:00+00:00,1.15989,1.15989,1.15989,1.15989,0
2026-05-23 02:57:00+00:00,1.15989,1.15989,1.15989,1.15989,0
2026-05-23 02:58:00+00:00,1.15989,1.15989,1.15989,1.15989,0
2026-05-23 02:59:00+00:00,1.15989,1.15989,1.15989,1.15989,0
2026-05-23 03:00:00+00:00,1.15989,1.15989,1.15989,1.15989,0
2026-05-23 03:01:00+00:00,1.15989,1.15989,1.15989,1.15989,0
2026-05-23 03:02:00+00:00,1.15989,1.15989,1.15989,1.15989,0
2026-05-23 03:03:00+00:00,1.15989,1.15989,1.15989,1.15989,0
2026-05-23 03:04:00+00:00,1.15989,1.15989,1.15989,1.15989,0
2026-05-23 03:05:00+00:00,1.15989,1.15989,1.15989,1.15989,0
2026-05-23 03:06:00+00:00,1.15989,1.15989,1.15989,1.15989,0
2026-05-23 03:07:00+00:00,1.15989,1.15989,1.15989,1.15989,0
2026-05-23 03:08:00+00:00,1.15989,1.15989,1.15989,1.15989,0
2026-05-23 03:09:00+00:00,1.15989,1.15989,1.15989,1.15989,0
2026-05-23 03:10:00+00:00,1.15989,1.15989,1.15989,1.15989,0
2026-05-23 03:11:00+00:00,1.15989,1.15989,1.15989,1.15989,0
2026-05-23 03:12:00+00:00,1.15989,1.15989,1.15989,1.15989,0
2026-05-23 03:13:00+00:00,1.15989,1.15989,1.15989,1.15989,0
2026-05-23 03:14:00+00:00,1.15989,1.15989,1.15989,1.15989,0
2026-05-23 03:15:00+00:00,1.15989,1.15989,1.15989,1.15989,0
2026-05-23 03:16:00+00:00,1.15989,1.15989,1.15989,1.15989,0
2026-05-23 03:17:00+00:00,1.15989,1.15989,1.15989,1.15989,0
2026-05-23 03:18:00+00:00,1.15989,1.15989,1.15989,1.15989,0
2026-05-23 03:19:00+00:00,1.15989,1.15989,1.15989,1.15989,0
2026-05-23 03:20:00+00:00,1.15989,1.15989,1.15989,1.15989,0
2026-05-23 03:21:00+00:00,1.15989,1.15989,1.15989,1.15989,0
2026-05-23 03:22:00+00:00,1.15989,1.15989,1.15989,1.15989,0
2026-05-23 03:23:00+00:00,1.15989,1.15989,1.15989,1.15989,0
2026-05-23 03:24:00+00:00,1.15989,1.15989,1.15989,1.15989,0
2026-05-23 03:25:00+00:00,1.15989,1.15989,1.15989,1.15989,0
2026-05-23 03:26:00+00:00,1.15989,1.15989,1.15989,1.15989,0
2026-05-23 03:27:00+00:00,1.15989,1.15989,1.15989,1.15989,0
2026-05-23 03:28:00+00:00,1.15989,1.15989,1.15989,1.15989,0
2026-05-23 03:29:00+00:00,1.15989,1.15989,1.15989,1.15989,0
2026-05-23 03:30:00+00:00,1.15989,1.15989,1.15989,1.15989,0
2026-05-23 03:31:00+00:00,1.15989,1.15989,1.15989,1.15989,0
2026-05-23 03:32:00+00:00,1.15989,1.15989,1.15989,1.15989,0
2026-05-23 03:33:00+00:00,1.15989,1.15989,1.15989,1.15989,0
2026-05-23 03:34:00+00:00,1.15989,1.15989,1.15989,1.15989,0
2026-05-23 03:35:00+00:00,1.15989,1.15989,1.15989,1.15989,0
2026-05-23 03:36:00+00:00,1.15989,1.15989,1.15989,1.15989,0
2026-05-23 03:37:00+00:00,1.15989,1.15989,1.15989,1.15989,0
2026-05-23 03:38:00+00:00,1.15989,1.15989,1.15989,1.15989,0
2026-05-23 03:39:00+00:00,1.15989,1.15989,1.15989,1.15989,0
2026-05-23 03:40:00+00:00,1.15989,1.15989,1.15989,1.15989,0
2026-05-23 03:41:00+00:00,1.15989,1.15989,1.15989,1.15989,0
2026-05-23 03:42:00+00:00,1.15989,1.15989,1.15989,1.15989,0
2026-05-23 03:43:00+00:00,1.15989,1.15989,1.15989,1.15989,0
2026-05-23 03:44:00+00:00,1.15989,1.15989,1.15989,1.15989,0
2026-05-23 03:45:00+00:00,1.15989,1.15989,1.15989,1.15989,0
2026-05-23 03:46:00+00:00,1.15989,1.15989,1.15989,1.15989,0
2026-05-23 03:47:00+00:00,1.15989,1.15989,1.15989,1.15989,0
2026-05-23 03:48:00+00:00,1.15989,1.15989,1.15989,1.15989,0
2026-05-23 03:49:00+00:00,1.15989,1.15989,1.15989,1.15989,0
2026-05-23 03:50:00+00:00,1.15989,1.15989,1.15989,1.15989,0
2026-05-23 03:51:00+00:00,1.15989,1.15989,1.15989,1.15989,0
2026-05-23 03:52:00+00:00,1.15989,1.15989,1.15989,1.15989,0
2026-05-23 03:53:00+00:00,1.15989,1.15989,1.15989,1.15989,0
2026-05-23 03:54:00+00:00,1.15989,1.15989,1.15989,1.15989,0
2026-05-23 03:55:00+00:00,1.15989,1.15989,1.15989,1.15989,0
2026-05-23 03:56:00+00:00,1.15989,1.15989,1.15989,1.15989,0
2026-05-23 03:57:00+00:00,1.15989,1.15989,1.15989,1.15989,0
2026-05-23 03:58:00+00:00,1.15989,1.15989,1.15989,1.15989,0
2026-05-23 03:59:00+00:00,1.15989,1.15989,1.15989,1.15989,0
2026-05-23 04:00:00+00:00,1.15989,1.15989,1.15989,1.15989,0
2026-05-23 04:01:00+00:00,1.15989,1.15989,1.15989,1.15989,0
2026-05-23 04:02:00+00:00,1.15989,1.15989,1.15989,1.15989,0
2026-05-23 04:03:00+00:00,1.15989,1.15989,1.15989,1.15989,0
2026-05-23 04:04:00+00:00,1.15989,1.15989,1.15989,1.15989,0
2026-05-23 04:05:00+00:00,1.15989,1.15989,1.15989,1.15989,0
2026-05-23 04:06:00+00:00,1.15989,1.15989,1.15989,1.15989,0
2026-05-23 04:07:00+00:00,1.15989,1.15989,1.15989,1.15989,0
2026-05-23 04:08:00+00:00,1.15989,1.15989,1.15989,1.15989,0
2026-05-23 04:09:00+00:00,1.15989,1.15989,1.15989,1.15989,0
2026-05-23 04:10:00+00:00,1.15989,1.15989,1.15989,1.15989,0
2026-05-23 04:11:00+00:00,1.15989,1.15989,1.15989,1.15989,0
2026-05-23 04:12:00+00:00,1.15989,1.15989,1.15989,1.15989,0
2026-05-23 04:13:00+00:00,1.15989,1.15989,1.15989,1.15989,0
2026-05-23 04:14:00+00:00,1.15989,1.15989,1.15989,1.15989,0
2026-05-23 04:15:00+00:00,1.15989,1.15989,1.15989,1.15989,0
2026-05-23 04:16:00+00:00,1.15989,1.15989,1.15989,1.15989,0
2026-05-23 04:17:00+00:00,1.15989,1.15989,1.15989,1.15989,0
2026-05-23 04:18:00+00:00,1.15989,1.15989,1.15989,1.15989,0
2026-05-23 04:19:00+00:00,1.15989,1.15989,1.15989,1.15989,0
2026-05-23 04:20:00+00:00,1.15989,1.15989,1.15989,1.15989,0
2026-05-23 04:21:00+00:00,1.15989,1.15989,1.15989,1.15989,0
2026-05-23 04:22:00+00:00,1.15989,1.15989,1.15989,1.15989,0
2026-05-23 04:23:00+00:00,1.15989,1.15989,1.15989,1.15989,0
2026-05-23 04:24:00+00:00,1.15989,1.15989,1.15989,1.15989,0
2026-05-23 04:25:00+00:00,1.15989,1.15989,1.15989,1.15989,0
2026-05-23 04:26:00+00:00,1.15989,1.15989,1.15989,1.15989,0
2026-05-23 04:27:00+00:00,1.15989,1.15989,1.15989,1.15989,0
2026-05-23 04:28:00+00:00,1.15989,1.15989,1.15989,1.15989,0
2026-05-23 04:29:00+00:00,1.15989,1.15989,1.15989,1.15989,0
2026-05-23 04:30:00+00:00,1.15989,1.15989,1.15989,1.15989,0
2026-05-23 04:31:00+00:00,1.15989,1.15989,1.15989,1.15989,0
2026-05-23 04:32:00+00:00,1.15989,1.15989,1.15989,1.15989,0
2026-05-23 04:33:00+00:00,1.15989,1.15989,1.15989,1.15989,0
2026-05-23 04:34:00+00:00,1.15989,1.15989,1.15989,1.15989,0
2026-05-23 04:35:00+00:00,1.15989,1.15989,1.15989,1.15989,0
2026-05-23 04:36:00+00:00,1.15989,1.15989,1.15989,1.15989,0
2026-05-23 04:37:00+00:00,1.15989,1.15989,1.15989,1.15989,0
2026-05-23 04:38:00+00:00,1.15989,1.15989,1.15989,1.15989,0
2026-05-23 04:39:00+00:00,1.15989,1.15989,1.15989,1.15989,0
2026-05-23 04:40:00+00:00,1.15989,1.15989,1.15989,1.15989,0
2026-05-23 04:41:00+00:00,1.15989,1.15989,1.15989,1.15989,0
2026-05-23 04:42:00+00:00,1.15989,1.15989,1.15989,1.15989,0
2026-05-23 04:43:00+00:00,1.15989,1.15989,1.15989,1.15989,0
2026-05-23 04:44:00+00:00,1.15989,1.15989,1.15989,1.15989,0
2026-05-23 04:45:00+00:00,1.15989,1.15989,1.15989,1.15989,0
2026-05-23 04:46:00+00:00,1.15989,1.15989,1.15989,1.15989,0
2026-05-23 04:47:00+00:00,1.15989,1.15989,1.15989,1.15989,0
2026-05-23 04:48:00+00:00,1.15989,1.15989,1.15989,1.15989,0
2026-05-23 04:49:00+00:00,1.15989,1.15989,1.15989,1.15989,0
2026-05-23 04:50:00+00:00,1.15989,1.15989,1.15989,1.15989,0
2026-05-23 04:51:00+00:00,1.15989,1.15989,1.15989,1.15989,0
2026-05-23 04:52:00+00:00,1.15989,1.15989,1.15989,1.15989,0
2026-05-23 04:53:00+00:00,1.15989,1.15989,1.15989,1.15989,0
2026-05-23 04:54:00+00:00,1.15989,1.15989,1.15989,1.15989,0
2026-05-23 04:55:00+00:00,1.15989,1.15989,1.15989,1.15989,0
2026-05-23 04:56:00+00:00,1.15989,1.15989,1.15989,1.15989,0
2026-05-23 04:57:00+00:00,1.15989,1.15989,1.15989,1.15989,0
2026-05-23 04:58:00+00:00,1.15989,1.15989,1.15989,1.15989,0
2026-05-23 04:59:00+00:00,1.15989,1.15989,1.15989,1.15989,0
2026-05-23 05:00:00+00:00,1.15989,1.15989,1.15989,1.15989,0
2026-05-23 05:01:00+00:00,1.15989,1.15989,1.15989,1.15989,0
2026-05-23 05:02:00+00:00,1.15989,1.15989,1.15989,1.15989,0
2026-05-23 05:03:00+00:00,1.15989,1.15989,1.15989,1.15989,0
2026-05-23 05:04:00+00:00,1.15989,1.15989,1.15989,1.15989,0
2026-05-23 05:05:00+00:00,1.15989,1.15989,1.15989,1.15989,0
2026-05-23 05:06:00+00:00,1.15989,1.15989,1.15989,1.15989,0
2026-05-23 05:07:00+00:00,1.15989,1.15989,1.15989,1.15989,0
2026-05-23 05:08:00+00:00,1.15989,1.15989,1.15989,1.15989,0
2026-05-23 05:09:00+00:00,1.15989,1.15989,1.15989,1.15989,0
2026-05-23 05:10:00+00:00,1.15989,1.15989,1.15989,1.15989,0
2026-05-23 05:11:00+00:00,1.15989,1.15989,1.15989,1.15989,0
2026-05-23 05:12:00+00:00,1.15989,1.15989,1.15989,1.15989,0
2026-05-23 05:13:00+00:00,1.15989,1.15989,1.15989,1.15989,0
2026-05-23 05:14:00+00:00,1.15989,1.15989,1.15989,1.15989,0
2026-05-23 05:15:00+00:00,1.15989,1.15989,1.15989,1.15989,0
2026-05-23 05:16:00+00:00,1.15989,1.15989,1.15989,1.15989,0
2026-05-23 05:17:00+00:00,1.15989,1.15989,1.15989,1.15989,0
2026-05-23 05:18:00+00:00,1.15989,1.15989,1.15989,1.15989,0
2026-05-23 05:19:00+00:00,1.15989,1.15989,1.15989,1.15989,0
2026-05-23 05:20:00+00:00,1.15989,1.15989,1.15989,1.15989,0
2026-05-23 05:21:00+00:00,1.15989,1.15989,1.15989,1.15989,0
2026-05-23 05:22:00+00:00,1.15989,1.15989,1.15989,1.15989,0
2026-05-23 05:23:00+00:00,1.15989,1.15989,1.15989,1.15989,0
2026-05-23 05:24:00+00:00,1.15989,1.15989,1.15989,1.15989,0
2026-05-23 05:25:00+00:00,1.15989,1.15989,1.15989,1.15989,0
2026-05-23 05:26:00+00:00,1.15989,1.15989,1.15989,1.15989,0
2026-05-23 05:27:00+00:00,1.15989,1.15989,1.15989,1.15989,0
2026-05-23 05:28:00+00:00,1.15989,1.15989,1.15989,1.15989,0
2026-05-23 05:29:00+00:00,1.15989,1.15989,1.15989,1.15989,0
2026-05-23 05:30:00+00:00,1.15989,1.15989,1.15989,1.15989,0
2026-05-23 05:31:00+00:00,1.15989,1.15989,1.15989,1.15989,0
2026-05-23 05:32:00+00:00,1.15989,1.15989,1.15989,1.15989,0
2026-05-23 05:33:00+00:00,1.15989,1.15989,1.15989,1.15989,0
2026-05-23 05:34:00+00:00,1.15989,1.15989,1.15989,1.15989,0
2026-05-23 05:35:00+00:00,1.15989,1.15989,1.15989,1.15989,0
2026-05-23 05:36:00+00:00,1.15989,1.15989,1.15989,1.15989,0
2026-05-23 05:37:00+00:00,1.15989,1.15989,1.15989,1.15989,0
2026-05-23 05:38:00+00:00,1.15989,1.15989,1.15989,1.15989,0
2026-05-23 05:39:00+00:00,1.15989,1.15989,1.15989,1.15989,0
2026-05-23 05:40:00+00:00,1.15989,1.15989,1.15989,1.15989,0
2026-05-23 05:41:00+00:00,1.15989,1.15989,1.15989,1.15989,0
2026-05-23 05:42:00+00:00,1.15989,1.15989,1.15989,1.15989,0
2026-05-23 05:43:00+00:00,1.15989,1.15989,1.15989,1.15989,0
2026-05-23 05:44:00+00:00,1.15989,1.15989,1.15989,1.15989,0
2026-05-23 05:45:00+00:00,1.15989,1.15989,1.15989,1.15989,0
2026-05-23 05:46:00+00:00,1.15989,1.15989,1.15989,1.15989,0
2026-05-23 05:47:00+00:00,1.15989,1.15989,1.15989,1.15989,0
2026-05-23 05:48:00+00:00,1.15989,1.15989,1.15989,1.15989,0
2026-05-23 05:49:00+00:00,1.15989,1.15989,1.15989,1.15989,0
2026-05-23 05:50:00+00:00,1.15989,1.15989,1.15989,1.15989,0
2026-05-23 05:51:00+00:00,1.15989,1.15989,1.15989,1.15989,0
2026-05-23 05:52:00+00:00,1.15989,1.15989,1.15989,1.15989,0
2026-05-23 05:53:00+00:00,1.15989,1.15989,1.15989,1.15989,0
2026-05-23 05:54:00+00:00,1.15989,1.15989,1.15989,1.15989,0
2026-05-23 05:55:00+00:00,1.15989,1.15989,1.15989,1.15989,0
2026-05-23 05:56:00+00:00,1.15989,1.15989,1.15989,1.15989,0
2026-05-23 05:57:00+00:00,1.15989,1.15989,1.15989,1.15989,0
2026-05-23 05:58:00+00:00,1.15989,1.15989,1.15989,1.15989,0
2026-05-23 05:59:00+00:00,1.15989,1.15989,1.15989,1.15989,0
2026-05-23 06:00:00+00:00,1.15989,1.15989,1.15989,1.15989,0
2026-05-23 06:01:00+00:00,1.15989,1.15989,1.15989,1.15989,0
2026-05-23 06:02:00+00:00,1.15989,1.15989,1.15989,1.15989,0
2026-05-23 06:03:00+00:00,1.15989,1.15989,1.15989,1.15989,0
2026-05-23 06:04:00+00:00,1.15989,1.15989,1.15989,1.15989,0
2026-05-23 06:05:00+00:00,1.15989,1.15989,1.15989,1.15989,0
2026-05-23 06:06:00+00:00,1.15989,1.15989,1.15989,1.15989,0
2026-05-23 06:07:00+00:00,1.15989,1.15989,1.15989,1.15989,0
2026-05-23 06:08:00+00:00,1.15989,1.15989,1.15989,1.15989,0
2026-05-23 06:09:00+00:00,1.15989,1.15989,1.15989,1.15989,0
2026-05-23 06:10:00+00:00,1.15989,1.15989,1.15989,1.15989,0
2026-05-23 06:11:00+00:00,1.15989,1.15989,1.15989,1.15989,0
2026-05-23 06:12:00+00:00,1.15989,1.15989,1.15989,1.15989,0
2026-05-23 06:13:00+00:00,1.15989,1.15989,1.15989,1.15989,0
2026-05-23 06:14:00+00:00,1.15989,1.15989,1.15989,1.15989,0
2026-05-23 06:15:00+00:00,1.15989,1.15989,1.15989,1.15989,0
2026-05-23 06:16:00+00:00,1.15989,1.15989,1.15989,1.15989,0
2026-05-23 06:17:00+00:00,1.15989,1.15989,1.15989,1.15989,0
2026-05-23 06:18:00+00:00,1.15989,1.15989,1.15989,1.15989,0
2026-05-23 06:19:00+00:00,1.15989,1.15989,1.15989,1.15989,0
2026-05-23 06:20:00+00:00,1.15989,1.15989,1.15989,1.15989,0
2026-05-23 06:21:00+00:00,1.15989,1.15989,1.15989,1.15989,0
2026-05-23 06:22:00+00:00,1.15989,1.15989,1.15989,1.15989,0
2026-05-23 06:23:00+00:00,1.15989,1.15989,1.15989,1.15989,0
2026-05-23 06:24:00+00:00,1.15989,1.15989,1.15989,1.15989,0
2026-05-23 06:25:00+00:00,1.15989,1.15989,1.15989,1.15989,0
2026-05-23 06:26:00+00:00,1.15989,1.15989,1.15989,1.15989,0
2026-05-23 06:27:00+00:00,1.15989,1.15989,1.15989,1.15989,0
2026-05-23 06:28:00+00:00,1.15989,1.15989,1.15989,1.15989,0
2026-05-23 06:29:00+00:00,1.15989,1.15989,1.15989,1.15989,0
2026-05-23 06:30:00+00:00,1.15989,1.15989,1.15989,1.15989,0
2026-05-23 06:31:00+00:00,1.15989,1.15989,1.15989,1.15989,0
2026-05-23 06:32:00+00:00,1.15989,1.15989,1.15989,1.15989,0
2026-05-23 06:33:00+00:00,1.15989,1.15989,1.15989,1.15989,0
2026-05-23 06:34:00+00:00,1.15989,1.15989,1.15989,1.15989,0
2026-05-23 06:35:00+00:00,1.15989,1.15989,1.15989,1.15989,0
2026-05-23 06:36:00+00:00,1.15989,1.15989,1.15989,1.15989,0
2026-05-23 06:37:00+00:00,1.15989,1.15989,1.15989,1.15989,0
2026-05-23 06:38:00+00:00,1.15989,1.15989,1.15989,1.15989,0
2026-05-23 06:39:00+00:00,1.15989,1.15989,1.15989,1.15989,0
2026-05-23 06:40:00+00:00,1.15989,1.15989,1.15989,1.15989,0
2026-05-23 06:41:00+00:00,1.15989,1.15989,1.15989,1.15989,0
2026-05-23 06:42:00+00:00,1.15989,1.15989,1.15989,1.15989,0
2026-05-23 06:43:00+00:00,1.15989,1.15989,1.15989,1.15989,0
2026-05-23 06:44:00+00:00,1.15989,1.15989,1.15989,1.15989,0
2026-05-23 06:45:00+00:00,1.15989,1.15989,1.15989,1.15989,0
2026-05-23 06:46:00+00:00,1.15989,1.15989,1.15989,1.15989,0
2026-05-23 06:47:00+00:00,1.15989,1.15989,1.15989,1.15989,0
2026-05-23 06:48:00+00:00,1.15989,1.15989,1.15989,1.15989,0
2026-05-23 06:49:00+00:00,1.15989,1.15989,1.15989,1.15989,0
2026-05-23 06:50:00+00:00,1.15989,1.15989,1.15989,1.15989,0
2026-05-23 06:51:00+00:00,1.15989,1.15989,1.15989,1.15989,0
2026-05-23 06:52:00+00:00,1.15989,1.15989,1.15989,1.15989,0
2026-05-23 06:53:00+00:00,1.15989,1.15989,1.15989,1.15989,0
2026-05-23 06:54:00+00:00,1.15989,1.15989,1.15989,1.15989,0
2026-05-23 06:55:00+00:00,1.15989,1.15989,1.15989,1.15989,0
2026-05-23 06:56:00+00:00,1.15989,1.15989,1.15989,1.15989,0
2026-05-23 06:57:00+00:00,1.15989,1.15989,1.15989,1.15989,0
2026-05-23 06:58:00+00:00,1.15989,1.15989,1.15989,1.15989,0
2026-05-23 06:59:00+00:00,1.15989,1.15989,1.15989,1.15989,0
2026-05-23 07:00:00+00:00,1.15989,1.15989,1.15989,1.15989,0
2026-05-23 07:01:00+00:00,1.15989,1.15989,1.15989,1.15989,0
2026-05-23 07:02:00+00:00,1.15989,1.15989,1.15989,1.15989,0
2026-05-23 07:03:00+00:00,1.15989,1.15989,1.15989,1.15989,0
2026-05-23 07:04:00+00:00,1.15989,1.15989,1.15989,1.15989,0
2026-05-23 07:05:00+00:00,1.15989,1.15989,1.15989,1.15989,0
2026-05-23 07:06:00+00:00,1.15989,1.15989,1.15989,1.15989,0
2026-05-23 07:07:00+00:00,1.15989,1.15989,1.15989,1.15989,0
2026-05-23 07:08:00+00:00,1.15989,1.15989,1.15989,1.15989,0
2026-05-23 07:09:00+00:00,1.15989,1.15989,1.15989,1.15989,0
2026-05-23 07:10:00+00:00,1.15989,1.15989,1.15989,1.15989,0
2026-05-23 07:11:00+00:00,1.15989,1.15989,1.15989,1.15989,0
2026-05-23 07:12:00+00:00,1.15989,1.15989,1.15989,1.15989,0
2026-05-23 07:13:00+00:00,1.15989,1.15989,1.15989,1.15989,0
2026-05-23 07:14:00+00:00,1.15989,1.15989,1.15989,1.15989,0
2026-05-23 07:15:00+00:00,1.15989,1.15989,1.15989,1.15989,0
2026-05-23 07:16:00+00:00,1.15989,1.15989,1.15989,1.15989,0
2026-05-23 07:17:00+00:00,1.15989,1.15989,1.15989,1.15989,0
2026-05-23 07:18:00+00:00,1.15989,1.15989,1.15989,1.15989,0
2026-05-23 07:19:00+00:00,1.15989,1.15989,1.15989,1.15989,0
2026-05-23 07:20:00+00:00,1.15989,1.15989,1.15989,1.15989,0
2026-05-23 07:21:00+00:00,1.15989,1.15989,1.15989,1.15989,0
2026-05-23 07:22:00+00:00,1.15989,1.15989,1.15989,1.15989,0
2026-05-23 07:23:00+00:00,1.15989,1.15989,1.15989,1.15989,0
2026-05-23 07:24:00+00:00,1.15989,1.15989,1.15989,1.15989,0
2026-05-23 07:25:00+00:00,1.15989,1.15989,1.15989,1.15989,0
2026-05-23 07:26:00+00:00,1.15989,1.15989,1.15989,1.15989,0
2026-05-23 07:27:00+00:00,1.15989,1.15989,1.15989,1.15989,0
2026-05-23 07:28:00+00:00,1.15989,1.15989,1.15989,1.15989,0
2026-05-23 07:29:00+00:00,1.15989,1.15989,1.15989,1.15989,0
2026-05-23 07:30:00+00:00,1.15989,1.15989,1.15989,1.15989,0
2026-05-23 07:31:00+00:00,1.15989,1.15989,1.15989,1.15989,0
2026-05-23 07:32:00+00:00,1.15989,1.15989,1.15989,1.15989,0
2026-05-23 07:33:00+00:00,1.15989,1.15989,1.15989,1.15989,0
2026-05-23 07:34:00+00:00,1.15989,1.15989,1.15989,1.15989,0
2026-05-23 07:35:00+00:00,1.15989,1.15989,1.15989,1.15989,0
2026-05-23 07:36:00+00:00,1.15989,1.15989,1.15989,1.15989,0
2026-05-23 07:37:00+00:00,1.15989,1.15989,1.15989,1.15989,0
2026-05-23 07:38:00+00:00,1.15989,1.15989,1.15989,1.15989,0
2026-05-23 07:39:00+00:00,1.15989,1.15989,1.15989,1.15989,0
2026-05-23 07:40:00+00:00,1.15989,1.15989,1.15989,1.15989,0
2026-05-23 07:41:00+00:00,1.15989,1.15989,1.15989,1.15989,0
2026-05-23 07:42:00+00:00,1.15989,1.15989,1.15989,1.15989,0
2026-05-23 07:43:00+00:00,1.15989,1.15989,1.15989,1.15989,0
2026-05-23 07:44:00+00:00,1.15989,1.15989,1.15989,1.15989,0
2026-05-23 07:45:00+00:00,1.15989,1.15989,1.15989,1.15989,0
2026-05-23 07:46:00+00:00,1.15989,1.15989,1.15989,1.15989,0
2026-05-23 07:47:00+00:00,1.15989,1.15989,1.15989,1.15989,0
2026-05-23 07:48:00+00:00,1.15989,1.15989,1.15989,1.15989,0
2026-05-23 07:49:00+00:00,1.15989,1.15989,1.15989,1.15989,0
2026-05-23 07:50:00+00:00,1.15989,1.15989,1.15989,1.15989,0
2026-05-23 07:51:00+00:00,1.15989,1.15989,1.15989,1.15989,0
2026-05-23 07:52:00+00:00,1.15989,1.15989,1.15989,1.15989,0
2026-05-23 07:53:00+00:00,1.15989,1.15989,1.15989,1.15989,0
2026-05-23 07:54:00+00:00,1.15989,1.15989,1.15989,1.15989,0
2026-05-23 07:55:00+00:00,1.15989,1.15989,1.15989,1.15989,0
2026-05-23 07:56:00+00:00,1.15989,1.15989,1.15989,1.15989,0
2026-05-23 07:57:00+00:00,1.15989,1.15989,1.15989,1.15989,0
2026-05-23 07:58:00+00:00,1.15989,1.15989,1.15989,1.15989,0
2026-05-23 07:59:00+00:00,1.15989,1.15989,1.15989,1.15989,0
2026-05-23 08:00:00+00:00,1.15989,1.15989,1.15989,1.15989,0
2026-05-23 08:01:00+00:00,1.15989,1.15989,1.15989,1.15989,0
2026-05-23 08:02:00+00:00,1.15989,1.15989,1.15989,1.15989,0
2026-05-23 08:03:00+00:00,1.15989,1.15989,1.15989,1.15989,0
2026-05-23 08:04:00+00:00,1.15989,1.15989,1.15989,1.15989,0
2026-05-23 08:05:00+00:00,1.15989,1.15989,1.15989,1.15989,0
2026-05-23 08:06:00+00:00,1.15989,1.15989,1.15989,1.15989,0
2026-05-23 08:07:00+00:00,1.15989,1.15989,1.15989,1.15989,0
2026-05-23 08:08:00+00:00,1.15989,1.15989,1.15989,1.15989,0
2026-05-23 08:09:00+00:00,1.15989,1.15989,1.15989,1.15989,0
2026-05-23 08:10:00+00:00,1.15989,1.15989,1.15989,1.15989,0
2026-05-23 08:11:00+00:00,1.15989,1.15989,1.15989,1.15989,0
2026-05-23 08:12:00+00:00,1.15989,1.15989,1.15989,1.15989,0
2026-05-23 08:13:00+00:00,1.15989,1.15989,1.15989,1.15989,0
2026-05-23 08:14:00+00:00,1.15989,1.15989,1.15989,1.15989,0
2026-05-23 08:15:00+00:00,1.15989,1.15989,1.15989,1.15989,0
2026-05-23 08:16:00+00:00,1.15989,1.15989,1.15989,1.15989,0
2026-05-23 08:17:00+00:00,1.15989,1.15989,1.15989,1.15989,0
2026-05-23 08:18:00+00:00,1.15989,1.15989,1.15989,1.15989,0
2026-05-23 08:19:00+00:00,1.15989,1.15989,1.15989,1.15989,0
2026-05-23 08:20:00+00:00,1.15989,1.15989,1.15989,1.15989,0
2026-05-23 08:21:00+00:00,1.15989,1.15989,1.15989,1.15989,0
2026-05-23 08:22:00+00:00,1.15989,1.15989,1.15989,1.15989,0
2026-05-23 08:23:00+00:00,1.15989,1.15989,1.15989,1.15989,0
2026-05-23 08:24:00+00:00,1.15989,1.15989,1.15989,1.15989,0
2026-05-23 08:25:00+00:00,1.15989,1.15989,1.15989,1.15989,0
2026-05-23 08:26:00+00:00,1.15989,1.15989,1.15989,1.15989,0
2026-05-23 08:27:00+00:00,1.15989,1.15989,1.15989,1.15989,0
2026-05-23 08:28:00+00:00,1.15989,1.15989,1.15989,1.15989,0
2026-05-23 08:29:00+00:00,1.15989,1.15989,1.15989,1.15989,0
2026-05-23 08:30:00+00:00,1.15989,1.15989,1.15989,1.15989,0
2026-05-23 08:31:00+00:00,1.15989,1.15989,1.15989,1.15989,0
2026-05-23 08:32:00+00:00,1.15989,1.15989,1.15989,1.15989,0
2026-05-23 08:33:00+00:00,1.15989,1.15989,1.15989,1.15989,0
2026-05-23 08:34:00+00:00,1.15989,1.15989,1.15989,1.15989,0
2026-05-23 08:35:00+00:00,1.15989,1.15989,1.15989,1.15989,0
2026-05-23 08:36:00+00:00,1.15989,1.15989,1.15989,1.15989,0
2026-05-23 08:37:00+00:00,1.15989,1.15989,1.15989,1.15989,0
2026-05-23 08:38:00+00:00,1.15989,1.15989,1.15989,1.15989,0
2026-05-23 08:39:00+00:00,1.15989,1.15989,1.15989,1.15989,0
2026-05-23 08:40:00+00:00,1.15989,1.15989,1.15989,1.15989,0
2026-05-23 08:41:00+00:00,1.15989,1.15989,1.15989,1.15989,0
2026-05-23 08:42:00+00:00,1.15989,1.15989,1.15989,1.15989,0
2026-05-23 08:43:00+00:00,1.15989,1.15989,1.15989,1.15989,0
2026-05-23 08:44:00+00:00,1.15989,1.15989,1.15989,1.15989,0
2026-05-23 08:45:00+00:00,1.15989,1.15989,1.15989,1.15989,0
2026-05-23 08:46:00+00:00,1.15989,1.15989,1.15989,1.15989,0
2026-05-23 08:47:00+00:00,1.15989,1.15989,1.15989,1.15989,0
2026-05-23 08:48:00+00:00,1.15989,1.15989,1.15989,1.15989,0
2026-05-23 08:49:00+00:00,1.15989,1.15989,1.15989,1.15989,0
2026-05-23 08:50:00+00:00,1.15989,1.15989,1.15989,1.15989,0
2026-05-23 08:51:00+00:00,1.15989,1.15989,1.15989,1.15989,0
2026-05-23 08:52:00+00:00,1.15989,1.15989,1.15989,1.15989,0
2026-05-23 08:53:00+00:00,1.15989,1.15989,1.15989,1.15989,0
2026-05-23 08:54:00+00:00,1.15989,1.15989,1.15989,1.15989,0
2026-05-23 08:55:00+00:00,1.15989,1.15989,1.15989,1.15989,0
2026-05-23 08:56:00+00:00,1.15989,1.15989,1.15989,1.15989,0
2026-05-23 08:57:00+00:00,1.15989,1.15989,1.15989,1.15989,0
2026-05-23 08:58:00+00:00,1.15989,1.15989,1.15989,1.15989,0
2026-05-23 08:59:00+00:00,1.15989,1.15989,1.15989,1.15989,0
2026-05-23 09:00:00+00:00,1.15989,1.15989,1.15989,1.15989,0
2026-05-23 09:01:00+00:00,1.15989,1.15989,1.15989,1.15989,0
2026-05-23 09:02:00+00:00,1.15989,1.15989,1.15989,1.15989,0
2026-05-23 09:03:00+00:00,1.15989,1.15989,1.15989,1.15989,0
2026-05-23 09:04:00+00:00,1.15989,1.15989,1.15989,1.15989,0
2026-05-23 09:05:00+00:00,1.15989,1.15989,1.15989,1.15989,0
2026-05-23 09:06:00+00:00,1.15989,1.15989,1.15989,1.15989,0
2026-05-23 09:07:00+00:00,1.15989,1.15989,1.15989,1.15989,0
2026-05-23 09:08:00+00:00,1.15989,1.15989,1.15989,1.15989,0
2026-05-23 09:09:00+00:00,1.15989,1.15989,1.15989,1.15989,0
2026-05-23 09:10:00+00:00,1.15989,1.15989,1.15989,1.15989,0
2026-05-23 09:11:00+00:00,1.15989,1.15989,1.15989,1.15989,0
2026-05-23 09:12:00+00:00,1.15989,1.15989,1.15989,1.15989,0
2026-05-23 09:13:00+00:00,1.15989,1.15989,1.15989,1.15989,0
2026-05-23 09:14:00+00:00,1.15989,1.15989,1.15989,1.15989,0
2026-05-23 09:15:00+00:00,1.15989,1.15989,1.15989,1.15989,0
2026-05-23 09:16:00+00:00,1.15989,1.15989,1.15989,1.15989,0
2026-05-23 09:17:00+00:00,1.15989,1.15989,1.15989,1.15989,0
2026-05-23 09:18:00+00:00,1.15989,1.15989,1.15989,1.15989,0
2026-05-23 09:19:00+00:00,1.15989,1.15989,1.15989,1.15989,0
2026-05-23 09:20:00+00:00,1.15989,1.15989,1.15989,1.15989,0
2026-05-23 09:21:00+00:00,1.15989,1.15989,1.15989,1.15989,0
2026-05-23 09:22:00+00:00,1.15989,1.15989,1.15989,1.15989,0
2026-05-23 09:23:00+00:00,1.15989,1.15989,1.15989,1.15989,0
2026-05-23 09:24:00+00:00,1.15989,1.15989,1.15989,1.15989,0
2026-05-23 09:25:00+00:00,1.15989,1.15989,1.15989,1.15989,0
2026-05-23 09:26:00+00:00,1.15989,1.15989,1.15989,1.15989,0
2026-05-23 09:27:00+00:00,1.15989,1.15989,1.15989,1.15989,0
2026-05-23 09:28:00+00:00,1.15989,1.15989,1.15989,1.15989,0
2026-05-23 09:29:00+00:00,1.15989,1.15989,1.15989,1.15989,0
2026-05-23 09:30:00+00:00,1.15989,1.15989,1.15989,1.15989,0
2026-05-23 09:31:00+00:00,1.15989,1.15989,1.15989,1.15989,0
2026-05-23 09:32:00+00:00,1.15989,1.15989,1.15989,1.15989,0
2026-05-23 09:33:00+00:00,1.15989,1.15989,1.15989,1.15989,0
2026-05-23 09:34:00+00:00,1.15989,1.15989,1.15989,1.15989,0
2026-05-23 09:35:00+00:00,1.15989,1.15989,1.15989,1.15989,0
2026-05-23 09:36:00+00:00,1.15989,1.15989,1.15989,1.15989,0
2026-05-23 09:37:00+00:00,1.15989,1.15989,1.15989,1.15989,0
2026-05-23 09:38:00+00:00,1.15989,1.15989,1.15989,1.15989,0
2026-05-23 09:39:00+00:00,1.15989,1.15989,1.15989,1.15989,0
2026-05-23 09:40:00+00:00,1.15989,1.15989,1.15989,1.15989,0
2026-05-23 09:41:00+00:00,1.15989,1.15989,1.15989,1.15989,0
2026-05-23 09:42:00+00:00,1.15989,1.15989,1.15989,1.15989,0
2026-05-23 09:43:00+00:00,1.15989,1.15989,1.15989,1.15989,0
2026-05-23 09:44:00+00:00,1.15989,1.15989,1.15989,1.15989,0
2026-05-23 09:45:00+00:00,1.15989,1.15989,1.15989,1.15989,0
2026-05-23 09:46:00+00:00,1.15989,1.15989,1.15989,1.15989,0
2026-05-23 09:47:00+00:00,1.15989,1.15989,1.15989,1.15989,0
2026-05-23 09:48:00+00:00,1.15989,1.15989,1.15989,1.15989,0
2026-05-23 09:49:00+00:00,1.15989,1.15989,1.15989,1.15989,0
2026-05-23 09:50:00+00:00,1.15989,1.15989,1.15989,1.15989,0
2026-05-23 09:51:00+00:00,1.15989,1.15989,1.15989,1.15989,0
2026-05-23 09:52:00+00:00,1.15989,1.15989,1.15989,1.15989,0
2026-05-23 09:53:00+00:00,1.15989,1.15989,1.15989,1.15989,0
2026-05-23 09:54:00+00:00,1.15989,1.15989,1.15989,1.15989,0
2026-05-23 09:55:00+00:00,1.15989,1.15989,1.15989,1.15989,0
2026-05-23 09:56:00+00:00,1.15989,1.15989,1.15989,1.15989,0
2026-05-23 09:57:00+00:00,1.15989,1.15989,1.15989,1.15989,0
2026-05-23 09:58:00+00:00,1.15989,1.15989,1.15989,1.15989,0
2026-05-23 09:59:00+00:00,1.15989,1.15989,1.15989,1.15989,0
2026-05-23 10:00:00+00:00,1.15989,1.15989,1.15989,1.15989,0
2026-05-23 10:01:00+00:00,1.15989,1.15989,1.15989,1.15989,0
2026-05-23 10:02:00+00:00,1.15989,1.15989,1.15989,1.15989,0
2026-05-23 10:03:00+00:00,1.15989,1.15989,1.15989,1.15989,0
2026-05-23 10:04:00+00:00,1.15989,1.15989,1.15989,1.15989,0
2026-05-23 10:05:00+00:00,1.15989,1.15989,1.15989,1.15989,0
2026-05-23 10:06:00+00:00,1.15989,1.15989,1.15989,1.15989,0
2026-05-23 10:07:00+00:00,1.15989,1.15989,1.15989,1.15989,0
2026-05-23 10:08:00+00:00,1.15989,1.15989,1.15989,1.15989,0
2026-05-23 10:09:00+00:00,1.15989,1.15989,1.15989,1.15989,0
2026-05-23 10:10:00+00:00,1.15989,1.15989,1.15989,1.15989,0
2026-05-23 10:11:00+00:00,1.15989,1.15989,1.15989,1.15989,0
2026-05-23 10:12:00+00:00,1.15989,1.15989,1.15989,1.15989,0
2026-05-23 10:13:00+00:00,1.15989,1.15989,1.15989,1.15989,0
2026-05-23 10:14:00+00:00,1.15989,1.15989,1.15989,1.15989,0
2026-05-23 10:15:00+00:00,1.15989,1.15989,1.15989,1.15989,0
2026-05-23 10:16:00+00:00,1.15989,1.15989,1.15989,1.15989,0
2026-05-23 10:17:00+00:00,1.15989,1.15989,1.15989,1.15989,0
2026-05-23 10:18:00+00:00,1.15989,1.15989,1.15989,1.15989,0
2026-05-23 10:19:00+00:00,1.15989,1.15989,1.15989,1.15989,0
2026-05-23 10:20:00+00:00,1.15989,1.15989,1.15989,1.15989,0
2026-05-23 10:21:00+00:00,1.15989,1.15989,1.15989,1.15989,0
2026-05-23 10:22:00+00:00,1.15989,1.15989,1.15989,1.15989,0
2026-05-23 10:23:00+00:00,1.15989,1.15989,1.15989,1.15989,0
2026-05-23 10:24:00+00:00,1.15989,1.15989,1.15989,1.15989,0
2026-05-23 10:25:00+00:00,1.15989,1.15989,1.15989,1.15989,0
2026-05-23 10:26:00+00:00,1.15989,1.15989,1.15989,1.15989,0
2026-05-23 10:27:00+00:00,1.15989,1.15989,1.15989,1.15989,0
2026-05-23 10:28:00+00:00,1.15989,1.15989,1.15989,1.15989,0
2026-05-23 10:29:00+00:00,1.15989,1.15989,1.15989,1.15989,0
2026-05-23 10:30:00+00:00,1.15989,1.15989,1.15989,1.15989,0
2026-05-23 10:31:00+00:00,1.15989,1.15989,1.15989,1.15989,0
2026-05-23 10:32:00+00:00,1.15989,1.15989,1.15989,1.15989,0
2026-05-23 10:33:00+00:00,1.15989,1.15989,1.15989,1.15989,0
2026-05-23 10:34:00+00:00,1.15989,1.15989,1.15989,1.15989,0
2026-05-23 10:35:00+00:00,1.15989,1.15989,1.15989,1.15989,0
2026-05-23 10:36:00+00:00,1.15989,1.15989,1.15989,1.15989,0
2026-05-23 10:37:00+00:00,1.15989,1.15989,1.15989,1.15989,0
2026-05-23 10:38:00+00:00,1.15989,1.15989,1.15989,1.15989,0
2026-05-23 10:39:00+00:00,1.15989,1.15989,1.15989,1.15989,0
2026-05-23 10:40:00+00:00,1.15989,1.15989,1.15989,1.15989,0
2026-05-23 10:41:00+00:00,1.15989,1.15989,1.15989,1.15989,0
2026-05-23 10:42:00+00:00,1.15989,1.15989,1.15989,1.15989,0
2026-05-23 10:43:00+00:00,1.15989,1.15989,1.15989,1.15989,0
2026-05-23 10:44:00+00:00,1.15989,1.15989,1.15989,1.15989,0
2026-05-23 10:45:00+00:00,1.15989,1.15989,1.15989,1.15989,0
2026-05-23 10:46:00+00:00,1.15989,1.15989,1.15989,1.15989,0
2026-05-23 10:47:00+00:00,1.15989,1.15989,1.15989,1.15989,0
2026-05-23 10:48:00+00:00,1.15989,1.15989,1.15989,1.15989,0
2026-05-23 10:49:00+00:00,1.15989,1.15989,1.15989,1.15989,0
2026-05-23 10:50:00+00:00,1.15989,1.15989,1.15989,1.15989,0
2026-05-23 10:51:00+00:00,1.15989,1.15989,1.15989,1.15989,0
2026-05-23 10:52:00+00:00,1.15989,1.15989,1.15989,1.15989,0
2026-05-23 10:53:00+00:00,1.15989,1.15989,1.15989,1.15989,0
2026-05-23 10:54:00+00:00,1.15989,1.15989,1.15989,1.15989,0
2026-05-23 10:55:00+00:00,1.15989,1.15989,1.15989,1.15989,0
2026-05-23 10:56:00+00:00,1.15989,1.15989,1.15989,1.15989,0
2026-05-23 10:57:00+00:00,1.15989,1.15989,1.15989,1.15989,0
2026-05-23 10:58:00+00:00,1.15989,1.15989,1.15989,1.15989,0
2026-05-23 10:59:00+00:00,1.15989,1.15989,1.15989,1.15989,0
2026-05-23 11:00:00+00:00,1.15989,1.15989,1.15989,1.15989,0
2026-05-23 11:01:00+00:00,1.15989,1.15989,1.15989,1.15989,0
2026-05-23 11:02:00+00:00,1.15989,1.15989,1.15989,1.15989,0
2026-05-23 11:03:00+00:00,1.15989,1.15989,1.15989,1.15989,0
2026-05-23 11:04:00+00:00,1.15989,1.15989,1.15989,1.15989,0
2026-05-23 11:05:00+00:00,1.15989,1.15989,1.15989,1.15989,0
2026-05-23 11:06:00+00:00,1.15989,1.15989,1.15989,1.15989,0
2026-05-23 11:07:00+00:00,1.15989,1.15989,1.15989,1.15989,0
2026-05-23 11:08:00+00:00,1.15989,1.15989,1.15989,1.15989,0
2026-05-23 11:09:00+00:00,1.15989,1.15989,1.15989,1.15989,0
2026-05-23 11:10:00+00:00,1.15989,1.15989,1.15989,1.15989,0
2026-05-23 11:11:00+00:00,1.15989,1.15989,1.15989,1.15989,0
2026-05-23 11:12:00+00:00,1.15989,1.15989,1.15989,1.15989,0
2026-05-23 11:13:00+00:00,1.15989,1.15989,1.15989,1.15989,0
2026-05-23 11:14:00+00:00,1.15989,1.15989,1.15989,1.15989,0
2026-05-23 11:15:00+00:00,1.15989,1.15989,1.15989,1.15989,0
2026-05-23 11:16:00+00:00,1.15989,1.15989,1.15989,1.15989,0
2026-05-23 11:17:00+00:00,1.15989,1.15989,1.15989,1.15989,0
2026-05-23 11:18:00+00:00,1.15989,1.15989,1.15989,1.15989,0
2026-05-23 11:19:00+00:00,1.15989,1.15989,1.15989,1.15989,0
2026-05-23 11:20:00+00:00,1.15989,1.15989,1.15989,1.15989,0
2026-05-23 11:21:00+00:00,1.15989,1.15989,1.15989,1.15989,0
2026-05-23 11:22:00+00:00,1.15989,1.15989,1.15989,1.15989,0
2026-05-23 11:23:00+00:00,1.15989,1.15989,1.15989,1.15989,0
2026-05-23 11:24:00+00:00,1.15989,1.15989,1.15989,1.15989,0
2026-05-23 11:25:00+00:00,1.15989,1.15989,1.15989,1.15989,0
2026-05-23 11:26:00+00:00,1.15989,1.15989,1.15989,1.15989,0
2026-05-23 11:27:00+00:00,1.15989,1.15989,1.15989,1.15989,0
2026-05-23 11:28:00+00:00,1.15989,1.15989,1.15989,1.15989,0
2026-05-23 11:29:00+00:00,1.15989,1.15989,1.15989,1.15989,0
2026-05-23 11:30:00+00:00,1.15989,1.15989,1.15989,1.15989,0
2026-05-23 11:31:00+00:00,1.15989,1.15989,1.15989,1.15989,0
2026-05-23 11:32:00+00:00,1.15989,1.15989,1.15989,1.15989,0
2026-05-23 11:33:00+00:00,1.15989,1.15989,1.15989,1.15989,0
2026-05-23 11:34:00+00:00,1.15989,1.15989,1.15989,1.15989,0
2026-05-23 11:35:00+00:00,1.15989,1.15989,1.15989,1.15989,0
2026-05-23 11:36:00+00:00,1.15989,1.15989,1.15989,1.15989,0
2026-05-23 11:37:00+00:00,1.15989,1.15989,1.15989,1.15989,0
2026-05-23 11:38:00+00:00,1.15989,1.15989,1.15989,1.15989,0
2026-05-23 11:39:00+00:00,1.15989,1.15989,1.15989,1.15989,0
2026-05-23 11:40:00+00:00,1.15989,1.15989,1.15989,1.15989,0
2026-05-23 11:41:00+00:00,1.15989,1.15989,1.15989,1.15989,0
2026-05-23 11:42:00+00:00,1.15989,1.15989,1.15989,1.15989,0
2026-05-23 11:43:00+00:00,1.15989,1.15989,1.15989,1.15989,0
2026-05-23 11:44:00+00:00,1.15989,1.15989,1.15989,1.15989,0
2026-05-23 11:45:00+00:00,1.15989,1.15989,1.15989,1.15989,0
2026-05-23 11:46:00+00:00,1.15989,1.15989,1.15989,1.15989,0
2026-05-23 11:47:00+00:00,1.15989,1.15989,1.15989,1.15989,0
2026-05-23 11:48:00+00:00,1.15989,1.15989,1.15989,1.15989,0
2026-05-23 11:49:00+00:00,1.15989,1.15989,1.15989,1.15989,0
2026-05-23 11:50:00+00:00,1.15989,1.15989,1.15989,1.15989,0
2026-05-23 11:51:00+00:00,1.15989,1.15989,1.15989,1.15989,0
2026-05-23 11:52:00+00:00,1.15989,1.15989,1.15989,1.15989,0
2026-05-23 11:53:00+00:00,1.15989,1.15989,1.15989,1.15989,0
2026-05-23 11:54:00+00:00,1.15989,1.15989,1.15989,1.15989,0
2026-05-23 11:55:00+00:00,1.15989,1.15989,1.15989,1.15989,0
2026-05-23 11:56:00+00:00,1.15989,1.15989,1.15989,1.15989,0
2026-05-23 11:57:00+00:00,1.15989,1.15989,1.15989,1.15989,0
2026-05-23 11:58:00+00:00,1.15989,1.15989,1.15989,1.15989,0
2026-05-23 11:59:00+00:00,1.15989,1.15989,1.15989,1.15989,0
2026-05-23 12:00:00+00:00,1.15989,1.15989,1.15989,1.15989,0
2026-05-23 12:01:00+00:00,1.15989,1.15989,1.15989,1.15989,0
2026-05-23 12:02:00+00:00,1.15989,1.15989,1.15989,1.15989,0
2026-05-23 12:03:00+00:00,1.15989,1.15989,1.15989,1.15989,0
2026-05-23 12:04:00+00:00,1.15989,1.15989,1.15989,1.15989,0
2026-05-23 12:05:00+00:00,1.15989,1.15989,1.15989,1.15989,0
2026-05-23 12:06:00+00:00,1.15989,1.15989,1.15989,1.15989,0
2026-05-23 12:07:00+00:00,1.15989,1.15989,1.15989,1.15989,0
2026-05-23 12:08:00+00:00,1.15989,1.15989,1.15989,1.15989,0
2026-05-23 12:09:00+00:00,1.15989,1.15989,1.15989,1.15989,0
2026-05-23 12:10:00+00:00,1.15989,1.15989,1.15989,1.15989,0
2026-05-23 12:11:00+00:00,1.15989,1.15989,1.15989,1.15989,0
2026-05-23 12:12:00+00:00,1.15989,1.15989,1.15989,1.15989,0
2026-05-23 12:13:00+00:00,1.15989,1.15989,1.15989,1.15989,0
2026-05-23 12:14:00+00:00,1.15989,1.15989,1.15989,1.15989,0
2026-05-23 12:15:00+00:00,1.15989,1.15989,1.15989,1.15989,0
2026-05-23 12:16:00+00:00,1.15989,1.15989,1.15989,1.15989,0
2026-05-23 12:17:00+00:00,1.15989,1.15989,1.15989,1.15989,0
2026-05-23 12:18:00+00:00,1.15989,1.15989,1.15989,1.15989,0
2026-05-23 12:19:00+00:00,1.15989,1.15989,1.15989,1.15989,0
2026-05-23 12:20:00+00:00,1.15989,1.15989,1.15989,1.15989,0
2026-05-23 12:21:00+00:00,1.15989,1.15989,1.15989,1.15989,0
2026-05-23 12:22:00+00:00,1.15989,1.15989,1.15989,1.15989,0
2026-05-23 12:23:00+00:00,1.15989,1.15989,1.15989,1.15989,0
2026-05-23 12:24:00+00:00,1.15989,1.15989,1.15989,1.15989,0
2026-05-23 12:25:00+00:00,1.15989,1.15989,1.15989,1.15989,0
2026-05-23 12:26:00+00:00,1.15989,1.15989,1.15989,1.15989,0
2026-05-23 12:27:00+00:00,1.15989,1.15989,1.15989,1.15989,0
2026-05-23 12:28:00+00:00,1.15989,1.15989,1.15989,1.15989,0
2026-05-23 12:29:00+00:00,1.15989,1.15989,1.15989,1.15989,0
2026-05-23 12:30:00+00:00,1.15989,1.15989,1.15989,1.15989,0
2026-05-23 12:31:00+00:00,1.15989,1.15989,1.15989,1.15989,0
2026-05-23 12:32:00+00:00,1.15989,1.15989,1.15989,1.15989,0
2026-05-23 12:33:00+00:00,1.15989,1.15989,1.15989,1.15989,0
2026-05-23 12:34:00+00:00,1.15989,1.15989,1.15989,1.15989,0
2026-05-23 12:35:00+00:00,1.15989,1.15989,1.15989,1.15989,0
2026-05-23 12:36:00+00:00,1.15989,1.15989,1.15989,1.15989,0
2026-05-23 12:37:00+00:00,1.15989,1.15989,1.15989,1.15989,0
2026-05-23 12:38:00+00:00,1.15989,1.15989,1.15989,1.15989,0
2026-05-23 12:39:00+00:00,1.15989,1.15989,1.15989,1.15989,0
2026-05-23 12:40:00+00:00,1.15989,1.15989,1.15989,1.15989,0
2026-05-23 12:41:00+00:00,1.15989,1.15989,1.15989,1.15989,0
2026-05-23 12:42:00+00:00,1.15989,1.15989,1.15989,1.15989,0
2026-05-23 12:43:00+00:00,1.15989,1.15989,1.15989,1.15989,0
2026-05-23 12:44:00+00:00,1.15989,1.15989,1.15989,1.15989,0
2026-05-23 12:45:00+00:00,1.15989,1.15989,1.15989,1.15989,0
2026-05-23 12:46:00+00:00,1.15989,1.15989,1.15989,1.15989,0
2026-05-23 12:47:00+00:00,1.15989,1.15989,1.15989,1.15989,0
2026-05-23 12:48:00+00:00,1.15989,1.15989,1.15989,1.15989,0
2026-05-23 12:49:00+00:00,1.15989,1.15989,1.15989,1.15989,0
2026-05-23 12:50:00+00:00,1.15989,1.15989,1.15989,1.15989,0
2026-05-23 12:51:00+00:00,1.15989,1.15989,1.15989,1.15989,0
2026-05-23 12:52:00+00:00,1.15989,1.15989,1.15989,1.15989,0
2026-05-23 12:53:00+00:00,1.15989,1.15989,1.15989,1.15989,0
2026-05-23 12:54:00+00:00,1.15989,1.15989,1.15989,1.15989,0
2026-05-23 12:55:00+00:00,1.15989,1.15989,1.15989,1.15989,0
2026-05-23 12:56:00+00:00,1.15989,1.15989,1.15989,1.15989,0
2026-05-23 12:57:00+00:00,1.15989,1.15989,1.15989,1.15989,0
2026-05-23 12:58:00+00:00,1.15989,1.15989,1.15989,1.15989,0
2026-05-23 12:59:00+00:00,1.15989,1.15989,1.15989,1.15989,0
2026-05-23 13:00:00+00:00,1.15989,1.15989,1.15989,1.15989,0
2026-05-23 13:01:00+00:00,1.15989,1.15989,1.15989,1.15989,0
2026-05-23 13:02:00+00:00,1.15989,1.15989,1.15989,1.15989,0
2026-05-23 13:03:00+00:00,1.15989,1.15989,1.15989,1.15989,0
2026-05-23 13:04:00+00:00,1.15989,1.15989,1.15989,1.15989,0
2026-05-23 13:05:00+00:00,1.15989,1.15989,1.15989,1.15989,0
2026-05-23 13:06:00+00:00,1.15989,1.15989,1.15989,1.15989,0
2026-05-23 13:07:00+00:00,1.15989,1.15989,1.15989,1.15989,0
2026-05-23 13:08:00+00:00,1.15989,1.15989,1.15989,1.15989,0
2026-05-23 13:09:00+00:00,1.15989,1.15989,1.15989,1.15989,0
2026-05-23 13:10:00+00:00,1.15989,1.15989,1.15989,1.15989,0
2026-05-23 13:11:00+00:00,1.15989,1.15989,1.15989,1.15989,0
2026-05-23 13:12:00+00:00,1.15989,1.15989,1.15989,1.15989,0
2026-05-23 13:13:00+00:00,1.15989,1.15989,1.15989,1.15989,0
2026-05-23 13:14:00+00:00,1.15989,1.15989,1.15989,1.15989,0
2026-05-23 13:15:00+00:00,1.15989,1.15989,1.15989,1.15989,0
2026-05-23 13:16:00+00:00,1.15989,1.15989,1.15989,1.15989,0
2026-05-23 13:17:00+00:00,1.15989,1.15989,1.15989,1.15989,0
2026-05-23 13:18:00+00:00,1.15989,1.15989,1.15989,1.15989,0
2026-05-23 13:19:00+00:00,1.15989,1.15989,1.15989,1.15989,0
2026-05-23 13:20:00+00:00,1.15989,1.15989,1.15989,1.15989,0
2026-05-23 13:21:00+00:00,1.15989,1.15989,1.15989,1.15989,0
2026-05-23 13:22:00+00:00,1.15989,1.15989,1.15989,1.15989,0
2026-05-23 13:23:00+00:00,1.15989,1.15989,1.15989,1.15989,0
2026-05-23 13:24:00+00:00,1.15989,1.15989,1.15989,1.15989,0
2026-05-23 13:25:00+00:00,1.15989,1.15989,1.15989,1.15989,0
2026-05-23 13:26:00+00:00,1.15989,1.15989,1.15989,1.15989,0
2026-05-23 13:27:00+00:00,1.15989,1.15989,1.15989,1.15989,0
2026-05-23 13:28:00+00:00,1.15989,1.15989,1.15989,1.15989,0
2026-05-23 13:29:00+00:00,1.15989,1.15989,1.15989,1.15989,0
2026-05-23 13:30:00+00:00,1.15989,1.15989,1.15989,1.15989,0
2026-05-23 13:31:00+00:00,1.15989,1.15989,1.15989,1.15989,0
2026-05-23 13:32:00+00:00,1.15989,1.15989,1.15989,1.15989,0
2026-05-23 13:33:00+00:00,1.15989,1.15989,1.15989,1.15989,0
2026-05-23 13:34:00+00:00,1.15989,1.15989,1.15989,1.15989,0
2026-05-23 13:35:00+00:00,1.15989,1.15989,1.15989,1.15989,0
2026-05-23 13:36:00+00:00,1.15989,1.15989,1.15989,1.15989,0
2026-05-23 13:37:00+00:00,1.15989,1.15989,1.15989,1.15989,0
2026-05-23 13:38:00+00:00,1.15989,1.15989,1.15989,1.15989,0
2026-05-23 13:39:00+00:00,1.15989,1.15989,1.15989,1.15989,0
2026-05-23 13:40:00+00:00,1.15989,1.15989,1.15989,1.15989,0
2026-05-23 13:41:00+00:00,1.15989,1.15989,1.15989,1.15989,0
2026-05-23 13:42:00+00:00,1.15989,1.15989,1.15989,1.15989,0
2026-05-23 13:43:00+00:00,1.15989,1.15989,1.15989,1.15989,0
2026-05-23 13:44:00+00:00,1.15989,1.15989,1.15989,1.15989,0
2026-05-23 13:45:00+00:00,1.15989,1.15989,1.15989,1.15989,0
2026-05-23 13:46:00+00:00,1.15989,1.15989,1.15989,1.15989,0
2026-05-23 13:47:00+00:00,1.15989,1.15989,1.15989,1.15989,0
2026-05-23 13:48:00+00:00,1.15989,1.15989,1.15989,1.15989,0
2026-05-23 13:49:00+00:00,1.15989,1.15989,1.15989,1.15989,0
2026-05-23 13:50:00+00:00,1.15989,1.15989,1.15989,1.15989,0
2026-05-23 13:51:00+00:00,1.15989,1.15989,1.15989,1.15989,0
2026-05-23 13:52:00+00:00,1.15989,1.15989,1.15989,1.15989,0
2026-05-23 13:53:00+00:00,1.15989,1.15989,1.15989,1.15989,0
2026-05-23 13:54:00+00:00,1.15989,1.15989,1.15989,1.15989,0
2026-05-23 13:55:00+00:00,1.15989,1.15989,1.15989,1.15989,0
2026-05-23 13:56:00+00:00,1.15989,1.15989,1.15989,1.15989,0
2026-05-23 13:57:00+00:00,1.15989,1.15989,1.15989,1.15989,0
2026-05-23 13:58:00+00:00,1.15989,1.15989,1.15989,1.15989,0
2026-05-23 13:59:00+00:00,1.15989,1.15989,1.15989,1.15989,0
2026-05-23 14:00:00+00:00,1.15989,1.15989,1.15989,1.15989,0
2026-05-23 14:01:00+00:00,1.15989,1.15989,1.15989,1.15989,0
2026-05-23 14:02:00+00:00,1.15989,1.15989,1.15989,1.15989,0
2026-05-23 14:03:00+00:00,1.15989,1.15989,1.15989,1.15989,0
2026-05-23 14:04:00+00:00,1.15989,1.15989,1.15989,1.15989,0
2026-05-23 14:05:00+00:00,1.15989,1.15989,1.15989,1.15989,0
2026-05-23 14:06:00+00:00,1.15989,1.15989,1.15989,1.15989,0
2026-05-23 14:07:00+00:00,1.15989,1.15989,1.15989,1.15989,0
2026-05-23 14:08:00+00:00,1.15989,1.15989,1.15989,1.15989,0
2026-05-23 14:09:00+00:00,1.15989,1.15989,1.15989,1.15989,0
2026-05-23 14:10:00+00:00,1.15989,1.15989,1.15989,1.15989,0
2026-05-23 14:11:00+00:00,1.15989,1.15989,1.15989,1.15989,0
2026-05-23 14:12:00+00:00,1.15989,1.15989,1.15989,1.15989,0
2026-05-23 14:13:00+00:00,1.15989,1.15989,1.15989,1.15989,0
2026-05-23 14:14:00+00:00,1.15989,1.15989,1.15989,1.15989,0
2026-05-23 14:15:00+00:00,1.15989,1.15989,1.15989,1.15989,0
2026-05-23 14:16:00+00:00,1.15989,1.15989,1.15989,1.15989,0
2026-05-23 14:17:00+00:00,1.15989,1.15989,1.15989,1.15989,0
2026-05-23 14:18:00+00:00,1.15989,1.15989,1.15989,1.15989,0
2026-05-23 14:19:00+00:00,1.15989,1.15989,1.15989,1.15989,0
2026-05-23 14:20:00+00:00,1.15989,1.15989,1.15989,1.15989,0
2026-05-23 14:21:00+00:00,1.15989,1.15989,1.15989,1.15989,0
2026-05-23 14:22:00+00:00,1.15989,1.15989,1.15989,1.15989,0
2026-05-23 14:23:00+00:00,1.15989,1.15989,1.15989,1.15989,0
2026-05-23 14:24:00+00:00,1.15989,1.15989,1.15989,1.15989,0
2026-05-23 14:25:00+00:00,1.15989,1.15989,1.15989,1.15989,0
2026-05-23 14:26:00+00:00,1.15989,1.15989,1.15989,1.15989,0
2026-05-23 14:27:00+00:00,1.15989,1.15989,1.15989,1.15989,0
2026-05-23 14:28:00+00:00,1.15989,1.15989,1.15989,1.15989,0
2026-05-23 14:29:00+00:00,1.15989,1.15989,1.15989,1.15989,0
2026-05-23 14:30:00+00:00,1.15989,1.15989,1.15989,1.15989,0
2026-05-23 14:31:00+00:00,1.15989,1.15989,1.15989,1.15989,0
2026-05-23 14:32:00+00:00,1.15989,1.15989,1.15989,1.15989,0
2026-05-23 14:33:00+00:00,1.15989,1.15989,1.15989,1.15989,0
2026-05-23 14:34:00+00:00,1.15989,1.15989,1.15989,1.15989,0
2026-05-23 14:35:00+00:00,1.15989,1.15989,1.15989,1.15989,0
2026-05-23 14:36:00+00:00,1.15989,1.15989,1.15989,1.15989,0
2026-05-23 14:37:00+00:00,1.15989,1.15989,1.15989,1.15989,0
2026-05-23 14:38:00+00:00,1.15989,1.15989,1.15989,1.15989,0
2026-05-23 14:39:00+00:00,1.15989,1.15989,1.15989,1.15989,0
2026-05-23 14:40:00+00:00,1.15989,1.15989,1.15989,1.15989,0
2026-05-23 14:41:00+00:00,1.15989,1.15989,1.15989,1.15989,0
2026-05-23 14:42:00+00:00,1.15989,1.15989,1.15989,1.15989,0
2026-05-23 14:43:00+00:00,1.15989,1.15989,1.15989,1.15989,0
2026-05-23 14:44:00+00:00,1.15989,1.15989,1.15989,1.15989,0
2026-05-23 14:45:00+00:00,1.15989,1.15989,1.15989,1.15989,0
2026-05-23 14:46:00+00:00,1.15989,1.15989,1.15989,1.15989,0
2026-05-23 14:47:00+00:00,1.15989,1.15989,1.15989,1.15989,0
2026-05-23 14:48:00+00:00,1.15989,1.15989,1.15989,1.15989,0
2026-05-23 14:49:00+00:00,1.15989,1.15989,1.15989,1.15989,0
2026-05-23 14:50:00+00:00,1.15989,1.15989,1.15989,1.15989,0
2026-05-23 14:51:00+00:00,1.15989,1.15989,1.15989,1.15989,0
2026-05-23 14:52:00+00:00,1.15989,1.15989,1.15989,1.15989,0
2026-05-23 14:53:00+00:00,1.15989,1.15989,1.15989,1.15989,0
2026-05-23 14:54:00+00:00,1.15989,1.15989,1.15989,1.15989,0
2026-05-23 14:55:00+00:00,1.15989,1.15989,1.15989,1.15989,0
2026-05-23 14:56:00+00:00,1.15989,1.15989,1.15989,1.15989,0
2026-05-23 14:57:00+00:00,1.15989,1.15989,1.15989,1.15989,0
2026-05-23 14:58:00+00:00,1.15989,1.15989,1.15989,1.15989,0
2026-05-23 14:59:00+00:00,1.15989,1.15989,1.15989,1.15989,0
2026-05-23 15:00:00+00:00,1.15989,1.15989,1.15989,1.15989,0
2026-05-23 15:01:00+00:00,1.15989,1.15989,1.15989,1.15989,0
2026-05-23 15:02:00+00:00,1.15989,1.15989,1.15989,1.15989,0
2026-05-23 15:03:00+00:00,1.15989,1.15989,1.15989,1.15989,0
2026-05-23 15:04:00+00:00,1.15989,1.15989,1.15989,1.15989,0
2026-05-23 15:05:00+00:00,1.15989,1.15989,1.15989,1.15989,0
2026-05-23 15:06:00+00:00,1.15989,1.15989,1.15989,1.15989,0
2026-05-23 15:07:00+00:00,1.15989,1.15989,1.15989,1.15989,0
2026-05-23 15:08:00+00:00,1.15989,1.15989,1.15989,1.15989,0
2026-05-23 15:09:00+00:00,1.15989,1.15989,1.15989,1.15989,0
2026-05-23 15:10:00+00:00,1.15989,1.15989,1.15989,1.15989,0
2026-05-23 15:11:00+00:00,1.15989,1.15989,1.15989,1.15989,0
2026-05-23 15:12:00+00:00,1.15989,1.15989,1.15989,1.15989,0
2026-05-23 15:13:00+00:00,1.15989,1.15989,1.15989,1.15989,0
2026-05-23 15:14:00+00:00,1.15989,1.15989,1.15989,1.15989,0
2026-05-23 15:15:00+00:00,1.15989,1.15989,1.15989,1.15989,0
2026-05-23 15:16:00+00:00,1.15989,1.15989,1.15989,1.15989,0
2026-05-23 15:17:00+00:00,1.15989,1.15989,1.15989,1.15989,0
2026-05-23 15:18:00+00:00,1.15989,1.15989,1.15989,1.15989,0
2026-05-23 15:19:00+00:00,1.15989,1.15989,1.15989,1.15989,0
2026-05-23 15:20:00+00:00,1.15989,1.15989,1.15989,1.15989,0
2026-05-23 15:21:00+00:00,1.15989,1.15989,1.15989,1.15989,0
2026-05-23 15:22:00+00:00,1.15989,1.15989,1.15989,1.15989,0
2026-05-23 15:23:00+00:00,1.15989,1.15989,1.15989,1.15989,0
2026-05-23 15:24:00+00:00,1.15989,1.15989,1.15989,1.15989,0
2026-05-23 15:25:00+00:00,1.15989,1.15989,1.15989,1.15989,0
2026-05-23 15:26:00+00:00,1.15989,1.15989,1.15989,1.15989,0
2026-05-23 15:27:00+00:00,1.15989,1.15989,1.15989,1.15989,0
2026-05-23 15:28:00+00:00,1.15989,1.15989,1.15989,1.15989,0
2026-05-23 15:29:00+00:00,1.15989,1.15989,1.15989,1.15989,0
2026-05-23 15:30:00+00:00,1.15989,1.15989,1.15989,1.15989,0
2026-05-23 15:31:00+00:00,1.15989,1.15989,1.15989,1.15989,0
2026-05-23 15:32:00+00:00,1.15989,1.15989,1.15989,1.15989,0
2026-05-23 15:33:00+00:00,1.15989,1.15989,1.15989,1.15989,0
2026-05-23 15:34:00+00:00,1.15989,1.15989,1.15989,1.15989,0
2026-05-23 15:35:00+00:00,1.15989,1.15989,1.15989,1.15989,0
2026-05-23 15:36:00+00:00,1.15989,1.15989,1.15989,1.15989,0
2026-05-23 15:37:00+00:00,1.15989,1.15989,1.15989,1.15989,0
2026-05-23 15:38:00+00:00,1.15989,1.15989,1.15989,1.15989,0
2026-05-23 15:39:00+00:00,1.15989,1.15989,1.15989,1.15989,0
2026-05-23 15:40:00+00:00,1.15989,1.15989,1.15989,1.15989,0
2026-05-23 15:41:00+00:00,1.15989,1.15989,1.15989,1.15989,0
2026-05-23 15:42:00+00:00,1.15989,1.15989,1.15989,1.15989,0
2026-05-23 15:43:00+00:00,1.15989,1.15989,1.15989,1.15989,0
2026-05-23 15:44:00+00:00,1.15989,1.15989,1.15989,1.15989,0
2026-05-23 15:45:00+00:00,1.15989,1.15989,1.15989,1.15989,0
2026-05-23 15:46:00+00:00,1.15989,1.15989,1.15989,1.15989,0
2026-05-23 15:47:00+00:00,1.15989,1.15989,1.15989,1.15989,0
2026-05-23 15:48:00+00:00,1.15989,1.15989,1.15989,1.15989,0
2026-05-23 15:49:00+00:00,1.15989,1.15989,1.15989,1.15989,0
2026-05-23 15:50:00+00:00,1.15989,1.15989,1.15989,1.15989,0
2026-05-23 15:51:00+00:00,1.15989,1.15989,1.15989,1.15989,0
2026-05-23 15:52:00+00:00,1.15989,1.15989,1.15989,1.15989,0
2026-05-23 15:53:00+00:00,1.15989,1.15989,1.15989,1.15989,0
2026-05-23 15:54:00+00:00,1.15989,1.15989,1.15989,1.15989,0
2026-05-23 15:55:00+00:00,1.15989,1.15989,1.15989,1.15989,0
2026-05-23 15:56:00+00:00,1.15989,1.15989,1.15989,1.15989,0
2026-05-23 15:57:00+00:00,1.15989,1.15989,1.15989,1.15989,0
2026-05-23 15:58:00+00:00,1.15989,1.15989,1.15989,1.15989,0
2026-05-23 15:59:00+00:00,1.15989,1.15989,1.15989,1.15989,0
2026-05-23 16:00:00+00:00,1.15989,1.15989,1.15989,1.15989,0
2026-05-23 16:01:00+00:00,1.15989,1.15989,1.15989,1.15989,0
2026-05-23 16:02:00+00:00,1.15989,1.15989,1.15989,1.15989,0
2026-05-23 16:03:00+00:00,1.15989,1.15989,1.15989,1.15989,0
2026-05-23 16:04:00+00:00,1.15989,1.15989,1.15989,1.15989,0
2026-05-23 16:05:00+00:00,1.15989,1.15989,1.15989,1.15989,0
2026-05-23 16:06:00+00:00,1.15989,1.15989,1.15989,1.15989,0
2026-05-23 16:07:00+00:00,1.15989,1.15989,1.15989,1.15989,0
2026-05-23 16:08:00+00:00,1.15989,1.15989,1.15989,1.15989,0
2026-05-23 16:09:00+00:00,1.15989,1.15989,1.15989,1.15989,0
2026-05-23 16:10:00+00:00,1.15989,1.15989,1.15989,1.15989,0
2026-05-23 16:11:00+00:00,1.15989,1.15989,1.15989,1.15989,0
2026-05-23 16:12:00+00:00,1.15989,1.15989,1.15989,1.15989,0
2026-05-23 16:13:00+00:00,1.15989,1.15989,1.15989,1.15989,0
2026-05-23 16:14:00+00:00,1.15989,1.15989,1.15989,1.15989,0
2026-05-23 16:15:00+00:00,1.15989,1.15989,1.15989,1.15989,0
2026-05-23 16:16:00+00:00,1.15989,1.15989,1.15989,1.15989,0
2026-05-23 16:17:00+00:00,1.15989,1.15989,1.15989,1.15989,0
2026-05-23 16:18:00+00:00,1.15989,1.15989,1.15989,1.15989,0
2026-05-23 16:19:00+00:00,1.15989,1.15989,1.15989,1.15989,0
2026-05-23 16:20:00+00:00,1.15989,1.15989,1.15989,1.15989,0
2026-05-23 16:21:00+00:00,1.15989,1.15989,1.15989,1.15989,0
2026-05-23 16:22:00+00:00,1.15989,1.15989,1.15989,1.15989,0
2026-05-23 16:23:00+00:00,1.15989,1.15989,1.15989,1.15989,0
2026-05-23 16:24:00+00:00,1.15989,1.15989,1.15989,1.15989,0
2026-05-23 16:25:00+00:00,1.15989,1.15989,1.15989,1.15989,0
2026-05-23 16:26:00+00:00,1.15989,1.15989,1.15989,1.15989,0
2026-05-23 16:27:00+00:00,1.15989,1.15989,1.15989,1.15989,0
2026-05-23 16:28:00+00:00,1.15989,1.15989,1.15989,1.15989,0
2026-05-23 16:29:00+00:00,1.15989,1.15989,1.15989,1.15989,0
2026-05-23 16:30:00+00:00,1.15989,1.15989,1.15989,1.15989,0
2026-05-23 16:31:00+00:00,1.15989,1.15989,1.15989,1.15989,0
2026-05-23 16:32:00+00:00,1.15989,1.15989,1.15989,1.15989,0
2026-05-23 16:33:00+00:00,1.15989,1.15989,1.15989,1.15989,0
2026-05-23 16:34:00+00:00,1.15989,1.15989,1.15989,1.15989,0
2026-05-23 16:35:00+00:00,1.15989,1.15989,1.15989,1.15989,0
2026-05-23 16:36:00+00:00,1.15989,1.15989,1.15989,1.15989,0
2026-05-23 16:37:00+00:00,1.15989,1.15989,1.15989,1.15989,0
2026-05-23 16:38:00+00:00,1.15989,1.15989,1.15989,1.15989,0
2026-05-23 16:39:00+00:00,1.15989,1.15989,1.15989,1.15989,0
2026-05-23 16:40:00+00:00,1.15989,1.15989,1.15989,1.15989,0
2026-05-23 16:41:00+00:00,1.15989,1.15989,1.15989,1.15989,0
2026-05-23 16:42:00+00:00,1.15989,1.15989,1.15989,1.15989,0
2026-05-23 16:43:00+00:00,1.15989,1.15989,1.15989,1.15989,0
2026-05-23 16:44:00+00:00,1.15989,1.15989,1.15989,1.15989,0
2026-05-23 16:45:00+00:00,1.15989,1.15989,1.15989,1.15989,0
2026-05-23 16:46:00+00:00,1.15989,1.15989,1.15989,1.15989,0
2026-05-23 16:47:00+00:00,1.15989,1.15989,1.15989,1.15989,0
2026-05-23 16:48:00+00:00,1.15989,1.15989,1.15989,1.15989,0
2026-05-23 16:49:00+00:00,1.15989,1.15989,1.15989,1.15989,0
2026-05-23 16:50:00+00:00,1.15989,1.15989,1.15989,1.15989,0
2026-05-23 16:51:00+00:00,1.15989,1.15989,1.15989,1.15989,0
2026-05-23 16:52:00+00:00,1.15989,1.15989,1.15989,1.15989,0
2026-05-23 16:53:00+00:00,1.15989,1.15989,1.15989,1.15989,0
2026-05-23 16:54:00+00:00,1.15989,1.15989,1.15989,1.15989,0
2026-05-23 16:55:00+00:00,1.15989,1.15989,1.15989,1.15989,0
2026-05-23 16:56:00+00:00,1.15989,1.15989,1.15989,1.15989,0
2026-05-23 16:57:00+00:00,1.15989,1.15989,1.15989,1.15989,0
2026-05-23 16:58:00+00:00,1.15989,1.15989,1.15989,1.15989,0
2026-05-23 16:59:00+00:00,1.15989,1.15989,1.15989,1.15989,0
2026-05-23 17:00:00+00:00,1.15989,1.15989,1.15989,1.15989,0
2026-05-23 17:01:00+00:00,1.15989,1.15989,1.15989,1.15989,0
2026-05-23 17:02:00+00:00,1.15989,1.15989,1.15989,1.15989,0
2026-05-23 17:03:00+00:00,1.15989,1.15989,1.15989,1.15989,0
2026-05-23 17:04:00+00:00,1.15989,1.15989,1.15989,1.15989,0
2026-05-23 17:05:00+00:00,1.15989,1.15989,1.15989,1.15989,0
2026-05-23 17:06:00+00:00,1.15989,1.15989,1.15989,1.15989,0
2026-05-23 17:07:00+00:00,1.15989,1.15989,1.15989,1.15989,0
2026-05-23 17:08:00+00:00,1.15989,1.15989,1.15989,1.15989,0
2026-05-23 17:09:00+00:00,1.15989,1.15989,1.15989,1.15989,0
2026-05-23 17:10:00+00:00,1.15989,1.15989,1.15989,1.15989,0
2026-05-23 17:11:00+00:00,1.15989,1.15989,1.15989,1.15989,0
2026-05-23 17:12:00+00:00,1.15989,1.15989,1.15989,1.15989,0
2026-05-23 17:13:00+00:00,1.15989,1.15989,1.15989,1.15989,0
2026-05-23 17:14:00+00:00,1.15989,1.15989,1.15989,1.15989,0
2026-05-23 17:15:00+00:00,1.15989,1.15989,1.15989,1.15989,0
2026-05-23 17:16:00+00:00,1.15989,1.15989,1.15989,1.15989,0
2026-05-23 17:17:00+00:00,1.15989,1.15989,1.15989,1.15989,0
2026-05-23 17:18:00+00:00,1.15989,1.15989,1.15989,1.15989,0
2026-05-23 17:19:00+00:00,1.15989,1.15989,1.15989,1.15989,0
2026-05-23 17:20:00+00:00,1.15989,1.15989,1.15989,1.15989,0
2026-05-23 17:21:00+00:00,1.15989,1.15989,1.15989,1.15989,0
2026-05-23 17:22:00+00:00,1.15989,1.15989,1.15989,1.15989,0
2026-05-23 17:23:00+00:00,1.15989,1.15989,1.15989,1.15989,0
2026-05-23 17:24:00+00:00,1.15989,1.15989,1.15989,1.15989,0
2026-05-23 17:25:00+00:00,1.15989,1.15989,1.15989,1.15989,0
2026-05-23 17:26:00+00:00,1.15989,1.15989,1.15989,1.15989,0
2026-05-23 17:27:00+00:00,1.15989,1.15989,1.15989,1.15989,0
2026-05-23 17:28:00+00:00,1.15989,1.15989,1.15989,1.15989,0
2026-05-23 17:29:00+00:00,1.15989,1.15989,1.15989,1.15989,0
2026-05-23 17:30:00+00:00,1.15989,1.15989,1.15989,1.15989,0
2026-05-23 17:31:00+00:00,1.15989,1.15989,1.15989,1.15989,0
2026-05-23 17:32:00+00:00,1.15989,1.15989,1.15989,1.15989,0
2026-05-23 17:33:00+00:00,1.15989,1.15989,1.15989,1.15989,0
2026-05-23 17:34:00+00:00,1.15989,1.15989,1.15989,1.15989,0
2026-05-23 17:35:00+00:00,1.15989,1.15989,1.15989,1.15989,0
2026-05-23 17:36:00+00:00,1.15989,1.15989,1.15989,1.15989,0
2026-05-23 17:37:00+00:00,1.15989,1.15989,1.15989,1.15989,0
2026-05-23 17:38:00+00:00,1.15989,1.15989,1.15989,1.15989,0
2026-05-23 17:39:00+00:00,1.15989,1.15989,1.15989,1.15989,0
2026-05-23 17:40:00+00:00,1.15989,1.15989,1.15989,1.15989,0
2026-05-23 17:41:00+00:00,1.15989,1.15989,1.15989,1.15989,0
2026-05-23 17:42:00+00:00,1.15989,1.15989,1.15989,1.15989,0
2026-05-23 17:43:00+00:00,1.15989,1.15989,1.15989,1.15989,0
2026-05-23 17:44:00+00:00,1.15989,1.15989,1.15989,1.15989,0
2026-05-23 17:45:00+00:00,1.15989,1.15989,1.15989,1.15989,0
2026-05-23 17:46:00+00:00,1.15989,1.15989,1.15989,1.15989,0
2026-05-23 17:47:00+00:00,1.15989,1.15989,1.15989,1.15989,0
2026-05-23 17:48:00+00:00,1.15989,1.15989,1.15989,1.15989,0
2026-05-23 17:49:00+00:00,1.15989,1.15989,1.15989,1.15989,0
2026-05-23 17:50:00+00:00,1.15989,1.15989,1.15989,1.15989,0
2026-05-23 17:51:00+00:00,1.15989,1.15989,1.15989,1.15989,0
2026-05-23 17:52:00+00:00,1.15989,1.15989,1.15989,1.15989,0
2026-05-23 17:53:00+00:00,1.15989,1.15989,1.15989,1.15989,0
2026-05-23 17:54:00+00:00,1.15989,1.15989,1.15989,1.15989,0
2026-05-23 17:55:00+00:00,1.15989,1.15989,1.15989,1.15989,0
2026-05-23 17:56:00+00:00,1.15989,1.15989,1.15989,1.15989,0
2026-05-23 17:57:00+00:00,1.15989,1.15989,1.15989,1.15989,0
2026-05-23 17:58:00+00:00,1.15989,1.15989,1.15989,1.15989,0
2026-05-23 17:59:00+00:00,1.15989,1.15989,1.15989,1.15989,0
2026-05-23 18:00:00+00:00,1.15989,1.15989,1.15989,1.15989,0
2026-05-23 18:01:00+00:00,1.15989,1.15989,1.15989,1.15989,0
2026-05-23 18:02:00+00:00,1.15989,1.15989,1.15989,1.15989,0
2026-05-23 18:03:00+00:00,1.15989,1.15989,1.15989,1.15989,0
2026-05-23 18:04:00+00:00,1.15989,1.15989,1.15989,1.15989,0
2026-05-23 18:05:00+00:00,1.15989,1.15989,1.15989,1.15989,0
2026-05-23 18:06:00+00:00,1.15989,1.15989,1.15989,1.15989,0
2026-05-23 18:07:00+00:00,1.15989,1.15989,1.15989,1.15989,0
2026-05-23 18:08:00+00:00,1.15989,1.15989,1.15989,1.15989,0
2026-05-23 18:09:00+00:00,1.15989,1.15989,1.15989,1.15989,0
2026-05-23 18:10:00+00:00,1.15989,1.15989,1.15989,1.15989,0
2026-05-23 18:11:00+00:00,1.15989,1.15989,1.15989,1.15989,0
2026-05-23 18:12:00+00:00,1.15989,1.15989,1.15989,1.15989,0
2026-05-23 18:13:00+00:00,1.15989,1.15989,1.15989,1.15989,0
2026-05-23 18:14:00+00:00,1.15989,1.15989,1.15989,1.15989,0
2026-05-23 18:15:00+00:00,1.15989,1.15989,1.15989,1.15989,0
2026-05-23 18:16:00+00:00,1.15989,1.15989,1.15989,1.15989,0
2026-05-23 18:17:00+00:00,1.15989,1.15989,1.15989,1.15989,0
2026-05-23 18:18:00+00:00,1.15989,1.15989,1.15989,1.15989,0
2026-05-23 18:19:00+00:00,1.15989,1.15989,1.15989,1.15989,0
2026-05-23 18:20:00+00:00,1.15989,1.15989,1.15989,1.15989,0
2026-05-23 18:21:00+00:00,1.15989,1.15989,1.15989,1.15989,0
2026-05-23 18:22:00+00:00,1.15989,1.15989,1.15989,1.15989,0
2026-05-23 18:23:00+00:00,1.15989,1.15989,1.15989,1.15989,0
2026-05-23 18:24:00+00:00,1.15989,1.15989,1.15989,1.15989,0
2026-05-23 18:25:00+00:00,1.15989,1.15989,1.15989,1.15989,0
2026-05-23 18:26:00+00:00,1.15989,1.15989,1.15989,1.15989,0
2026-05-23 18:27:00+00:00,1.15989,1.15989,1.15989,1.15989,0
2026-05-23 18:28:00+00:00,1.15989,1.15989,1.15989,1.15989,0
2026-05-23 18:29:00+00:00,1.15989,1.15989,1.15989,1.15989,0
2026-05-23 18:30:00+00:00,1.15989,1.15989,1.15989,1.15989,0
2026-05-23 18:31:00+00:00,1.15989,1.15989,1.15989,1.15989,0
2026-05-23 18:32:00+00:00,1.15989,1.15989,1.15989,1.15989,0
2026-05-23 18:33:00+00:00,1.15989,1.15989,1.15989,1.15989,0
2026-05-23 18:34:00+00:00,1.15989,1.15989,1.15989,1.15989,0
2026-05-23 18:35:00+00:00,1.15989,1.15989,1.15989,1.15989,0
2026-05-23 18:36:00+00:00,1.15989,1.15989,1.15989,1.15989,0
2026-05-23 18:37:00+00:00,1.15989,1.15989,1.15989,1.15989,0
2026-05-23 18:38:00+00:00,1.15989,1.15989,1.15989,1.15989,0
2026-05-23 18:39:00+00:00,1.15989,1.15989,1.15989,1.15989,0
2026-05-23 18:40:00+00:00,1.15989,1.15989,1.15989,1.15989,0
2026-05-23 18:41:00+00:00,1.15989,1.15989,1.15989,1.15989,0
2026-05-23 18:42:00+00:00,1.15989,1.15989,1.15989,1.15989,0
2026-05-23 18:43:00+00:00,1.15989,1.15989,1.15989,1.15989,0
2026-05-23 18:44:00+00:00,1.15989,1.15989,1.15989,1.15989,0
2026-05-23 18:45:00+00:00,1.15989,1.15989,1.15989,1.15989,0
2026-05-23 18:46:00+00:00,1.15989,1.15989,1.15989,1.15989,0
2026-05-23 18:47:00+00:00,1.15989,1.15989,1.15989,1.15989,0
2026-05-23 18:48:00+00:00,1.15989,1.15989,1.15989,1.15989,0
2026-05-23 18:49:00+00:00,1.15989,1.15989,1.15989,1.15989,0
2026-05-23 18:50:00+00:00,1.15989,1.15989,1.15989,1.15989,0
2026-05-23 18:51:00+00:00,1.15989,1.15989,1.15989,1.15989,0
2026-05-23 18:52:00+00:00,1.15989,1.15989,1.15989,1.15989,0
2026-05-23 18:53:00+00:00,1.15989,1.15989,1.15989,1.15989,0
2026-05-23 18:54:00+00:00,1.15989,1.15989,1.15989,1.15989,0
2026-05-23 18:55:00+00:00,1.15989,1.15989,1.15989,1.15989,0
2026-05-23 18:56:00+00:00,1.15989,1.15989,1.15989,1.15989,0
2026-05-23 18:57:00+00:00,1.15989,1.15989,1.15989,1.15989,0
2026-05-23 18:58:00+00:00,1.15989,1.15989,1.15989,1.15989,0
2026-05-23 18:59:00+00:00,1.15989,1.15989,1.15989,1.15989,0
2026-05-23 19:00:00+00:00,1.15989,1.15989,1.15989,1.15989,0
2026-05-23 19:01:00+00:00,1.15989,1.15989,1.15989,1.15989,0
2026-05-23 19:02:00+00:00,1.15989,1.15989,1.15989,1.15989,0
2026-05-23 19:03:00+00:00,1.15989,1.15989,1.15989,1.15989,0
2026-05-23 19:04:00+00:00,1.15989,1.15989,1.15989,1.15989,0
2026-05-23 19:05:00+00:00,1.15989,1.15989,1.15989,1.15989,0
2026-05-23 19:06:00+00:00,1.15989,1.15989,1.15989,1.15989,0
2026-05-23 19:07:00+00:00,1.15989,1.15989,1.15989,1.15989,0
2026-05-23 19:08:00+00:00,1.15989,1.15989,1.15989,1.15989,0
2026-05-23 19:09:00+00:00,1.15989,1.15989,1.15989,1.15989,0
2026-05-23 19:10:00+00:00,1.15989,1.15989,1.15989,1.15989,0
2026-05-23 19:11:00+00:00,1.15989,1.15989,1.15989,1.15989,0
2026-05-23 19:12:00+00:00,1.15989,1.15989,1.15989,1.15989,0
2026-05-23 19:13:00+00:00,1.15989,1.15989,1.15989,1.15989,0
2026-05-23 19:14:00+00:00,1.15989,1.15989,1.15989,1.15989,0
2026-05-23 19:15:00+00:00,1.15989,1.15989,1.15989,1.15989,0
2026-05-23 19:16:00+00:00,1.15989,1.15989,1.15989,1.15989,0
2026-05-23 19:17:00+00:00,1.15989,1.15989,1.15989,1.15989,0
2026-05-23 19:18:00+00:00,1.15989,1.15989,1.15989,1.15989,0
2026-05-23 19:19:00+00:00,1.15989,1.15989,1.15989,1.15989,0
2026-05-23 19:20:00+00:00,1.15989,1.15989,1.15989,1.15989,0
2026-05-23 19:21:00+00:00,1.15989,1.15989,1.15989,1.15989,0
2026-05-23 19:22:00+00:00,1.15989,1.15989,1.15989,1.15989,0
2026-05-23 19:23:00+00:00,1.15989,1.15989,1.15989,1.15989,0
2026-05-23 19:24:00+00:00,1.15989,1.15989,1.15989,1.15989,0
2026-05-23 19:25:00+00:00,1.15989,1.15989,1.15989,1.15989,0
2026-05-23 19:26:00+00:00,1.15989,1.15989,1.15989,1.15989,0
2026-05-23 19:27:00+00:00,1.15989,1.15989,1.15989,1.15989,0
2026-05-23 19:28:00+00:00,1.15989,1.15989,1.15989,1.15989,0
2026-05-23 19:29:00+00:00,1.15989,1.15989,1.15989,1.15989,0
2026-05-23 19:30:00+00:00,1.15989,1.15989,1.15989,1.15989,0
2026-05-23 19:31:00+00:00,1.15989,1.15989,1.15989,1.15989,0
2026-05-23 19:32:00+00:00,1.15989,1.15989,1.15989,1.15989,0
2026-05-23 19:33:00+00:00,1.15989,1.15989,1.15989,1.15989,0
2026-05-23 19:34:00+00:00,1.15989,1.15989,1.15989,1.15989,0
2026-05-23 19:35:00+00:00,1.15989,1.15989,1.15989,1.15989,0
2026-05-23 19:36:00+00:00,1.15989,1.15989,1.15989,1.15989,0
2026-05-23 19:37:00+00:00,1.15989,1.15989,1.15989,1.15989,0
2026-05-23 19:38:00+00:00,1.15989,1.15989,1.15989,1.15989,0
2026-05-23 19:39:00+00:00,1.15989,1.15989,1.15989,1.15989,0
2026-05-23 19:40:00+00:00,1.15989,1.15989,1.15989,1.15989,0
2026-05-23 19:41:00+00:00,1.15989,1.15989,1.15989,1.15989,0
2026-05-23 19:42:00+00:00,1.15989,1.15989,1.15989,1.15989,0
2026-05-23 19:43:00+00:00,1.15989,1.15989,1.15989,1.15989,0
2026-05-23 19:44:00+00:00,1.15989,1.15989,1.15989,1.15989,0
2026-05-23 19:45:00+00:00,1.15989,1.15989,1.15989,1.15989,0
2026-05-23 19:46:00+00:00,1.15989,1.15989,1.15989,1.15989,0
2026-05-23 19:47:00+00:00,1.15989,1.15989,1.15989,1.15989,0
2026-05-23 19:48:00+00:00,1.15989,1.15989,1.15989,1.15989,0
2026-05-23 19:49:00+00:00,1.15989,1.15989,1.15989,1.15989,0
2026-05-23 19:50:00+00:00,1.15989,1.15989,1.15989,1.15989,0
2026-05-23 19:51:00+00:00,1.15989,1.15989,1.15989,1.15989,0
2026-05-23 19:52:00+00:00,1.15989,1.15989,1.15989,1.15989,0
2026-05-23 19:53:00+00:00,1.15989,1.15989,1.15989,1.15989,0
2026-05-23 19:54:00+00:00,1.15989,1.15989,1.15989,1.15989,0
2026-05-23 19:55:00+00:00,1.15989,1.15989,1.15989,1.15989,0
2026-05-23 19:56:00+00:00,1.15989,1.15989,1.15989,1.15989,0
2026-05-23 19:57:00+00:00,1.15989,1.15989,1.15989,1.15989,0
2026-05-23 19:58:00+00:00,1.15989,1.15989,1.15989,1.15989,0
2026-05-23 19:59:00+00:00,1.15989,1.15989,1.15989,1.15989,0
2026-05-23 20:00:00+00:00,1.15989,1.15989,1.15989,1.15989,0
2026-05-23 20:01:00+00:00,1.15989,1.15989,1.15989,1.15989,0
2026-05-23 20:02:00+00:00,1.15989,1.15989,1.15989,1.15989,0
2026-05-23 20:03:00+00:00,1.15989,1.15989,1.15989,1.15989,0
2026-05-23 20:04:00+00:00,1.15989,1.15989,1.15989,1.15989,0
2026-05-23 20:05:00+00:00,1.15989,1.15989,1.15989,1.15989,0
2026-05-23 20:06:00+00:00,1.15989,1.15989,1.15989,1.15989,0
2026-05-23 20:07:00+00:00,1.15989,1.15989,1.15989,1.15989,0
2026-05-23 20:08:00+00:00,1.15989,1.15989,1.15989,1.15989,0
2026-05-23 20:09:00+00:00,1.15989,1.15989,1.15989,1.15989,0
2026-05-23 20:10:00+00:00,1.15989,1.15989,1.15989,1.15989,0
2026-05-23 20:11:00+00:00,1.15989,1.15989,1.15989,1.15989,0
2026-05-23 20:12:00+00:00,1.15989,1.15989,1.15989,1.15989,0
2026-05-23 20:13:00+00:00,1.15989,1.15989,1.15989,1.15989,0
2026-05-23 20:14:00+00:00,1.15989,1.15989,1.15989,1.15989,0
2026-05-23 20:15:00+00:00,1.15989,1.15989,1.15989,1.15989,0
2026-05-23 20:16:00+00:00,1.15989,1.15989,1.15989,1.15989,0
2026-05-23 20:17:00+00:00,1.15989,1.15989,1.15989,1.15989,0
2026-05-23 20:18:00+00:00,1.15989,1.15989,1.15989,1.15989,0
2026-05-23 20:19:00+00:00,1.15989,1.15989,1.15989,1.15989,0
2026-05-23 20:20:00+00:00,1.15989,1.15989,1.15989,1.15989,0
2026-05-23 20:21:00+00:00,1.15989,1.15989,1.15989,1.15989,0
2026-05-23 20:22:00+00:00,1.15989,1.15989,1.15989,1.15989,0
2026-05-23 20:23:00+00:00,1.15989,1.15989,1.15989,1.15989,0
2026-05-23 20:24:00+00:00,1.15989,1.15989,1.15989,1.15989,0
2026-05-23 20:25:00+00:00,1.15989,1.15989,1.15989,1.15989,0
2026-05-23 20:26:00+00:00,1.15989,1.15989,1.15989,1.15989,0
2026-05-23 20:27:00+00:00,1.15989,1.15989,1.15989,1.15989,0
2026-05-23 20:28:00+00:00,1.15989,1.15989,1.15989,1.15989,0
2026-05-23 20:29:00+00:00,1.15989,1.15989,1.15989,1.15989,0
2026-05-23 20:30:00+00:00,1.15989,1.15989,1.15989,1.15989,0
2026-05-23 20:31:00+00:00,1.15989,1.15989,1.15989,1.15989,0
2026-05-23 20:32:00+00:00,1.15989,1.15989,1.15989,1.15989,0
2026-05-23 20:33:00+00:00,1.15989,1.15989,1.15989,1.15989,0
2026-05-23 20:34:00+00:00,1.15989,1.15989,1.15989,1.15989,0
2026-05-23 20:35:00+00:00,1.15989,1.15989,1.15989,1.15989,0
2026-05-23 20:36:00+00:00,1.15989,1.15989,1.15989,1.15989,0
2026-05-23 20:37:00+00:00,1.15989,1.15989,1.15989,1.15989,0
2026-05-23 20:38:00+00:00,1.15989,1.15989,1.15989,1.15989,0
2026-05-23 20:39:00+00:00,1.15989,1.15989,1.15989,1.15989,0
2026-05-23 20:40:00+00:00,1.15989,1.15989,1.15989,1.15989,0
2026-05-23 20:41:00+00:00,1.15989,1.15989,1.15989,1.15989,0
2026-05-23 20:42:00+00:00,1.15989,1.15989,1.15989,1.15989,0
2026-05-23 20:43:00+00:00,1.15989,1.15989,1.15989,1.15989,0
2026-05-23 20:44:00+00:00,1.15989,1.15989,1.15989,1.15989,0
2026-05-23 20:45:00+00:00,1.15989,1.15989,1.15989,1.15989,0
2026-05-23 20:46:00+00:00,1.15989,1.15989,1.15989,1.15989,0
2026-05-23 20:47:00+00:00,1.15989,1.15989,1.15989,1.15989,0
2026-05-23 20:48:00+00:00,1.15989,1.15989,1.15989,1.15989,0
2026-05-23 20:49:00+00:00,1.15989,1.15989,1.15989,1.15989,0
2026-05-23 20:50:00+00:00,1.15989,1.15989,1.15989,1.15989,0
2026-05-23 20:51:00+00:00,1.15989,1.15989,1.15989,1.15989,0
2026-05-23 20:52:00+00:00,1.15989,1.15989,1.15989,1.15989,0
2026-05-23 20:53:00+00:00,1.15989,1.15989,1.15989,1.15989,0
2026-05-23 20:54:00+00:00,1.15989,1.15989,1.15989,1.15989,0
2026-05-23 20:55:00+00:00,1.15989,1.15989,1.15989,1.15989,0
2026-05-23 20:56:00+00:00,1.15989,1.15989,1.15989,1.15989,0
2026-05-23 20:57:00+00:00,1.15989,1.15989,1.15989,1.15989,0
2026-05-23 20:58:00+00:00,1.15989,1.15989,1.15989,1.15989,0
2026-05-23 20:59:00+00:00,1.15989,1.15989,1.15989,1.15989,0
2026-05-23 21:00:00+00:00,1.15989,1.15989,1.15989,1.15989,0
2026-05-23 21:01:00+00:00,1.15989,1.15989,1.15989,1.15989,0
2026-05-23 21:02:00+00:00,1.15989,1.15989,1.15989,1.15989,0
2026-05-23 21:03:00+00:00,1.15989,1.15989,1.15989,1.15989,0
2026-05-23 21:04:00+00:00,1.15989,1.15989,1.15989,1.15989,0
2026-05-23 21:05:00+00:00,1.15989,1.15989,1.15989,1.15989,0
2026-05-23 21:06:00+00:00,1.15989,1.15989,1.15989,1.15989,0
2026-05-23 21:07:00+00:00,1.15989,1.15989,1.15989,1.15989,0
2026-05-23 21:08:00+00:00,1.15989,1.15989,1.15989,1.15989,0
2026-05-23 21:09:00+00:00,1.15989,1.15989,1.15989,1.15989,0
2026-05-23 21:10:00+00:00,1.15989,1.15989,1.15989,1.15989,0
2026-05-23 21:11:00+00:00,1.15989,1.15989,1.15989,1.15989,0
2026-05-23 21:12:00+00:00,1.15989,1.15989,1.15989,1.15989,0
2026-05-23 21:13:00+00:00,1.15989,1.15989,1.15989,1.15989,0
2026-05-23 21:14:00+00:00,1.15989,1.15989,1.15989,1.15989,0
2026-05-23 21:15:00+00:00,1.15989,1.15989,1.15989,1.15989,0
2026-05-23 21:16:00+00:00,1.15989,1.15989,1.15989,1.15989,0
2026-05-23 21:17:00+00:00,1.15989,1.15989,1.15989,1.15989,0
2026-05-23 21:18:00+00:00,1.15989,1.15989,1.15989,1.15989,0
2026-05-23 21:19:00+00:00,1.15989,1.15989,1.15989,1.15989,0
2026-05-23 21:20:00+00:00,1.15989,1.15989,1.15989,1.15989,0
2026-05-23 21:21:00+00:00,1.15989,1.15989,1.15989,1.15989,0
2026-05-23 21:22:00+00:00,1.15989,1.15989,1.15989,1.15989,0
2026-05-23 21:23:00+00:00,1.15989,1.15989,1.15989,1.15989,0
2026-05-23 21:24:00+00:00,1.15989,1.15989,1.15989,1.15989,0
2026-05-23 21:25:00+00:00,1.15989,1.15989,1.15989,1.15989,0
2026-05-23 21:26:00+00:00,1.15989,1.15989,1.15989,1.15989,0
2026-05-23 21:27:00+00:00,1.15989,1.15989,1.15989,1.15989,0
2026-05-23 21:28:00+00:00,1.15989,1.15989,1.15989,1.15989,0
2026-05-23 21:29:00+00:00,1.15989,1.15989,1.15989,1.15989,0
2026-05-23 21:30:00+00:00,1.15989,1.15989,1.15989,1.15989,0
2026-05-23 21:31:00+00:00,1.15989,1.15989,1.15989,1.15989,0
2026-05-23 21:32:00+00:00,1.15989,1.15989,1.15989,1.15989,0
2026-05-23 21:33:00+00:00,1.15989,1.15989,1.15989,1.15989,0
2026-05-23 21:34:00+00:00,1.15989,1.15989,1.15989,1.15989,0
2026-05-23 21:35:00+00:00,1.15989,1.15989,1.15989,1.15989,0
2026-05-23 21:36:00+00:00,1.15989,1.15989,1.15989,1.15989,0
2026-05-23 21:37:00+00:00,1.15989,1.15989,1.15989,1.15989,0
2026-05-23 21:38:00+00:00,1.15989,1.15989,1.15989,1.15989,0
2026-05-23 21:39:00+00:00,1.15989,1.15989,1.15989,1.15989,0
2026-05-23 21:40:00+00:00,1.15989,1.15989,1.15989,1.15989,0
2026-05-23 21:41:00+00:00,1.15989,1.15989,1.15989,1.15989,0
2026-05-23 21:42:00+00:00,1.15989,1.15989,1.15989,1.15989,0
2026-05-23 21:43:00+00:00,1.15989,1.15989,1.15989,1.15989,0
2026-05-23 21:44:00+00:00,1.15989,1.15989,1.15989,1.15989,0
2026-05-23 21:45:00+00:00,1.15989,1.15989,1.15989,1.15989,0
2026-05-23 21:46:00+00:00,1.15989,1.15989,1.15989,1.15989,0
2026-05-23 21:47:00+00:00,1.15989,1.15989,1.15989,1.15989,0
2026-05-23 21:48:00+00:00,1.15989,1.15989,1.15989,1.15989,0
2026-05-23 21:49:00+00:00,1.15989,1.15989,1.15989,1.15989,0
2026-05-23 21:50:00+00:00,1.15989,1.15989,1.15989,1.15989,0
2026-05-23 21:51:00+00:00,1.15989,1.15989,1.15989,1.15989,0
2026-05-23 21:52:00+00:00,1.15989,1.15989,1.15989,1.15989,0
2026-05-23 21:53:00+00:00,1.15989,1.15989,1.15989,1.15989,0
2026-05-23 21:54:00+00:00,1.15989,1.15989,1.15989,1.15989,0
2026-05-23 21:55:00+00:00,1.15989,1.15989,1.15989,1.15989,0
2026-05-23 21:56:00+00:00,1.15989,1.15989,1.15989,1.15989,0
2026-05-23 21:57:00+00:00,1.15989,1.15989,1.15989,1.15989,0
2026-05-23 21:58:00+00:00,1.15989,1.15989,1.15989,1.15989,0
2026-05-23 21:59:00+00:00,1.15989,1.15989,1.15989,1.15989,0
2026-05-23 22:00:00+00:00,1.15989,1.15989,1.15989,1.15989,0
2026-05-23 22:01:00+00:00,1.15989,1.15989,1.15989,1.15989,0
2026-05-23 22:02:00+00:00,1.15989,1.15989,1.15989,1.15989,0
2026-05-23 22:03:00+00:00,1.15989,1.15989,1.15989,1.15989,0
2026-05-23 22:04:00+00:00,1.15989,1.15989,1.15989,1.15989,0
2026-05-23 22:05:00+00:00,1.15989,1.15989,1.15989,1.15989,0
2026-05-23 22:06:00+00:00,1.15989,1.15989,1.15989,1.15989,0
2026-05-23 22:07:00+00:00,1.15989,1.15989,1.15989,1.15989,0
2026-05-23 22:08:00+00:00,1.15989,1.15989,1.15989,1.15989,0
2026-05-23 22:09:00+00:00,1.15989,1.15989,1.15989,1.15989,0
2026-05-23 22:10:00+00:00,1.15989,1.15989,1.15989,1.15989,0
2026-05-23 22:11:00+00:00,1.15989,1.15989,1.15989,1.15989,0
2026-05-23 22:12:00+00:00,1.15989,1.15989,1.15989,1.15989,0
2026-05-23 22:13:00+00:00,1.15989,1.15989,1.15989,1.15989,0
2026-05-23 22:14:00+00:00,1.15989,1.15989,1.15989,1.15989,0
2026-05-23 22:15:00+00:00,1.15989,1.15989,1.15989,1.15989,0
2026-05-23 22:16:00+00:00,1.15989,1.15989,1.15989,1.15989,0
2026-05-23 22:17:00+00:00,1.15989,1.15989,1.15989,1.15989,0
2026-05-23 22:18:00+00:00,1.15989,1.15989,1.15989,1.15989,0
2026-05-23 22:19:00+00:00,1.15989,1.15989,1.15989,1.15989,0
2026-05-23 22:20:00+00:00,1.15989,1.15989,1.15989,1.15989,0
2026-05-23 22:21:00+00:00,1.15989,1.15989,1.15989,1.15989,0
2026-05-23 22:22:00+00:00,1.15989,1.15989,1.15989,1.15989,0
2026-05-23 22:23:00+00:00,1.15989,1.15989,1.15989,1.15989,0
2026-05-23 22:24:00+00:00,1.15989,1.15989,1.15989,1.15989,0
2026-05-23 22:25:00+00:00,1.15989,1.15989,1.15989,1.15989,0
2026-05-23 22:26:00+00:00,1.15989,1.15989,1.15989,1.15989,0
2026-05-23 22:27:00+00:00,1.15989,1.15989,1.15989,1.15989,0
2026-05-23 22:28:00+00:00,1.15989,1.15989,1.15989,1.15989,0
2026-05-23 22:29:00+00:00,1.15989,1.15989,1.15989,1.15989,0
2026-05-23 22:30:00+00:00,1.15989,1.15989,1.15989,1.15989,0
2026-05-23 22:31:00+00:00,1.15989,1.15989,1.15989,1.15989,0
2026-05-23 22:32:00+00:00,1.15989,1.15989,1.15989,1.15989,0
2026-05-23 22:33:00+00:00,1.15989,1.15989,1.15989,1.15989,0
2026-05-23 22:34:00+00:00,1.15989,1.15989,1.15989,1.15989,0
2026-05-23 22:35:00+00:00,1.15989,1.15989,1.15989,1.15989,0
2026-05-23 22:36:00+00:00,1.15989,1.15989,1.15989,1.15989,0
2026-05-23 22:37:00+00:00,1.15989,1.15989,1.15989,1.15989,0
2026-05-23 22:38:00+00:00,1.15989,1.15989,1.15989,1.15989,0
2026-05-23 22:39:00+00:00,1.15989,1.15989,1.15989,1.15989,0
2026-05-23 22:40:00+00:00,1.15989,1.15989,1.15989,1.15989,0
2026-05-23 22:41:00+00:00,1.15989,1.15989,1.15989,1.15989,0
2026-05-23 22:42:00+00:00,1.15989,1.15989,1.15989,1.15989,0
2026-05-23 22:43:00+00:00,1.15989,1.15989,1.15989,1.15989,0
2026-05-23 22:44:00+00:00,1.15989,1.15989,1.15989,1.15989,0
2026-05-23 22:45:00+00:00,1.15989,1.15989,1.15989,1.15989,0
2026-05-23 22:46:00+00:00,1.15989,1.15989,1.15989,1.15989,0
2026-05-23 22:47:00+00:00,1.15989,1.15989,1.15989,1.15989,0
2026-05-23 22:48:00+00:00,1.15989,1.15989,1.15989,1.15989,0
2026-05-23 22:49:00+00:00,1.15989,1.15989,1.15989,1.15989,0
2026-05-23 22:50:00+00:00,1.15989,1.15989,1.15989,1.15989,0
2026-05-23 22:51:00+00:00,1.15989,1.15989,1.15989,1.15989,0
2026-05-23 22:52:00+00:00,1.15989,1.15989,1.15989,1.15989,0
2026-05-23 22:53:00+00:00,1.15989,1.15989,1.15989,1.15989,0
2026-05-23 22:54:00+00:00,1.15989,1.15989,1.15989,1.15989,0
2026-05-23 22:55:00+00:00,1.15989,1.15989,1.15989,1.15989,0
2026-05-23 22:56:00+00:00,1.15989,1.15989,1.15989,1.15989,0
2026-05-23 22:57:00+00:00,1.15989,1.15989,1.15989,1.15989,0
2026-05-23 22:58:00+00:00,1.15989,1.15989,1.15989,1.15989,0
2026-05-23 22:59:00+00:00,1.15989,1.15989,1.15989,1.15989,0
2026-05-23 23:00:00+00:00,1.15989,1.15989,1.15989,1.15989,0
2026-05-23 23:01:00+00:00,1.15989,1.15989,1.15989,1.15989,0
2026-05-23 23:02:00+00:00,1.15989,1.15989,1.15989,1.15989,0
2026-05-23 23:03:00+00:00,1.15989,1.15989,1.15989,1.15989,0
2026-05-23 23:04:00+00:00,1.15989,1.15989,1.15989,1.15989,0
2026-05-23 23:05:00+00:00,1.15989,1.15989,1.15989,1.15989,0
2026-05-23 23:06:00+00:00,1.15989,1.15989,1.15989,1.15989,0
2026-05-23 23:07:00+00:00,1.15989,1.15989,1.15989,1.15989,0
2026-05-23 23:08:00+00:00,1.15989,1.15989,1.15989,1.15989,0
2026-05-23 23:09:00+00:00,1.15989,1.15989,1.15989,1.15989,0
2026-05-23 23:10:00+00:00,1.15989,1.15989,1.15989,1.15989,0
2026-05-23 23:11:00+00:00,1.15989,1.15989,1.15989,1.15989,0
2026-05-23 23:12:00+00:00,1.15989,1.15989,1.15989,1.15989,0
2026-05-23 23:13:00+00:00,1.15989,1.15989,1.15989,1.15989,0
2026-05-23 23:14:00+00:00,1.15989,1.15989,1.15989,1.15989,0
2026-05-23 23:15:00+00:00,1.15989,1.15989,1.15989,1.15989,0
2026-05-23 23:16:00+00:00,1.15989,1.15989,1.15989,1.15989,0
2026-05-23 23:17:00+00:00,1.15989,1.15989,1.15989,1.15989,0
2026-05-23 23:18:00+00:00,1.15989,1.15989,1.15989,1.15989,0
2026-05-23 23:19:00+00:00,1.15989,1.15989,1.15989,1.15989,0
2026-05-23 23:20:00+00:00,1.15989,1.15989,1.15989,1.15989,0
2026-05-23 23:21:00+00:00,1.15989,1.15989,1.15989,1.15989,0
2026-05-23 23:22:00+00:00,1.15989,1.15989,1.15989,1.15989,0
2026-05-23 23:23:00+00:00,1.15989,1.15989,1.15989,1.15989,0
2026-05-23 23:24:00+00:00,1.15989,1.15989,1.15989,1.15989,0
2026-05-23 23:25:00+00:00,1.15989,1.15989,1.15989,1.15989,0
2026-05-23 23:26:00+00:00,1.15989,1.15989,1.15989,1.15989,0
2026-05-23 23:27:00+00:00,1.15989,1.15989,1.15989,1.15989,0
2026-05-23 23:28:00+00:00,1.15989,1.15989,1.15989,1.15989,0
2026-05-23 23:29:00+00:00,1.15989,1.15989,1.15989,1.15989,0
2026-05-23 23:30:00+00:00,1.15989,1.15989,1.15989,1.15989,0
2026-05-23 23:31:00+00:00,1.15989,1.15989,1.15989,1.15989,0
2026-05-23 23:32:00+00:00,1.15989,1.15989,1.15989,1.15989,0
2026-05-23 23:33:00+00:00,1.15989,1.15989,1.15989,1.15989,0
2026-05-23 23:34:00+00:00,1.15989,1.15989,1.15989,1.15989,0
2026-05-23 23:35:00+00:00,1.15989,1.15989,1.15989,1.15989,0
2026-05-23 23:36:00+00:00,1.15989,1.15989,1.15989,1.15989,0
2026-05-23 23:37:00+00:00,1.15989,1.15989,1.15989,1.15989,0
2026-05-23 23:38:00+00:00,1.15989,1.15989,1.15989,1.15989,0
2026-05-23 23:39:00+00:00,1.15989,1.15989,1.15989,1.15989,0
2026-05-23 23:40:00+00:00,1.15989,1.15989,1.15989,1.15989,0
2026-05-23 23:41:00+00:00,1.15989,1.15989,1.15989,1.15989,0
2026-05-23 23:42:00+00:00,1.15989,1.15989,1.15989,1.15989,0
2026-05-23 23:43:00+00:00,1.15989,1.15989,1.15989,1.15989,0
2026-05-23 23:44:00+00:00,1.15989,1.15989,1.15989,1.15989,0
2026-05-23 23:45:00+00:00,1.15989,1.15989,1.15989,1.15989,0
2026-05-23 23:46:00+00:00,1.15989,1.15989,1.15989,1.15989,0
2026-05-23 23:47:00+00:00,1.15989,1.15989,1.15989,1.15989,0
2026-05-23 23:48:00+00:00,1.15989,1.15989,1.15989,1.15989,0
2026-05-23 23:49:00+00:00,1.15989,1.15989,1.15989,1.15989,0
2026-05-23 23:50:00+00:00,1.15989,1.15989,1.15989,1.15989,0
2026-05-23 23:51:00+00:00,1.15989,1.15989,1.15989,1.15989,0
2026-05-23 23:52:00+00:00,1.15989,1.15989,1.15989,1.15989,0
2026-05-23 23:53:00+00:00,1.15989,1.15989,1.15989,1.15989,0
2026-05-23 23:54:00+00:00,1.15989,1.15989,1.15989,1.15989,0
2026-05-23 23:55:00+00:00,1.15989,1.15989,1.15989,1.15989,0
2026-05-23 23:56:00+00:00,1.15989,1.15989,1.15989,1.15989,0
2026-05-23 23:57:00+00:00,1.15989,1.15989,1.15989,1.15989,0
2026-05-23 23:58:00+00:00,1.15989,1.15989,1.15989,1.15989,0
2026-05-23 23:59:00+00:00,1.15989,1.15989,1.15989,1.15989,0
2026-05-24 00:00:00+00:00,1.15989,1.15989,1.15989,1.15989,0
2026-05-24 00:01:00+00:00,1.15989,1.15989,1.15989,1.15989,0
2026-05-24 00:02:00+00:00,1.15989,1.15989,1.15989,1.15989,0
2026-05-24 00:03:00+00:00,1.15989,1.15989,1.15989,1.15989,0
2026-05-24 00:04:00+00:00,1.15989,1.15989,1.15989,1.15989,0
2026-05-24 00:05:00+00:00,1.15989,1.15989,1.15989,1.15989,0
2026-05-24 00:06:00+00:00,1.15989,1.15989,1.15989,1.15989,0
2026-05-24 00:07:00+00:00,1.15989,1.15989,1.15989,1.15989,0
2026-05-24 00:08:00+00:00,1.15989,1.15989,1.15989,1.15989,0
2026-05-24 00:09:00+00:00,1.15989,1.15989,1.15989,1.15989,0
2026-05-24 00:10:00+00:00,1.15989,1.15989,1.15989,1.15989,0
2026-05-24 00:11:00+00:00,1.15989,1.15989,1.15989,1.15989,0
2026-05-24 00:12:00+00:00,1.15989,1.15989,1.15989,1.15989,0
2026-05-24 00:13:00+00:00,1.15989,1.15989,1.15989,1.15989,0
2026-05-24 00:14:00+00:00,1.15989,1.15989,1.15989,1.15989,0
2026-05-24 00:15:00+00:00,1.15989,1.15989,1.15989,1.15989,0
2026-05-24 00:16:00+00:00,1.15989,1.15989,1.15989,1.15989,0
2026-05-24 00:17:00+00:00,1.15989,1.15989,1.15989,1.15989,0
2026-05-24 00:18:00+00:00,1.15989,1.15989,1.15989,1.15989,0
2026-05-24 00:19:00+00:00,1.15989,1.15989,1.15989,1.15989,0
2026-05-24 00:20:00+00:00,1.15989,1.15989,1.15989,1.15989,0
2026-05-24 00:21:00+00:00,1.15989,1.15989,1.15989,1.15989,0
2026-05-24 00:22:00+00:00,1.15989,1.15989,1.15989,1.15989,0
2026-05-24 00:23:00+00:00,1.15989,1.15989,1.15989,1.15989,0
2026-05-24 00:24:00+00:00,1.15989,1.15989,1.15989,1.15989,0
2026-05-24 00:25:00+00:00,1.15989,1.15989,1.15989,1.15989,0
2026-05-24 00:26:00+00:00,1.15989,1.15989,1.15989,1.15989,0
2026-05-24 00:27:00+00:00,1.15989,1.15989,1.15989,1.15989,0
2026-05-24 00:28:00+00:00,1.15989,1.15989,1.15989,1.15989,0
2026-05-24 00:29:00+00:00,1.15989,1.15989,1.15989,1.15989,0
2026-05-24 00:30:00+00:00,1.15989,1.15989,1.15989,1.15989,0
2026-05-24 00:31:00+00:00,1.15989,1.15989,1.15989,1.15989,0
2026-05-24 00:32:00+00:00,1.15989,1.15989,1.15989,1.15989,0
2026-05-24 00:33:00+00:00,1.15989,1.15989,1.15989,1.15989,0
2026-05-24 00:34:00+00:00,1.15989,1.15989,1.15989,1.15989,0
2026-05-24 00:35:00+00:00,1.15989,1.15989,1.15989,1.15989,0
2026-05-24 00:36:00+00:00,1.15989,1.15989,1.15989,1.15989,0
2026-05-24 00:37:00+00:00,1.15989,1.15989,1.15989,1.15989,0
2026-05-24 00:38:00+00:00,1.15989,1.15989,1.15989,1.15989,0
2026-05-24 00:39:00+00:00,1.15989,1.15989,1.15989,1.15989,0
2026-05-24 00:40:00+00:00,1.15989,1.15989,1.15989,1.15989,0
2026-05-24 00:41:00+00:00,1.15989,1.15989,1.15989,1.15989,0
2026-05-24 00:42:00+00:00,1.15989,1.15989,1.15989,1.15989,0
2026-05-24 00:43:00+00:00,1.15989,1.15989,1.15989,1.15989,0
2026-05-24 00:44:00+00:00,1.15989,1.15989,1.15989,1.15989,0
2026-05-24 00:45:00+00:00,1.15989,1.15989,1.15989,1.15989,0
2026-05-24 00:46:00+00:00,1.15989,1.15989,1.15989,1.15989,0
2026-05-24 00:47:00+00:00,1.15989,1.15989,1.15989,1.15989,0
2026-05-24 00:48:00+00:00,1.15989,1.15989,1.15989,1.15989,0
2026-05-24 00:49:00+00:00,1.15989,1.15989,1.15989,1.15989,0
2026-05-24 00:50:00+00:00,1.15989,1.15989,1.15989,1.15989,0
2026-05-24 00:51:00+00:00,1.15989,1.15989,1.15989,1.15989,0
2026-05-24 00:52:00+00:00,1.15989,1.15989,1.15989,1.15989,0
2026-05-24 00:53:00+00:00,1.15989,1.15989,1.15989,1.15989,0
2026-05-24 00:54:00+00:00,1.15989,1.15989,1.15989,1.15989,0
2026-05-24 00:55:00+00:00,1.15989,1.15989,1.15989,1.15989,0
2026-05-24 00:56:00+00:00,1.15989,1.15989,1.15989,1.15989,0
2026-05-24 00:57:00+00:00,1.15989,1.15989,1.15989,1.15989,0
2026-05-24 00:58:00+00:00,1.15989,1.15989,1.15989,1.15989,0
2026-05-24 00:59:00+00:00,1.15989,1.15989,1.15989,1.15989,0
2026-05-24 01:00:00+00:00,1.15989,1.15989,1.15989,1.15989,0
2026-05-24 01:01:00+00:00,1.15989,1.15989,1.15989,1.15989,0
2026-05-24 01:02:00+00:00,1.15989,1.15989,1.15989,1.15989,0
2026-05-24 01:03:00+00:00,1.15989,1.15989,1.15989,1.15989,0
2026-05-24 01:04:00+00:00,1.15989,1.15989,1.15989,1.15989,0
2026-05-24 01:05:00+00:00,1.15989,1.15989,1.15989,1.15989,0
2026-05-24 01:06:00+00:00,1.15989,1.15989,1.15989,1.15989,0
2026-05-24 01:07:00+00:00,1.15989,1.15989,1.15989,1.15989,0
2026-05-24 01:08:00+00:00,1.15989,1.15989,1.15989,1.15989,0
2026-05-24 01:09:00+00:00,1.15989,1.15989,1.15989,1.15989,0
2026-05-24 01:10:00+00:00,1.15989,1.15989,1.15989,1.15989,0
2026-05-24 01:11:00+00:00,1.15989,1.15989,1.15989,1.15989,0
2026-05-24 01:12:00+00:00,1.15989,1.15989,1.15989,1.15989,0
2026-05-24 01:13:00+00:00,1.15989,1.15989,1.15989,1.15989,0
2026-05-24 01:14:00+00:00,1.15989,1.15989,1.15989,1.15989,0
2026-05-24 01:15:00+00:00,1.15989,1.15989,1.15989,1.15989,0
2026-05-24 01:16:00+00:00,1.15989,1.15989,1.15989,1.15989,0
2026-05-24 01:17:00+00:00,1.15989,1.15989,1.15989,1.15989,0
2026-05-24 01:18:00+00:00,1.15989,1.15989,1.15989,1.15989,0
2026-05-24 01:19:00+00:00,1.15989,1.15989,1.15989,1.15989,0
2026-05-24 01:20:00+00:00,1.15989,1.15989,1.15989,1.15989,0
2026-05-24 01:21:00+00:00,1.15989,1.15989,1.15989,1.15989,0
2026-05-24 01:22:00+00:00,1.15989,1.15989,1.15989,1.15989,0
2026-05-24 01:23:00+00:00,1.15989,1.15989,1.15989,1.15989,0
2026-05-24 01:24:00+00:00,1.15989,1.15989,1.15989,1.15989,0
2026-05-24 01:25:00+00:00,1.15989,1.15989,1.15989,1.15989,0
2026-05-24 01:26:00+00:00,1.15989,1.15989,1.15989,1.15989,0
2026-05-24 01:27:00+00:00,1.15989,1.15989,1.15989,1.15989,0
2026-05-24 01:28:00+00:00,1.15989,1.15989,1.15989,1.15989,0
2026-05-24 01:29:00+00:00,1.15989,1.15989,1.15989,1.15989,0
2026-05-24 01:30:00+00:00,1.15989,1.15989,1.15989,1.15989,0
2026-05-24 01:31:00+00:00,1.15989,1.15989,1.15989,1.15989,0
2026-05-24 01:32:00+00:00,1.15989,1.15989,1.15989,1.15989,0
2026-05-24 01:33:00+00:00,1.15989,1.15989,1.15989,1.15989,0
2026-05-24 01:34:00+00:00,1.15989,1.15989,1.15989,1.15989,0
2026-05-24 01:35:00+00:00,1.15989,1.15989,1.15989,1.15989,0
2026-05-24 01:36:00+00:00,1.15989,1.15989,1.15989,1.15989,0
2026-05-24 01:37:00+00:00,1.15989,1.15989,1.15989,1.15989,0
2026-05-24 01:38:00+00:00,1.15989,1.15989,1.15989,1.15989,0
2026-05-24 01:39:00+00:00,1.15989,1.15989,1.15989,1.15989,0
2026-05-24 01:40:00+00:00,1.15989,1.15989,1.15989,1.15989,0
2026-05-24 01:41:00+00:00,1.15989,1.15989,1.15989,1.15989,0
2026-05-24 01:42:00+00:00,1.15989,1.15989,1.15989,1.15989,0
2026-05-24 01:43:00+00:00,1.15989,1.15989,1.15989,1.15989,0
2026-05-24 01:44:00+00:00,1.15989,1.15989,1.15989,1.15989,0
2026-05-24 01:45:00+00:00,1.15989,1.15989,1.15989,1.15989,0
2026-05-24 01:46:00+00:00,1.15989,1.15989,1.15989,1.15989,0
2026-05-24 01:47:00+00:00,1.15989,1.15989,1.15989,1.15989,0
2026-05-24 01:48:00+00:00,1.15989,1.15989,1.15989,1.15989,0
2026-05-24 01:49:00+00:00,1.15989,1.15989,1.15989,1.15989,0
2026-05-24 01:50:00+00:00,1.15989,1.15989,1.15989,1.15989,0
2026-05-24 01:51:00+00:00,1.15989,1.15989,1.15989,1.15989,0
2026-05-24 01:52:00+00:00,1.15989,1.15989,1.15989,1.15989,0
2026-05-24 01:53:00+00:00,1.15989,1.15989,1.15989,1.15989,0
2026-05-24 01:54:00+00:00,1.15989,1.15989,1.15989,1.15989,0
2026-05-24 01:55:00+00:00,1.15989,1.15989,1.15989,1.15989,0
2026-05-24 01:56:00+00:00,1.15989,1.15989,1.15989,1.15989,0
2026-05-24 01:57:00+00:00,1.15989,1.15989,1.15989,1.15989,0
2026-05-24 01:58:00+00:00,1.15989,1.15989,1.15989,1.15989,0
2026-05-24 01:59:00+00:00,1.15989,1.15989,1.15989,1.15989,0
2026-05-24 02:00:00+00:00,1.15989,1.15989,1.15989,1.15989,0
2026-05-24 02:01:00+00:00,1.15989,1.15989,1.15989,1.15989,0
2026-05-24 02:02:00+00:00,1.15989,1.15989,1.15989,1.15989,0
2026-05-24 02:03:00+00:00,1.15989,1.15989,1.15989,1.15989,0
2026-05-24 02:04:00+00:00,1.15989,1.15989,1.15989,1.15989,0
2026-05-24 02:05:00+00:00,1.15989,1.15989,1.15989,1.15989,0
2026-05-24 02:06:00+00:00,1.15989,1.15989,1.15989,1.15989,0
2026-05-24 02:07:00+00:00,1.15989,1.15989,1.15989,1.15989,0
2026-05-24 02:08:00+00:00,1.15989,1.15989,1.15989,1.15989,0
2026-05-24 02:09:00+00:00,1.15989,1.15989,1.15989,1.15989,0
2026-05-24 02:10:00+00:00,1.15989,1.15989,1.15989,1.15989,0
2026-05-24 02:11:00+00:00,1.15989,1.15989,1.15989,1.15989,0
2026-05-24 02:12:00+00:00,1.15989,1.15989,1.15989,1.15989,0
2026-05-24 02:13:00+00:00,1.15989,1.15989,1.15989,1.15989,0
2026-05-24 02:14:00+00:00,1.15989,1.15989,1.15989,1.15989,0
2026-05-24 02:15:00+00:00,1.15989,1.15989,1.15989,1.15989,0
2026-05-24 02:16:00+00:00,1.15989,1.15989,1.15989,1.15989,0
2026-05-24 02:17:00+00:00,1.15989,1.15989,1.15989,1.15989,0
2026-05-24 02:18:00+00:00,1.15989,1.15989,1.15989,1.15989,0
2026-05-24 02:19:00+00:00,1.15989,1.15989,1.15989,1.15989,0
2026-05-24 02:20:00+00:00,1.15989,1.15989,1.15989,1.15989,0
2026-05-24 02:21:00+00:00,1.15989,1.15989,1.15989,1.15989,0
2026-05-24 02:22:00+00:00,1.15989,1.15989,1.15989,1.15989,0
2026-05-24 02:23:00+00:00,1.15989,1.15989,1.15989,1.15989,0
2026-05-24 02:24:00+00:00,1.15989,1.15989,1.15989,1.15989,0
2026-05-24 02:25:00+00:00,1.15989,1.15989,1.15989,1.15989,0
2026-05-24 02:26:00+00:00,1.15989,1.15989,1.15989,1.15989,0
2026-05-24 02:27:00+00:00,1.15989,1.15989,1.15989,1.15989,0
2026-05-24 02:28:00+00:00,1.15989,1.15989,1.15989,1.15989,0
2026-05-24 02:29:00+00:00,1.15989,1.15989,1.15989,1.15989,0
2026-05-24 02:30:00+00:00,1.15989,1.15989,1.15989,1.15989,0
2026-05-24 02:31:00+00:00,1.15989,1.15989,1.15989,1.15989,0
2026-05-24 02:32:00+00:00,1.15989,1.15989,1.15989,1.15989,0
2026-05-24 02:33:00+00:00,1.15989,1.15989,1.15989,1.15989,0
2026-05-24 02:34:00+00:00,1.15989,1.15989,1.15989,1.15989,0
2026-05-24 02:35:00+00:00,1.15989,1.15989,1.15989,1.15989,0
2026-05-24 02:36:00+00:00,1.15989,1.15989,1.15989,1.15989,0
2026-05-24 02:37:00+00:00,1.15989,1.15989,1.15989,1.15989,0
2026-05-24 02:38:00+00:00,1.15989,1.15989,1.15989,1.15989,0
2026-05-24 02:39:00+00:00,1.15989,1.15989,1.15989,1.15989,0
2026-05-24 02:40:00+00:00,1.15989,1.15989,1.15989,1.15989,0
2026-05-24 02:41:00+00:00,1.15989,1.15989,1.15989,1.15989,0
2026-05-24 02:42:00+00:00,1.15989,1.15989,1.15989,1.15989,0
2026-05-24 02:43:00+00:00,1.15989,1.15989,1.15989,1.15989,0
2026-05-24 02:44:00+00:00,1.15989,1.15989,1.15989,1.15989,0
2026-05-24 02:45:00+00:00,1.15989,1.15989,1.15989,1.15989,0
2026-05-24 02:46:00+00:00,1.15989,1.15989,1.15989,1.15989,0
2026-05-24 02:47:00+00:00,1.15989,1.15989,1.15989,1.15989,0
2026-05-24 02:48:00+00:00,1.15989,1.15989,1.15989,1.15989,0
2026-05-24 02:49:00+00:00,1.15989,1.15989,1.15989,1.15989,0
2026-05-24 02:50:00+00:00,1.15989,1.15989,1.15989,1.15989,0
2026-05-24 02:51:00+00:00,1.15989,1.15989,1.15989,1.15989,0
2026-05-24 02:52:00+00:00,1.15989,1.15989,1.15989,1.15989,0
2026-05-24 02:53:00+00:00,1.15989,1.15989,1.15989,1.15989,0
2026-05-24 02:54:00+00:00,1.15989,1.15989,1.15989,1.15989,0
2026-05-24 02:55:00+00:00,1.15989,1.15989,1.15989,1.15989,0
2026-05-24 02:56:00+00:00,1.15989,1.15989,1.15989,1.15989,0
2026-05-24 02:57:00+00:00,1.15989,1.15989,1.15989,1.15989,0
2026-05-24 02:58:00+00:00,1.15989,1.15989,1.15989,1.15989,0
2026-05-24 02:59:00+00:00,1.15989,1.15989,1.15989,1.15989,0
2026-05-24 03:00:00+00:00,1.15989,1.15989,1.15989,1.15989,0
2026-05-24 03:01:00+00:00,1.15989,1.15989,1.15989,1.15989,0
2026-05-24 03:02:00+00:00,1.15989,1.15989,1.15989,1.15989,0
2026-05-24 03:03:00+00:00,1.15989,1.15989,1.15989,1.15989,0
2026-05-24 03:04:00+00:00,1.15989,1.15989,1.15989,1.15989,0
2026-05-24 03:05:00+00:00,1.15989,1.15989,1.15989,1.15989,0
2026-05-24 03:06:00+00:00,1.15989,1.15989,1.15989,1.15989,0
2026-05-24 03:07:00+00:00,1.15989,1.15989,1.15989,1.15989,0
2026-05-24 03:08:00+00:00,1.15989,1.15989,1.15989,1.15989,0
2026-05-24 03:09:00+00:00,1.15989,1.15989,1.15989,1.15989,0
2026-05-24 03:10:00+00:00,1.15989,1.15989,1.15989,1.15989,0
2026-05-24 03:11:00+00:00,1.15989,1.15989,1.15989,1.15989,0
2026-05-24 03:12:00+00:00,1.15989,1.15989,1.15989,1.15989,0
2026-05-24 03:13:00+00:00,1.15989,1.15989,1.15989,1.15989,0
2026-05-24 03:14:00+00:00,1.15989,1.15989,1.15989,1.15989,0
2026-05-24 03:15:00+00:00,1.15989,1.15989,1.15989,1.15989,0
2026-05-24 03:16:00+00:00,1.15989,1.15989,1.15989,1.15989,0
2026-05-24 03:17:00+00:00,1.15989,1.15989,1.15989,1.15989,0
2026-05-24 03:18:00+00:00,1.15989,1.15989,1.15989,1.15989,0
2026-05-24 03:19:00+00:00,1.15989,1.15989,1.15989,1.15989,0
2026-05-24 03:20:00+00:00,1.15989,1.15989,1.15989,1.15989,0
2026-05-24 03:21:00+00:00,1.15989,1.15989,1.15989,1.15989,0
2026-05-24 03:22:00+00:00,1.15989,1.15989,1.15989,1.15989,0
2026-05-24 03:23:00+00:00,1.15989,1.15989,1.15989,1.15989,0
2026-05-24 03:24:00+00:00,1.15989,1.15989,1.15989,1.15989,0
2026-05-24 03:25:00+00:00,1.15989,1.15989,1.15989,1.15989,0
2026-05-24 03:26:00+00:00,1.15989,1.15989,1.15989,1.15989,0
2026-05-24 03:27:00+00:00,1.15989,1.15989,1.15989,1.15989,0
2026-05-24 03:28:00+00:00,1.15989,1.15989,1.15989,1.15989,0
2026-05-24 03:29:00+00:00,1.15989,1.15989,1.15989,1.15989,0
2026-05-24 03:30:00+00:00,1.15989,1.15989,1.15989,1.15989,0
2026-05-24 03:31:00+00:00,1.15989,1.15989,1.15989,1.15989,0
2026-05-24 03:32:00+00:00,1.15989,1.15989,1.15989,1.15989,0
2026-05-24 03:33:00+00:00,1.15989,1.15989,1.15989,1.15989,0
2026-05-24 03:34:00+00:00,1.15989,1.15989,1.15989,1.15989,0
2026-05-24 03:35:00+00:00,1.15989,1.15989,1.15989,1.15989,0
2026-05-24 03:36:00+00:00,1.15989,1.15989,1.15989,1.15989,0
2026-05-24 03:37:00+00:00,1.15989,1.15989,1.15989,1.15989,0
2026-05-24 03:38:00+00:00,1.15989,1.15989,1.15989,1.15989,0
2026-05-24 03:39:00+00:00,1.15989,1.15989,1.15989,1.15989,0
2026-05-24 03:40:00+00:00,1.15989,1.15989,1.15989,1.15989,0
2026-05-24 03:41:00+00:00,1.15989,1.15989,1.15989,1.15989,0
2026-05-24 03:42:00+00:00,1.15989,1.15989,1.15989,1.15989,0
2026-05-24 03:43:00+00:00,1.15989,1.15989,1.15989,1.15989,0
2026-05-24 03:44:00+00:00,1.15989,1.15989,1.15989,1.15989,0
2026-05-24 03:45:00+00:00,1.15989,1.15989,1.15989,1.15989,0
2026-05-24 03:46:00+00:00,1.15989,1.15989,1.15989,1.15989,0
2026-05-24 03:47:00+00:00,1.15989,1.15989,1.15989,1.15989,0
2026-05-24 03:48:00+00:00,1.15989,1.15989,1.15989,1.15989,0
2026-05-24 03:49:00+00:00,1.15989,1.15989,1.15989,1.15989,0
2026-05-24 03:50:00+00:00,1.15989,1.15989,1.15989,1.15989,0
2026-05-24 03:51:00+00:00,1.15989,1.15989,1.15989,1.15989,0
2026-05-24 03:52:00+00:00,1.15989,1.15989,1.15989,1.15989,0
2026-05-24 03:53:00+00:00,1.15989,1.15989,1.15989,1.15989,0
2026-05-24 03:54:00+00:00,1.15989,1.15989,1.15989,1.15989,0
2026-05-24 03:55:00+00:00,1.15989,1.15989,1.15989,1.15989,0
2026-05-24 03:56:00+00:00,1.15989,1.15989,1.15989,1.15989,0
2026-05-24 03:57:00+00:00,1.15989,1.15989,1.15989,1.15989,0
2026-05-24 03:58:00+00:00,1.15989,1.15989,1.15989,1.15989,0
2026-05-24 03:59:00+00:00,1.15989,1.15989,1.15989,1.15989,0
2026-05-24 04:00:00+00:00,1.15989,1.15989,1.15989,1.15989,0
2026-05-24 04:01:00+00:00,1.15989,1.15989,1.15989,1.15989,0
2026-05-24 04:02:00+00:00,1.15989,1.15989,1.15989,1.15989,0
2026-05-24 04:03:00+00:00,1.15989,1.15989,1.15989,1.15989,0
2026-05-24 04:04:00+00:00,1.15989,1.15989,1.15989,1.15989,0
2026-05-24 04:05:00+00:00,1.15989,1.15989,1.15989,1.15989,0
2026-05-24 04:06:00+00:00,1.15989,1.15989,1.15989,1.15989,0
2026-05-24 04:07:00+00:00,1.15989,1.15989,1.15989,1.15989,0
2026-05-24 04:08:00+00:00,1.15989,1.15989,1.15989,1.15989,0
2026-05-24 04:09:00+00:00,1.15989,1.15989,1.15989,1.15989,0
2026-05-24 04:10:00+00:00,1.15989,1.15989,1.15989,1.15989,0
2026-05-24 04:11:00+00:00,1.15989,1.15989,1.15989,1.15989,0
2026-05-24 04:12:00+00:00,1.15989,1.15989,1.15989,1.15989,0
2026-05-24 04:13:00+00:00,1.15989,1.15989,1.15989,1.15989,0
2026-05-24 04:14:00+00:00,1.15989,1.15989,1.15989,1.15989,0
2026-05-24 04:15:00+00:00,1.15989,1.15989,1.15989,1.15989,0
2026-05-24 04:16:00+00:00,1.15989,1.15989,1.15989,1.15989,0
2026-05-24 04:17:00+00:00,1.15989,1.15989,1.15989,1.15989,0
2026-05-24 04:18:00+00:00,1.15989,1.15989,1.15989,1.15989,0
2026-05-24 04:19:00+00:00,1.15989,1.15989,1.15989,1.15989,0
2026-05-24 04:20:00+00:00,1.15989,1.15989,1.15989,1.15989,0
2026-05-24 04:21:00+00:00,1.15989,1.15989,1.15989,1.15989,0
2026-05-24 04:22:00+00:00,1.15989,1.15989,1.15989,1.15989,0
2026-05-24 04:23:00+00:00,1.15989,1.15989,1.15989,1.15989,0
2026-05-24 04:24:00+00:00,1.15989,1.15989,1.15989,1.15989,0
2026-05-24 04:25:00+00:00,1.15989,1.15989,1.15989,1.15989,0
2026-05-24 04:26:00+00:00,1.15989,1.15989,1.15989,1.15989,0
2026-05-24 04:27:00+00:00,1.15989,1.15989,1.15989,1.15989,0
2026-05-24 04:28:00+00:00,1.15989,1.15989,1.15989,1.15989,0
2026-05-24 04:29:00+00:00,1.15989,1.15989,1.15989,1.15989,0
2026-05-24 04:30:00+00:00,1.15989,1.15989,1.15989,1.15989,0
2026-05-24 04:31:00+00:00,1.15989,1.15989,1.15989,1.15989,0
2026-05-24 04:32:00+00:00,1.15989,1.15989,1.15989,1.15989,0
2026-05-24 04:33:00+00:00,1.15989,1.15989,1.15989,1.15989,0
2026-05-24 04:34:00+00:00,1.15989,1.15989,1.15989,1.15989,0
2026-05-24 04:35:00+00:00,1.15989,1.15989,1.15989,1.15989,0
2026-05-24 04:36:00+00:00,1.15989,1.15989,1.15989,1.15989,0
2026-05-24 04:37:00+00:00,1.15989,1.15989,1.15989,1.15989,0
2026-05-24 04:38:00+00:00,1.15989,1.15989,1.15989,1.15989,0
2026-05-24 04:39:00+00:00,1.15989,1.15989,1.15989,1.15989,0
2026-05-24 04:40:00+00:00,1.15989,1.15989,1.15989,1.15989,0
2026-05-24 04:41:00+00:00,1.15989,1.15989,1.15989,1.15989,0
2026-05-24 04:42:00+00:00,1.15989,1.15989,1.15989,1.15989,0
2026-05-24 04:43:00+00:00,1.15989,1.15989,1.15989,1.15989,0
2026-05-24 04:44:00+00:00,1.15989,1.15989,1.15989,1.15989,0
2026-05-24 04:45:00+00:00,1.15989,1.15989,1.15989,1.15989,0
2026-05-24 04:46:00+00:00,1.15989,1.15989,1.15989,1.15989,0
2026-05-24 04:47:00+00:00,1.15989,1.15989,1.15989,1.15989,0
2026-05-24 04:48:00+00:00,1.15989,1.15989,1.15989,1.15989,0
2026-05-24 04:49:00+00:00,1.15989,1.15989,1.15989,1.15989,0
2026-05-24 04:50:00+00:00,1.15989,1.15989,1.15989,1.15989,0
2026-05-24 04:51:00+00:00,1.15989,1.15989,1.15989,1.15989,0
2026-05-24 04:52:00+00:00,1.15989,1.15989,1.15989,1.15989,0
2026-05-24 04:53:00+00:00,1.15989,1.15989,1.15989,1.15989,0
2026-05-24 04:54:00+00:00,1.15989,1.15989,1.15989,1.15989,0
2026-05-24 04:55:00+00:00,1.15989,1.15989,1.15989,1.15989,0
2026-05-24 04:56:00+00:00,1.15989,1.15989,1.15989,1.15989,0
2026-05-24 04:57:00+00:00,1.15989,1.15989,1.15989,1.15989,0
2026-05-24 04:58:00+00:00,1.15989,1.15989,1.15989,1.15989,0
2026-05-24 04:59:00+00:00,1.15989,1.15989,1.15989,1.15989,0
2026-05-24 05:00:00+00:00,1.15989,1.15989,1.15989,1.15989,0
2026-05-24 05:01:00+00:00,1.15989,1.15989,1.15989,1.15989,0
2026-05-24 05:02:00+00:00,1.15989,1.15989,1.15989,1.15989,0
2026-05-24 05:03:00+00:00,1.15989,1.15989,1.15989,1.15989,0
2026-05-24 05:04:00+00:00,1.15989,1.15989,1.15989,1.15989,0
2026-05-24 05:05:00+00:00,1.15989,1.15989,1.15989,1.15989,0
2026-05-24 05:06:00+00:00,1.15989,1.15989,1.15989,1.15989,0
2026-05-24 05:07:00+00:00,1.15989,1.15989,1.15989,1.15989,0
2026-05-24 05:08:00+00:00,1.15989,1.15989,1.15989,1.15989,0
2026-05-24 05:09:00+00:00,1.15989,1.15989,1.15989,1.15989,0
2026-05-24 05:10:00+00:00,1.15989,1.15989,1.15989,1.15989,0
2026-05-24 05:11:00+00:00,1.15989,1.15989,1.15989,1.15989,0
2026-05-24 05:12:00+00:00,1.15989,1.15989,1.15989,1.15989,0
2026-05-24 05:13:00+00:00,1.15989,1.15989,1.15989,1.15989,0
2026-05-24 05:14:00+00:00,1.15989,1.15989,1.15989,1.15989,0
2026-05-24 05:15:00+00:00,1.15989,1.15989,1.15989,1.15989,0
2026-05-24 05:16:00+00:00,1.15989,1.15989,1.15989,1.15989,0
2026-05-24 05:17:00+00:00,1.15989,1.15989,1.15989,1.15989,0
2026-05-24 05:18:00+00:00,1.15989,1.15989,1.15989,1.15989,0
2026-05-24 05:19:00+00:00,1.15989,1.15989,1.15989,1.15989,0
2026-05-24 05:20:00+00:00,1.15989,1.15989,1.15989,1.15989,0
2026-05-24 05:21:00+00:00,1.15989,1.15989,1.15989,1.15989,0
2026-05-24 05:22:00+00:00,1.15989,1.15989,1.15989,1.15989,0
2026-05-24 05:23:00+00:00,1.15989,1.15989,1.15989,1.15989,0
2026-05-24 05:24:00+00:00,1.15989,1.15989,1.15989,1.15989,0
2026-05-24 05:25:00+00:00,1.15989,1.15989,1.15989,1.15989,0
2026-05-24 05:26:00+00:00,1.15989,1.15989,1.15989,1.15989,0
2026-05-24 05:27:00+00:00,1.15989,1.15989,1.15989,1.15989,0
2026-05-24 05:28:00+00:00,1.15989,1.15989,1.15989,1.15989,0
2026-05-24 05:29:00+00:00,1.15989,1.15989,1.15989,1.15989,0
2026-05-24 05:30:00+00:00,1.15989,1.15989,1.15989,1.15989,0
2026-05-24 05:31:00+00:00,1.15989,1.15989,1.15989,1.15989,0
2026-05-24 05:32:00+00:00,1.15989,1.15989,1.15989,1.15989,0
2026-05-24 05:33:00+00:00,1.15989,1.15989,1.15989,1.15989,0
2026-05-24 05:34:00+00:00,1.15989,1.15989,1.15989,1.15989,0
2026-05-24 05:35:00+00:00,1.15989,1.15989,1.15989,1.15989,0
2026-05-24 05:36:00+00:00,1.15989,1.15989,1.15989,1.15989,0
2026-05-24 05:37:00+00:00,1.15989,1.15989,1.15989,1.15989,0
2026-05-24 05:38:00+00:00,1.15989,1.15989,1.15989,1.15989,0
2026-05-24 05:39:00+00:00,1.15989,1.15989,1.15989,1.15989,0
2026-05-24 05:40:00+00:00,1.15989,1.15989,1.15989,1.15989,0
2026-05-24 05:41:00+00:00,1.15989,1.15989,1.15989,1.15989,0
2026-05-24 05:42:00+00:00,1.15989,1.15989,1.15989,1.15989,0
2026-05-24 05:43:00+00:00,1.15989,1.15989,1.15989,1.15989,0
2026-05-24 05:44:00+00:00,1.15989,1.15989,1.15989,1.15989,0
2026-05-24 05:45:00+00:00,1.15989,1.15989,1.15989,1.15989,0
2026-05-24 05:46:00+00:00,1.15989,1.15989,1.15989,1.15989,0
2026-05-24 05:47:00+00:00,1.15989,1.15989,1.15989,1.15989,0
2026-05-24 05:48:00+00:00,1.15989,1.15989,1.15989,1.15989,0
2026-05-24 05:49:00+00:00,1.15989,1.15989,1.15989,1.15989,0
2026-05-24 05:50:00+00:00,1.15989,1.15989,1.15989,1.15989,0
2026-05-24 05:51:00+00:00,1.15989,1.15989,1.15989,1.15989,0
2026-05-24 05:52:00+00:00,1.15989,1.15989,1.15989,1.15989,0
2026-05-24 05:53:00+00:00,1.15989,1.15989,1.15989,1.15989,0
2026-05-24 05:54:00+00:00,1.15989,1.15989,1.15989,1.15989,0
2026-05-24 05:55:00+00:00,1.15989,1.15989,1.15989,1.15989,0
2026-05-24 05:56:00+00:00,1.15989,1.15989,1.15989,1.15989,0
2026-05-24 05:57:00+00:00,1.15989,1.15989,1.15989,1.15989,0
2026-05-24 05:58:00+00:00,1.15989,1.15989,1.15989,1.15989,0
2026-05-24 05:59:00+00:00,1.15989,1.15989,1.15989,1.15989,0
2026-05-24 06:00:00+00:00,1.15989,1.15989,1.15989,1.15989,0
2026-05-24 06:01:00+00:00,1.15989,1.15989,1.15989,1.15989,0
2026-05-24 06:02:00+00:00,1.15989,1.15989,1.15989,1.15989,0
2026-05-24 06:03:00+00:00,1.15989,1.15989,1.15989,1.15989,0
2026-05-24 06:04:00+00:00,1.15989,1.15989,1.15989,1.15989,0
2026-05-24 06:05:00+00:00,1.15989,1.15989,1.15989,1.15989,0
2026-05-24 06:06:00+00:00,1.15989,1.15989,1.15989,1.15989,0
2026-05-24 06:07:00+00:00,1.15989,1.15989,1.15989,1.15989,0
2026-05-24 06:08:00+00:00,1.15989,1.15989,1.15989,1.15989,0
2026-05-24 06:09:00+00:00,1.15989,1.15989,1.15989,1.15989,0
2026-05-24 06:10:00+00:00,1.15989,1.15989,1.15989,1.15989,0
2026-05-24 06:11:00+00:00,1.15989,1.15989,1.15989,1.15989,0
2026-05-24 06:12:00+00:00,1.15989,1.15989,1.15989,1.15989,0
2026-05-24 06:13:00+00:00,1.15989,1.15989,1.15989,1.15989,0
2026-05-24 06:14:00+00:00,1.15989,1.15989,1.15989,1.15989,0
2026-05-24 06:15:00+00:00,1.15989,1.15989,1.15989,1.15989,0
2026-05-24 06:16:00+00:00,1.15989,1.15989,1.15989,1.15989,0
2026-05-24 06:17:00+00:00,1.15989,1.15989,1.15989,1.15989,0
2026-05-24 06:18:00+00:00,1.15989,1.15989,1.15989,1.15989,0
2026-05-24 06:19:00+00:00,1.15989,1.15989,1.15989,1.15989,0
2026-05-24 06:20:00+00:00,1.15989,1.15989,1.15989,1.15989,0
2026-05-24 06:21:00+00:00,1.15989,1.15989,1.15989,1.15989,0
2026-05-24 06:22:00+00:00,1.15989,1.15989,1.15989,1.15989,0
2026-05-24 06:23:00+00:00,1.15989,1.15989,1.15989,1.15989,0
2026-05-24 06:24:00+00:00,1.15989,1.15989,1.15989,1.15989,0
2026-05-24 06:25:00+00:00,1.15989,1.15989,1.15989,1.15989,0
2026-05-24 06:26:00+00:00,1.15989,1.15989,1.15989,1.15989,0
2026-05-24 06:27:00+00:00,1.15989,1.15989,1.15989,1.15989,0
2026-05-24 06:28:00+00:00,1.15989,1.15989,1.15989,1.15989,0
2026-05-24 06:29:00+00:00,1.15989,1.15989,1.15989,1.15989,0
2026-05-24 06:30:00+00:00,1.15989,1.15989,1.15989,1.15989,0
2026-05-24 06:31:00+00:00,1.15989,1.15989,1.15989,1.15989,0
2026-05-24 06:32:00+00:00,1.15989,1.15989,1.15989,1.15989,0
2026-05-24 06:33:00+00:00,1.15989,1.15989,1.15989,1.15989,0
2026-05-24 06:34:00+00:00,1.15989,1.15989,1.15989,1.15989,0
2026-05-24 06:35:00+00:00,1.15989,1.15989,1.15989,1.15989,0
2026-05-24 06:36:00+00:00,1.15989,1.15989,1.15989,1.15989,0
2026-05-24 06:37:00+00:00,1.15989,1.15989,1.15989,1.15989,0
2026-05-24 06:38:00+00:00,1.15989,1.15989,1.15989,1.15989,0
2026-05-24 06:39:00+00:00,1.15989,1.15989,1.15989,1.15989,0
2026-05-24 06:40:00+00:00,1.15989,1.15989,1.15989,1.15989,0
2026-05-24 06:41:00+00:00,1.15989,1.15989,1.15989,1.15989,0
2026-05-24 06:42:00+00:00,1.15989,1.15989,1.15989,1.15989,0
2026-05-24 06:43:00+00:00,1.15989,1.15989,1.15989,1.15989,0
2026-05-24 06:44:00+00:00,1.15989,1.15989,1.15989,1.15989,0
2026-05-24 06:45:00+00:00,1.15989,1.15989,1.15989,1.15989,0
2026-05-24 06:46:00+00:00,1.15989,1.15989,1.15989,1.15989,0
2026-05-24 06:47:00+00:00,1.15989,1.15989,1.15989,1.15989,0
2026-05-24 06:48:00+00:00,1.15989,1.15989,1.15989,1.15989,0
2026-05-24 06:49:00+00:00,1.15989,1.15989,1.15989,1.15989,0
2026-05-24 06:50:00+00:00,1.15989,1.15989,1.15989,1.15989,0
2026-05-24 06:51:00+00:00,1.15989,1.15989,1.15989,1.15989,0
2026-05-24 06:52:00+00:00,1.15989,1.15989,1.15989,1.15989,0
2026-05-24 06:53:00+00:00,1.15989,1.15989,1.15989,1.15989,0
2026-05-24 06:54:00+00:00,1.15989,1.15989,1.15989,1.15989,0
2026-05-24 06:55:00+00:00,1.15989,1.15989,1.15989,1.15989,0
2026-05-24 06:56:00+00:00,1.15989,1.15989,1.15989,1.15989,0
2026-05-24 06:57:00+00:00,1.15989,1.15989,1.15989,1.15989,0
2026-05-24 06:58:00+00:00,1.15989,1.15989,1.15989,1.15989,0
2026-05-24 06:59:00+00:00,1.15989,1.15989,1.15989,1.15989,0
2026-05-24 07:00:00+00:00,1.15989,1.15989,1.15989,1.15989,0
2026-05-24 07:01:00+00:00,1.15989,1.15989,1.15989,1.15989,0
2026-05-24 07:02:00+00:00,1.15989,1.15989,1.15989,1.15989,0
2026-05-24 07:03:00+00:00,1.15989,1.15989,1.15989,1.15989,0
2026-05-24 07:04:00+00:00,1.15989,1.15989,1.15989,1.15989,0
2026-05-24 07:05:00+00:00,1.15989,1.15989,1.15989,1.15989,0
2026-05-24 07:06:00+00:00,1.15989,1.15989,1.15989,1.15989,0
2026-05-24 07:07:00+00:00,1.15989,1.15989,1.15989,1.15989,0
2026-05-24 07:08:00+00:00,1.15989,1.15989,1.15989,1.15989,0
2026-05-24 07:09:00+00:00,1.15989,1.15989,1.15989,1.15989,0
2026-05-24 07:10:00+00:00,1.15989,1.15989,1.15989,1.15989,0
2026-05-24 07:11:00+00:00,1.15989,1.15989,1.15989,1.15989,0
2026-05-24 07:12:00+00:00,1.15989,1.15989,1.15989,1.15989,0
2026-05-24 07:13:00+00:00,1.15989,1.15989,1.15989,1.15989,0
2026-05-24 07:14:00+00:00,1.15989,1.15989,1.15989,1.15989,0
2026-05-24 07:15:00+00:00,1.15989,1.15989,1.15989,1.15989,0
2026-05-24 07:16:00+00:00,1.15989,1.15989,1.15989,1.15989,0
2026-05-24 07:17:00+00:00,1.15989,1.15989,1.15989,1.15989,0
2026-05-24 07:18:00+00:00,1.15989,1.15989,1.15989,1.15989,0
2026-05-24 07:19:00+00:00,1.15989,1.15989,1.15989,1.15989,0
2026-05-24 07:20:00+00:00,1.15989,1.15989,1.15989,1.15989,0
2026-05-24 07:21:00+00:00,1.15989,1.15989,1.15989,1.15989,0
2026-05-24 07:22:00+00:00,1.15989,1.15989,1.15989,1.15989,0
2026-05-24 07:23:00+00:00,1.15989,1.15989,1.15989,1.15989,0
2026-05-24 07:24:00+00:00,1.15989,1.15989,1.15989,1.15989,0
2026-05-24 07:25:00+00:00,1.15989,1.15989,1.15989,1.15989,0
2026-05-24 07:26:00+00:00,1.15989,1.15989,1.15989,1.15989,0
2026-05-24 07:27:00+00:00,1.15989,1.15989,1.15989,1.15989,0
2026-05-24 07:28:00+00:00,1.15989,1.15989,1.15989,1.15989,0
2026-05-24 07:29:00+00:00,1.15989,1.15989,1.15989,1.15989,0
2026-05-24 07:30:00+00:00,1.15989,1.15989,1.15989,1.15989,0
2026-05-24 07:31:00+00:00,1.15989,1.15989,1.15989,1.15989,0
2026-05-24 07:32:00+00:00,1.15989,1.15989,1.15989,1.15989,0
2026-05-24 07:33:00+00:00,1.15989,1.15989,1.15989,1.15989,0
2026-05-24 07:34:00+00:00,1.15989,1.15989,1.15989,1.15989,0
2026-05-24 07:35:00+00:00,1.15989,1.15989,1.15989,1.15989,0
2026-05-24 07:36:00+00:00,1.15989,1.15989,1.15989,1.15989,0
2026-05-24 07:37:00+00:00,1.15989,1.15989,1.15989,1.15989,0
2026-05-24 07:38:00+00:00,1.15989,1.15989,1.15989,1.15989,0
2026-05-24 07:39:00+00:00,1.15989,1.15989,1.15989,1.15989,0
2026-05-24 07:40:00+00:00,1.15989,1.15989,1.15989,1.15989,0
2026-05-24 07:41:00+00:00,1.15989,1.15989,1.15989,1.15989,0
2026-05-24 07:42:00+00:00,1.15989,1.15989,1.15989,1.15989,0
2026-05-24 07:43:00+00:00,1.15989,1.15989,1.15989,1.15989,0
2026-05-24 07:44:00+00:00,1.15989,1.15989,1.15989,1.15989,0
2026-05-24 07:45:00+00:00,1.15989,1.15989,1.15989,1.15989,0
2026-05-24 07:46:00+00:00,1.15989,1.15989,1.15989,1.15989,0
2026-05-24 07:47:00+00:00,1.15989,1.15989,1.15989,1.15989,0
2026-05-24 07:48:00+00:00,1.15989,1.15989,1.15989,1.15989,0
2026-05-24 07:49:00+00:00,1.15989,1.15989,1.15989,1.15989,0
2026-05-24 07:50:00+00:00,1.15989,1.15989,1.15989,1.15989,0
2026-05-24 07:51:00+00:00,1.15989,1.15989,1.15989,1.15989,0
2026-05-24 07:52:00+00:00,1.15989,1.15989,1.15989,1.15989,0
2026-05-24 07:53:00+00:00,1.15989,1.15989,1.15989,1.15989,0
2026-05-24 07:54:00+00:00,1.15989,1.15989,1.15989,1.15989,0
2026-05-24 07:55:00+00:00,1.15989,1.15989,1.15989,1.15989,0
2026-05-24 07:56:00+00:00,1.15989,1.15989,1.15989,1.15989,0
2026-05-24 07:57:00+00:00,1.15989,1.15989,1.15989,1.15989,0
2026-05-24 07:58:00+00:00,1.15989,1.15989,1.15989,1.15989,0
2026-05-24 07:59:00+00:00,1.15989,1.15989,1.15989,1.15989,0
2026-05-24 08:00:00+00:00,1.15989,1.15989,1.15989,1.15989,0
2026-05-24 08:01:00+00:00,1.15989,1.15989,1.15989,1.15989,0
2026-05-24 08:02:00+00:00,1.15989,1.15989,1.15989,1.15989,0
2026-05-24 08:03:00+00:00,1.15989,1.15989,1.15989,1.15989,0
2026-05-24 08:04:00+00:00,1.15989,1.15989,1.15989,1.15989,0
2026-05-24 08:05:00+00:00,1.15989,1.15989,1.15989,1.15989,0
2026-05-24 08:06:00+00:00,1.15989,1.15989,1.15989,1.15989,0
2026-05-24 08:07:00+00:00,1.15989,1.15989,1.15989,1.15989,0
2026-05-24 08:08:00+00:00,1.15989,1.15989,1.15989,1.15989,0
2026-05-24 08:09:00+00:00,1.15989,1.15989,1.15989,1.15989,0
2026-05-24 08:10:00+00:00,1.15989,1.15989,1.15989,1.15989,0
2026-05-24 08:11:00+00:00,1.15989,1.15989,1.15989,1.15989,0
2026-05-24 08:12:00+00:00,1.15989,1.15989,1.15989,1.15989,0
2026-05-24 08:13:00+00:00,1.15989,1.15989,1.15989,1.15989,0
2026-05-24 08:14:00+00:00,1.15989,1.15989,1.15989,1.15989,0
2026-05-24 08:15:00+00:00,1.15989,1.15989,1.15989,1.15989,0
2026-05-24 08:16:00+00:00,1.15989,1.15989,1.15989,1.15989,0
2026-05-24 08:17:00+00:00,1.15989,1.15989,1.15989,1.15989,0
2026-05-24 08:18:00+00:00,1.15989,1.15989,1.15989,1.15989,0
2026-05-24 08:19:00+00:00,1.15989,1.15989,1.15989,1.15989,0
2026-05-24 08:20:00+00:00,1.15989,1.15989,1.15989,1.15989,0
2026-05-24 08:21:00+00:00,1.15989,1.15989,1.15989,1.15989,0
2026-05-24 08:22:00+00:00,1.15989,1.15989,1.15989,1.15989,0
2026-05-24 08:23:00+00:00,1.15989,1.15989,1.15989,1.15989,0
2026-05-24 08:24:00+00:00,1.15989,1.15989,1.15989,1.15989,0
2026-05-24 08:25:00+00:00,1.15989,1.15989,1.15989,1.15989,0
2026-05-24 08:26:00+00:00,1.15989,1.15989,1.15989,1.15989,0
2026-05-24 08:27:00+00:00,1.15989,1.15989,1.15989,1.15989,0
2026-05-24 08:28:00+00:00,1.15989,1.15989,1.15989,1.15989,0
2026-05-24 08:29:00+00:00,1.15989,1.15989,1.15989,1.15989,0
2026-05-24 08:30:00+00:00,1.15989,1.15989,1.15989,1.15989,0
2026-05-24 08:31:00+00:00,1.15989,1.15989,1.15989,1.15989,0
2026-05-24 08:32:00+00:00,1.15989,1.15989,1.15989,1.15989,0
2026-05-24 08:33:00+00:00,1.15989,1.15989,1.15989,1.15989,0
2026-05-24 08:34:00+00:00,1.15989,1.15989,1.15989,1.15989,0
2026-05-24 08:35:00+00:00,1.15989,1.15989,1.15989,1.15989,0
2026-05-24 08:36:00+00:00,1.15989,1.15989,1.15989,1.15989,0
2026-05-24 08:37:00+00:00,1.15989,1.15989,1.15989,1.15989,0
2026-05-24 08:38:00+00:00,1.15989,1.15989,1.15989,1.15989,0
2026-05-24 08:39:00+00:00,1.15989,1.15989,1.15989,1.15989,0
2026-05-24 08:40:00+00:00,1.15989,1.15989,1.15989,1.15989,0
2026-05-24 08:41:00+00:00,1.15989,1.15989,1.15989,1.15989,0
2026-05-24 08:42:00+00:00,1.15989,1.15989,1.15989,1.15989,0
2026-05-24 08:43:00+00:00,1.15989,1.15989,1.15989,1.15989,0
2026-05-24 08:44:00+00:00,1.15989,1.15989,1.15989,1.15989,0
2026-05-24 08:45:00+00:00,1.15989,1.15989,1.15989,1.15989,0
2026-05-24 08:46:00+00:00,1.15989,1.15989,1.15989,1.15989,0
2026-05-24 08:47:00+00:00,1.15989,1.15989,1.15989,1.15989,0
2026-05-24 08:48:00+00:00,1.15989,1.15989,1.15989,1.15989,0
2026-05-24 08:49:00+00:00,1.15989,1.15989,1.15989,1.15989,0
2026-05-24 08:50:00+00:00,1.15989,1.15989,1.15989,1.15989,0
2026-05-24 08:51:00+00:00,1.15989,1.15989,1.15989,1.15989,0
2026-05-24 08:52:00+00:00,1.15989,1.15989,1.15989,1.15989,0
2026-05-24 08:53:00+00:00,1.15989,1.15989,1.15989,1.15989,0
2026-05-24 08:54:00+00:00,1.15989,1.15989,1.15989,1.15989,0
2026-05-24 08:55:00+00:00,1.15989,1.15989,1.15989,1.15989,0
2026-05-24 08:56:00+00:00,1.15989,1.15989,1.15989,1.15989,0
2026-05-24 08:57:00+00:00,1.15989,1.15989,1.15989,1.15989,0
2026-05-24 08:58:00+00:00,1.15989,1.15989,1.15989,1.15989,0
2026-05-24 08:59:00+00:00,1.15989,1.15989,1.15989,1.15989,0
2026-05-24 09:00:00+00:00,1.15989,1.15989,1.15989,1.15989,0
2026-05-24 09:01:00+00:00,1.15989,1.15989,1.15989,1.15989,0
2026-05-24 09:02:00+00:00,1.15989,1.15989,1.15989,1.15989,0
2026-05-24 09:03:00+00:00,1.15989,1.15989,1.15989,1.15989,0
2026-05-24 09:04:00+00:00,1.15989,1.15989,1.15989,1.15989,0
2026-05-24 09:05:00+00:00,1.15989,1.15989,1.15989,1.15989,0
2026-05-24 09:06:00+00:00,1.15989,1.15989,1.15989,1.15989,0
2026-05-24 09:07:00+00:00,1.15989,1.15989,1.15989,1.15989,0
2026-05-24 09:08:00+00:00,1.15989,1.15989,1.15989,1.15989,0
2026-05-24 09:09:00+00:00,1.15989,1.15989,1.15989,1.15989,0
2026-05-24 09:10:00+00:00,1.15989,1.15989,1.15989,1.15989,0
2026-05-24 09:11:00+00:00,1.15989,1.15989,1.15989,1.15989,0
2026-05-24 09:12:00+00:00,1.15989,1.15989,1.15989,1.15989,0
2026-05-24 09:13:00+00:00,1.15989,1.15989,1.15989,1.15989,0
2026-05-24 09:14:00+00:00,1.15989,1.15989,1.15989,1.15989,0
2026-05-24 09:15:00+00:00,1.15989,1.15989,1.15989,1.15989,0
2026-05-24 09:16:00+00:00,1.15989,1.15989,1.15989,1.15989,0
2026-05-24 09:17:00+00:00,1.15989,1.15989,1.15989,1.15989,0
2026-05-24 09:18:00+00:00,1.15989,1.15989,1.15989,1.15989,0
2026-05-24 09:19:00+00:00,1.15989,1.15989,1.15989,1.15989,0
2026-05-24 09:20:00+00:00,1.15989,1.15989,1.15989,1.15989,0
2026-05-24 09:21:00+00:00,1.15989,1.15989,1.15989,1.15989,0
2026-05-24 09:22:00+00:00,1.15989,1.15989,1.15989,1.15989,0
2026-05-24 09:23:00+00:00,1.15989,1.15989,1.15989,1.15989,0
2026-05-24 09:24:00+00:00,1.15989,1.15989,1.15989,1.15989,0
2026-05-24 09:25:00+00:00,1.15989,1.15989,1.15989,1.15989,0
2026-05-24 09:26:00+00:00,1.15989,1.15989,1.15989,1.15989,0
2026-05-24 09:27:00+00:00,1.15989,1.15989,1.15989,1.15989,0
2026-05-24 09:28:00+00:00,1.15989,1.15989,1.15989,1.15989,0
2026-05-24 09:29:00+00:00,1.15989,1.15989,1.15989,1.15989,0
2026-05-24 09:30:00+00:00,1.15989,1.15989,1.15989,1.15989,0
2026-05-24 09:31:00+00:00,1.15989,1.15989,1.15989,1.15989,0
2026-05-24 09:32:00+00:00,1.15989,1.15989,1.15989,1.15989,0
2026-05-24 09:33:00+00:00,1.15989,1.15989,1.15989,1.15989,0
2026-05-24 09:34:00+00:00,1.15989,1.15989,1.15989,1.15989,0
2026-05-24 09:35:00+00:00,1.15989,1.15989,1.15989,1.15989,0
2026-05-24 09:36:00+00:00,1.15989,1.15989,1.15989,1.15989,0
2026-05-24 09:37:00+00:00,1.15989,1.15989,1.15989,1.15989,0
2026-05-24 09:38:00+00:00,1.15989,1.15989,1.15989,1.15989,0
2026-05-24 09:39:00+00:00,1.15989,1.15989,1.15989,1.15989,0
2026-05-24 09:40:00+00:00,1.15989,1.15989,1.15989,1.15989,0
2026-05-24 09:41:00+00:00,1.15989,1.15989,1.15989,1.15989,0
2026-05-24 09:42:00+00:00,1.15989,1.15989,1.15989,1.15989,0
2026-05-24 09:43:00+00:00,1.15989,1.15989,1.15989,1.15989,0
2026-05-24 09:44:00+00:00,1.15989,1.15989,1.15989,1.15989,0
2026-05-24 09:45:00+00:00,1.15989,1.15989,1.15989,1.15989,0
2026-05-24 09:46:00+00:00,1.15989,1.15989,1.15989,1.15989,0
2026-05-24 09:47:00+00:00,1.15989,1.15989,1.15989,1.15989,0
2026-05-24 09:48:00+00:00,1.15989,1.15989,1.15989,1.15989,0
2026-05-24 09:49:00+00:00,1.15989,1.15989,1.15989,1.15989,0
2026-05-24 09:50:00+00:00,1.15989,1.15989,1.15989,1.15989,0
2026-05-24 09:51:00+00:00,1.15989,1.15989,1.15989,1.15989,0
2026-05-24 09:52:00+00:00,1.15989,1.15989,1.15989,1.15989,0
2026-05-24 09:53:00+00:00,1.15989,1.15989,1.15989,1.15989,0
2026-05-24 09:54:00+00:00,1.15989,1.15989,1.15989,1.15989,0
2026-05-24 09:55:00+00:00,1.15989,1.15989,1.15989,1.15989,0
2026-05-24 09:56:00+00:00,1.15989,1.15989,1.15989,1.15989,0
2026-05-24 09:57:00+00:00,1.15989,1.15989,1.15989,1.15989,0
2026-05-24 09:58:00+00:00,1.15989,1.15989,1.15989,1.15989,0
2026-05-24 09:59:00+00:00,1.15989,1.15989,1.15989,1.15989,0
2026-05-24 10:00:00+00:00,1.15989,1.15989,1.15989,1.15989,0
2026-05-24 10:01:00+00:00,1.15989,1.15989,1.15989,1.15989,0
2026-05-24 10:02:00+00:00,1.15989,1.15989,1.15989,1.15989,0
2026-05-24 10:03:00+00:00,1.15989,1.15989,1.15989,1.15989,0
2026-05-24 10:04:00+00:00,1.15989,1.15989,1.15989,1.15989,0
2026-05-24 10:05:00+00:00,1.15989,1.15989,1.15989,1.15989,0
2026-05-24 10:06:00+00:00,1.15989,1.15989,1.15989,1.15989,0
2026-05-24 10:07:00+00:00,1.15989,1.15989,1.15989,1.15989,0
2026-05-24 10:08:00+00:00,1.15989,1.15989,1.15989,1.15989,0
2026-05-24 10:09:00+00:00,1.15989,1.15989,1.15989,1.15989,0
2026-05-24 10:10:00+00:00,1.15989,1.15989,1.15989,1.15989,0
2026-05-24 10:11:00+00:00,1.15989,1.15989,1.15989,1.15989,0
2026-05-24 10:12:00+00:00,1.15989,1.15989,1.15989,1.15989,0
2026-05-24 10:13:00+00:00,1.15989,1.15989,1.15989,1.15989,0
2026-05-24 10:14:00+00:00,1.15989,1.15989,1.15989,1.15989,0
2026-05-24 10:15:00+00:00,1.15989,1.15989,1.15989,1.15989,0
2026-05-24 10:16:00+00:00,1.15989,1.15989,1.15989,1.15989,0
2026-05-24 10:17:00+00:00,1.15989,1.15989,1.15989,1.15989,0
2026-05-24 10:18:00+00:00,1.15989,1.15989,1.15989,1.15989,0
2026-05-24 10:19:00+00:00,1.15989,1.15989,1.15989,1.15989,0
2026-05-24 10:20:00+00:00,1.15989,1.15989,1.15989,1.15989,0
2026-05-24 10:21:00+00:00,1.15989,1.15989,1.15989,1.15989,0
2026-05-24 10:22:00+00:00,1.15989,1.15989,1.15989,1.15989,0
2026-05-24 10:23:00+00:00,1.15989,1.15989,1.15989,1.15989,0
2026-05-24 10:24:00+00:00,1.15989,1.15989,1.15989,1.15989,0
2026-05-24 10:25:00+00:00,1.15989,1.15989,1.15989,1.15989,0
2026-05-24 10:26:00+00:00,1.15989,1.15989,1.15989,1.15989,0
2026-05-24 10:27:00+00:00,1.15989,1.15989,1.15989,1.15989,0
2026-05-24 10:28:00+00:00,1.15989,1.15989,1.15989,1.15989,0
2026-05-24 10:29:00+00:00,1.15989,1.15989,1.15989,1.15989,0
2026-05-24 10:30:00+00:00,1.15989,1.15989,1.15989,1.15989,0
2026-05-24 10:31:00+00:00,1.15989,1.15989,1.15989,1.15989,0
2026-05-24 10:32:00+00:00,1.15989,1.15989,1.15989,1.15989,0
2026-05-24 10:33:00+00:00,1.15989,1.15989,1.15989,1.15989,0
2026-05-24 10:34:00+00:00,1.15989,1.15989,1.15989,1.15989,0
2026-05-24 10:35:00+00:00,1.15989,1.15989,1.15989,1.15989,0
2026-05-24 10:36:00+00:00,1.15989,1.15989,1.15989,1.15989,0
2026-05-24 10:37:00+00:00,1.15989,1.15989,1.15989,1.15989,0
2026-05-24 10:38:00+00:00,1.15989,1.15989,1.15989,1.15989,0
2026-05-24 10:39:00+00:00,1.15989,1.15989,1.15989,1.15989,0
2026-05-24 10:40:00+00:00,1.15989,1.15989,1.15989,1.15989,0
2026-05-24 10:41:00+00:00,1.15989,1.15989,1.15989,1.15989,0
2026-05-24 10:42:00+00:00,1.15989,1.15989,1.15989,1.15989,0
2026-05-24 10:43:00+00:00,1.15989,1.15989,1.15989,1.15989,0
2026-05-24 10:44:00+00:00,1.15989,1.15989,1.15989,1.15989,0
2026-05-24 10:45:00+00:00,1.15989,1.15989,1.15989,1.15989,0
2026-05-24 10:46:00+00:00,1.15989,1.15989,1.15989,1.15989,0
2026-05-24 10:47:00+00:00,1.15989,1.15989,1.15989,1.15989,0
2026-05-24 10:48:00+00:00,1.15989,1.15989,1.15989,1.15989,0
2026-05-24 10:49:00+00:00,1.15989,1.15989,1.15989,1.15989,0
2026-05-24 10:50:00+00:00,1.15989,1.15989,1.15989,1.15989,0
2026-05-24 10:51:00+00:00,1.15989,1.15989,1.15989,1.15989,0
2026-05-24 10:52:00+00:00,1.15989,1.15989,1.15989,1.15989,0
2026-05-24 10:53:00+00:00,1.15989,1.15989,1.15989,1.15989,0
2026-05-24 10:54:00+00:00,1.15989,1.15989,1.15989,1.15989,0
2026-05-24 10:55:00+00:00,1.15989,1.15989,1.15989,1.15989,0
2026-05-24 10:56:00+00:00,1.15989,1.15989,1.15989,1.15989,0
2026-05-24 10:57:00+00:00,1.15989,1.15989,1.15989,1.15989,0
2026-05-24 10:58:00+00:00,1.15989,1.15989,1.15989,1.15989,0
2026-05-24 10:59:00+00:00,1.15989,1.15989,1.15989,1.15989,0
2026-05-24 11:00:00+00:00,1.15989,1.15989,1.15989,1.15989,0
2026-05-24 11:01:00+00:00,1.15989,1.15989,1.15989,1.15989,0
2026-05-24 11:02:00+00:00,1.15989,1.15989,1.15989,1.15989,0
2026-05-24 11:03:00+00:00,1.15989,1.15989,1.15989,1.15989,0
2026-05-24 11:04:00+00:00,1.15989,1.15989,1.15989,1.15989,0
2026-05-24 11:05:00+00:00,1.15989,1.15989,1.15989,1.15989,0
2026-05-24 11:06:00+00:00,1.15989,1.15989,1.15989,1.15989,0
2026-05-24 11:07:00+00:00,1.15989,1.15989,1.15989,1.15989,0
2026-05-24 11:08:00+00:00,1.15989,1.15989,1.15989,1.15989,0
2026-05-24 11:09:00+00:00,1.15989,1.15989,1.15989,1.15989,0
2026-05-24 11:10:00+00:00,1.15989,1.15989,1.15989,1.15989,0
2026-05-24 11:11:00+00:00,1.15989,1.15989,1.15989,1.15989,0
2026-05-24 11:12:00+00:00,1.15989,1.15989,1.15989,1.15989,0
2026-05-24 11:13:00+00:00,1.15989,1.15989,1.15989,1.15989,0
2026-05-24 11:14:00+00:00,1.15989,1.15989,1.15989,1.15989,0
2026-05-24 11:15:00+00:00,1.15989,1.15989,1.15989,1.15989,0
2026-05-24 11:16:00+00:00,1.15989,1.15989,1.15989,1.15989,0
2026-05-24 11:17:00+00:00,1.15989,1.15989,1.15989,1.15989,0
2026-05-24 11:18:00+00:00,1.15989,1.15989,1.15989,1.15989,0
2026-05-24 11:19:00+00:00,1.15989,1.15989,1.15989,1.15989,0
2026-05-24 11:20:00+00:00,1.15989,1.15989,1.15989,1.15989,0
2026-05-24 11:21:00+00:00,1.15989,1.15989,1.15989,1.15989,0
2026-05-24 11:22:00+00:00,1.15989,1.15989,1.15989,1.15989,0
2026-05-24 11:23:00+00:00,1.15989,1.15989,1.15989,1.15989,0
2026-05-24 11:24:00+00:00,1.15989,1.15989,1.15989,1.15989,0
2026-05-24 11:25:00+00:00,1.15989,1.15989,1.15989,1.15989,0
2026-05-24 11:26:00+00:00,1.15989,1.15989,1.15989,1.15989,0
2026-05-24 11:27:00+00:00,1.15989,1.15989,1.15989,1.15989,0
2026-05-24 11:28:00+00:00,1.15989,1.15989,1.15989,1.15989,0
2026-05-24 11:29:00+00:00,1.15989,1.15989,1.15989,1.15989,0
2026-05-24 11:30:00+00:00,1.15989,1.15989,1.15989,1.15989,0
2026-05-24 11:31:00+00:00,1.15989,1.15989,1.15989,1.15989,0
2026-05-24 11:32:00+00:00,1.15989,1.15989,1.15989,1.15989,0
2026-05-24 11:33:00+00:00,1.15989,1.15989,1.15989,1.15989,0
2026-05-24 11:34:00+00:00,1.15989,1.15989,1.15989,1.15989,0
2026-05-24 11:35:00+00:00,1.15989,1.15989,1.15989,1.15989,0
2026-05-24 11:36:00+00:00,1.15989,1.15989,1.15989,1.15989,0
2026-05-24 11:37:00+00:00,1.15989,1.15989,1.15989,1.15989,0
2026-05-24 11:38:00+00:00,1.15989,1.15989,1.15989,1.15989,0
2026-05-24 11:39:00+00:00,1.15989,1.15989,1.15989,1.15989,0
2026-05-24 11:40:00+00:00,1.15989,1.15989,1.15989,1.15989,0
2026-05-24 11:41:00+00:00,1.15989,1.15989,1.15989,1.15989,0
2026-05-24 11:42:00+00:00,1.15989,1.15989,1.15989,1.15989,0
2026-05-24 11:43:00+00:00,1.15989,1.15989,1.15989,1.15989,0
2026-05-24 11:44:00+00:00,1.15989,1.15989,1.15989,1.15989,0
2026-05-24 11:45:00+00:00,1.15989,1.15989,1.15989,1.15989,0
2026-05-24 11:46:00+00:00,1.15989,1.15989,1.15989,1.15989,0
2026-05-24 11:47:00+00:00,1.15989,1.15989,1.15989,1.15989,0
2026-05-24 11:48:00+00:00,1.15989,1.15989,1.15989,1.15989,0
2026-05-24 11:49:00+00:00,1.15989,1.15989,1.15989,1.15989,0
2026-05-24 11:50:00+00:00,1.15989,1.15989,1.15989,1.15989,0
2026-05-24 11:51:00+00:00,1.15989,1.15989,1.15989,1.15989,0
2026-05-24 11:52:00+00:00,1.15989,1.15989,1.15989,1.15989,0
2026-05-24 11:53:00+00:00,1.15989,1.15989,1.15989,1.15989,0
2026-05-24 11:54:00+00:00,1.15989,1.15989,1.15989,1.15989,0
2026-05-24 11:55:00+00:00,1.15989,1.15989,1.15989,1.15989,0
2026-05-24 11:56:00+00:00,1.15989,1.15989,1.15989,1.15989,0
2026-05-24 11:57:00+00:00,1.15989,1.15989,1.15989,1.15989,0
2026-05-24 11:58:00+00:00,1.15989,1.15989,1.15989,1.15989,0
2026-05-24 11:59:00+00:00,1.15989,1.15989,1.15989,1.15989,0
2026-05-24 12:00:00+00:00,1.15989,1.15989,1.15989,1.15989,0
2026-05-24 12:01:00+00:00,1.15989,1.15989,1.15989,1.15989,0
2026-05-24 12:02:00+00:00,1.15989,1.15989,1.15989,1.15989,0
2026-05-24 12:03:00+00:00,1.15989,1.15989,1.15989,1.15989,0
2026-05-24 12:04:00+00:00,1.15989,1.15989,1.15989,1.15989,0
2026-05-24 12:05:00+00:00,1.15989,1.15989,1.15989,1.15989,0
2026-05-24 12:06:00+00:00,1.15989,1.15989,1.15989,1.15989,0
2026-05-24 12:07:00+00:00,1.15989,1.15989,1.15989,1.15989,0
2026-05-24 12:08:00+00:00,1.15989,1.15989,1.15989,1.15989,0
2026-05-24 12:09:00+00:00,1.15989,1.15989,1.15989,1.15989,0
2026-05-24 12:10:00+00:00,1.15989,1.15989,1.15989,1.15989,0
2026-05-24 12:11:00+00:00,1.15989,1.15989,1.15989,1.15989,0
2026-05-24 12:12:00+00:00,1.15989,1.15989,1.15989,1.15989,0
2026-05-24 12:13:00+00:00,1.15989,1.15989,1.15989,1.15989,0
2026-05-24 12:14:00+00:00,1.15989,1.15989,1.15989,1.15989,0
2026-05-24 12:15:00+00:00,1.15989,1.15989,1.15989,1.15989,0
2026-05-24 12:16:00+00:00,1.15989,1.15989,1.15989,1.15989,0
2026-05-24 12:17:00+00:00,1.15989,1.15989,1.15989,1.15989,0
2026-05-24 12:18:00+00:00,1.15989,1.15989,1.15989,1.15989,0
2026-05-24 12:19:00+00:00,1.15989,1.15989,1.15989,1.15989,0
2026-05-24 12:20:00+00:00,1.15989,1.15989,1.15989,1.15989,0
2026-05-24 12:21:00+00:00,1.15989,1.15989,1.15989,1.15989,0
2026-05-24 12:22:00+00:00,1.15989,1.15989,1.15989,1.15989,0
2026-05-24 12:23:00+00:00,1.15989,1.15989,1.15989,1.15989,0
2026-05-24 12:24:00+00:00,1.15989,1.15989,1.15989,1.15989,0
2026-05-24 12:25:00+00:00,1.15989,1.15989,1.15989,1.15989,0
2026-05-24 12:26:00+00:00,1.15989,1.15989,1.15989,1.15989,0
2026-05-24 12:27:00+00:00,1.15989,1.15989,1.15989,1.15989,0
2026-05-24 12:28:00+00:00,1.15989,1.15989,1.15989,1.15989,0
2026-05-24 12:29:00+00:00,1.15989,1.15989,1.15989,1.15989,0
2026-05-24 12:30:00+00:00,1.15989,1.15989,1.15989,1.15989,0
2026-05-24 12:31:00+00:00,1.15989,1.15989,1.15989,1.15989,0
2026-05-24 12:32:00+00:00,1.15989,1.15989,1.15989,1.15989,0
2026-05-24 12:33:00+00:00,1.15989,1.15989,1.15989,1.15989,0
2026-05-24 12:34:00+00:00,1.15989,1.15989,1.15989,1.15989,0
2026-05-24 12:35:00+00:00,1.15989,1.15989,1.15989,1.15989,0
2026-05-24 12:36:00+00:00,1.15989,1.15989,1.15989,1.15989,0
2026-05-24 12:37:00+00:00,1.15989,1.15989,1.15989,1.15989,0
2026-05-24 12:38:00+00:00,1.15989,1.15989,1.15989,1.15989,0
2026-05-24 12:39:00+00:00,1.15989,1.15989,1.15989,1.15989,0
2026-05-24 12:40:00+00:00,1.15989,1.15989,1.15989,1.15989,0
2026-05-24 12:41:00+00:00,1.15989,1.15989,1.15989,1.15989,0
2026-05-24 12:42:00+00:00,1.15989,1.15989,1.15989,1.15989,0
2026-05-24 12:43:00+00:00,1.15989,1.15989,1.15989,1.15989,0
2026-05-24 12:44:00+00:00,1.15989,1.15989,1.15989,1.15989,0
2026-05-24 12:45:00+00:00,1.15989,1.15989,1.15989,1.15989,0
2026-05-24 12:46:00+00:00,1.15989,1.15989,1.15989,1.15989,0
2026-05-24 12:47:00+00:00,1.15989,1.15989,1.15989,1.15989,0
2026-05-24 12:48:00+00:00,1.15989,1.15989,1.15989,1.15989,0
2026-05-24 12:49:00+00:00,1.15989,1.15989,1.15989,1.15989,0
2026-05-24 12:50:00+00:00,1.15989,1.15989,1.15989,1.15989,0
2026-05-24 12:51:00+00:00,1.15989,1.15989,1.15989,1.15989,0
2026-05-24 12:52:00+00:00,1.15989,1.15989,1.15989,1.15989,0
2026-05-24 12:53:00+00:00,1.15989,1.15989,1.15989,1.15989,0
2026-05-24 12:54:00+00:00,1.15989,1.15989,1.15989,1.15989,0
2026-05-24 12:55:00+00:00,1.15989,1.15989,1.15989,1.15989,0
2026-05-24 12:56:00+00:00,1.15989,1.15989,1.15989,1.15989,0
2026-05-24 12:57:00+00:00,1.15989,1.15989,1.15989,1.15989,0
2026-05-24 12:58:00+00:00,1.15989,1.15989,1.15989,1.15989,0
2026-05-24 12:59:00+00:00,1.15989,1.15989,1.15989,1.15989,0
2026-05-24 13:00:00+00:00,1.15989,1.15989,1.15989,1.15989,0
2026-05-24 13:01:00+00:00,1.15989,1.15989,1.15989,1.15989,0
2026-05-24 13:02:00+00:00,1.15989,1.15989,1.15989,1.15989,0
2026-05-24 13:03:00+00:00,1.15989,1.15989,1.15989,1.15989,0
2026-05-24 13:04:00+00:00,1.15989,1.15989,1.15989,1.15989,0
2026-05-24 13:05:00+00:00,1.15989,1.15989,1.15989,1.15989,0
2026-05-24 13:06:00+00:00,1.15989,1.15989,1.15989,1.15989,0
2026-05-24 13:07:00+00:00,1.15989,1.15989,1.15989,1.15989,0
2026-05-24 13:08:00+00:00,1.15989,1.15989,1.15989,1.15989,0
2026-05-24 13:09:00+00:00,1.15989,1.15989,1.15989,1.15989,0
2026-05-24 13:10:00+00:00,1.15989,1.15989,1.15989,1.15989,0
2026-05-24 13:11:00+00:00,1.15989,1.15989,1.15989,1.15989,0
2026-05-24 13:12:00+00:00,1.15989,1.15989,1.15989,1.15989,0
2026-05-24 13:13:00+00:00,1.15989,1.15989,1.15989,1.15989,0
2026-05-24 13:14:00+00:00,1.15989,1.15989,1.15989,1.15989,0
2026-05-24 13:15:00+00:00,1.15989,1.15989,1.15989,1.15989,0
2026-05-24 13:16:00+00:00,1.15989,1.15989,1.15989,1.15989,0
2026-05-24 13:17:00+00:00,1.15989,1.15989,1.15989,1.15989,0
2026-05-24 13:18:00+00:00,1.15989,1.15989,1.15989,1.15989,0
2026-05-24 13:19:00+00:00,1.15989,1.15989,1.15989,1.15989,0
2026-05-24 13:20:00+00:00,1.15989,1.15989,1.15989,1.15989,0
2026-05-24 13:21:00+00:00,1.15989,1.15989,1.15989,1.15989,0
2026-05-24 13:22:00+00:00,1.15989,1.15989,1.15989,1.15989,0
2026-05-24 13:23:00+00:00,1.15989,1.15989,1.15989,1.15989,0
2026-05-24 13:24:00+00:00,1.15989,1.15989,1.15989,1.15989,0
2026-05-24 13:25:00+00:00,1.15989,1.15989,1.15989,1.15989,0
2026-05-24 13:26:00+00:00,1.15989,1.15989,1.15989,1.15989,0
2026-05-24 13:27:00+00:00,1.15989,1.15989,1.15989,1.15989,0
2026-05-24 13:28:00+00:00,1.15989,1.15989,1.15989,1.15989,0
2026-05-24 13:29:00+00:00,1.15989,1.15989,1.15989,1.15989,0
2026-05-24 13:30:00+00:00,1.15989,1.15989,1.15989,1.15989,0
2026-05-24 13:31:00+00:00,1.15989,1.15989,1.15989,1.15989,0
2026-05-24 13:32:00+00:00,1.15989,1.15989,1.15989,1.15989,0
2026-05-24 13:33:00+00:00,1.15989,1.15989,1.15989,1.15989,0
2026-05-24 13:34:00+00:00,1.15989,1.15989,1.15989,1.15989,0
2026-05-24 13:35:00+00:00,1.15989,1.15989,1.15989,1.15989,0
2026-05-24 13:36:00+00:00,1.15989,1.15989,1.15989,1.15989,0
2026-05-24 13:37:00+00:00,1.15989,1.15989,1.15989,1.15989,0
2026-05-24 13:38:00+00:00,1.15989,1.15989,1.15989,1.15989,0
2026-05-24 13:39:00+00:00,1.15989,1.15989,1.15989,1.15989,0
2026-05-24 13:40:00+00:00,1.15989,1.15989,1.15989,1.15989,0
2026-05-24 13:41:00+00:00,1.15989,1.15989,1.15989,1.15989,0
2026-05-24 13:42:00+00:00,1.15989,1.15989,1.15989,1.15989,0
2026-05-24 13:43:00+00:00,1.15989,1.15989,1.15989,1.15989,0
2026-05-24 13:44:00+00:00,1.15989,1.15989,1.15989,1.15989,0
2026-05-24 13:45:00+00:00,1.15989,1.15989,1.15989,1.15989,0
2026-05-24 13:46:00+00:00,1.15989,1.15989,1.15989,1.15989,0
2026-05-24 13:47:00+00:00,1.15989,1.15989,1.15989,1.15989,0
2026-05-24 13:48:00+00:00,1.15989,1.15989,1.15989,1.15989,0
2026-05-24 13:49:00+00:00,1.15989,1.15989,1.15989,1.15989,0
2026-05-24 13:50:00+00:00,1.15989,1.15989,1.15989,1.15989,0
2026-05-24 13:51:00+00:00,1.15989,1.15989,1.15989,1.15989,0
2026-05-24 13:52:00+00:00,1.15989,1.15989,1.15989,1.15989,0
2026-05-24 13:53:00+00:00,1.15989,1.15989,1.15989,1.15989,0
2026-05-24 13:54:00+00:00,1.15989,1.15989,1.15989,1.15989,0
2026-05-24 13:55:00+00:00,1.15989,1.15989,1.15989,1.15989,0
2026-05-24 13:56:00+00:00,1.15989,1.15989,1.15989,1.15989,0
2026-05-24 13:57:00+00:00,1.15989,1.15989,1.15989,1.15989,0
2026-05-24 13:58:00+00:00,1.15989,1.15989,1.15989,1.15989,0
2026-05-24 13:59:00+00:00,1.15989,1.15989,1.15989,1.15989,0
2026-05-24 14:00:00+00:00,1.15989,1.15989,1.15989,1.15989,0
2026-05-24 14:01:00+00:00,1.15989,1.15989,1.15989,1.15989,0
2026-05-24 14:02:00+00:00,1.15989,1.15989,1.15989,1.15989,0
2026-05-24 14:03:00+00:00,1.15989,1.15989,1.15989,1.15989,0
2026-05-24 14:04:00+00:00,1.15989,1.15989,1.15989,1.15989,0
2026-05-24 14:05:00+00:00,1.15989,1.15989,1.15989,1.15989,0
2026-05-24 14:06:00+00:00,1.15989,1.15989,1.15989,1.15989,0
2026-05-24 14:07:00+00:00,1.15989,1.15989,1.15989,1.15989,0
2026-05-24 14:08:00+00:00,1.15989,1.15989,1.15989,1.15989,0
2026-05-24 14:09:00+00:00,1.15989,1.15989,1.15989,1.15989,0
2026-05-24 14:10:00+00:00,1.15989,1.15989,1.15989,1.15989,0
2026-05-24 14:11:00+00:00,1.15989,1.15989,1.15989,1.15989,0
2026-05-24 14:12:00+00:00,1.15989,1.15989,1.15989,1.15989,0
2026-05-24 14:13:00+00:00,1.15989,1.15989,1.15989,1.15989,0
2026-05-24 14:14:00+00:00,1.15989,1.15989,1.15989,1.15989,0
2026-05-24 14:15:00+00:00,1.15989,1.15989,1.15989,1.15989,0
2026-05-24 14:16:00+00:00,1.15989,1.15989,1.15989,1.15989,0
2026-05-24 14:17:00+00:00,1.15989,1.15989,1.15989,1.15989,0
2026-05-24 14:18:00+00:00,1.15989,1.15989,1.15989,1.15989,0
2026-05-24 14:19:00+00:00,1.15989,1.15989,1.15989,1.15989,0
2026-05-24 14:20:00+00:00,1.15989,1.15989,1.15989,1.15989,0
2026-05-24 14:21:00+00:00,1.15989,1.15989,1.15989,1.15989,0
2026-05-24 14:22:00+00:00,1.15989,1.15989,1.15989,1.15989,0
2026-05-24 14:23:00+00:00,1.15989,1.15989,1.15989,1.15989,0
2026-05-24 14:24:00+00:00,1.15989,1.15989,1.15989,1.15989,0
2026-05-24 14:25:00+00:00,1.15989,1.15989,1.15989,1.15989,0
2026-05-24 14:26:00+00:00,1.15989,1.15989,1.15989,1.15989,0
2026-05-24 14:27:00+00:00,1.15989,1.15989,1.15989,1.15989,0
2026-05-24 14:28:00+00:00,1.15989,1.15989,1.15989,1.15989,0
2026-05-24 14:29:00+00:00,1.15989,1.15989,1.15989,1.15989,0
2026-05-24 14:30:00+00:00,1.15989,1.15989,1.15989,1.15989,0
2026-05-24 14:31:00+00:00,1.15989,1.15989,1.15989,1.15989,0
2026-05-24 14:32:00+00:00,1.15989,1.15989,1.15989,1.15989,0
2026-05-24 14:33:00+00:00,1.15989,1.15989,1.15989,1.15989,0
2026-05-24 14:34:00+00:00,1.15989,1.15989,1.15989,1.15989,0
2026-05-24 14:35:00+00:00,1.15989,1.15989,1.15989,1.15989,0
2026-05-24 14:36:00+00:00,1.15989,1.15989,1.15989,1.15989,0
2026-05-24 14:37:00+00:00,1.15989,1.15989,1.15989,1.15989,0
2026-05-24 14:38:00+00:00,1.15989,1.15989,1.15989,1.15989,0
2026-05-24 14:39:00+00:00,1.15989,1.15989,1.15989,1.15989,0
2026-05-24 14:40:00+00:00,1.15989,1.15989,1.15989,1.15989,0
2026-05-24 14:41:00+00:00,1.15989,1.15989,1.15989,1.15989,0
2026-05-24 14:42:00+00:00,1.15989,1.15989,1.15989,1.15989,0
2026-05-24 14:43:00+00:00,1.15989,1.15989,1.15989,1.15989,0
2026-05-24 14:44:00+00:00,1.15989,1.15989,1.15989,1.15989,0
2026-05-24 14:45:00+00:00,1.15989,1.15989,1.15989,1.15989,0
2026-05-24 14:46:00+00:00,1.15989,1.15989,1.15989,1.15989,0
2026-05-24 14:47:00+00:00,1.15989,1.15989,1.15989,1.15989,0
2026-05-24 14:48:00+00:00,1.15989,1.15989,1.15989,1.15989,0
2026-05-24 14:49:00+00:00,1.15989,1.15989,1.15989,1.15989,0
2026-05-24 14:50:00+00:00,1.15989,1.15989,1.15989,1.15989,0
2026-05-24 14:51:00+00:00,1.15989,1.15989,1.15989,1.15989,0
2026-05-24 14:52:00+00:00,1.15989,1.15989,1.15989,1.15989,0
2026-05-24 14:53:00+00:00,1.15989,1.15989,1.15989,1.15989,0
2026-05-24 14:54:00+00:00,1.15989,1.15989,1.15989,1.15989,0
2026-05-24 14:55:00+00:00,1.15989,1.15989,1.15989,1.15989,0
2026-05-24 14:56:00+00:00,1.15989,1.15989,1.15989,1.15989,0
2026-05-24 14:57:00+00:00,1.15989,1.15989,1.15989,1.15989,0
2026-05-24 14:58:00+00:00,1.15989,1.15989,1.15989,1.15989,0
2026-05-24 14:59:00+00:00,1.15989,1.15989,1.15989,1.15989,0
2026-05-24 15:00:00+00:00,1.15989,1.15989,1.15989,1.15989,0
2026-05-24 15:01:00+00:00,1.15989,1.15989,1.15989,1.15989,0
2026-05-24 15:02:00+00:00,1.15989,1.15989,1.15989,1.15989,0
2026-05-24 15:03:00+00:00,1.15989,1.15989,1.15989,1.15989,0
2026-05-24 15:04:00+00:00,1.15989,1.15989,1.15989,1.15989,0
2026-05-24 15:05:00+00:00,1.15989,1.15989,1.15989,1.15989,0
2026-05-24 15:06:00+00:00,1.15989,1.15989,1.15989,1.15989,0
2026-05-24 15:07:00+00:00,1.15989,1.15989,1.15989,1.15989,0
2026-05-24 15:08:00+00:00,1.15989,1.15989,1.15989,1.15989,0
2026-05-24 15:09:00+00:00,1.15989,1.15989,1.15989,1.15989,0
2026-05-24 15:10:00+00:00,1.15989,1.15989,1.15989,1.15989,0
2026-05-24 15:11:00+00:00,1.15989,1.15989,1.15989,1.15989,0
2026-05-24 15:12:00+00:00,1.15989,1.15989,1.15989,1.15989,0
2026-05-24 15:13:00+00:00,1.15989,1.15989,1.15989,1.15989,0
2026-05-24 15:14:00+00:00,1.15989,1.15989,1.15989,1.15989,0
2026-05-24 15:15:00+00:00,1.15989,1.15989,1.15989,1.15989,0
2026-05-24 15:16:00+00:00,1.15989,1.15989,1.15989,1.15989,0
2026-05-24 15:17:00+00:00,1.15989,1.15989,1.15989,1.15989,0
2026-05-24 15:18:00+00:00,1.15989,1.15989,1.15989,1.15989,0
2026-05-24 15:19:00+00:00,1.15989,1.15989,1.15989,1.15989,0
2026-05-24 15:20:00+00:00,1.15989,1.15989,1.15989,1.15989,0
2026-05-24 15:21:00+00:00,1.15989,1.15989,1.15989,1.15989,0
2026-05-24 15:22:00+00:00,1.15989,1.15989,1.15989,1.15989,0
2026-05-24 15:23:00+00:00,1.15989,1.15989,1.15989,1.15989,0
2026-05-24 15:24:00+00:00,1.15989,1.15989,1.15989,1.15989,0
2026-05-24 15:25:00+00:00,1.15989,1.15989,1.15989,1.15989,0
2026-05-24 15:26:00+00:00,1.15989,1.15989,1.15989,1.15989,0
2026-05-24 15:27:00+00:00,1.15989,1.15989,1.15989,1.15989,0
2026-05-24 15:28:00+00:00,1.15989,1.15989,1.15989,1.15989,0
2026-05-24 15:29:00+00:00,1.15989,1.15989,1.15989,1.15989,0
2026-05-24 15:30:00+00:00,1.15989,1.15989,1.15989,1.15989,0
2026-05-24 15:31:00+00:00,1.15989,1.15989,1.15989,1.15989,0
2026-05-24 15:32:00+00:00,1.15989,1.15989,1.15989,1.15989,0
2026-05-24 15:33:00+00:00,1.15989,1.15989,1.15989,1.15989,0
2026-05-24 15:34:00+00:00,1.15989,1.15989,1.15989,1.15989,0
2026-05-24 15:35:00+00:00,1.15989,1.15989,1.15989,1.15989,0
2026-05-24 15:36:00+00:00,1.15989,1.15989,1.15989,1.15989,0
2026-05-24 15:37:00+00:00,1.15989,1.15989,1.15989,1.15989,0
2026-05-24 15:38:00+00:00,1.15989,1.15989,1.15989,1.15989,0
2026-05-24 15:39:00+00:00,1.15989,1.15989,1.15989,1.15989,0
2026-05-24 15:40:00+00:00,1.15989,1.15989,1.15989,1.15989,0
2026-05-24 15:41:00+00:00,1.15989,1.15989,1.15989,1.15989,0
2026-05-24 15:42:00+00:00,1.15989,1.15989,1.15989,1.15989,0
2026-05-24 15:43:00+00:00,1.15989,1.15989,1.15989,1.15989,0
2026-05-24 15:44:00+00:00,1.15989,1.15989,1.15989,1.15989,0
2026-05-24 15:45:00+00:00,1.15989,1.15989,1.15989,1.15989,0
2026-05-24 15:46:00+00:00,1.15989,1.15989,1.15989,1.15989,0
2026-05-24 15:47:00+00:00,1.15989,1.15989,1.15989,1.15989,0
2026-05-24 15:48:00+00:00,1.15989,1.15989,1.15989,1.15989,0
2026-05-24 15:49:00+00:00,1.15989,1.15989,1.15989,1.15989,0
2026-05-24 15:50:00+00:00,1.15989,1.15989,1.15989,1.15989,0
2026-05-24 15:51:00+00:00,1.15989,1.15989,1.15989,1.15989,0
2026-05-24 15:52:00+00:00,1.15989,1.15989,1.15989,1.15989,0
2026-05-24 15:53:00+00:00,1.15989,1.15989,1.15989,1.15989,0
2026-05-24 15:54:00+00:00,1.15989,1.15989,1.15989,1.15989,0
2026-05-24 15:55:00+00:00,1.15989,1.15989,1.15989,1.15989,0
2026-05-24 15:56:00+00:00,1.15989,1.15989,1.15989,1.15989,0
2026-05-24 15:57:00+00:00,1.15989,1.15989,1.15989,1.15989,0
2026-05-24 15:58:00+00:00,1.15989,1.15989,1.15989,1.15989,0
2026-05-24 15:59:00+00:00,1.15989,1.15989,1.15989,1.15989,0
2026-05-24 16:00:00+00:00,1.15989,1.15989,1.15989,1.15989,0
2026-05-24 16:01:00+00:00,1.15989,1.15989,1.15989,1.15989,0
2026-05-24 16:02:00+00:00,1.15989,1.15989,1.15989,1.15989,0
2026-05-24 16:03:00+00:00,1.15989,1.15989,1.15989,1.15989,0
2026-05-24 16:04:00+00:00,1.15989,1.15989,1.15989,1.15989,0
2026-05-24 16:05:00+00:00,1.15989,1.15989,1.15989,1.15989,0
2026-05-24 16:06:00+00:00,1.15989,1.15989,1.15989,1.15989,0
2026-05-24 16:07:00+00:00,1.15989,1.15989,1.15989,1.15989,0
2026-05-24 16:08:00+00:00,1.15989,1.15989,1.15989,1.15989,0
2026-05-24 16:09:00+00:00,1.15989,1.15989,1.15989,1.15989,0
2026-05-24 16:10:00+00:00,1.15989,1.15989,1.15989,1.15989,0
2026-05-24 16:11:00+00:00,1.15989,1.15989,1.15989,1.15989,0
2026-05-24 16:12:00+00:00,1.15989,1.15989,1.15989,1.15989,0
2026-05-24 16:13:00+00:00,1.15989,1.15989,1.15989,1.15989,0
2026-05-24 16:14:00+00:00,1.15989,1.15989,1.15989,1.15989,0
2026-05-24 16:15:00+00:00,1.15989,1.15989,1.15989,1.15989,0
2026-05-24 16:16:00+00:00,1.15989,1.15989,1.15989,1.15989,0
2026-05-24 16:17:00+00:00,1.15989,1.15989,1.15989,1.15989,0
2026-05-24 16:18:00+00:00,1.15989,1.15989,1.15989,1.15989,0
2026-05-24 16:19:00+00:00,1.15989,1.15989,1.15989,1.15989,0
2026-05-24 16:20:00+00:00,1.15989,1.15989,1.15989,1.15989,0
2026-05-24 16:21:00+00:00,1.15989,1.15989,1.15989,1.15989,0
2026-05-24 16:22:00+00:00,1.15989,1.15989,1.15989,1.15989,0
2026-05-24 16:23:00+00:00,1.15989,1.15989,1.15989,1.15989,0
2026-05-24 16:24:00+00:00,1.15989,1.15989,1.15989,1.15989,0
2026-05-24 16:25:00+00:00,1.15989,1.15989,1.15989,1.15989,0
2026-05-24 16:26:00+00:00,1.15989,1.15989,1.15989,1.15989,0
2026-05-24 16:27:00+00:00,1.15989,1.15989,1.15989,1.15989,0
2026-05-24 16:28:00+00:00,1.15989,1.15989,1.15989,1.15989,0
2026-05-24 16:29:00+00:00,1.15989,1.15989,1.15989,1.15989,0
2026-05-24 16:30:00+00:00,1.15989,1.15989,1.15989,1.15989,0
2026-05-24 16:31:00+00:00,1.15989,1.15989,1.15989,1.15989,0
2026-05-24 16:32:00+00:00,1.15989,1.15989,1.15989,1.15989,0
2026-05-24 16:33:00+00:00,1.15989,1.15989,1.15989,1.15989,0
2026-05-24 16:34:00+00:00,1.15989,1.15989,1.15989,1.15989,0
2026-05-24 16:35:00+00:00,1.15989,1.15989,1.15989,1.15989,0
2026-05-24 16:36:00+00:00,1.15989,1.15989,1.15989,1.15989,0
2026-05-24 16:37:00+00:00,1.15989,1.15989,1.15989,1.15989,0
2026-05-24 16:38:00+00:00,1.15989,1.15989,1.15989,1.15989,0
2026-05-24 16:39:00+00:00,1.15989,1.15989,1.15989,1.15989,0
2026-05-24 16:40:00+00:00,1.15989,1.15989,1.15989,1.15989,0
2026-05-24 16:41:00+00:00,1.15989,1.15989,1.15989,1.15989,0
2026-05-24 16:42:00+00:00,1.15989,1.15989,1.15989,1.15989,0
2026-05-24 16:43:00+00:00,1.15989,1.15989,1.15989,1.15989,0
2026-05-24 16:44:00+00:00,1.15989,1.15989,1.15989,1.15989,0
2026-05-24 16:45:00+00:00,1.15989,1.15989,1.15989,1.15989,0
2026-05-24 16:46:00+00:00,1.15989,1.15989,1.15989,1.15989,0
2026-05-24 16:47:00+00:00,1.15989,1.15989,1.15989,1.15989,0
2026-05-24 16:48:00+00:00,1.15989,1.15989,1.15989,1.15989,0
2026-05-24 16:49:00+00:00,1.15989,1.15989,1.15989,1.15989,0
2026-05-24 16:50:00+00:00,1.15989,1.15989,1.15989,1.15989,0
2026-05-24 16:51:00+00:00,1.15989,1.15989,1.15989,1.15989,0
2026-05-24 16:52:00+00:00,1.15989,1.15989,1.15989,1.15989,0
2026-05-24 16:53:00+00:00,1.15989,1.15989,1.15989,1.15989,0
2026-05-24 16:54:00+00:00,1.15989,1.15989,1.15989,1.15989,0
2026-05-24 16:55:00+00:00,1.15989,1.15989,1.15989,1.15989,0
2026-05-24 16:56:00+00:00,1.15989,1.15989,1.15989,1.15989,0
2026-05-24 16:57:00+00:00,1.15989,1.15989,1.15989,1.15989,0
2026-05-24 16:58:00+00:00,1.15989,1.15989,1.15989,1.15989,0
2026-05-24 16:59:00+00:00,1.15989,1.15989,1.15989,1.15989,0
2026-05-24 17:00:00+00:00,1.15989,1.15989,1.15989,1.15989,0
2026-05-24 17:01:00+00:00,1.15989,1.15989,1.15989,1.15989,0
2026-05-24 17:02:00+00:00,1.15989,1.15989,1.15989,1.15989,0
2026-05-24 17:03:00+00:00,1.15989,1.15989,1.15989,1.15989,0
2026-05-24 17:04:00+00:00,1.15989,1.15989,1.15989,1.15989,0
2026-05-24 17:05:00+00:00,1.15989,1.15989,1.15989,1.15989,0
2026-05-24 17:06:00+00:00,1.15989,1.15989,1.15989,1.15989,0
2026-05-24 17:07:00+00:00,1.15989,1.15989,1.15989,1.15989,0
2026-05-24 17:08:00+00:00,1.15989,1.15989,1.15989,1.15989,0
2026-05-24 17:09:00+00:00,1.15989,1.15989,1.15989,1.15989,0
2026-05-24 17:10:00+00:00,1.15989,1.15989,1.15989,1.15989,0
2026-05-24 17:11:00+00:00,1.15989,1.15989,1.15989,1.15989,0
2026-05-24 17:12:00+00:00,1.15989,1.15989,1.15989,1.15989,0
2026-05-24 17:13:00+00:00,1.15989,1.15989,1.15989,1.15989,0
2026-05-24 17:14:00+00:00,1.15989,1.15989,1.15989,1.15989,0
2026-05-24 17:15:00+00:00,1.15989,1.15989,1.15989,1.15989,0
2026-05-24 17:16:00+00:00,1.15989,1.15989,1.15989,1.15989,0
2026-05-24 17:17:00+00:00,1.15989,1.15989,1.15989,1.15989,0
2026-05-24 17:18:00+00:00,1.15989,1.15989,1.15989,1.15989,0
2026-05-24 17:19:00+00:00,1.15989,1.15989,1.15989,1.15989,0
2026-05-24 17:20:00+00:00,1.15989,1.15989,1.15989,1.15989,0
2026-05-24 17:21:00+00:00,1.15989,1.15989,1.15989,1.15989,0
2026-05-24 17:22:00+00:00,1.15989,1.15989,1.15989,1.15989,0
2026-05-24 17:23:00+00:00,1.15989,1.15989,1.15989,1.15989,0
2026-05-24 17:24:00+00:00,1.15989,1.15989,1.15989,1.15989,0
2026-05-24 17:25:00+00:00,1.15989,1.15989,1.15989,1.15989,0
2026-05-24 17:26:00+00:00,1.15989,1.15989,1.15989,1.15989,0
2026-05-24 17:27:00+00:00,1.15989,1.15989,1.15989,1.15989,0
2026-05-24 17:28:00+00:00,1.15989,1.15989,1.15989,1.15989,0
2026-05-24 17:29:00+00:00,1.15989,1.15989,1.15989,1.15989,0
2026-05-24 17:30:00+00:00,1.15989,1.15989,1.15989,1.15989,0
2026-05-24 17:31:00+00:00,1.15989,1.15989,1.15989,1.15989,0
2026-05-24 17:32:00+00:00,1.15989,1.15989,1.15989,1.15989,0
2026-05-24 17:33:00+00:00,1.15989,1.15989,1.15989,1.15989,0
2026-05-24 17:34:00+00:00,1.15989,1.15989,1.15989,1.15989,0
2026-05-24 17:35:00+00:00,1.15989,1.15989,1.15989,1.15989,0
2026-05-24 17:36:00+00:00,1.15989,1.15989,1.15989,1.15989,0
2026-05-24 17:37:00+00:00,1.15989,1.15989,1.15989,1.15989,0
2026-05-24 17:38:00+00:00,1.15989,1.15989,1.15989,1.15989,0
2026-05-24 17:39:00+00:00,1.15989,1.15989,1.15989,1.15989,0
2026-05-24 17:40:00+00:00,1.15989,1.15989,1.15989,1.15989,0
2026-05-24 17:41:00+00:00,1.15989,1.15989,1.15989,1.15989,0
2026-05-24 17:42:00+00:00,1.15989,1.15989,1.15989,1.15989,0
2026-05-24 17:43:00+00:00,1.15989,1.15989,1.15989,1.15989,0
2026-05-24 17:44:00+00:00,1.15989,1.15989,1.15989,1.15989,0
2026-05-24 17:45:00+00:00,1.15989,1.15989,1.15989,1.15989,0
2026-05-24 17:46:00+00:00,1.15989,1.15989,1.15989,1.15989,0
2026-05-24 17:47:00+00:00,1.15989,1.15989,1.15989,1.15989,0
2026-05-24 17:48:00+00:00,1.15989,1.15989,1.15989,1.15989,0
2026-05-24 17:49:00+00:00,1.15989,1.15989,1.15989,1.15989,0
2026-05-24 17:50:00+00:00,1.15989,1.15989,1.15989,1.15989,0
2026-05-24 17:51:00+00:00,1.15989,1.15989,1.15989,1.15989,0
2026-05-24 17:52:00+00:00,1.15989,1.15989,1.15989,1.15989,0
2026-05-24 17:53:00+00:00,1.15989,1.15989,1.15989,1.15989,0
2026-05-24 17:54:00+00:00,1.15989,1.15989,1.15989,1.15989,0
2026-05-24 17:55:00+00:00,1.15989,1.15989,1.15989,1.15989,0
2026-05-24 17:56:00+00:00,1.15989,1.15989,1.15989,1.15989,0
2026-05-24 17:57:00+00:00,1.15989,1.15989,1.15989,1.15989,0
2026-05-24 17:58:00+00:00,1.15989,1.15989,1.15989,1.15989,0
2026-05-24 17:59:00+00:00,1.15989,1.15989,1.15989,1.15989,0
2026-05-24 18:00:00+00:00,1.15989,1.15989,1.15989,1.15989,0
2026-05-24 18:01:00+00:00,1.15989,1.15989,1.15989,1.15989,0
2026-05-24 18:02:00+00:00,1.15989,1.15989,1.15989,1.15989,0
2026-05-24 18:03:00+00:00,1.15989,1.15989,1.15989,1.15989,0
2026-05-24 18:04:00+00:00,1.15989,1.15989,1.15989,1.15989,0
2026-05-24 18:05:00+00:00,1.15989,1.15989,1.15989,1.15989,0
2026-05-24 18:06:00+00:00,1.15989,1.15989,1.15989,1.15989,0
2026-05-24 18:07:00+00:00,1.15989,1.15989,1.15989,1.15989,0
2026-05-24 18:08:00+00:00,1.15989,1.15989,1.15989,1.15989,0
2026-05-24 18:09:00+00:00,1.15989,1.15989,1.15989,1.15989,0
2026-05-24 18:10:00+00:00,1.15989,1.15989,1.15989,1.15989,0
2026-05-24 18:11:00+00:00,1.15989,1.15989,1.15989,1.15989,0
2026-05-24 18:12:00+00:00,1.15989,1.15989,1.15989,1.15989,0
2026-05-24 18:13:00+00:00,1.15989,1.15989,1.15989,1.15989,0
2026-05-24 18:14:00+00:00,1.15989,1.15989,1.15989,1.15989,0
2026-05-24 18:15:00+00:00,1.15989,1.15989,1.15989,1.15989,0
2026-05-24 18:16:00+00:00,1.15989,1.15989,1.15989,1.15989,0
2026-05-24 18:17:00+00:00,1.15989,1.15989,1.15989,1.15989,0
2026-05-24 18:18:00+00:00,1.15989,1.15989,1.15989,1.15989,0
2026-05-24 18:19:00+00:00,1.15989,1.15989,1.15989,1.15989,0
2026-05-24 18:20:00+00:00,1.15989,1.15989,1.15989,1.15989,0
2026-05-24 18:21:00+00:00,1.15989,1.15989,1.15989,1.15989,0
2026-05-24 18:22:00+00:00,1.15989,1.15989,1.15989,1.15989,0
2026-05-24 18:23:00+00:00,1.15989,1.15989,1.15989,1.15989,0
2026-05-24 18:24:00+00:00,1.15989,1.15989,1.15989,1.15989,0
2026-05-24 18:25:00+00:00,1.15989,1.15989,1.15989,1.15989,0
2026-05-24 18:26:00+00:00,1.15989,1.15989,1.15989,1.15989,0
2026-05-24 18:27:00+00:00,1.15989,1.15989,1.15989,1.15989,0
2026-05-24 18:28:00+00:00,1.15989,1.15989,1.15989,1.15989,0
2026-05-24 18:29:00+00:00,1.15989,1.15989,1.15989,1.15989,0
2026-05-24 18:30:00+00:00,1.15989,1.15989,1.15989,1.15989,0
2026-05-24 18:31:00+00:00,1.15989,1.15989,1.15989,1.15989,0
2026-05-24 18:32:00+00:00,1.15989,1.15989,1.15989,1.15989,0
2026-05-24 18:33:00+00:00,1.15989,1.15989,1.15989,1.15989,0
2026-05-24 18:34:00+00:00,1.15989,1.15989,1.15989,1.15989,0
2026-05-24 18:35:00+00:00,1.15989,1.15989,1.15989,1.15989,0
2026-05-24 18:36:00+00:00,1.15989,1.15989,1.15989,1.15989,0
2026-05-24 18:37:00+00:00,1.15989,1.15989,1.15989,1.15989,0
2026-05-24 18:38:00+00:00,1.15989,1.15989,1.15989,1.15989,0
2026-05-24 18:39:00+00:00,1.15989,1.15989,1.15989,1.15989,0
2026-05-24 18:40:00+00:00,1.15989,1.15989,1.15989,1.15989,0
2026-05-24 18:41:00+00:00,1.15989,1.15989,1.15989,1.15989,0
2026-05-24 18:42:00+00:00,1.15989,1.15989,1.15989,1.15989,0
2026-05-24 18:43:00+00:00,1.15989,1.15989,1.15989,1.15989,0
2026-05-24 18:44:00+00:00,1.15989,1.15989,1.15989,1.15989,0
2026-05-24 18:45:00+00:00,1.15989,1.15989,1.15989,1.15989,0
2026-05-24 18:46:00+00:00,1.15989,1.15989,1.15989,1.15989,0
2026-05-24 18:47:00+00:00,1.15989,1.15989,1.15989,1.15989,0
2026-05-24 18:48:00+00:00,1.15989,1.15989,1.15989,1.15989,0
2026-05-24 18:49:00+00:00,1.15989,1.15989,1.15989,1.15989,0
2026-05-24 18:50:00+00:00,1.15989,1.15989,1.15989,1.15989,0
2026-05-24 18:51:00+00:00,1.15989,1.15989,1.15989,1.15989,0
2026-05-24 18:52:00+00:00,1.15989,1.15989,1.15989,1.15989,0
2026-05-24 18:53:00+00:00,1.15989,1.15989,1.15989,1.15989,0
2026-05-24 18:54:00+00:00,1.15989,1.15989,1.15989,1.15989,0
2026-05-24 18:55:00+00:00,1.15989,1.15989,1.15989,1.15989,0
2026-05-24 18:56:00+00:00,1.15989,1.15989,1.15989,1.15989,0
2026-05-24 18:57:00+00:00,1.15989,1.15989,1.15989,1.15989,0
2026-05-24 18:58:00+00:00,1.15989,1.15989,1.15989,1.15989,0
2026-05-24 18:59:00+00:00,1.15989,1.15989,1.15989,1.15989,0
2026-05-24 19:00:00+00:00,1.15989,1.15989,1.15989,1.15989,0
2026-05-24 19:01:00+00:00,1.15989,1.15989,1.15989,1.15989,0
2026-05-24 19:02:00+00:00,1.15989,1.15989,1.15989,1.15989,0
2026-05-24 19:03:00+00:00,1.15989,1.15989,1.15989,1.15989,0
2026-05-24 19:04:00+00:00,1.15989,1.15989,1.15989,1.15989,0
2026-05-24 19:05:00+00:00,1.15989,1.15989,1.15989,1.15989,0
2026-05-24 19:06:00+00:00,1.15989,1.15989,1.15989,1.15989,0
2026-05-24 19:07:00+00:00,1.15989,1.15989,1.15989,1.15989,0
2026-05-24 19:08:00+00:00,1.15989,1.15989,1.15989,1.15989,0
2026-05-24 19:09:00+00:00,1.15989,1.15989,1.15989,1.15989,0
2026-05-24 19:10:00+00:00,1.15989,1.15989,1.15989,1.15989,0
2026-05-24 19:11:00+00:00,1.15989,1.15989,1.15989,1.15989,0
2026-05-24 19:12:00+00:00,1.15989,1.15989,1.15989,1.15989,0
2026-05-24 19:13:00+00:00,1.15989,1.15989,1.15989,1.15989,0
2026-05-24 19:14:00+00:00,1.15989,1.15989,1.15989,1.15989,0
2026-05-24 19:15:00+00:00,1.15989,1.15989,1.15989,1.15989,0
2026-05-24 19:16:00+00:00,1.15989,1.15989,1.15989,1.15989,0
2026-05-24 19:17:00+00:00,1.15989,1.15989,1.15989,1.15989,0
2026-05-24 19:18:00+00:00,1.15989,1.15989,1.15989,1.15989,0
2026-05-24 19:19:00+00:00,1.15989,1.15989,1.15989,1.15989,0
2026-05-24 19:20:00+00:00,1.15989,1.15989,1.15989,1.15989,0
2026-05-24 19:21:00+00:00,1.15989,1.15989,1.15989,1.15989,0
2026-05-24 19:22:00+00:00,1.15989,1.15989,1.15989,1.15989,0
2026-05-24 19:23:00+00:00,1.15989,1.15989,1.15989,1.15989,0
2026-05-24 19:24:00+00:00,1.15989,1.15989,1.15989,1.15989,0
2026-05-24 19:25:00+00:00,1.15989,1.15989,1.15989,1.15989,0
2026-05-24 19:26:00+00:00,1.15989,1.15989,1.15989,1.15989,0
2026-05-24 19:27:00+00:00,1.15989,1.15989,1.15989,1.15989,0
2026-05-24 19:28:00+00:00,1.15989,1.15989,1.15989,1.15989,0
2026-05-24 19:29:00+00:00,1.15989,1.15989,1.15989,1.15989,0
2026-05-24 19:30:00+00:00,1.15989,1.15989,1.15989,1.15989,0
2026-05-24 19:31:00+00:00,1.15989,1.15989,1.15989,1.15989,0
2026-05-24 19:32:00+00:00,1.15989,1.15989,1.15989,1.15989,0
2026-05-24 19:33:00+00:00,1.15989,1.15989,1.15989,1.15989,0
2026-05-24 19:34:00+00:00,1.15989,1.15989,1.15989,1.15989,0
2026-05-24 19:35:00+00:00,1.15989,1.15989,1.15989,1.15989,0
2026-05-24 19:36:00+00:00,1.15989,1.15989,1.15989,1.15989,0
2026-05-24 19:37:00+00:00,1.15989,1.15989,1.15989,1.15989,0
2026-05-24 19:38:00+00:00,1.15989,1.15989,1.15989,1.15989,0
2026-05-24 19:39:00+00:00,1.15989,1.15989,1.15989,1.15989,0
2026-05-24 19:40:00+00:00,1.15989,1.15989,1.15989,1.15989,0
2026-05-24 19:41:00+00:00,1.15989,1.15989,1.15989,1.15989,0
2026-05-24 19:42:00+00:00,1.15989,1.15989,1.15989,1.15989,0
2026-05-24 19:43:00+00:00,1.15989,1.15989,1.15989,1.15989,0
2026-05-24 19:44:00+00:00,1.15989,1.15989,1.15989,1.15989,0
2026-05-24 19:45:00+00:00,1.15989,1.15989,1.15989,1.15989,0
2026-05-24 19:46:00+00:00,1.15989,1.15989,1.15989,1.15989,0
2026-05-24 19:47:00+00:00,1.15989,1.15989,1.15989,1.15989,0
2026-05-24 19:48:00+00:00,1.15989,1.15989,1.15989,1.15989,0
2026-05-24 19:49:00+00:00,1.15989,1.15989,1.15989,1.15989,0
2026-05-24 19:50:00+00:00,1.15989,1.15989,1.15989,1.15989,0
2026-05-24 19:51:00+00:00,1.15989,1.15989,1.15989,1.15989,0
2026-05-24 19:52:00+00:00,1.15989,1.15989,1.15989,1.15989,0
2026-05-24 19:53:00+00:00,1.15989,1.15989,1.15989,1.15989,0
2026-05-24 19:54:00+00:00,1.15989,1.15989,1.15989,1.15989,0
2026-05-24 19:55:00+00:00,1.15989,1.15989,1.15989,1.15989,0
2026-05-24 19:56:00+00:00,1.15989,1.15989,1.15989,1.15989,0
2026-05-24 19:57:00+00:00,1.15989,1.15989,1.15989,1.15989,0
2026-05-24 19:58:00+00:00,1.15989,1.15989,1.15989,1.15989,0
2026-05-24 19:59:00+00:00,1.15989,1.15989,1.15989,1.15989,0
2026-05-24 20:00:00+00:00,1.15989,1.15989,1.15989,1.15989,0
2026-05-24 20:01:00+00:00,1.15989,1.15989,1.15989,1.15989,0
2026-05-24 20:02:00+00:00,1.15989,1.15989,1.15989,1.15989,0
2026-05-24 20:03:00+00:00,1.15989,1.15989,1.15989,1.15989,0
2026-05-24 20:04:00+00:00,1.15989,1.15989,1.15989,1.15989,0
2026-05-24 20:05:00+00:00,1.15989,1.15989,1.15989,1.15989,0
2026-05-24 20:06:00+00:00,1.15989,1.15989,1.15989,1.15989,0
2026-05-24 20:07:00+00:00,1.15989,1.15989,1.15989,1.15989,0
2026-05-24 20:08:00+00:00,1.15989,1.15989,1.15989,1.15989,0
2026-05-24 20:09:00+00:00,1.15989,1.15989,1.15989,1.15989,0
2026-05-24 20:10:00+00:00,1.15989,1.15989,1.15989,1.15989,0
2026-05-24 20:11:00+00:00,1.15989,1.15989,1.15989,1.15989,0
2026-05-24 20:12:00+00:00,1.15989,1.15989,1.15989,1.15989,0
2026-05-24 20:13:00+00:00,1.15989,1.15989,1.15989,1.15989,0
2026-05-24 20:14:00+00:00,1.15989,1.15989,1.15989,1.15989,0
2026-05-24 20:15:00+00:00,1.15989,1.15989,1.15989,1.15989,0
2026-05-24 20:16:00+00:00,1.15989,1.15989,1.15989,1.15989,0
2026-05-24 20:17:00+00:00,1.15989,1.15989,1.15989,1.15989,0
2026-05-24 20:18:00+00:00,1.15989,1.15989,1.15989,1.15989,0
2026-05-24 20:19:00+00:00,1.15989,1.15989,1.15989,1.15989,0
2026-05-24 20:20:00+00:00,1.15989,1.15989,1.15989,1.15989,0
2026-05-24 20:21:00+00:00,1.15989,1.15989,1.15989,1.15989,0
2026-05-24 20:22:00+00:00,1.15989,1.15989,1.15989,1.15989,0
2026-05-24 20:23:00+00:00,1.15989,1.15989,1.15989,1.15989,0
2026-05-24 20:24:00+00:00,1.15989,1.15989,1.15989,1.15989,0
2026-05-24 20:25:00+00:00,1.15989,1.15989,1.15989,1.15989,0
2026-05-24 20:26:00+00:00,1.15989,1.15989,1.15989,1.15989,0
2026-05-24 20:27:00+00:00,1.15989,1.15989,1.15989,1.15989,0
2026-05-24 20:28:00+00:00,1.15989,1.15989,1.15989,1.15989,0
2026-05-24 20:29:00+00:00,1.15989,1.15989,1.15989,1.15989,0
2026-05-24 20:30:00+00:00,1.15989,1.15989,1.15989,1.15989,0
2026-05-24 20:31:00+00:00,1.15989,1.15989,1.15989,1.15989,0
2026-05-24 20:32:00+00:00,1.15989,1.15989,1.15989,1.15989,0
2026-05-24 20:33:00+00:00,1.15989,1.15989,1.15989,1.15989,0
2026-05-24 20:34:00+00:00,1.15989,1.15989,1.15989,1.15989,0
2026-05-24 20:35:00+00:00,1.15989,1.15989,1.15989,1.15989,0
2026-05-24 20:36:00+00:00,1.15989,1.15989,1.15989,1.15989,0
2026-05-24 20:37:00+00:00,1.15989,1.15989,1.15989,1.15989,0
2026-05-24 20:38:00+00:00,1.15989,1.15989,1.15989,1.15989,0
2026-05-24 20:39:00+00:00,1.15989,1.15989,1.15989,1.15989,0
2026-05-24 20:40:00+00:00,1.15989,1.15989,1.15989,1.15989,0
2026-05-24 20:41:00+00:00,1.15989,1.15989,1.15989,1.15989,0
2026-05-24 20:42:00+00:00,1.15989,1.15989,1.15989,1.15989,0
2026-05-24 20:43:00+00:00,1.15989,1.15989,1.15989,1.15989,0
2026-05-24 20:44:00+00:00,1.15989,1.15989,1.15989,1.15989,0
2026-05-24 20:45:00+00:00,1.15989,1.15989,1.15989,1.15989,0
2026-05-24 20:46:00+00:00,1.15989,1.15989,1.15989,1.15989,0
2026-05-24 20:47:00+00:00,1.15989,1.15989,1.15989,1.15989,0
2026-05-24 20:48:00+00:00,1.15989,1.15989,1.15989,1.15989,0
2026-05-24 20:49:00+00:00,1.15989,1.15989,1.15989,1.15989,0
2026-05-24 20:50:00+00:00,1.15989,1.15989,1.15989,1.15989,0
2026-05-24 20:51:00+00:00,1.15989,1.15989,1.15989,1.15989,0
2026-05-24 20:52:00+00:00,1.15989,1.15989,1.15989,1.15989,0
2026-05-24 20:53:00+00:00,1.15989,1.15989,1.15989,1.15989,0
2026-05-24 20:54:00+00:00,1.15989,1.15989,1.15989,1.15989,0
2026-05-24 20:55:00+00:00,1.15989,1.15989,1.15989,1.15989,0
2026-05-24 20:56:00+00:00,1.15989,1.15989,1.15989,1.15989,0
2026-05-24 20:57:00+00:00,1.15989,1.15989,1.15989,1.15989,0
2026-05-24 20:58:00+00:00,1.15989,1.15989,1.15989,1.15989,0
2026-05-24 20:59:00+00:00,1.15989,1.15989,1.15989,1.15989,0
2026-05-24 21:00:00+00:00,1.16388,1.16389,1.16378,1.16378,0
2026-05-24 21:01:00+00:00,1.16379,1.16388,1.16378,1.16378,0
2026-05-24 21:02:00+00:00,1.1636,1.1636,1.1636,1.1636,0
2026-05-24 21:03:00+00:00,1.16378,1.16378,1.16374,1.16374,0
2026-05-24 21:04:00+00:00,1.1636,1.1636,1.1636,1.1636,0
2026-05-24 21:05:00+00:00,1.16343,1.1638,1.16343,1.16358,0
2026-05-24 21:06:00+00:00,1.16358,1.16382,1.16358,1.16358,0
2026-05-24 21:07:00+00:00,1.16368,1.16378,1.16354,1.16369,0
2026-05-24 21:08:00+00:00,1.16368,1.16368,1.16348,1.16349,0
2026-05-24 21:09:00+00:00,1.16356,1.16356,1.16348,1.16349,0
2026-05-24 21:10:00+00:00,1.16348,1.16357,1.16348,1.16355,0
2026-05-24 21:11:00+00:00,1.16361,1.16383,1.16361,1.16383,0
2026-05-24 21:12:00+00:00,1.16364,1.16365,1.16364,1.16365,0
2026-05-24 21:13:00+00:00,1.16364,1.16364,1.16348,1.16348,0
2026-05-24 21:14:00+00:00,1.16358,1.16358,1.16348,1.16348,0
2026-05-24 21:15:00+00:00,1.16349,1.16349,1.16348,1.16349,0
2026-05-24 21:16:00+00:00,1.16348,1.16359,1.16343,1.16358,0
2026-05-24 21:17:00+00:00,1.16343,1.16364,1.16343,1.16359,0
2026-05-24 21:18:00+00:00,1.16359,1.16373,1.16358,1.16372,0
2026-05-24 21:19:00+00:00,1.1637,1.16375,1.16359,1.16364,0
2026-05-24 21:20:00+00:00,1.16363,1.16372,1.16345,1.16358,0
2026-05-24 21:21:00+00:00,1.16358,1.16358,1.1635,1.1635,0
2026-05-24 21:22:00+00:00,1.16345,1.16364,1.16345,1.16358,0
2026-05-24 21:23:00+00:00,1.16358,1.16364,1.16344,1.16364,0
2026-05-24 21:24:00+00:00,1.16363,1.16365,1.16363,1.16363,0
2026-05-24 21:25:00+00:00,1.16364,1.16379,1.16363,1.16379,0
2026-05-24 21:26:00+00:00,1.16378,1.16379,1.16339,1.1634,0
2026-05-24 21:27:00+00:00,1.16339,1.16379,1.16338,1.16365,0
2026-05-24 21:28:00+00:00,1.16376,1.16376,1.16374,1.16374,0
2026-05-24 21:29:00+00:00,1.16375,1.16375,1.1633,1.1633,0
2026-05-24 21:30:00+00:00,1.16331,1.16374,1.1633,1.16359,0
2026-05-24 21:31:00+00:00,1.16358,1.16358,1.16358,1.16358,0
2026-05-24 21:32:00+00:00,1.16339,1.16339,1.16328,1.16328,0
2026-05-24 21:33:00+00:00,1.16327,1.1634,1.16325,1.16325,0
2026-05-24 21:34:00+00:00,1.16328,1.16337,1.16324,1.16327,0
2026-05-24 21:35:00+00:00,1.16328,1.1633,1.16325,1.16325,0
2026-05-24 21:36:00+00:00,1.16325,1.16333,1.16306,1.16314,0
2026-05-24 21:37:00+00:00,1.16328,1.16336,1.16328,1.16329,0
2026-05-24 21:38:00+00:00,1.16326,1.16329,1.16326,1.16329,0
2026-05-24 21:39:00+00:00,1.16329,1.16336,1.16328,1.16329,0
2026-05-24 21:40:00+00:00,1.16329,1.16333,1.16327,1.16328,0
2026-05-24 21:41:00+00:00,1.16327,1.16339,1.16323,1.1633,0
2026-05-24 21:42:00+00:00,1.16331,1.16338,1.16326,1.16338,0
2026-05-24 21:43:00+00:00,1.1633,1.16343,1.16319,1.16327,0
2026-05-24 21:44:00+00:00,1.16326,1.16337,1.16326,1.16337,0
2026-05-24 21:45:00+00:00,1.16322,1.16322,1.1631,1.1631,0
2026-05-24 21:46:00+00:00,1.16312,1.16312,1.16309,1.16309,0
2026-05-24 21:47:00+00:00,1.16311,1.16324,1.16297,1.16316,0
2026-05-24 21:48:00+00:00,1.16317,1.16332,1.16317,1.16332,0
2026-05-24 21:49:00+00:00,1.16334,1.16335,1.16334,1.16335,0
2026-05-24 21:50:00+00:00,1.16335,1.16339,1.16335,1.16336,0
2026-05-24 21:51:00+00:00,1.16336,1.16336,1.16324,1.16324,0
2026-05-24 21:52:00+00:00,1.16325,1.16325,1.16325,1.16325,0
2026-05-24 21:53:00+00:00,1.16325,1.16334,1.16325,1.16334,0
2026-05-24 21:54:00+00:00,1.16334,1.16335,1.16323,1.16325,0
2026-05-24 21:55:00+00:00,1.16326,1.16326,1.16312,1.16314,0
2026-05-24 21:56:00+00:00,1.16312,1.16328,1.16311,1.16316,0
2026-05-24 21:57:00+00:00,1.16315,1.16338,1.16315,1.16331,0
2026-05-24 21:58:00+00:00,1.16325,1.16331,1.16325,1.16331,0
2026-05-24 21:59:00+00:00,1.1633,1.16331,1.16314,1.16331,0
2026-05-24 22:00:00+00:00,1.1633,1.16334,1.1631,1.16332,0
2026-05-24 22:01:00+00:00,1.16332,1.16364,1.16327,1.16338,0
2026-05-24 22:02:00+00:00,1.16337,1.16364,1.16329,1.16364,0
2026-05-24 22:03:00+00:00,1.16366,1.16374,1.16331,1.16359,0
2026-05-24 22:04:00+00:00,1.1636,1.16361,1.16352,1.16354,0
2026-05-24 22:05:00+00:00,1.16357,1.16362,1.16342,1.16358,0
2026-05-24 22:06:00+00:00,1.16358,1.16359,1.16354,1.16359,0
2026-05-24 22:07:00+00:00,1.16361,1.16363,1.16356,1.16357,0
2026-05-24 22:08:00+00:00,1.16357,1.16363,1.16349,1.16353,0
2026-05-24 22:09:00+00:00,1.16354,1.16357,1.16347,1.16356,0
2026-05-24 22:10:00+00:00,1.16357,1.16366,1.16357,1.16361,0
2026-05-24 22:11:00+00:00,1.16363,1.16365,1.16352,1.16356,0
2026-05-24 22:12:00+00:00,1.16356,1.16356,1.16343,1.16352,0
2026-05-24 22:13:00+00:00,1.16353,1.16368,1.16353,1.16366,0
2026-05-24 22:14:00+00:00,1.16366,1.16366,1.1636,1.1636,0
2026-05-24 22:15:00+00:00,1.1636,1.16373,1.16355,1.16355,0
2026-05-24 22:16:00+00:00,1.16355,1.16358,1.1635,1.16352,0
2026-05-24 22:17:00+00:00,1.16351,1.16356,1.16343,1.16346,0
2026-05-24 22:18:00+00:00,1.16347,1.16352,1.16344,1.16346,0
2026-05-24 22:19:00+00:00,1.16346,1.16351,1.16346,1.1635,0
2026-05-24 22:20:00+00:00,1.1635,1.16356,1.16346,1.16355,0
2026-05-24 22:21:00+00:00,1.16355,1.16375,1.16351,1.16374,0
2026-05-24 22:22:00+00:00,1.16371,1.16387,1.1637,1.16385,0
2026-05-24 22:23:00+00:00,1.16387,1.1639,1.16383,1.16385,0
2026-05-24 22:24:00+00:00,1.16385,1.16388,1.1638,1.1638,0
2026-05-24 22:25:00+00:00,1.16383,1.16391,1.16381,1.1639,0
2026-05-24 22:26:00+00:00,1.1639,1.1639,1.16383,1.16383,0
2026-05-24 22:27:00+00:00,1.16382,1.16417,1.16382,1.16412,0
2026-05-24 22:28:00+00:00,1.16413,1.16417,1.1641,1.16411,0
2026-05-24 22:29:00+00:00,1.16411,1.16414,1.16401,1.16406,0
2026-05-24 22:30:00+00:00,1.16407,1.16427,1.16405,1.16427,0
2026-05-24 22:31:00+00:00,1.16426,1.16438,1.16423,1.16433,0
2026-05-24 22:32:00+00:00,1.16431,1.16438,1.16429,1.16434,0
2026-05-24 22:33:00+00:00,1.16434,1.1644,1.16422,1.16428,0
2026-05-24 22:34:00+00:00,1.16427,1.16428,1.16419,1.16422,0
2026-05-24 22:35:00+00:00,1.16422,1.16424,1.16411,1.16411,0
2026-05-24 22:36:00+00:00,1.16413,1.1642,1.16404,1.16412,0
2026-05-24 22:37:00+00:00,1.16412,1.16414,1.16407,1.16414,0
2026-05-24 22:38:00+00:00,1.16413,1.16417,1.16407,1.16417,0
2026-05-24 22:39:00+00:00,1.16415,1.16421,1.16413,1.1642,0
2026-05-24 22:40:00+00:00,1.16419,1.16423,1.16414,1.16415,0
2026-05-24 22:41:00+00:00,1.16413,1.16427,1.16405,1.16427,0
2026-05-24 22:42:00+00:00,1.1643,1.16431,1.16426,1.16427,0
2026-05-24 22:43:00+00:00,1.16428,1.16433,1.16425,1.16433,0
2026-05-24 22:44:00+00:00,1.16433,1.16438,1.1643,1.16436,0
2026-05-24 22:45:00+00:00,1.16438,1.16439,1.16432,1.16435,0
2026-05-24 22:46:00+00:00,1.16438,1.16449,1.16438,1.16441,0
2026-05-24 22:47:00+00:00,1.16443,1.16444,1.16438,1.16444,0
2026-05-24 22:48:00+00:00,1.16445,1.16447,1.16441,1.16442,0
2026-05-24 22:49:00+00:00,1.16441,1.16442,1.16435,1.16437,0
2026-05-24 22:50:00+00:00,1.16438,1.16438,1.1643,1.16433,0
2026-05-24 22:51:00+00:00,1.16431,1.16431,1.16425,1.16426,0
2026-05-24 22:52:00+00:00,1.16426,1.16427,1.16421,1.16421,0
2026-05-24 22:53:00+00:00,1.16421,1.16422,1.16419,1.16422,0
2026-05-24 22:54:00+00:00,1.16421,1.16423,1.16417,1.16419,0
2026-05-24 22:55:00+00:00,1.16418,1.16423,1.16416,1.16422,0
2026-05-24 22:56:00+00:00,1.16422,1.16423,1.16421,1.16423,0
2026-05-24 22:57:00+00:00,1.16421,1.16421,1.16416,1.16418,0
2026-05-24 22:58:00+00:00,1.16416,1.16427,1.16416,1.16427,0
2026-05-24 22:59:00+00:00,1.16427,1.16433,1.16427,1.16429,0
2026-05-24 23:00:00+00:00,1.1643,1.16448,1.16429,1.16445,0
2026-05-24 23:01:00+00:00,1.16445,1.16447,1.16439,1.16442,0
2026-05-24 23:02:00+00:00,1.16441,1.16446,1.1644,1.16446,0
2026-05-24 23:03:00+00:00,1.16446,1.1645,1.16446,1.16449,0
2026-05-24 23:04:00+00:00,1.16451,1.16459,1.16451,1.16456,0
2026-05-24 23:05:00+00:00,1.16457,1.16457,1.16448,1.16452,0
2026-05-24 23:06:00+00:00,1.16452,1.16452,1.16448,1.1645,0
2026-05-24 23:07:00+00:00,1.1645,1.16459,1.16449,1.16455,0
2026-05-24 23:08:00+00:00,1.16455,1.16459,1.16455,1.16456,0
2026-05-24 23:09:00+00:00,1.16455,1.1646,1.16455,1.16458,0
2026-05-24 23:10:00+00:00,1.16458,1.16461,1.16453,1.16454,0
2026-05-24 23:11:00+00:00,1.16455,1.16455,1.1645,1.16453,0
2026-05-24 23:12:00+00:00,1.16454,1.16454,1.16447,1.16448,0
2026-05-24 23:13:00+00:00,1.16449,1.16452,1.16448,1.16449,0
2026-05-24 23:14:00+00:00,1.1645,1.16451,1.16446,1.16446,0
2026-05-24 23:15:00+00:00,1.16446,1.1645,1.16446,1.16446,0
2026-05-24 23:16:00+00:00,1.16445,1.16447,1.16443,1.16445,0
2026-05-24 23:17:00+00:00,1.16446,1.16453,1.16445,1.16451,0
2026-05-24 23:18:00+00:00,1.16448,1.16448,1.16442,1.16442,0
2026-05-24 23:19:00+00:00,1.16441,1.16447,1.16441,1.16447,0
2026-05-24 23:20:00+00:00,1.16445,1.16448,1.16445,1.16448,0
2026-05-24 23:21:00+00:00,1.16447,1.16451,1.16445,1.16448,0
2026-05-24 23:22:00+00:00,1.16447,1.16452,1.16444,1.16452,0
2026-05-24 23:23:00+00:00,1.1645,1.16455,1.1645,1.16455,0
2026-05-24 23:24:00+00:00,1.16454,1.16456,1.16451,1.16452,0
2026-05-24 23:25:00+00:00,1.16451,1.16451,1.16444,1.16444,0
2026-05-24 23:26:00+00:00,1.16446,1.16451,1.16445,1.16451,0
2026-05-24 23:27:00+00:00,1.16451,1.16454,1.1645,1.16451,0
2026-05-24 23:28:00+00:00,1.16453,1.16456,1.16452,1.16455,0
2026-05-24 23:29:00+00:00,1.16454,1.16455,1.1645,1.16451,0
2026-05-24 23:30:00+00:00,1.1645,1.1645,1.1644,1.16446,0
2026-05-24 23:31:00+00:00,1.16447,1.16452,1.16446,1.16452,0
2026-05-24 23:32:00+00:00,1.1645,1.16455,1.16449,1.16452,0
2026-05-24 23:33:00+00:00,1.16451,1.16451,1.16446,1.16446,0
2026-05-24 23:34:00+00:00,1.16448,1.16448,1.16442,1.16444,0
2026-05-24 23:35:00+00:00,1.16444,1.16446,1.16442,1.16444,0
2026-05-24 23:36:00+00:00,1.16444,1.16447,1.16443,1.16444,0
2026-05-24 23:37:00+00:00,1.16446,1.16446,1.16441,1.16443,0
2026-05-24 23:38:00+00:00,1.16443,1.16445,1.16443,1.16445,0
2026-05-24 23:39:00+00:00,1.16447,1.16449,1.16444,1.16447,0
2026-05-24 23:40:00+00:00,1.16447,1.16451,1.16446,1.16448,0
2026-05-24 23:41:00+00:00,1.16447,1.16448,1.16443,1.16447,0
2026-05-24 23:42:00+00:00,1.1645,1.16452,1.16446,1.16451,0
2026-05-24 23:43:00+00:00,1.16451,1.16454,1.1645,1.16454,0
2026-05-24 23:44:00+00:00,1.16452,1.16452,1.16447,1.16447,0
2026-05-24 23:45:00+00:00,1.16447,1.1645,1.1644,1.16448,0
2026-05-24 23:46:00+00:00,1.16452,1.16455,1.16443,1.16444,0
2026-05-24 23:47:00+00:00,1.16442,1.16446,1.16442,1.16446,0
2026-05-24 23:48:00+00:00,1.16445,1.16446,1.16443,1.16445,0
2026-05-24 23:49:00+00:00,1.16444,1.16446,1.16441,1.16444,0
2026-05-24 23:50:00+00:00,1.16444,1.16444,1.16439,1.16443,0
2026-05-24 23:51:00+00:00,1.16442,1.16442,1.16429,1.16436,0
2026-05-24 23:52:00+00:00,1.16433,1.16437,1.1643,1.16432,0
2026-05-24 23:53:00+00:00,1.16435,1.16438,1.16432,1.16434,0
2026-05-24 23:54:00+00:00,1.16433,1.16436,1.16431,1.16435,0
2026-05-24 23:55:00+00:00,1.16434,1.16436,1.1643,1.1643,0
2026-05-24 23:56:00+00:00,1.16428,1.16428,1.1642,1.16421,0
2026-05-24 23:57:00+00:00,1.1642,1.16422,1.16417,1.1642,0
2026-05-24 23:58:00+00:00,1.16421,1.16422,1.16412,1.16417,0
2026-05-24 23:59:00+00:00,1.16417,1.16417,1.16413,1.16416,0
2026-05-25 00:00:00+00:00,1.16415,1.16422,1.16402,1.16405,0
2026-05-25 00:01:00+00:00,1.16406,1.16407,1.16389,1.16389,0
2026-05-25 00:02:00+00:00,1.16389,1.16391,1.16381,1.16387,0
2026-05-25 00:03:00+00:00,1.16386,1.1639,1.16385,1.16386,0
2026-05-25 00:04:00+00:00,1.16386,1.16386,1.16378,1.16378,0
2026-05-25 00:05:00+00:00,1.16379,1.1639,1.16378,1.16387,0
2026-05-25 00:06:00+00:00,1.16389,1.1639,1.16379,1.16385,0
2026-05-25 00:07:00+00:00,1.16385,1.16391,1.16385,1.16391,0
2026-05-25 00:08:00+00:00,1.16393,1.16399,1.16386,1.16386,0
2026-05-25 00:09:00+00:00,1.16385,1.16389,1.1638,1.16387,0
2026-05-25 00:10:00+00:00,1.1639,1.16402,1.16389,1.16397,0
2026-05-25 00:11:00+00:00,1.16398,1.16401,1.16394,1.16399,0
2026-05-25 00:12:00+00:00,1.16397,1.16397,1.1639,1.16393,0
2026-05-25 00:13:00+00:00,1.16394,1.16396,1.16393,1.16394,0
2026-05-25 00:14:00+00:00,1.16396,1.16396,1.16384,1.16389,0
2026-05-25 00:15:00+00:00,1.16389,1.16389,1.16381,1.16386,0
2026-05-25 00:16:00+00:00,1.16384,1.164,1.16384,1.164,0
2026-05-25 00:17:00+00:00,1.16397,1.16398,1.1639,1.16397,0
2026-05-25 00:18:00+00:00,1.16396,1.16405,1.16396,1.16405,0
2026-05-25 00:19:00+00:00,1.16404,1.16413,1.16402,1.16412,0
2026-05-25 00:20:00+00:00,1.16412,1.16412,1.16406,1.16409,0
2026-05-25 00:21:00+00:00,1.16407,1.16412,1.16394,1.16397,0
2026-05-25 00:22:00+00:00,1.164,1.16412,1.16399,1.1641,0
2026-05-25 00:23:00+00:00,1.16408,1.16423,1.16407,1.16417,0
2026-05-25 00:24:00+00:00,1.16418,1.16423,1.16417,1.16418,0
2026-05-25 00:25:00+00:00,1.16418,1.16418,1.16405,1.16406,0
2026-05-25 00:26:00+00:00,1.16407,1.16407,1.16397,1.16402,0
2026-05-25 00:27:00+00:00,1.16404,1.16404,1.164,1.16402,0
2026-05-25 00:28:00+00:00,1.16402,1.16407,1.16401,1.16401,0
2026-05-25 00:29:00+00:00,1.16402,1.16418,1.16402,1.16417,0
2026-05-25 00:30:00+00:00,1.1642,1.16431,1.16419,1.16427,0
2026-05-25 00:31:00+00:00,1.16427,1.16428,1.16423,1.16426,0
2026-05-25 00:32:00+00:00,1.16426,1.16426,1.16421,1.16421,0
2026-05-25 00:33:00+00:00,1.16421,1.16421,1.16409,1.16412,0
2026-05-25 00:34:00+00:00,1.16411,1.16415,1.16411,1.16414,0
2026-05-25 00:35:00+00:00,1.16412,1.16418,1.16412,1.16415,0
2026-05-25 00:36:00+00:00,1.16413,1.16416,1.16405,1.16405,0
2026-05-25 00:37:00+00:00,1.16403,1.16414,1.16401,1.16414,0
2026-05-25 00:38:00+00:00,1.16412,1.16413,1.16407,1.16412,0
2026-05-25 00:39:00+00:00,1.16413,1.16413,1.16408,1.16409,0
2026-05-25 00:40:00+00:00,1.16408,1.16408,1.16397,1.16397,0
2026-05-25 00:41:00+00:00,1.16398,1.16402,1.16397,1.164,0
2026-05-25 00:42:00+00:00,1.16399,1.16399,1.16385,1.16386,0
2026-05-25 00:43:00+00:00,1.16387,1.16391,1.16385,1.16385,0
2026-05-25 00:44:00+00:00,1.16386,1.16392,1.16383,1.16392,0
2026-05-25 00:45:00+00:00,1.16396,1.16404,1.16393,1.16402,0
2026-05-25 00:46:00+00:00,1.164,1.16412,1.164,1.16412,0
2026-05-25 00:47:00+00:00,1.1641,1.16424,1.16409,1.16424,0
2026-05-25 00:48:00+00:00,1.16422,1.1644,1.16422,1.1644,0
2026-05-25 00:49:00+00:00,1.16441,1.16487,1.16441,1.1647,0
2026-05-25 00:50:00+00:00,1.16468,1.16473,1.16463,1.16468,0
2026-05-25 00:51:00+00:00,1.16467,1.16473,1.16462,1.1647,0
2026-05-25 00:52:00+00:00,1.16471,1.16472,1.16457,1.16464,0
2026-05-25 00:53:00+00:00,1.16466,1.16475,1.16465,1.16469,0
2026-05-25 00:54:00+00:00,1.1647,1.16488,1.16462,1.16473,0
2026-05-25 00:55:00+00:00,1.16475,1.16478,1.16429,1.16436,0
2026-05-25 00:56:00+00:00,1.16434,1.16434,1.16409,1.16412,0
2026-05-25 00:57:00+00:00,1.16411,1.16415,1.16378,1.16379,0
2026-05-25 00:58:00+00:00,1.16379,1.16384,1.16363,1.16364,0
2026-05-25 00:59:00+00:00,1.16363,1.16368,1.16353,1.16366,0
2026-05-25 01:00:00+00:00,1.16366,1.16378,1.16353,1.16364,0
2026-05-25 01:01:00+00:00,1.16363,1.16373,1.16354,1.1637,0
2026-05-25 01:02:00+00:00,1.16372,1.16385,1.16364,1.16381,0
2026-05-25 01:03:00+00:00,1.1638,1.16394,1.16377,1.1638,0
2026-05-25 01:04:00+00:00,1.1638,1.16389,1.16378,1.16384,0
2026-05-25 01:05:00+00:00,1.16386,1.16388,1.16378,1.16387,0
2026-05-25 01:06:00+00:00,1.16388,1.16397,1.16382,1.16397,0
2026-05-25 01:07:00+00:00,1.164,1.16402,1.16393,1.16394,0
2026-05-25 01:08:00+00:00,1.16396,1.16396,1.1637,1.16372,0
2026-05-25 01:09:00+00:00,1.1637,1.16374,1.16367,1.16372,0
2026-05-25 01:10:00+00:00,1.16373,1.16376,1.1636,1.16361,0
2026-05-25 01:11:00+00:00,1.16363,1.16374,1.16363,1.16371,0
2026-05-25 01:12:00+00:00,1.16371,1.16377,1.1637,1.16377,0
2026-05-25 01:13:00+00:00,1.16376,1.16396,1.16372,1.16394,0
2026-05-25 01:14:00+00:00,1.16392,1.16436,1.16391,1.16433,0
2026-05-25 01:15:00+00:00,1.16433,1.16444,1.16431,1.16437,0
2026-05-25 01:16:00+00:00,1.16435,1.16437,1.1643,1.16431,0
2026-05-25 01:17:00+00:00,1.16435,1.1644,1.16431,1.16436,0
2026-05-25 01:18:00+00:00,1.16434,1.16437,1.16431,1.16431,0
2026-05-25 01:19:00+00:00,1.16432,1.16443,1.16428,1.16443,0
2026-05-25 01:20:00+00:00,1.16445,1.16448,1.1644,1.16442,0
2026-05-25 01:21:00+00:00,1.1644,1.1644,1.16431,1.16431,0
2026-05-25 01:22:00+00:00,1.16432,1.16437,1.16428,1.16434,0
2026-05-25 01:23:00+00:00,1.16433,1.16445,1.16433,1.16445,0
2026-05-25 01:24:00+00:00,1.16446,1.16447,1.16436,1.16436,0
2026-05-25 01:25:00+00:00,1.16435,1.16446,1.16435,1.16436,0
2026-05-25 01:26:00+00:00,1.16437,1.16443,1.16432,1.16437,0
2026-05-25 01:27:00+00:00,1.16437,1.16437,1.16432,1.16433,0
2026-05-25 01:28:00+00:00,1.16434,1.1644,1.16434,1.1644,0
2026-05-25 01:29:00+00:00,1.16439,1.16469,1.16439,1.16461,0
2026-05-25 01:30:00+00:00,1.16461,1.16461,1.16433,1.16436,0
2026-05-25 01:31:00+00:00,1.16435,1.16441,1.16414,1.16414,0
2026-05-25 01:32:00+00:00,1.16413,1.16421,1.16395,1.16398,0
2026-05-25 01:33:00+00:00,1.16398,1.16413,1.16396,1.16411,0
2026-05-25 01:34:00+00:00,1.16412,1.16414,1.16404,1.16404,0
2026-05-25 01:35:00+00:00,1.16407,1.16428,1.16406,1.16426,0
2026-05-25 01:36:00+00:00,1.16427,1.1643,1.16424,1.16429,0
2026-05-25 01:37:00+00:00,1.16429,1.16435,1.16426,1.16433,0
2026-05-25 01:38:00+00:00,1.16434,1.16434,1.16426,1.16426,0
2026-05-25 01:39:00+00:00,1.16427,1.16435,1.16427,1.1643,0
2026-05-25 01:40:00+00:00,1.1643,1.16433,1.1642,1.16421,0
2026-05-25 01:41:00+00:00,1.1642,1.16428,1.1642,1.16421,0
2026-05-25 01:42:00+00:00,1.16419,1.16419,1.16405,1.16405,0
2026-05-25 01:43:00+00:00,1.16407,1.16407,1.16399,1.16402,0
2026-05-25 01:44:00+00:00,1.16404,1.16404,1.16394,1.16399,0
2026-05-25 01:45:00+00:00,1.16399,1.16406,1.16398,1.16405,0
2026-05-25 01:46:00+00:00,1.16406,1.16415,1.16401,1.16406,0
2026-05-25 01:47:00+00:00,1.16407,1.16415,1.16407,1.16411,0
2026-05-25 01:48:00+00:00,1.16411,1.16411,1.16406,1.16407,0
2026-05-25 01:49:00+00:00,1.1641,1.1641,1.16406,1.16408,0
2026-05-25 01:50:00+00:00,1.16406,1.16406,1.16393,1.16395,0
2026-05-25 01:51:00+00:00,1.16395,1.16402,1.16393,1.164,0
2026-05-25 01:52:00+00:00,1.164,1.16404,1.164,1.16401,0
2026-05-25 01:53:00+00:00,1.16403,1.16403,1.16393,1.16396,0
2026-05-25 01:54:00+00:00,1.16395,1.16398,1.16392,1.16396,0
2026-05-25 01:55:00+00:00,1.16396,1.16399,1.16392,1.16398,0
2026-05-25 01:56:00+00:00,1.16398,1.16398,1.16384,1.16386,0
2026-05-25 01:57:00+00:00,1.16385,1.1639,1.16383,1.16386,0
2026-05-25 01:58:00+00:00,1.16384,1.1639,1.16382,1.1639,0
2026-05-25 01:59:00+00:00,1.1639,1.16391,1.16387,1.1639,0
2026-05-25 02:00:00+00:00,1.16391,1.16401,1.16388,1.16394,0
2026-05-25 02:01:00+00:00,1.16394,1.16397,1.16393,1.16397,0
2026-05-25 02:02:00+00:00,1.16396,1.164,1.16394,1.16395,0
2026-05-25 02:03:00+00:00,1.16395,1.16402,1.16394,1.164,0
2026-05-25 02:04:00+00:00,1.164,1.164,1.16399,1.164,0
2026-05-25 02:05:00+00:00,1.164,1.16408,1.16399,1.16408,0
2026-05-25 02:06:00+00:00,1.16408,1.16418,1.16402,1.16413,0
2026-05-25 02:07:00+00:00,1.16414,1.16424,1.16414,1.16422,0
2026-05-25 02:08:00+00:00,1.16421,1.16421,1.16415,1.16418,0
2026-05-25 02:09:00+00:00,1.1642,1.16423,1.16418,1.16419,0
2026-05-25 02:10:00+00:00,1.1642,1.16421,1.16416,1.1642,0
2026-05-25 02:11:00+00:00,1.16419,1.16419,1.16405,1.1641,0
2026-05-25 02:12:00+00:00,1.16412,1.16413,1.16409,1.16412,0
2026-05-25 02:13:00+00:00,1.16412,1.16414,1.164,1.16401,0
2026-05-25 02:14:00+00:00,1.16399,1.16406,1.16399,1.16402,0
2026-05-25 02:15:00+00:00,1.16402,1.16407,1.16399,1.16405,0
2026-05-25 02:16:00+00:00,1.16404,1.16404,1.16393,1.16397,0
2026-05-25 02:17:00+00:00,1.16397,1.16397,1.16395,1.16396,0
2026-05-25 02:18:00+00:00,1.16396,1.16405,1.16395,1.16405,0
2026-05-25 02:19:00+00:00,1.16403,1.16408,1.16402,1.16405,0
2026-05-25 02:20:00+00:00,1.16405,1.16408,1.16404,1.16408,0
2026-05-25 02:21:00+00:00,1.16409,1.16411,1.16407,1.16409,0
2026-05-25 02:22:00+00:00,1.16409,1.16409,1.16407,1.16408,0
2026-05-25 02:23:00+00:00,1.16406,1.16421,1.16406,1.16418,0
2026-05-25 02:24:00+00:00,1.16418,1.1642,1.16415,1.16419,0
2026-05-25 02:25:00+00:00,1.16417,1.16418,1.16412,1.16414,0
2026-05-25 02:26:00+00:00,1.16415,1.16415,1.16408,1.1641,0
2026-05-25 02:27:00+00:00,1.1641,1.16411,1.16404,1.16404,0
2026-05-25 02:28:00+00:00,1.16404,1.16414,1.16402,1.16414,0
2026-05-25 02:29:00+00:00,1.16412,1.16417,1.16411,1.16415,0
2026-05-25 02:30:00+00:00,1.16417,1.16417,1.1641,1.16413,0
2026-05-25 02:31:00+00:00,1.16414,1.16414,1.16408,1.16408,0
2026-05-25 02:32:00+00:00,1.16409,1.16415,1.16408,1.16415,0
2026-05-25 02:33:00+00:00,1.16415,1.16416,1.16412,1.16412,0
2026-05-25 02:34:00+00:00,1.16412,1.16414,1.16411,1.16413,0
2026-05-25 02:35:00+00:00,1.16414,1.16417,1.16409,1.16416,0
2026-05-25 02:36:00+00:00,1.16417,1.16417,1.16414,1.16415,0
2026-05-25 02:37:00+00:00,1.16416,1.16416,1.16414,1.16415,0
2026-05-25 02:38:00+00:00,1.16415,1.16415,1.16411,1.16412,0
2026-05-25 02:39:00+00:00,1.16412,1.16413,1.16403,1.16403,0
2026-05-25 02:40:00+00:00,1.16405,1.16405,1.16392,1.16401,0
2026-05-25 02:41:00+00:00,1.164,1.16401,1.16398,1.16401,0
2026-05-25 02:42:00+00:00,1.164,1.16403,1.164,1.16401,0
2026-05-25 02:43:00+00:00,1.16403,1.16406,1.16401,1.16402,0
2026-05-25 02:44:00+00:00,1.164,1.16404,1.164,1.16403,0
2026-05-25 02:45:00+00:00,1.16404,1.16408,1.16404,1.16406,0
2026-05-25 02:46:00+00:00,1.16405,1.16407,1.16399,1.16399,0
2026-05-25 02:47:00+00:00,1.16399,1.16405,1.16399,1.16404,0
2026-05-25 02:48:00+00:00,1.16404,1.16404,1.16399,1.16402,0
2026-05-25 02:49:00+00:00,1.16403,1.16405,1.16403,1.16404,0
2026-05-25 02:50:00+00:00,1.16405,1.16405,1.16402,1.16403,0
2026-05-25 02:51:00+00:00,1.16403,1.16403,1.16394,1.16394,0
2026-05-25 02:52:00+00:00,1.16395,1.16397,1.16394,1.16395,0
2026-05-25 02:53:00+00:00,1.16396,1.16396,1.16395,1.16395,0
2026-05-25 02:54:00+00:00,1.16393,1.16393,1.16389,1.16389,0
2026-05-25 02:55:00+00:00,1.16388,1.16388,1.16383,1.16385,0
2026-05-25 02:56:00+00:00,1.16384,1.16384,1.16375,1.16376,0
2026-05-25 02:57:00+00:00,1.16374,1.16375,1.16371,1.16375,0
2026-05-25 02:58:00+00:00,1.16376,1.16376,1.16369,1.16371,0
2026-05-25 02:59:00+00:00,1.16369,1.16376,1.16364,1.16376,0
2026-05-25 03:00:00+00:00,1.16375,1.16395,1.16375,1.16385,0
2026-05-25 03:01:00+00:00,1.16385,1.16388,1.1638,1.16385,0
2026-05-25 03:02:00+00:00,1.16386,1.1639,1.16375,1.16375,0
2026-05-25 03:03:00+00:00,1.16376,1.16376,1.16369,1.16371,0
2026-05-25 03:04:00+00:00,1.16371,1.16371,1.16361,1.16371,0
2026-05-25 03:05:00+00:00,1.16372,1.16373,1.16359,1.16365,0
2026-05-25 03:06:00+00:00,1.16365,1.16371,1.16365,1.1637,0
2026-05-25 03:07:00+00:00,1.1637,1.16377,1.16368,1.16375,0
2026-05-25 03:08:00+00:00,1.16376,1.16378,1.16374,1.16376,0
2026-05-25 03:09:00+00:00,1.16375,1.16376,1.16373,1.16373,0
2026-05-25 03:10:00+00:00,1.16372,1.16374,1.1637,1.16372,0
2026-05-25 03:11:00+00:00,1.16373,1.16377,1.16373,1.16374,0
2026-05-25 03:12:00+00:00,1.16374,1.16376,1.16374,1.16376,0
2026-05-25 03:13:00+00:00,1.16375,1.16379,1.1637,1.16372,0
2026-05-25 03:14:00+00:00,1.16372,1.16374,1.16371,1.16373,0
2026-05-25 03:15:00+00:00,1.16371,1.16372,1.16361,1.16365,0
2026-05-25 03:16:00+00:00,1.16365,1.16367,1.16364,1.16365,0
2026-05-25 03:17:00+00:00,1.16364,1.16367,1.16362,1.16366,0
2026-05-25 03:18:00+00:00,1.16366,1.16367,1.16364,1.16365,0
2026-05-25 03:19:00+00:00,1.16366,1.16366,1.16361,1.16363,0
2026-05-25 03:20:00+00:00,1.16365,1.16375,1.16365,1.16374,0
2026-05-25 03:21:00+00:00,1.16376,1.16389,1.16374,1.16386,0
2026-05-25 03:22:00+00:00,1.16386,1.16388,1.16372,1.16379,0
2026-05-25 03:23:00+00:00,1.16378,1.16381,1.16375,1.16375,0
2026-05-25 03:24:00+00:00,1.16375,1.16377,1.1637,1.16372,0
2026-05-25 03:25:00+00:00,1.16373,1.16376,1.1637,1.16376,0
2026-05-25 03:26:00+00:00,1.16376,1.16378,1.16372,1.16372,0
2026-05-25 03:27:00+00:00,1.1637,1.16375,1.16367,1.16375,0
2026-05-25 03:28:00+00:00,1.16373,1.16376,1.16369,1.16369,0
2026-05-25 03:29:00+00:00,1.16369,1.16371,1.16367,1.1637,0
2026-05-25 03:30:00+00:00,1.1637,1.16378,1.1637,1.16376,0
2026-05-25 03:31:00+00:00,1.16377,1.16388,1.16377,1.1638,0
2026-05-25 03:32:00+00:00,1.1638,1.16383,1.1638,1.16381,0
2026-05-25 03:33:00+00:00,1.16381,1.16386,1.1638,1.16384,0
2026-05-25 03:34:00+00:00,1.16383,1.16383,1.1638,1.16382,0
2026-05-25 03:35:00+00:00,1.16382,1.16397,1.16382,1.16388,0
2026-05-25 03:36:00+00:00,1.16387,1.1639,1.16383,1.16383,0
2026-05-25 03:37:00+00:00,1.16384,1.16386,1.16384,1.16385,0
2026-05-25 03:38:00+00:00,1.16386,1.16386,1.16385,1.16385,0
2026-05-25 03:39:00+00:00,1.16386,1.16386,1.16377,1.16381,0
2026-05-25 03:40:00+00:00,1.16381,1.16382,1.16379,1.16382,0
2026-05-25 03:41:00+00:00,1.16382,1.16383,1.16378,1.16383,0
2026-05-25 03:42:00+00:00,1.16383,1.16383,1.16379,1.16382,0
2026-05-25 03:43:00+00:00,1.16381,1.16383,1.16381,1.16381,0
2026-05-25 03:44:00+00:00,1.1638,1.1638,1.16371,1.16373,0
2026-05-25 03:45:00+00:00,1.16371,1.16375,1.16365,1.16374,0
2026-05-25 03:46:00+00:00,1.16374,1.16374,1.16366,1.16366,0
2026-05-25 03:47:00+00:00,1.16367,1.16376,1.16366,1.16374,0
2026-05-25 03:48:00+00:00,1.16374,1.16375,1.1637,1.16373,0
2026-05-25 03:49:00+00:00,1.16372,1.16373,1.16369,1.16371,0
2026-05-25 03:50:00+00:00,1.16371,1.16374,1.16366,1.16372,0
2026-05-25 03:51:00+00:00,1.16371,1.16375,1.16367,1.16372,0
2026-05-25 03:52:00+00:00,1.16373,1.16373,1.16369,1.16372,0
2026-05-25 03:53:00+00:00,1.16371,1.16372,1.1637,1.16371,0
2026-05-25 03:54:00+00:00,1.1637,1.16371,1.16361,1.16364,0
2026-05-25 03:55:00+00:00,1.16366,1.16367,1.16361,1.16365,0
2026-05-25 03:56:00+00:00,1.16364,1.16365,1.16359,1.16359,0
2026-05-25 03:57:00+00:00,1.16361,1.1637,1.16361,1.16362,0
2026-05-25 03:58:00+00:00,1.16363,1.16369,1.16362,1.16366,0
2026-05-25 03:59:00+00:00,1.16367,1.16373,1.16366,1.16372,0
2026-05-25 04:00:00+00:00,1.1637,1.16376,1.16361,1.16361,0
2026-05-25 04:01:00+00:00,1.16363,1.16363,1.16359,1.1636,0
2026-05-25 04:02:00+00:00,1.1636,1.16367,1.1636,1.16366,0
2026-05-25 04:03:00+00:00,1.16366,1.16371,1.16366,1.16369,0
2026-05-25 04:04:00+00:00,1.1637,1.16371,1.16369,1.1637,0
2026-05-25 04:05:00+00:00,1.1637,1.16372,1.16366,1.16371,0
2026-05-25 04:06:00+00:00,1.1637,1.16371,1.16365,1.16368,0
2026-05-25 04:07:00+00:00,1.16368,1.16369,1.16361,1.16365,0
2026-05-25 04:08:00+00:00,1.16366,1.16368,1.16361,1.16362,0
2026-05-25 04:09:00+00:00,1.16362,1.16362,1.16354,1.16358,0
2026-05-25 04:10:00+00:00,1.16357,1.16361,1.16357,1.1636,0
2026-05-25 04:11:00+00:00,1.16364,1.16368,1.16363,1.16367,0
2026-05-25 04:12:00+00:00,1.16365,1.16367,1.16364,1.16366,0
2026-05-25 04:13:00+00:00,1.16366,1.16366,1.16361,1.16362,0
2026-05-25 04:14:00+00:00,1.16363,1.16364,1.16361,1.16362,0
2026-05-25 04:15:00+00:00,1.16363,1.16363,1.16359,1.16361,0
2026-05-25 04:16:00+00:00,1.1636,1.16363,1.1636,1.16362,0
2026-05-25 04:17:00+00:00,1.16363,1.16363,1.16361,1.16361,0
2026-05-25 04:18:00+00:00,1.16362,1.16365,1.16359,1.16364,0
2026-05-25 04:19:00+00:00,1.16364,1.16364,1.16361,1.16363,0
2026-05-25 04:20:00+00:00,1.16363,1.16368,1.16362,1.16368,0
2026-05-25 04:21:00+00:00,1.16367,1.16371,1.16367,1.16371,0
2026-05-25 04:22:00+00:00,1.16369,1.16369,1.16365,1.16367,0
2026-05-25 04:23:00+00:00,1.16367,1.16368,1.16367,1.16368,0
2026-05-25 04:24:00+00:00,1.16367,1.16369,1.16362,1.16362,0
2026-05-25 04:25:00+00:00,1.16361,1.16371,1.16361,1.1637,0
2026-05-25 04:26:00+00:00,1.16369,1.1637,1.16369,1.16369,0
2026-05-25 04:27:00+00:00,1.16371,1.16372,1.16369,1.16371,0
2026-05-25 04:28:00+00:00,1.16371,1.16372,1.16368,1.16372,0
2026-05-25 04:29:00+00:00,1.1637,1.1637,1.16367,1.16369,0
2026-05-25 04:30:00+00:00,1.16372,1.16372,1.16371,1.16371,0
2026-05-25 04:31:00+00:00,1.1637,1.16387,1.1637,1.16386,0
2026-05-25 04:32:00+00:00,1.16387,1.16387,1.16376,1.1638,0
2026-05-25 04:33:00+00:00,1.1638,1.16384,1.1638,1.16384,0
2026-05-25 04:34:00+00:00,1.16384,1.1639,1.16382,1.16387,0
2026-05-25 04:35:00+00:00,1.16387,1.16389,1.16386,1.16388,0
2026-05-25 04:36:00+00:00,1.16387,1.16388,1.16376,1.16384,0
2026-05-25 04:37:00+00:00,1.16385,1.16388,1.16385,1.16387,0
2026-05-25 04:38:00+00:00,1.16389,1.16392,1.16388,1.16391,0
2026-05-25 04:39:00+00:00,1.1639,1.1639,1.16381,1.16381,0
2026-05-25 04:40:00+00:00,1.16383,1.16398,1.16381,1.16391,0
2026-05-25 04:41:00+00:00,1.16392,1.16395,1.16391,1.16391,0
2026-05-25 04:42:00+00:00,1.16392,1.16397,1.16389,1.16397,0
2026-05-25 04:43:00+00:00,1.16395,1.16396,1.16394,1.16395,0
2026-05-25 04:44:00+00:00,1.16395,1.164,1.16394,1.16399,0
2026-05-25 04:45:00+00:00,1.16399,1.16401,1.16399,1.16399,0
2026-05-25 04:46:00+00:00,1.164,1.16402,1.16399,1.16402,0
2026-05-25 04:47:00+00:00,1.16405,1.16412,1.16405,1.16409,0
2026-05-25 04:48:00+00:00,1.1641,1.1642,1.1641,1.16418,0
2026-05-25 04:49:00+00:00,1.16418,1.16418,1.16414,1.16415,0
2026-05-25 04:50:00+00:00,1.16415,1.1642,1.16415,1.1642,0
2026-05-25 04:51:00+00:00,1.16419,1.16434,1.16419,1.16428,0
2026-05-25 04:52:00+00:00,1.16428,1.1643,1.16422,1.16422,0
2026-05-25 04:53:00+00:00,1.16422,1.16426,1.16421,1.16426,0
2026-05-25 04:54:00+00:00,1.16426,1.16431,1.16426,1.16427,0
2026-05-25 04:55:00+00:00,1.16429,1.16435,1.16429,1.16434,0
2026-05-25 04:56:00+00:00,1.16435,1.16436,1.1643,1.16431,0
2026-05-25 04:57:00+00:00,1.1643,1.16434,1.1643,1.16432,0
2026-05-25 04:58:00+00:00,1.16431,1.16436,1.16423,1.16424,0
2026-05-25 04:59:00+00:00,1.16424,1.16426,1.16418,1.16418,0
2026-05-25 05:00:00+00:00,1.16418,1.16427,1.16417,1.16421,0
2026-05-25 05:01:00+00:00,1.1642,1.16431,1.1642,1.1643,0
2026-05-25 05:02:00+00:00,1.16428,1.16435,1.16428,1.16435,0
2026-05-25 05:03:00+00:00,1.16435,1.16435,1.16424,1.16427,0
2026-05-25 05:04:00+00:00,1.16425,1.16427,1.16423,1.16425,0
2026-05-25 05:05:00+00:00,1.16423,1.16427,1.16422,1.16426,0
2026-05-25 05:06:00+00:00,1.16428,1.16433,1.16426,1.1643,0
2026-05-25 05:07:00+00:00,1.16433,1.16439,1.16433,1.16436,0
2026-05-25 05:08:00+00:00,1.16436,1.16439,1.16431,1.16431,0
2026-05-25 05:09:00+00:00,1.16433,1.16436,1.16429,1.16432,0
2026-05-25 05:10:00+00:00,1.16432,1.16436,1.16432,1.16434,0
2026-05-25 05:11:00+00:00,1.16435,1.1644,1.16434,1.16439,0
2026-05-25 05:12:00+00:00,1.16441,1.16451,1.1641,1.16411,0
2026-05-25 05:13:00+00:00,1.16412,1.16422,1.16412,1.16418,0
2026-05-25 05:14:00+00:00,1.16421,1.1643,1.1642,1.1643,0
2026-05-25 05:15:00+00:00,1.16428,1.16431,1.16426,1.1643,0
2026-05-25 05:16:00+00:00,1.1643,1.16434,1.16429,1.16432,0
2026-05-25 05:17:00+00:00,1.16432,1.16435,1.16426,1.1643,0
2026-05-25 05:18:00+00:00,1.16432,1.16436,1.1643,1.16436,0
2026-05-25 05:19:00+00:00,1.16435,1.16435,1.16432,1.16433,0
2026-05-25 05:20:00+00:00,1.16432,1.16435,1.16432,1.16435,0
2026-05-25 05:21:00+00:00,1.16432,1.16432,1.16425,1.16428,0
2026-05-25 05:22:00+00:00,1.16429,1.16432,1.16428,1.16428,0
2026-05-25 05:23:00+00:00,1.16428,1.16432,1.16427,1.16427,0
2026-05-25 05:24:00+00:00,1.16427,1.1643,1.16427,1.16427,0
2026-05-25 05:25:00+00:00,1.16426,1.16428,1.16422,1.16427,0
2026-05-25 05:26:00+00:00,1.16427,1.1643,1.16422,1.16423,0
2026-05-25 05:27:00+00:00,1.16423,1.16424,1.1642,1.1642,0
2026-05-25 05:28:00+00:00,1.16421,1.16428,1.16421,1.16427,0
2026-05-25 05:29:00+00:00,1.16426,1.16432,1.16426,1.16432,0
2026-05-25 05:30:00+00:00,1.16431,1.16432,1.16425,1.16428,0
2026-05-25 05:31:00+00:00,1.16426,1.16431,1.16425,1.16426,0
2026-05-25 05:32:00+00:00,1.16425,1.16433,1.16425,1.16431,0
2026-05-25 05:33:00+00:00,1.16433,1.16441,1.16432,1.16436,0
2026-05-25 05:34:00+00:00,1.16435,1.16443,1.16431,1.16433,0
2026-05-25 05:35:00+00:00,1.16432,1.16434,1.1643,1.16432,0
2026-05-25 05:36:00+00:00,1.16431,1.16438,1.1643,1.16436,0
2026-05-25 05:37:00+00:00,1.16437,1.16443,1.16436,1.16443,0
2026-05-25 05:38:00+00:00,1.16443,1.16447,1.16441,1.16447,0
2026-05-25 05:39:00+00:00,1.16447,1.16448,1.16443,1.16445,0
2026-05-25 05:40:00+00:00,1.16444,1.16444,1.16431,1.16433,0
2026-05-25 05:41:00+00:00,1.16432,1.16434,1.16428,1.16429,0
2026-05-25 05:42:00+00:00,1.16428,1.16428,1.16421,1.16422,0
2026-05-25 05:43:00+00:00,1.16422,1.16428,1.16422,1.16424,0
2026-05-25 05:44:00+00:00,1.16426,1.16429,1.16426,1.16428,0
2026-05-25 05:45:00+00:00,1.16428,1.16437,1.16428,1.16436,0
2026-05-25 05:46:00+00:00,1.16436,1.16439,1.16432,1.16432,0
2026-05-25 05:47:00+00:00,1.16433,1.16437,1.16429,1.16429,0
2026-05-25 05:48:00+00:00,1.1643,1.1643,1.1642,1.16421,0
2026-05-25 05:49:00+00:00,1.16419,1.16419,1.16415,1.16416,0
2026-05-25 05:50:00+00:00,1.16415,1.16419,1.16412,1.16412,0
2026-05-25 05:51:00+00:00,1.16411,1.16415,1.1641,1.16414,0
2026-05-25 05:52:00+00:00,1.16413,1.16413,1.16404,1.16405,0
2026-05-25 05:53:00+00:00,1.16408,1.16412,1.16407,1.16411,0
2026-05-25 05:54:00+00:00,1.16411,1.16412,1.16409,1.16412,0
2026-05-25 05:55:00+00:00,1.16412,1.16412,1.16403,1.16405,0
2026-05-25 05:56:00+00:00,1.16407,1.16407,1.16387,1.16387,0
2026-05-25 05:57:00+00:00,1.16387,1.16389,1.1638,1.16386,0
2026-05-25 05:58:00+00:00,1.16387,1.16388,1.1638,1.16386,0
2026-05-25 05:59:00+00:00,1.16386,1.16396,1.16383,1.16391,0
2026-05-25 06:00:00+00:00,1.1639,1.16394,1.1638,1.16388,0
2026-05-25 06:01:00+00:00,1.16391,1.16398,1.16387,1.1639,0
2026-05-25 06:02:00+00:00,1.16392,1.16392,1.16381,1.16385,0
2026-05-25 06:03:00+00:00,1.16385,1.16388,1.1638,1.16385,0
2026-05-25 06:04:00+00:00,1.16386,1.16388,1.16382,1.16385,0
2026-05-25 06:05:00+00:00,1.16383,1.16386,1.1638,1.16386,0
2026-05-25 06:06:00+00:00,1.16388,1.16392,1.16384,1.16387,0
2026-05-25 06:07:00+00:00,1.16388,1.16392,1.16387,1.1639,0
2026-05-25 06:08:00+00:00,1.16391,1.16398,1.16389,1.1639,0
2026-05-25 06:09:00+00:00,1.16392,1.16392,1.16383,1.16385,0
2026-05-25 06:10:00+00:00,1.16386,1.16399,1.16386,1.16396,0
2026-05-25 06:11:00+00:00,1.16396,1.16402,1.16396,1.164,0
2026-05-25 06:12:00+00:00,1.16402,1.16402,1.16399,1.164,0
2026-05-25 06:13:00+00:00,1.16402,1.16406,1.16401,1.16402,0
2026-05-25 06:14:00+00:00,1.16404,1.16406,1.16402,1.16405,0
2026-05-25 06:15:00+00:00,1.16405,1.16406,1.16398,1.164,0
2026-05-25 06:16:00+00:00,1.16403,1.16403,1.16391,1.16392,0
2026-05-25 06:17:00+00:00,1.16393,1.16393,1.16385,1.16391,0
2026-05-25 06:18:00+00:00,1.16392,1.16393,1.1639,1.16391,0
2026-05-25 06:19:00+00:00,1.16388,1.16388,1.16384,1.16385,0
2026-05-25 06:20:00+00:00,1.16385,1.16387,1.16377,1.1638,0
2026-05-25 06:21:00+00:00,1.16381,1.16381,1.16377,1.16378,0
2026-05-25 06:22:00+00:00,1.16377,1.16381,1.16375,1.16381,0
2026-05-25 06:23:00+00:00,1.16382,1.16394,1.16382,1.16394,0
2026-05-25 06:24:00+00:00,1.16392,1.16399,1.16391,1.16398,0
2026-05-25 06:25:00+00:00,1.164,1.16412,1.164,1.16404,0
2026-05-25 06:26:00+00:00,1.16406,1.16412,1.16405,1.16407,0
2026-05-25 06:27:00+00:00,1.16407,1.16408,1.16399,1.16401,0
2026-05-25 06:28:00+00:00,1.16402,1.16404,1.16396,1.16397,0
2026-05-25 06:29:00+00:00,1.16397,1.16398,1.16382,1.16388,0
2026-05-25 06:30:00+00:00,1.16387,1.16387,1.16375,1.16382,0
2026-05-25 06:31:00+00:00,1.16382,1.16396,1.16379,1.16396,0
2026-05-25 06:32:00+00:00,1.16395,1.16399,1.16388,1.16389,0
2026-05-25 06:33:00+00:00,1.1639,1.16404,1.1639,1.16397,0
2026-05-25 06:34:00+00:00,1.16398,1.16411,1.16396,1.16409,0
2026-05-25 06:35:00+00:00,1.16412,1.16421,1.16409,1.1642,0
2026-05-25 06:36:00+00:00,1.16421,1.16426,1.16415,1.16416,0
2026-05-25 06:37:00+00:00,1.16415,1.16415,1.16404,1.16406,0
2026-05-25 06:38:00+00:00,1.16406,1.16411,1.16406,1.16409,0
2026-05-25 06:39:00+00:00,1.16408,1.16421,1.16408,1.16413,0
2026-05-25 06:40:00+00:00,1.16413,1.16413,1.16406,1.16411,0
2026-05-25 06:41:00+00:00,1.16411,1.16413,1.16408,1.16408,0
2026-05-25 06:42:00+00:00,1.1641,1.16413,1.16406,1.16412,0
2026-05-25 06:43:00+00:00,1.16411,1.16412,1.16406,1.16406,0
2026-05-25 06:44:00+00:00,1.16406,1.16408,1.16405,1.16406,0
2026-05-25 06:45:00+00:00,1.16406,1.16417,1.16405,1.16415,0
2026-05-25 06:46:00+00:00,1.16416,1.16427,1.16415,1.16427,0
2026-05-25 06:47:00+00:00,1.16428,1.16433,1.16426,1.16426,0
2026-05-25 06:48:00+00:00,1.16425,1.16428,1.1642,1.16426,0
2026-05-25 06:49:00+00:00,1.16426,1.16432,1.16425,1.1643,0
2026-05-25 06:50:00+00:00,1.1643,1.16431,1.16428,1.1643,0
2026-05-25 06:51:00+00:00,1.16429,1.16435,1.16426,1.16433,0
2026-05-25 06:52:00+00:00,1.16432,1.16432,1.16422,1.16426,0
2026-05-25 06:53:00+00:00,1.16431,1.16442,1.16429,1.16442,0
2026-05-25 06:54:00+00:00,1.16442,1.16445,1.16432,1.16438,0
2026-05-25 06:55:00+00:00,1.16438,1.16441,1.16427,1.16429,0
2026-05-25 06:56:00+00:00,1.1643,1.1643,1.16424,1.16424,0
2026-05-25 06:57:00+00:00,1.16423,1.16423,1.16398,1.16403,0
2026-05-25 06:58:00+00:00,1.16401,1.16406,1.16399,1.16402,0
2026-05-25 06:59:00+00:00,1.16402,1.16412,1.16398,1.16408,0
2026-05-25 07:00:00+00:00,1.16408,1.16418,1.16401,1.16406,0
2026-05-25 07:01:00+00:00,1.16405,1.16413,1.16405,1.1641,0
2026-05-25 07:02:00+00:00,1.16409,1.16418,1.16403,1.16416,0
2026-05-25 07:03:00+00:00,1.16415,1.16418,1.16407,1.16409,0
2026-05-25 07:04:00+00:00,1.16412,1.16418,1.1641,1.16411,0
2026-05-25 07:05:00+00:00,1.1641,1.1641,1.16406,1.16407,0
2026-05-25 07:06:00+00:00,1.16406,1.16406,1.16379,1.16383,0
2026-05-25 07:07:00+00:00,1.16382,1.16385,1.16374,1.16375,0
2026-05-25 07:08:00+00:00,1.16374,1.16374,1.16361,1.16361,0
2026-05-25 07:09:00+00:00,1.16362,1.16378,1.16355,1.16375,0
2026-05-25 07:10:00+00:00,1.16375,1.16375,1.16362,1.16372,0
2026-05-25 07:11:00+00:00,1.16372,1.16381,1.16371,1.1638,0
2026-05-25 07:12:00+00:00,1.16378,1.16381,1.16376,1.16376,0
2026-05-25 07:13:00+00:00,1.16374,1.16377,1.1637,1.16371,0
2026-05-25 07:14:00+00:00,1.16372,1.16372,1.16365,1.16368,0
2026-05-25 07:15:00+00:00,1.16368,1.1637,1.16362,1.16366,0
2026-05-25 07:16:00+00:00,1.16366,1.16367,1.16361,1.16361,0
2026-05-25 07:17:00+00:00,1.16361,1.16361,1.16343,1.16345,0
2026-05-25 07:18:00+00:00,1.16343,1.16347,1.16297,1.16299,0
2026-05-25 07:19:00+00:00,1.16299,1.16322,1.16296,1.16308,0
2026-05-25 07:20:00+00:00,1.16307,1.16317,1.163,1.16305,0
2026-05-25 07:21:00+00:00,1.16305,1.16317,1.16305,1.16315,0
2026-05-25 07:22:00+00:00,1.16314,1.16326,1.16308,1.16313,0
2026-05-25 07:23:00+00:00,1.16313,1.16322,1.16312,1.16316,0
2026-05-25 07:24:00+00:00,1.16319,1.16334,1.16316,1.16329,0
2026-05-25 07:25:00+00:00,1.16331,1.16334,1.16322,1.16333,0
2026-05-25 07:26:00+00:00,1.16333,1.16344,1.16331,1.16342,0
2026-05-25 07:27:00+00:00,1.16343,1.16345,1.16338,1.16341,0
2026-05-25 07:28:00+00:00,1.16341,1.16341,1.16337,1.16337,0
2026-05-25 07:29:00+00:00,1.1634,1.16341,1.16335,1.16337,0
2026-05-25 07:30:00+00:00,1.16338,1.16342,1.16335,1.16335,0
2026-05-25 07:31:00+00:00,1.16334,1.1635,1.16334,1.16349,0
2026-05-25 07:32:00+00:00,1.16348,1.16372,1.16348,1.16368,0
2026-05-25 07:33:00+00:00,1.16366,1.1638,1.16354,1.16356,0
2026-05-25 07:34:00+00:00,1.16357,1.16357,1.16336,1.16343,0
2026-05-25 07:35:00+00:00,1.16344,1.16356,1.16343,1.1635,0
2026-05-25 07:36:00+00:00,1.16351,1.16363,1.16351,1.16353,0
2026-05-25 07:37:00+00:00,1.16353,1.16356,1.16345,1.16351,0
2026-05-25 07:38:00+00:00,1.1635,1.16352,1.16345,1.16348,0
2026-05-25 07:39:00+00:00,1.16348,1.16352,1.16345,1.16346,0
2026-05-25 07:40:00+00:00,1.16345,1.16351,1.16345,1.16351,0
2026-05-25 07:41:00+00:00,1.16351,1.16358,1.16351,1.16358,0
2026-05-25 07:42:00+00:00,1.16356,1.16363,1.16355,1.1636,0
2026-05-25 07:43:00+00:00,1.16362,1.16362,1.16349,1.16354,0
2026-05-25 07:44:00+00:00,1.16355,1.16359,1.16351,1.16355,0
2026-05-25 07:45:00+00:00,1.16355,1.16362,1.16354,1.16356,0
2026-05-25 07:46:00+00:00,1.16356,1.16357,1.16339,1.16343,0
2026-05-25 07:47:00+00:00,1.16341,1.16349,1.16337,1.16345,0
2026-05-25 07:48:00+00:00,1.16345,1.16349,1.16341,1.16342,0
2026-05-25 07:49:00+00:00,1.16342,1.16346,1.16342,1.16344,0
2026-05-25 07:50:00+00:00,1.16346,1.1635,1.16341,1.16348,0
2026-05-25 07:51:00+00:00,1.16347,1.16351,1.16344,1.16345,0
2026-05-25 07:52:00+00:00,1.16342,1.16357,1.16341,1.16357,0
2026-05-25 07:53:00+00:00,1.16356,1.16358,1.16347,1.16349,0
2026-05-25 07:54:00+00:00,1.16349,1.16351,1.16344,1.16347,0
2026-05-25 07:55:00+00:00,1.16349,1.16353,1.16349,1.1635,0
2026-05-25 07:56:00+00:00,1.1635,1.16353,1.16347,1.16349,0
2026-05-25 07:57:00+00:00,1.1635,1.16363,1.1635,1.16362,0
2026-05-25 07:58:00+00:00,1.16363,1.16367,1.16356,1.16363,0
2026-05-25 07:59:00+00:00,1.16363,1.16375,1.16362,1.16373,0
2026-05-25 08:00:00+00:00,1.16374,1.16377,1.16338,1.16339,0
2026-05-25 08:01:00+00:00,1.16341,1.16348,1.16341,1.16341,0
2026-05-25 08:02:00+00:00,1.16342,1.16342,1.16329,1.1633,0
2026-05-25 08:03:00+00:00,1.1633,1.16347,1.1633,1.16343,0
2026-05-25 08:04:00+00:00,1.16343,1.16352,1.16343,1.16347,0
2026-05-25 08:05:00+00:00,1.16347,1.16352,1.16346,1.16347,0
2026-05-25 08:06:00+00:00,1.16347,1.16366,1.16347,1.16366,0
2026-05-25 08:07:00+00:00,1.16366,1.16381,1.16363,1.16381,0
2026-05-25 08:08:00+00:00,1.16382,1.16388,1.1638,1.16385,0
2026-05-25 08:09:00+00:00,1.16385,1.16391,1.16379,1.16389,0
2026-05-25 08:10:00+00:00,1.16391,1.16402,1.16391,1.16402,0
2026-05-25 08:11:00+00:00,1.16402,1.16404,1.16395,1.16395,0
2026-05-25 08:12:00+00:00,1.16394,1.16397,1.16393,1.16394,0
2026-05-25 08:13:00+00:00,1.16395,1.16397,1.16392,1.16397,0
2026-05-25 08:14:00+00:00,1.16396,1.16402,1.16391,1.16392,0
2026-05-25 08:15:00+00:00,1.16391,1.16395,1.16385,1.16387,0
2026-05-25 08:16:00+00:00,1.16387,1.16389,1.16387,1.16388,0
2026-05-25 08:17:00+00:00,1.16388,1.16392,1.16387,1.16392,0
2026-05-25 08:18:00+00:00,1.1639,1.16392,1.16386,1.16392,0
2026-05-25 08:19:00+00:00,1.16391,1.16395,1.16389,1.16392,0
2026-05-25 08:20:00+00:00,1.16393,1.16403,1.16393,1.16395,0
2026-05-25 08:21:00+00:00,1.16394,1.16396,1.16391,1.16396,0
2026-05-25 08:22:00+00:00,1.16397,1.16397,1.16385,1.16387,0
2026-05-25 08:23:00+00:00,1.16386,1.16389,1.16382,1.16388,0
2026-05-25 08:24:00+00:00,1.16387,1.16391,1.16387,1.16387,0
2026-05-25 08:25:00+00:00,1.1639,1.16392,1.16386,1.16391,0
2026-05-25 08:26:00+00:00,1.16393,1.16397,1.16389,1.16396,0
2026-05-25 08:27:00+00:00,1.16395,1.16403,1.16394,1.16401,0
2026-05-25 08:28:00+00:00,1.164,1.16402,1.16396,1.164,0
2026-05-25 08:29:00+00:00,1.16401,1.16407,1.16399,1.16402,0
2026-05-25 08:30:00+00:00,1.16404,1.16423,1.164,1.16423,0
2026-05-25 08:31:00+00:00,1.16421,1.16428,1.16419,1.16428,0
2026-05-25 08:32:00+00:00,1.16427,1.16434,1.16427,1.16432,0
2026-05-25 08:33:00+00:00,1.16434,1.16436,1.1643,1.16436,0
2026-05-25 08:34:00+00:00,1.16435,1.16435,1.16426,1.16432,0
2026-05-25 08:35:00+00:00,1.16433,1.16441,1.1643,1.1643,0
2026-05-25 08:36:00+00:00,1.16429,1.16429,1.16416,1.16419,0
2026-05-25 08:37:00+00:00,1.1642,1.1643,1.16419,1.16426,0
2026-05-25 08:38:00+00:00,1.16425,1.16432,1.16424,1.16424,0
2026-05-25 08:39:00+00:00,1.16425,1.16433,1.16421,1.16433,0
2026-05-25 08:40:00+00:00,1.16433,1.1644,1.16431,1.16436,0
2026-05-25 08:41:00+00:00,1.16438,1.16442,1.16432,1.16438,0
2026-05-25 08:42:00+00:00,1.16439,1.16441,1.16432,1.16432,0
2026-05-25 08:43:00+00:00,1.16432,1.16435,1.16421,1.16422,0
2026-05-25 08:44:00+00:00,1.16421,1.16425,1.16419,1.16423,0
2026-05-25 08:45:00+00:00,1.16422,1.16428,1.1642,1.16428,0
2026-05-25 08:46:00+00:00,1.16428,1.16429,1.16423,1.16427,0
2026-05-25 08:47:00+00:00,1.16427,1.16429,1.16426,1.16428,0
2026-05-25 08:48:00+00:00,1.16429,1.16433,1.16428,1.16431,0
2026-05-25 08:49:00+00:00,1.16431,1.16438,1.1643,1.16436,0
2026-05-25 08:50:00+00:00,1.16436,1.16436,1.16422,1.16422,0
2026-05-25 08:51:00+00:00,1.16421,1.16432,1.1642,1.16428,0
2026-05-25 08:52:00+00:00,1.16426,1.16429,1.16423,1.16427,0
2026-05-25 08:53:00+00:00,1.1643,1.16432,1.16427,1.16428,0
2026-05-25 08:54:00+00:00,1.16429,1.16438,1.16427,1.16437,0
2026-05-25 08:55:00+00:00,1.16437,1.16438,1.16429,1.1643,0
2026-05-25 08:56:00+00:00,1.16431,1.16431,1.16422,1.16425,0
2026-05-25 08:57:00+00:00,1.16425,1.16438,1.16424,1.16435,0
2026-05-25 08:58:00+00:00,1.16437,1.16442,1.16434,1.16437,0
2026-05-25 08:59:00+00:00,1.16439,1.16441,1.16435,1.16435,0
2026-05-25 09:00:00+00:00,1.16436,1.16439,1.16434,1.16436,0
2026-05-25 09:01:00+00:00,1.16436,1.16448,1.16436,1.16448,0
2026-05-25 09:02:00+00:00,1.16449,1.16451,1.16442,1.16446,0
2026-05-25 09:03:00+00:00,1.16447,1.16447,1.16441,1.16441,0
2026-05-25 09:04:00+00:00,1.16442,1.16443,1.16439,1.16442,0
2026-05-25 09:05:00+00:00,1.16439,1.16446,1.16436,1.16445,0
2026-05-25 09:06:00+00:00,1.16446,1.1645,1.16432,1.16432,0
2026-05-25 09:07:00+00:00,1.16433,1.16433,1.1643,1.1643,0
2026-05-25 09:08:00+00:00,1.1643,1.1643,1.16421,1.16421,0
2026-05-25 09:09:00+00:00,1.16423,1.16424,1.16421,1.16421,0
2026-05-25 09:10:00+00:00,1.16419,1.16432,1.16419,1.16432,0
2026-05-25 09:11:00+00:00,1.16433,1.16434,1.16431,1.16432,0
2026-05-25 09:12:00+00:00,1.16432,1.16434,1.16426,1.16429,0
2026-05-25 09:13:00+00:00,1.16429,1.16429,1.16413,1.16419,0
2026-05-25 09:14:00+00:00,1.16418,1.16418,1.1641,1.16413,0
2026-05-25 09:15:00+00:00,1.16414,1.16416,1.16405,1.16405,0
2026-05-25 09:16:00+00:00,1.16406,1.1642,1.16403,1.1642,0
2026-05-25 09:17:00+00:00,1.16419,1.1642,1.16417,1.1642,0
2026-05-25 09:18:00+00:00,1.1642,1.16421,1.16417,1.16421,0
2026-05-25 09:19:00+00:00,1.16422,1.16425,1.16417,1.16424,0
2026-05-25 09:20:00+00:00,1.16426,1.16428,1.16424,1.16426,0
2026-05-25 09:21:00+00:00,1.16425,1.16426,1.1642,1.16422,0
2026-05-25 09:22:00+00:00,1.16422,1.16425,1.16422,1.16422,0
2026-05-25 09:23:00+00:00,1.16422,1.16422,1.16417,1.16422,0
2026-05-25 09:24:00+00:00,1.16424,1.1643,1.16424,1.16426,0
2026-05-25 09:25:00+00:00,1.16426,1.16428,1.16426,1.16428,0
2026-05-25 09:26:00+00:00,1.16428,1.16433,1.16427,1.16431,0
2026-05-25 09:27:00+00:00,1.16432,1.16437,1.16432,1.16436,0
2026-05-25 09:28:00+00:00,1.16436,1.16437,1.1643,1.16432,0
2026-05-25 09:29:00+00:00,1.16431,1.16431,1.16422,1.16422,0
2026-05-25 09:30:00+00:00,1.16423,1.16425,1.16419,1.16425,0
2026-05-25 09:31:00+00:00,1.16425,1.16428,1.16424,1.16428,0
2026-05-25 09:32:00+00:00,1.16429,1.16431,1.16428,1.1643,0
2026-05-25 09:33:00+00:00,1.1643,1.1643,1.16427,1.16427,0
2026-05-25 09:34:00+00:00,1.16429,1.1643,1.16424,1.16424,0
2026-05-25 09:35:00+00:00,1.16424,1.16425,1.16421,1.16425,0
2026-05-25 09:36:00+00:00,1.16426,1.16427,1.1642,1.1642,0
2026-05-25 09:37:00+00:00,1.16423,1.16426,1.16422,1.16426,0
2026-05-25 09:38:00+00:00,1.16425,1.16426,1.16424,1.16426,0
2026-05-25 09:39:00+00:00,1.16426,1.1643,1.16421,1.1643,0
2026-05-25 09:40:00+00:00,1.16431,1.16435,1.1643,1.16434,0
2026-05-25 09:41:00+00:00,1.16435,1.16438,1.16432,1.16433,0
2026-05-25 09:42:00+00:00,1.16432,1.16439,1.16432,1.16439,0
2026-05-25 09:43:00+00:00,1.1644,1.16441,1.16438,1.16441,0
2026-05-25 09:44:00+00:00,1.16442,1.16447,1.16442,1.16446,0
2026-05-25 09:45:00+00:00,1.16447,1.16447,1.16433,1.16434,0
2026-05-25 09:46:00+00:00,1.16433,1.16442,1.16433,1.16439,0
2026-05-25 09:47:00+00:00,1.1644,1.1644,1.16436,1.16437,0
2026-05-25 09:48:00+00:00,1.16436,1.16436,1.16421,1.16422,0
2026-05-25 09:49:00+00:00,1.16423,1.16425,1.16423,1.16424,0
2026-05-25 09:50:00+00:00,1.16423,1.16428,1.1642,1.16423,0
2026-05-25 09:51:00+00:00,1.16423,1.16424,1.16418,1.16418,0
2026-05-25 09:52:00+00:00,1.16418,1.16418,1.16413,1.16415,0
2026-05-25 09:53:00+00:00,1.16416,1.16421,1.16416,1.1642,0
2026-05-25 09:54:00+00:00,1.16422,1.16422,1.1642,1.1642,0
2026-05-25 09:55:00+00:00,1.16422,1.16422,1.16416,1.16419,0
2026-05-25 09:56:00+00:00,1.1642,1.16422,1.16419,1.16421,0
2026-05-25 09:57:00+00:00,1.16422,1.16422,1.16415,1.16415,0
2026-05-25 09:58:00+00:00,1.16415,1.16415,1.16405,1.16405,0
2026-05-25 09:59:00+00:00,1.16403,1.16414,1.16403,1.16414,0
2026-05-25 10:00:00+00:00,1.16413,1.16423,1.16411,1.1642,0
2026-05-25 10:01:00+00:00,1.16422,1.16426,1.1642,1.16424,0
2026-05-25 10:02:00+00:00,1.16426,1.16428,1.16425,1.16427,0
2026-05-25 10:03:00+00:00,1.16427,1.16427,1.1642,1.16422,0
2026-05-25 10:04:00+00:00,1.16422,1.16426,1.1642,1.16426,0
2026-05-25 10:05:00+00:00,1.16424,1.16428,1.16424,1.16428,0
2026-05-25 10:06:00+00:00,1.16427,1.16428,1.16421,1.16421,0
2026-05-25 10:07:00+00:00,1.16423,1.16431,1.16423,1.16428,0
2026-05-25 10:08:00+00:00,1.16428,1.16429,1.1642,1.16424,0
2026-05-25 10:09:00+00:00,1.16426,1.16431,1.16425,1.16431,0
2026-05-25 10:10:00+00:00,1.1643,1.16431,1.16426,1.16426,0
2026-05-25 10:11:00+00:00,1.16426,1.16431,1.16426,1.16428,0
2026-05-25 10:12:00+00:00,1.16428,1.16432,1.16427,1.16427,0
2026-05-25 10:13:00+00:00,1.16425,1.16429,1.16422,1.16425,0
2026-05-25 10:14:00+00:00,1.16425,1.16425,1.16422,1.16425,0
2026-05-25 10:15:00+00:00,1.16426,1.1643,1.16426,1.1643,0
2026-05-25 10:16:00+00:00,1.1643,1.16434,1.16429,1.16432,0
2026-05-25 10:17:00+00:00,1.16431,1.16443,1.16431,1.16442,0
2026-05-25 10:18:00+00:00,1.16439,1.1644,1.16435,1.1644,0
2026-05-25 10:19:00+00:00,1.16439,1.16441,1.16437,1.16438,0
2026-05-25 10:20:00+00:00,1.16435,1.16435,1.16427,1.16427,0
2026-05-25 10:21:00+00:00,1.16428,1.16435,1.16427,1.16432,0
2026-05-25 10:22:00+00:00,1.16432,1.16432,1.16429,1.1643,0
2026-05-25 10:23:00+00:00,1.16431,1.16431,1.16426,1.16428,0
2026-05-25 10:24:00+00:00,1.16427,1.16427,1.16426,1.16426,0
2026-05-25 10:25:00+00:00,1.16425,1.16426,1.16419,1.16422,0
2026-05-25 10:26:00+00:00,1.16421,1.16425,1.16419,1.16424,0
2026-05-25 10:27:00+00:00,1.16425,1.16427,1.16421,1.16425,0
2026-05-25 10:28:00+00:00,1.16425,1.16425,1.16421,1.16424,0
2026-05-25 10:29:00+00:00,1.16425,1.16425,1.16418,1.16418,0
2026-05-25 10:30:00+00:00,1.16417,1.16421,1.16415,1.16421,0
2026-05-25 10:31:00+00:00,1.16422,1.16422,1.16421,1.16421,0
2026-05-25 10:32:00+00:00,1.16422,1.16423,1.16413,1.16414,0
2026-05-25 10:33:00+00:00,1.16416,1.16419,1.16416,1.16417,0
2026-05-25 10:34:00+00:00,1.16418,1.16419,1.16415,1.16416,0
2026-05-25 10:35:00+00:00,1.16417,1.16417,1.16415,1.16416,0
2026-05-25 10:36:00+00:00,1.16415,1.16421,1.16413,1.16421,0
2026-05-25 10:37:00+00:00,1.16423,1.16423,1.16418,1.16423,0
2026-05-25 10:38:00+00:00,1.1642,1.16422,1.1642,1.16421,0
2026-05-25 10:39:00+00:00,1.16421,1.16428,1.16421,1.16426,0
2026-05-25 10:40:00+00:00,1.16427,1.16431,1.16427,1.16427,0
2026-05-25 10:41:00+00:00,1.16428,1.16432,1.16425,1.16432,0
2026-05-25 10:42:00+00:00,1.16432,1.16432,1.16427,1.16427,0
2026-05-25 10:43:00+00:00,1.16428,1.1643,1.16427,1.1643,0
2026-05-25 10:44:00+00:00,1.1643,1.16438,1.1643,1.16436,0
2026-05-25 10:45:00+00:00,1.16438,1.16438,1.16431,1.16432,0
2026-05-25 10:46:00+00:00,1.16434,1.16435,1.16429,1.1643,0
2026-05-25 10:47:00+00:00,1.1643,1.16432,1.16429,1.16431,0
2026-05-25 10:48:00+00:00,1.16433,1.16433,1.1643,1.1643,0
2026-05-25 10:49:00+00:00,1.16431,1.16431,1.16431,1.16431,0
2026-05-25 10:50:00+00:00,1.16432,1.16433,1.16432,1.16432,0
2026-05-25 10:51:00+00:00,1.16433,1.16433,1.1643,1.16432,0
2026-05-25 10:52:00+00:00,1.1643,1.16433,1.16427,1.16429,0
2026-05-25 10:53:00+00:00,1.16428,1.1643,1.16427,1.16429,0
2026-05-25 10:54:00+00:00,1.1643,1.1643,1.16422,1.16422,0
2026-05-25 10:55:00+00:00,1.16422,1.16422,1.16421,1.16422,0
2026-05-25 10:56:00+00:00,1.1642,1.16421,1.16418,1.16421,0
2026-05-25 10:57:00+00:00,1.16419,1.16424,1.16417,1.16417,0
2026-05-25 10:58:00+00:00,1.16416,1.16428,1.16416,1.16428,0
2026-05-25 10:59:00+00:00,1.1643,1.16433,1.16425,1.16427,0
2026-05-25 11:00:00+00:00,1.16429,1.1643,1.16421,1.16421,0
2026-05-25 11:01:00+00:00,1.16423,1.16424,1.16421,1.16421,0
2026-05-25 11:02:00+00:00,1.16425,1.16426,1.16416,1.16416,0
2026-05-25 11:03:00+00:00,1.16416,1.16417,1.16415,1.16416,0
2026-05-25 11:04:00+00:00,1.16417,1.1642,1.16415,1.16417,0
2026-05-25 11:05:00+00:00,1.16416,1.16417,1.16411,1.16411,0
2026-05-25 11:06:00+00:00,1.16412,1.16412,1.16402,1.16406,0
2026-05-25 11:07:00+00:00,1.16407,1.16407,1.16404,1.16407,0
2026-05-25 11:08:00+00:00,1.16406,1.16408,1.16405,1.16407,0
2026-05-25 11:09:00+00:00,1.16406,1.16415,1.16406,1.16412,0
2026-05-25 11:10:00+00:00,1.16413,1.16418,1.16413,1.16417,0
2026-05-25 11:11:00+00:00,1.16417,1.16418,1.16415,1.16418,0
2026-05-25 11:12:00+00:00,1.16416,1.16421,1.16413,1.16417,0
2026-05-25 11:13:00+00:00,1.16418,1.16421,1.16416,1.16417,0
2026-05-25 11:14:00+00:00,1.16418,1.16418,1.16417,1.16417,0
2026-05-25 11:15:00+00:00,1.16417,1.16421,1.16416,1.16417,0
2026-05-25 11:16:00+00:00,1.16417,1.16427,1.16417,1.16423,0
2026-05-25 11:17:00+00:00,1.16424,1.16432,1.16423,1.16431,0
2026-05-25 11:18:00+00:00,1.16433,1.16433,1.16428,1.16432,0
2026-05-25 11:19:00+00:00,1.16433,1.16437,1.16433,1.16436,0
2026-05-25 11:20:00+00:00,1.16436,1.16437,1.16433,1.16435,0
2026-05-25 11:21:00+00:00,1.16433,1.16442,1.16433,1.1644,0
2026-05-25 11:22:00+00:00,1.1644,1.16441,1.16439,1.16439,0
2026-05-25 11:23:00+00:00,1.1644,1.16442,1.16437,1.16437,0
2026-05-25 11:24:00+00:00,1.16438,1.1644,1.16437,1.16439,0
2026-05-25 11:25:00+00:00,1.16438,1.16443,1.16438,1.16442,0
2026-05-25 11:26:00+00:00,1.16443,1.16443,1.16435,1.16436,0
2026-05-25 11:27:00+00:00,1.16436,1.16447,1.16436,1.16437,0
2026-05-25 11:28:00+00:00,1.16438,1.16438,1.16434,1.16437,0
2026-05-25 11:29:00+00:00,1.16437,1.16445,1.16437,1.16443,0
2026-05-25 11:30:00+00:00,1.16443,1.16458,1.16443,1.16449,0
2026-05-25 11:31:00+00:00,1.16451,1.16454,1.1645,1.16451,0
2026-05-25 11:32:00+00:00,1.16454,1.16457,1.16443,1.16446,0
2026-05-25 11:33:00+00:00,1.16447,1.16465,1.16445,1.16446,0
2026-05-25 11:34:00+00:00,1.16445,1.16448,1.16443,1.16446,0
2026-05-25 11:35:00+00:00,1.16446,1.16449,1.16442,1.16447,0
2026-05-25 11:36:00+00:00,1.16449,1.16465,1.16448,1.16465,0
2026-05-25 11:37:00+00:00,1.16466,1.1647,1.16463,1.1647,0
2026-05-25 11:38:00+00:00,1.16469,1.16473,1.16466,1.16467,0
2026-05-25 11:39:00+00:00,1.1647,1.16484,1.16469,1.16483,0
2026-05-25 11:40:00+00:00,1.16484,1.16493,1.16484,1.16492,0
2026-05-25 11:41:00+00:00,1.16493,1.16493,1.16485,1.16489,0
2026-05-25 11:42:00+00:00,1.16488,1.16491,1.16485,1.1649,0
2026-05-25 11:43:00+00:00,1.16491,1.16494,1.1649,1.16492,0
2026-05-25 11:44:00+00:00,1.16492,1.16498,1.16492,1.16498,0
2026-05-25 11:45:00+00:00,1.16496,1.16506,1.16485,1.16485,0
2026-05-25 11:46:00+00:00,1.16485,1.16491,1.1648,1.16488,0
2026-05-25 11:47:00+00:00,1.16489,1.16496,1.1648,1.16481,0
2026-05-25 11:48:00+00:00,1.16481,1.16483,1.16475,1.16477,0
2026-05-25 11:49:00+00:00,1.16477,1.16477,1.1647,1.16471,0
2026-05-25 11:50:00+00:00,1.1647,1.16475,1.1647,1.16473,0
2026-05-25 11:51:00+00:00,1.16473,1.16474,1.16469,1.16472,0
2026-05-25 11:52:00+00:00,1.16472,1.16483,1.16472,1.16482,0
2026-05-25 11:53:00+00:00,1.16483,1.16484,1.1648,1.16481,0
2026-05-25 11:54:00+00:00,1.16482,1.16482,1.16474,1.16478,0
2026-05-25 11:55:00+00:00,1.16479,1.16479,1.16457,1.16466,0
2026-05-25 11:56:00+00:00,1.16465,1.16481,1.16465,1.16466,0
2026-05-25 11:57:00+00:00,1.16466,1.16467,1.16443,1.16449,0
2026-05-25 11:58:00+00:00,1.16448,1.16451,1.16442,1.16442,0
2026-05-25 11:59:00+00:00,1.16442,1.16442,1.16434,1.16437,0
2026-05-25 12:00:00+00:00,1.16438,1.1644,1.16425,1.16436,0
2026-05-25 12:01:00+00:00,1.16434,1.16437,1.16433,1.16435,0
2026-05-25 12:02:00+00:00,1.16434,1.16437,1.16429,1.16437,0
2026-05-25 12:03:00+00:00,1.16437,1.1644,1.16434,1.16434,0
2026-05-25 12:04:00+00:00,1.16435,1.16448,1.16434,1.16446,0
2026-05-25 12:05:00+00:00,1.16446,1.16447,1.16441,1.16441,0
2026-05-25 12:06:00+00:00,1.16441,1.16443,1.16434,1.16434,0
2026-05-25 12:07:00+00:00,1.16434,1.1644,1.16433,1.16438,0
2026-05-25 12:08:00+00:00,1.16438,1.16445,1.16434,1.16444,0
2026-05-25 12:09:00+00:00,1.16446,1.16446,1.16433,1.16433,0
2026-05-25 12:10:00+00:00,1.16432,1.16439,1.16431,1.16437,0
2026-05-25 12:11:00+00:00,1.16435,1.1644,1.16433,1.1644,0
2026-05-25 12:12:00+00:00,1.16442,1.16449,1.16437,1.16449,0
2026-05-25 12:13:00+00:00,1.16448,1.16463,1.16446,1.16461,0
2026-05-25 12:14:00+00:00,1.1646,1.16462,1.16455,1.16455,0
2026-05-25 12:15:00+00:00,1.16457,1.16457,1.16452,1.16453,0
2026-05-25 12:16:00+00:00,1.16454,1.16462,1.16454,1.16458,0
2026-05-25 12:17:00+00:00,1.16457,1.16463,1.16448,1.16449,0
2026-05-25 12:18:00+00:00,1.16447,1.16457,1.16446,1.16457,0
2026-05-25 12:19:00+00:00,1.16456,1.1646,1.16456,1.16456,0
2026-05-25 12:20:00+00:00,1.16457,1.16457,1.16441,1.16442,0
2026-05-25 12:21:00+00:00,1.16441,1.16446,1.16438,1.16442,0
2026-05-25 12:22:00+00:00,1.16442,1.16448,1.16442,1.16446,0
2026-05-25 12:23:00+00:00,1.16444,1.16467,1.16439,1.16454,0
2026-05-25 12:24:00+00:00,1.16456,1.16459,1.16446,1.1645,0
2026-05-25 12:25:00+00:00,1.16452,1.16456,1.16446,1.16448,0
2026-05-25 12:26:00+00:00,1.16447,1.16447,1.16435,1.16435,0
2026-05-25 12:27:00+00:00,1.16437,1.16444,1.16434,1.1644,0
2026-05-25 12:28:00+00:00,1.1644,1.16443,1.16437,1.1644,0
2026-05-25 12:29:00+00:00,1.16441,1.16442,1.16438,1.1644,0
2026-05-25 12:30:00+00:00,1.16439,1.16445,1.16439,1.16445,0
2026-05-25 12:31:00+00:00,1.16445,1.16479,1.16445,1.16477,0
2026-05-25 12:32:00+00:00,1.16479,1.16487,1.16479,1.16486,0
2026-05-25 12:33:00+00:00,1.16484,1.16486,1.16478,1.1648,0
2026-05-25 12:34:00+00:00,1.16481,1.16492,1.16481,1.16488,0
2026-05-25 12:35:00+00:00,1.16488,1.16488,1.1648,1.16486,0
2026-05-25 12:36:00+00:00,1.16487,1.16488,1.16479,1.16486,0
2026-05-25 12:37:00+00:00,1.16485,1.16489,1.16482,1.16485,0
2026-05-25 12:38:00+00:00,1.16486,1.16487,1.16478,1.16479,0
2026-05-25 12:39:00+00:00,1.16478,1.16482,1.16476,1.1648,0
2026-05-25 12:40:00+00:00,1.16481,1.16488,1.16479,1.16482,0
2026-05-25 12:41:00+00:00,1.16481,1.16487,1.16481,1.16486,0
2026-05-25 12:42:00+00:00,1.16485,1.16492,1.16483,1.16492,0
2026-05-25 12:43:00+00:00,1.16494,1.16494,1.16487,1.16493,0
2026-05-25 12:44:00+00:00,1.16492,1.16505,1.16492,1.16504,0
2026-05-25 12:45:00+00:00,1.16503,1.16513,1.16483,1.16511,0
2026-05-25 12:46:00+00:00,1.1651,1.16527,1.16508,1.16524,0
2026-05-25 12:47:00+00:00,1.16524,1.16524,1.16511,1.16512,0
2026-05-25 12:48:00+00:00,1.16512,1.16513,1.16502,1.16504,0
2026-05-25 12:49:00+00:00,1.16504,1.16504,1.16495,1.16497,0
2026-05-25 12:50:00+00:00,1.16496,1.16505,1.16491,1.16491,0
2026-05-25 12:51:00+00:00,1.16492,1.16496,1.16486,1.16487,0
2026-05-25 12:52:00+00:00,1.16485,1.16486,1.16476,1.16481,0
2026-05-25 12:53:00+00:00,1.1648,1.16481,1.16476,1.16479,0
2026-05-25 12:54:00+00:00,1.1648,1.16485,1.16476,1.16479,0
2026-05-25 12:55:00+00:00,1.16482,1.16486,1.16481,1.16486,0
2026-05-25 12:56:00+00:00,1.16484,1.16492,1.16483,1.16492,0
2026-05-25 12:57:00+00:00,1.16491,1.16492,1.16482,1.16482,0
2026-05-25 12:58:00+00:00,1.16479,1.16481,1.16474,1.16479,0
2026-05-25 12:59:00+00:00,1.16478,1.16483,1.16478,1.16481,0
2026-05-25 13:00:00+00:00,1.16481,1.16488,1.16478,1.16487,0
2026-05-25 13:01:00+00:00,1.16485,1.16492,1.16485,1.1649,0
2026-05-25 13:02:00+00:00,1.1649,1.16491,1.16483,1.16491,0
2026-05-25 13:03:00+00:00,1.16494,1.16496,1.16488,1.1649,0
2026-05-25 13:04:00+00:00,1.16491,1.16497,1.16484,1.16488,0
2026-05-25 13:05:00+00:00,1.16489,1.16491,1.16486,1.16491,0
2026-05-25 13:06:00+00:00,1.16489,1.16497,1.16486,1.16489,0
2026-05-25 13:07:00+00:00,1.16488,1.16496,1.16485,1.16493,0
2026-05-25 13:08:00+00:00,1.16494,1.16495,1.1649,1.1649,0
2026-05-25 13:09:00+00:00,1.16488,1.16494,1.16485,1.16492,0
2026-05-25 13:10:00+00:00,1.16491,1.16492,1.16488,1.1649,0
2026-05-25 13:11:00+00:00,1.16488,1.16491,1.16468,1.16468,0
2026-05-25 13:12:00+00:00,1.16468,1.16472,1.16461,1.16465,0
2026-05-25 13:13:00+00:00,1.16467,1.16469,1.16462,1.16468,0
2026-05-25 13:14:00+00:00,1.16467,1.16473,1.16467,1.1647,0
2026-05-25 13:15:00+00:00,1.16471,1.16471,1.16462,1.16467,0
2026-05-25 13:16:00+00:00,1.16467,1.16467,1.16453,1.16457,0
2026-05-25 13:17:00+00:00,1.16455,1.16459,1.16448,1.16451,0
2026-05-25 13:18:00+00:00,1.1645,1.16453,1.16448,1.16452,0
2026-05-25 13:19:00+00:00,1.16451,1.16453,1.16445,1.16448,0
2026-05-25 13:20:00+00:00,1.16449,1.16449,1.16447,1.16448,0
2026-05-25 13:21:00+00:00,1.16449,1.16454,1.1644,1.16452,0
2026-05-25 13:22:00+00:00,1.16453,1.16454,1.16448,1.16452,0
2026-05-25 13:23:00+00:00,1.16451,1.16451,1.16442,1.16446,0
2026-05-25 13:24:00+00:00,1.16447,1.16448,1.16444,1.16445,0
2026-05-25 13:25:00+00:00,1.16446,1.16446,1.16442,1.16443,0
2026-05-25 13:26:00+00:00,1.16442,1.16456,1.16442,1.16455,0
2026-05-25 13:27:00+00:00,1.16455,1.16456,1.1645,1.16451,0
2026-05-25 13:28:00+00:00,1.16453,1.16453,1.16437,1.16441,0
2026-05-25 13:29:00+00:00,1.16441,1.16441,1.16439,1.16439,0
2026-05-25 13:30:00+00:00,1.16441,1.16441,1.16429,1.1643,0
2026-05-25 13:31:00+00:00,1.16428,1.16441,1.16425,1.16439,0
2026-05-25 13:32:00+00:00,1.16442,1.16442,1.16429,1.16429,0
2026-05-25 13:33:00+00:00,1.16429,1.16444,1.16427,1.16442,0
2026-05-25 13:34:00+00:00,1.1644,1.1644,1.16436,1.16439,0
2026-05-25 13:35:00+00:00,1.1644,1.1644,1.16434,1.16435,0
2026-05-25 13:36:00+00:00,1.16434,1.16437,1.16424,1.16425,0
2026-05-25 13:37:00+00:00,1.16427,1.16436,1.16427,1.16433,0
2026-05-25 13:38:00+00:00,1.16433,1.16433,1.16421,1.16425,0
2026-05-25 13:39:00+00:00,1.16426,1.16438,1.16425,1.16434,0
2026-05-25 13:40:00+00:00,1.16435,1.16438,1.16427,1.16431,0
2026-05-25 13:41:00+00:00,1.16432,1.16433,1.1642,1.16425,0
2026-05-25 13:42:00+00:00,1.16427,1.16427,1.16418,1.16419,0
2026-05-25 13:43:00+00:00,1.1642,1.16426,1.16416,1.16416,0
2026-05-25 13:44:00+00:00,1.16415,1.16421,1.16414,1.16418,0
2026-05-25 13:45:00+00:00,1.16416,1.16416,1.16409,1.1641,0
2026-05-25 13:46:00+00:00,1.16408,1.16409,1.16402,1.16408,0
2026-05-25 13:47:00+00:00,1.16407,1.16409,1.1639,1.16395,0
2026-05-25 13:48:00+00:00,1.16395,1.16408,1.16394,1.16406,0
2026-05-25 13:49:00+00:00,1.16408,1.16409,1.16406,1.16409,0
2026-05-25 13:50:00+00:00,1.16407,1.16414,1.16407,1.16408,0
2026-05-25 13:51:00+00:00,1.1641,1.1643,1.1641,1.16429,0
2026-05-25 13:52:00+00:00,1.16428,1.16428,1.16421,1.16428,0
2026-05-25 13:53:00+00:00,1.16429,1.16429,1.1641,1.16415,0
2026-05-25 13:54:00+00:00,1.16413,1.16414,1.16407,1.16407,0
2026-05-25 13:55:00+00:00,1.16409,1.16411,1.16405,1.1641,0
2026-05-25 13:56:00+00:00,1.16408,1.16409,1.16403,1.16403,0
2026-05-25 13:57:00+00:00,1.16402,1.16402,1.16396,1.16399,0
2026-05-25 13:58:00+00:00,1.16397,1.16399,1.16388,1.16388,0
2026-05-25 13:59:00+00:00,1.16389,1.16398,1.16387,1.16389,0
2026-05-25 14:00:00+00:00,1.16388,1.16392,1.16384,1.16386,0
2026-05-25 14:01:00+00:00,1.16385,1.16392,1.16384,1.16392,0
2026-05-25 14:02:00+00:00,1.16392,1.16401,1.16387,1.16392,0
2026-05-25 14:03:00+00:00,1.16392,1.16405,1.16391,1.16405,0
2026-05-25 14:04:00+00:00,1.16404,1.16416,1.16402,1.16414,0
2026-05-25 14:05:00+00:00,1.16414,1.16415,1.1641,1.16412,0
2026-05-25 14:06:00+00:00,1.16412,1.16412,1.16412,1.16412,0
2026-05-25 14:07:00+00:00,1.16412,1.16412,1.16401,1.16403,0
2026-05-25 14:08:00+00:00,1.16403,1.16405,1.16402,1.16402,0
2026-05-25 14:09:00+00:00,1.16401,1.16413,1.16401,1.16411,0
2026-05-25 14:10:00+00:00,1.16411,1.16414,1.16408,1.16409,0
2026-05-25 14:11:00+00:00,1.16406,1.16407,1.16406,1.16407,0
2026-05-25 14:12:00+00:00,1.16405,1.16408,1.16396,1.16396,0
2026-05-25 14:13:00+00:00,1.16396,1.16398,1.1639,1.1639,0
2026-05-25 14:14:00+00:00,1.16392,1.16396,1.16391,1.16391,0
2026-05-25 14:15:00+00:00,1.16392,1.16401,1.16392,1.16401,0
2026-05-25 14:16:00+00:00,1.16401,1.16406,1.16401,1.16404,0
2026-05-25 14:17:00+00:00,1.16403,1.16403,1.16399,1.164,0
2026-05-25 14:18:00+00:00,1.16402,1.16407,1.164,1.16407,0
2026-05-25 14:19:00+00:00,1.16405,1.1641,1.16405,1.1641,0
2026-05-25 14:20:00+00:00,1.16412,1.16416,1.16412,1.16413,0
2026-05-25 14:21:00+00:00,1.16415,1.16426,1.16414,1.16423,0
2026-05-25 14:22:00+00:00,1.16424,1.16424,1.16412,1.1642,0
2026-05-25 14:23:00+00:00,1.1642,1.16428,1.16417,1.16428,0
2026-05-25 14:24:00+00:00,1.16428,1.16428,1.16422,1.16422,0
2026-05-25 14:25:00+00:00,1.16424,1.16424,1.16418,1.16419,0
2026-05-25 14:26:00+00:00,1.16419,1.16419,1.16416,1.16418,0
2026-05-25 14:27:00+00:00,1.16418,1.16418,1.16416,1.16418,0
2026-05-25 14:28:00+00:00,1.16419,1.1642,1.16415,1.16415,0
2026-05-25 14:29:00+00:00,1.16417,1.16418,1.16412,1.16413,0
2026-05-25 14:30:00+00:00,1.16411,1.16413,1.16408,1.16412,0
2026-05-25 14:31:00+00:00,1.16412,1.16414,1.16405,1.16406,0
2026-05-25 14:32:00+00:00,1.1641,1.1641,1.16402,1.16405,0
2026-05-25 14:33:00+00:00,1.16404,1.16406,1.16402,1.16404,0
2026-05-25 14:34:00+00:00,1.16404,1.16418,1.16402,1.16415,0
2026-05-25 14:35:00+00:00,1.16416,1.16418,1.16412,1.16413,0
2026-05-25 14:36:00+00:00,1.16413,1.16419,1.16413,1.16418,0
2026-05-25 14:37:00+00:00,1.16417,1.16419,1.16409,1.16409,0
2026-05-25 14:38:00+00:00,1.16411,1.16419,1.16411,1.16416,0
2026-05-25 14:39:00+00:00,1.16416,1.16423,1.16413,1.16418,0
2026-05-25 14:40:00+00:00,1.1642,1.16422,1.16416,1.16418,0
2026-05-25 14:41:00+00:00,1.16419,1.16444,1.16419,1.16443,0
2026-05-25 14:42:00+00:00,1.16443,1.16443,1.16435,1.16436,0
2026-05-25 14:43:00+00:00,1.16436,1.16439,1.16435,1.16438,0
2026-05-25 14:44:00+00:00,1.16439,1.16448,1.16439,1.16444,0
2026-05-25 14:45:00+00:00,1.16442,1.16443,1.1644,1.16443,0
2026-05-25 14:46:00+00:00,1.16444,1.16457,1.16437,1.16453,0
2026-05-25 14:47:00+00:00,1.16453,1.16453,1.16442,1.16447,0
2026-05-25 14:48:00+00:00,1.16446,1.16454,1.16444,1.16447,0
2026-05-25 14:49:00+00:00,1.16449,1.16449,1.16442,1.16443,0
2026-05-25 14:50:00+00:00,1.16443,1.16448,1.16441,1.16444,0
2026-05-25 14:51:00+00:00,1.16445,1.16446,1.16441,1.16444,0
2026-05-25 14:52:00+00:00,1.16445,1.16448,1.16445,1.16446,0
2026-05-25 14:53:00+00:00,1.16445,1.1645,1.16445,1.16446,0
2026-05-25 14:54:00+00:00,1.16446,1.16447,1.16427,1.16433,0
2026-05-25 14:55:00+00:00,1.16432,1.16459,1.16432,1.16456,0
2026-05-25 14:56:00+00:00,1.16457,1.16463,1.16453,1.16458,0
2026-05-25 14:57:00+00:00,1.16459,1.16459,1.16406,1.16406,0
2026-05-25 14:58:00+00:00,1.16408,1.16426,1.16407,1.16419,0
2026-05-25 14:59:00+00:00,1.16418,1.16424,1.16414,1.16418,0
2026-05-25 15:00:00+00:00,1.16419,1.16419,1.16408,1.16415,0
2026-05-25 15:01:00+00:00,1.16413,1.16416,1.16412,1.16413,0
2026-05-25 15:02:00+00:00,1.16413,1.16414,1.16395,1.16406,0
2026-05-25 15:03:00+00:00,1.16407,1.16412,1.16404,1.1641,0
2026-05-25 15:04:00+00:00,1.16412,1.16413,1.16405,1.16412,0
2026-05-25 15:05:00+00:00,1.16411,1.16422,1.16407,1.16422,0
2026-05-25 15:06:00+00:00,1.16421,1.16427,1.16417,1.16427,0
2026-05-25 15:07:00+00:00,1.16426,1.16432,1.16419,1.16426,0
2026-05-25 15:08:00+00:00,1.16425,1.16426,1.16418,1.16424,0
2026-05-25 15:09:00+00:00,1.16424,1.16424,1.16412,1.16412,0
2026-05-25 15:10:00+00:00,1.16411,1.16457,1.16406,1.16457,0
2026-05-25 15:11:00+00:00,1.16457,1.16484,1.16441,1.16469,0
2026-05-25 15:12:00+00:00,1.1647,1.16476,1.1646,1.16467,0
2026-05-25 15:13:00+00:00,1.16469,1.1647,1.16456,1.16456,0
2026-05-25 15:14:00+00:00,1.16455,1.16455,1.16441,1.16441,0
2026-05-25 15:15:00+00:00,1.16443,1.16447,1.16436,1.16446,0
2026-05-25 15:16:00+00:00,1.16445,1.16448,1.16437,1.16442,0
2026-05-25 15:17:00+00:00,1.16442,1.16448,1.16439,1.16439,0
2026-05-25 15:18:00+00:00,1.16441,1.16447,1.1644,1.16447,0
2026-05-25 15:19:00+00:00,1.16447,1.16456,1.16446,1.16453,0
2026-05-25 15:20:00+00:00,1.16455,1.16467,1.16455,1.16463,0
2026-05-25 15:21:00+00:00,1.16462,1.16468,1.16453,1.16467,0
2026-05-25 15:22:00+00:00,1.16465,1.16467,1.16465,1.16467,0
2026-05-25 15:23:00+00:00,1.16468,1.16472,1.16462,1.16471,0
2026-05-25 15:24:00+00:00,1.16469,1.16475,1.16465,1.16466,0
2026-05-25 15:25:00+00:00,1.16465,1.16468,1.16462,1.16462,0
2026-05-25 15:26:00+00:00,1.16463,1.16477,1.16463,1.16475,0
2026-05-25 15:27:00+00:00,1.16476,1.16478,1.16461,1.16461,0
2026-05-25 15:28:00+00:00,1.16461,1.16461,1.16451,1.16454,0
2026-05-25 15:29:00+00:00,1.16458,1.1646,1.16455,1.16455,0
2026-05-25 15:30:00+00:00,1.16454,1.16454,1.1645,1.16453,0
2026-05-25 15:31:00+00:00,1.16452,1.16458,1.16445,1.16458,0
2026-05-25 15:32:00+00:00,1.16457,1.16457,1.16453,1.16456,0
2026-05-25 15:33:00+00:00,1.16455,1.16456,1.16443,1.16447,0
2026-05-25 15:34:00+00:00,1.16447,1.16454,1.16447,1.16453,0
2026-05-25 15:35:00+00:00,1.16455,1.16455,1.16446,1.16452,0
2026-05-25 15:36:00+00:00,1.16451,1.16452,1.16447,1.16447,0
2026-05-25 15:37:00+00:00,1.16446,1.16447,1.16443,1.16445,0
2026-05-25 15:38:00+00:00,1.16444,1.16451,1.16444,1.1645,0
2026-05-25 15:39:00+00:00,1.16451,1.16452,1.1645,1.16452,0
2026-05-25 15:40:00+00:00,1.16451,1.16451,1.16446,1.16448,0
2026-05-25 15:41:00+00:00,1.16446,1.16447,1.16441,1.16442,0
2026-05-25 15:42:00+00:00,1.16441,1.16454,1.1644,1.16454,0
2026-05-25 15:43:00+00:00,1.16452,1.16452,1.16447,1.16447,0
2026-05-25 15:44:00+00:00,1.16447,1.16454,1.16447,1.1645,0
2026-05-25 15:45:00+00:00,1.16448,1.16453,1.16448,1.16452,0
2026-05-25 15:46:00+00:00,1.16455,1.16457,1.16451,1.16454,0
2026-05-25 15:47:00+00:00,1.16455,1.16455,1.16447,1.16449,0
2026-05-25 15:48:00+00:00,1.1645,1.1645,1.16431,1.16432,0
2026-05-25 15:49:00+00:00,1.16433,1.16433,1.16425,1.16428,0
2026-05-25 15:50:00+00:00,1.16427,1.16433,1.16422,1.16432,0
2026-05-25 15:51:00+00:00,1.16433,1.16438,1.16431,1.16437,0
2026-05-25 15:52:00+00:00,1.16437,1.16438,1.16436,1.16438,0
2026-05-25 15:53:00+00:00,1.16438,1.16441,1.16438,1.16438,0
2026-05-25 15:54:00+00:00,1.16437,1.16441,1.16436,1.16438,0
2026-05-25 15:55:00+00:00,1.16438,1.16444,1.16438,1.16441,0
2026-05-25 15:56:00+00:00,1.16442,1.16446,1.16441,1.16444,0
2026-05-25 15:57:00+00:00,1.16445,1.16445,1.16432,1.16432,0
2026-05-25 15:58:00+00:00,1.16432,1.16433,1.16422,1.16424,0
2026-05-25 15:59:00+00:00,1.16424,1.16425,1.16418,1.1642,0
2026-05-25 16:00:00+00:00,1.16422,1.16423,1.16409,1.1641,0
2026-05-25 16:01:00+00:00,1.16411,1.16413,1.16403,1.16409,0
2026-05-25 16:02:00+00:00,1.1641,1.16423,1.16409,1.16423,0
2026-05-25 16:03:00+00:00,1.16424,1.16426,1.16418,1.16419,0
2026-05-25 16:04:00+00:00,1.16422,1.16423,1.16417,1.16423,0
2026-05-25 16:05:00+00:00,1.16422,1.16422,1.16412,1.16412,0
2026-05-25 16:06:00+00:00,1.16413,1.16415,1.16412,1.16415,0
2026-05-25 16:07:00+00:00,1.16414,1.16417,1.16412,1.16412,0
2026-05-25 16:08:00+00:00,1.16414,1.16417,1.16414,1.16416,0
2026-05-25 16:09:00+00:00,1.16417,1.16417,1.16408,1.16408,0
2026-05-25 16:10:00+00:00,1.16408,1.1641,1.16404,1.16407,0
2026-05-25 16:11:00+00:00,1.16407,1.1641,1.16406,1.16407,0
2026-05-25 16:12:00+00:00,1.16406,1.16407,1.16378,1.16378,0
2026-05-25 16:13:00+00:00,1.16381,1.16387,1.16379,1.16387,0
2026-05-25 16:14:00+00:00,1.16387,1.16399,1.16385,1.16399,0
2026-05-25 16:15:00+00:00,1.16397,1.16398,1.16397,1.16398,0
2026-05-25 16:16:00+00:00,1.16396,1.16398,1.16392,1.16396,0
2026-05-25 16:17:00+00:00,1.16394,1.16398,1.16394,1.16396,0
2026-05-25 16:18:00+00:00,1.16396,1.16398,1.16387,1.16387,0
2026-05-25 16:19:00+00:00,1.16387,1.16388,1.16385,1.16387,0
2026-05-25 16:20:00+00:00,1.16385,1.16391,1.16385,1.16389,0
2026-05-25 16:21:00+00:00,1.16389,1.16399,1.16386,1.16399,0
2026-05-25 16:22:00+00:00,1.16398,1.16399,1.16392,1.16393,0
2026-05-25 16:23:00+00:00,1.16393,1.16399,1.16382,1.16383,0
2026-05-25 16:24:00+00:00,1.16383,1.16391,1.16382,1.16391,0
2026-05-25 16:25:00+00:00,1.16392,1.16398,1.16391,1.16397,0
2026-05-25 16:26:00+00:00,1.16397,1.16397,1.16388,1.16391,0
2026-05-25 16:27:00+00:00,1.1639,1.16393,1.16387,1.1639,0
2026-05-25 16:28:00+00:00,1.16388,1.16389,1.16387,1.16387,0
2026-05-25 16:29:00+00:00,1.16386,1.16386,1.1638,1.16382,0
2026-05-25 16:30:00+00:00,1.16381,1.16383,1.16379,1.16379,0
2026-05-25 16:31:00+00:00,1.16381,1.16383,1.16379,1.1638,0
2026-05-25 16:32:00+00:00,1.1638,1.16389,1.1638,1.16384,0
2026-05-25 16:33:00+00:00,1.16385,1.16388,1.16377,1.16383,0
2026-05-25 16:34:00+00:00,1.16382,1.16388,1.16381,1.16383,0
2026-05-25 16:35:00+00:00,1.16385,1.1639,1.16376,1.16387,0
2026-05-25 16:36:00+00:00,1.16388,1.16392,1.16384,1.16392,0
2026-05-25 16:37:00+00:00,1.16392,1.16393,1.16387,1.16392,0
2026-05-25 16:38:00+00:00,1.16394,1.16394,1.16391,1.16391,0
2026-05-25 16:39:00+00:00,1.1639,1.1639,1.16372,1.16372,0
2026-05-25 16:40:00+00:00,1.1637,1.16376,1.16369,1.1637,0
2026-05-25 16:41:00+00:00,1.1637,1.16371,1.16365,1.16369,0
2026-05-25 16:42:00+00:00,1.1637,1.16371,1.1637,1.1637,0
2026-05-25 16:43:00+00:00,1.16372,1.16382,1.16371,1.16381,0
2026-05-25 16:44:00+00:00,1.16381,1.16382,1.16381,1.16382,0
2026-05-25 16:45:00+00:00,1.16381,1.16386,1.16381,1.16385,0
2026-05-25 16:46:00+00:00,1.16386,1.16389,1.16386,1.16389,0
2026-05-25 16:47:00+00:00,1.1639,1.16394,1.16387,1.16394,0
2026-05-25 16:48:00+00:00,1.16395,1.16397,1.16392,1.16397,0
2026-05-25 16:49:00+00:00,1.16397,1.16397,1.16395,1.16395,0
2026-05-25 16:50:00+00:00,1.16395,1.16403,1.16395,1.16396,0
2026-05-25 16:51:00+00:00,1.16398,1.16404,1.16397,1.16399,0
2026-05-25 16:52:00+00:00,1.16398,1.16402,1.16395,1.16398,0
2026-05-25 16:53:00+00:00,1.16399,1.16401,1.16385,1.16392,0
2026-05-25 16:54:00+00:00,1.16393,1.16394,1.16387,1.16389,0
2026-05-25 16:55:00+00:00,1.16387,1.16404,1.16387,1.16399,0
2026-05-25 16:56:00+00:00,1.164,1.16409,1.164,1.16407,0
2026-05-25 16:57:00+00:00,1.16405,1.16407,1.16404,1.16406,0
2026-05-25 16:58:00+00:00,1.16407,1.1641,1.16407,1.16409,0
2026-05-25 16:59:00+00:00,1.16411,1.16415,1.16409,1.1641,0
2026-05-25 17:00:00+00:00,1.16412,1.16412,1.16406,1.16406,0
2026-05-25 17:01:00+00:00,1.16408,1.16411,1.16406,1.16406,0
2026-05-25 17:02:00+00:00,1.16407,1.16409,1.16407,1.16409,0
2026-05-25 17:03:00+00:00,1.16407,1.16409,1.16405,1.16407,0
2026-05-25 17:04:00+00:00,1.16407,1.16409,1.16407,1.16408,0
2026-05-25 17:05:00+00:00,1.16408,1.16409,1.16406,1.16406,0
2026-05-25 17:06:00+00:00,1.16406,1.16406,1.16401,1.16402,0
2026-05-25 17:07:00+00:00,1.16404,1.16405,1.16402,1.16405,0
2026-05-25 17:08:00+00:00,1.16405,1.16406,1.16402,1.16402,0
2026-05-25 17:09:00+00:00,1.16403,1.16405,1.16403,1.16405,0
2026-05-25 17:10:00+00:00,1.16405,1.16409,1.16404,1.16409,0
2026-05-25 17:11:00+00:00,1.1641,1.16412,1.16409,1.16412,0
2026-05-25 17:12:00+00:00,1.16412,1.16421,1.16412,1.16421,0
2026-05-25 17:13:00+00:00,1.16419,1.16421,1.16418,1.16421,0
2026-05-25 17:14:00+00:00,1.16419,1.16424,1.16418,1.1642,0
2026-05-25 17:15:00+00:00,1.16421,1.16428,1.16419,1.16428,0
2026-05-25 17:16:00+00:00,1.16428,1.16435,1.16428,1.16435,0
2026-05-25 17:17:00+00:00,1.16433,1.16435,1.16432,1.16432,0
2026-05-25 17:18:00+00:00,1.16432,1.16434,1.16432,1.16432,0
2026-05-25 17:19:00+00:00,1.16431,1.16431,1.16426,1.16431,0
2026-05-25 17:20:00+00:00,1.16431,1.16431,1.16429,1.16429,0
2026-05-25 17:21:00+00:00,1.16431,1.16431,1.16426,1.16426,0
2026-05-25 17:22:00+00:00,1.16426,1.16426,1.16422,1.16426,0
2026-05-25 17:23:00+00:00,1.16424,1.16426,1.16424,1.16424,0
2026-05-25 17:24:00+00:00,1.16424,1.16429,1.16423,1.16428,0
2026-05-25 17:25:00+00:00,1.16426,1.16428,1.16425,1.16428,0
2026-05-25 17:26:00+00:00,1.16428,1.16432,1.16428,1.16429,0
2026-05-25 17:27:00+00:00,1.1643,1.1643,1.16424,1.16424,0
2026-05-25 17:28:00+00:00,1.16427,1.16438,1.16427,1.16437,0
2026-05-25 17:29:00+00:00,1.16436,1.16441,1.16435,1.16436,0
2026-05-25 17:30:00+00:00,1.16436,1.16437,1.16435,1.16437,0
2026-05-25 17:31:00+00:00,1.16437,1.16438,1.16433,1.16438,0
2026-05-25 17:32:00+00:00,1.16439,1.16439,1.16439,1.16439,0
2026-05-25 17:33:00+00:00,1.16437,1.16438,1.16435,1.16436,0
2026-05-25 17:34:00+00:00,1.16436,1.16436,1.16433,1.16435,0
2026-05-25 17:35:00+00:00,1.16433,1.16433,1.16431,1.16432,0
2026-05-25 17:36:00+00:00,1.1643,1.16431,1.16429,1.16429,0
2026-05-25 17:37:00+00:00,1.16428,1.1643,1.16424,1.16428,0
2026-05-25 17:38:00+00:00,1.16426,1.16427,1.16426,1.16426,0
2026-05-25 17:39:00+00:00,1.16427,1.16427,1.16425,1.16427,0
2026-05-25 17:40:00+00:00,1.16428,1.16432,1.16427,1.16432,0
2026-05-25 17:41:00+00:00,1.16432,1.16434,1.16432,1.16434,0
2026-05-25 17:42:00+00:00,1.16436,1.16437,1.16436,1.16437,0
2026-05-25 17:43:00+00:00,1.16437,1.16437,1.16436,1.16436,0
2026-05-25 17:44:00+00:00,1.16435,1.16436,1.16431,1.16431,0
2026-05-25 17:45:00+00:00,1.16432,1.16432,1.16421,1.16422,0
2026-05-25 17:46:00+00:00,1.16422,1.16423,1.16422,1.16422,0
2026-05-25 17:47:00+00:00,1.16422,1.16422,1.16421,1.16421,0
2026-05-25 17:48:00+00:00,1.16419,1.16422,1.16416,1.16421,0
2026-05-25 17:49:00+00:00,1.16421,1.16421,1.16421,1.16421,0
2026-05-25 17:50:00+00:00,1.16422,1.16425,1.16422,1.16424,0
2026-05-25 17:51:00+00:00,1.16424,1.16424,1.16422,1.16422,0
2026-05-25 17:52:00+00:00,1.16423,1.16423,1.16423,1.16423,0
2026-05-25 17:53:00+00:00,1.16425,1.1643,1.16425,1.16429,0
2026-05-25 17:54:00+00:00,1.1643,1.16435,1.16428,1.16433,0
2026-05-25 17:55:00+00:00,1.16434,1.16436,1.16434,1.16434,0
2026-05-25 17:56:00+00:00,1.16433,1.16433,1.16431,1.16431,0
2026-05-25 17:57:00+00:00,1.16431,1.16431,1.16431,1.16431,0
2026-05-25 17:58:00+00:00,1.1643,1.1643,1.16427,1.16427,0
2026-05-25 17:59:00+00:00,1.16427,1.16433,1.16427,1.16433,0
2026-05-25 18:00:00+00:00,1.16434,1.16436,1.16431,1.16431,0
2026-05-25 18:01:00+00:00,1.1643,1.16431,1.16426,1.16426,0
2026-05-25 18:02:00+00:00,1.16424,1.16424,1.1642,1.16421,0
2026-05-25 18:03:00+00:00,1.16422,1.16422,1.16421,1.16421,0
2026-05-25 18:04:00+00:00,1.16423,1.16423,1.16422,1.16422,0
2026-05-25 18:05:00+00:00,1.16423,1.16423,1.1642,1.16422,0
2026-05-25 18:06:00+00:00,1.16421,1.16421,1.16419,1.16419,0
2026-05-25 18:07:00+00:00,1.16421,1.16421,1.16421,1.16421,0
2026-05-25 18:08:00+00:00,1.16421,1.16428,1.16421,1.16428,0
2026-05-25 18:09:00+00:00,1.16428,1.16432,1.16428,1.16432,0
2026-05-25 18:10:00+00:00,1.16431,1.16432,1.16431,1.16432,0
2026-05-25 18:11:00+00:00,1.16432,1.16432,1.16431,1.16432,0
2026-05-25 18:12:00+00:00,1.16431,1.16432,1.16431,1.16431,0
2026-05-25 18:13:00+00:00,1.16433,1.16437,1.16433,1.16436,0
2026-05-25 18:14:00+00:00,1.16436,1.16436,1.16432,1.16434,0
2026-05-25 18:15:00+00:00,1.16435,1.16435,1.16434,1.16435,0
2026-05-25 18:16:00+00:00,1.16436,1.16436,1.16431,1.16431,0
2026-05-25 18:17:00+00:00,1.16432,1.16434,1.16432,1.16433,0
2026-05-25 18:18:00+00:00,1.16434,1.16434,1.16433,1.16433,0
2026-05-25 18:19:00+00:00,1.16432,1.16434,1.16432,1.16433,0
2026-05-25 18:20:00+00:00,1.16433,1.16434,1.16432,1.16433,0
2026-05-25 18:21:00+00:00,1.16433,1.16434,1.16428,1.16428,0
2026-05-25 18:22:00+00:00,1.16428,1.16431,1.16428,1.1643,0
2026-05-25 18:23:00+00:00,1.1643,1.1643,1.16427,1.16427,0
2026-05-25 18:24:00+00:00,1.16427,1.16427,1.16427,1.16427,0
2026-05-25 18:25:00+00:00,1.16428,1.16428,1.16426,1.16426,0
2026-05-25 18:26:00+00:00,1.16426,1.16426,1.16426,1.16426,0
2026-05-25 18:27:00+00:00,1.16427,1.16427,1.16426,1.16426,0
2026-05-25 18:28:00+00:00,1.16425,1.16426,1.16424,1.16425,0
2026-05-25 18:29:00+00:00,1.16425,1.16425,1.16423,1.16425,0
2026-05-25 18:30:00+00:00,1.16424,1.16426,1.16422,1.16425,0
2026-05-25 18:31:00+00:00,1.16425,1.16426,1.16424,1.16424,0
2026-05-25 18:32:00+00:00,1.16425,1.16425,1.16422,1.16425,0
2026-05-25 18:33:00+00:00,1.16425,1.16425,1.16425,1.16425,0
2026-05-25 18:34:00+00:00,1.16422,1.16425,1.16422,1.16425,0
2026-05-25 18:35:00+00:00,1.16425,1.16427,1.16423,1.16426,0
2026-05-25 18:36:00+00:00,1.16427,1.16431,1.16426,1.16431,0
2026-05-25 18:37:00+00:00,1.16432,1.16432,1.16431,1.16431,0
2026-05-25 18:38:00+00:00,1.16432,1.16432,1.16432,1.16432,0
2026-05-25 18:39:00+00:00,1.16432,1.16432,1.1643,1.1643,0
2026-05-25 18:40:00+00:00,1.1643,1.1643,1.16422,1.16423,0
2026-05-25 18:41:00+00:00,1.1642,1.16421,1.1642,1.16421,0
2026-05-25 18:42:00+00:00,1.16419,1.16419,1.16416,1.16416,0
2026-05-25 18:43:00+00:00,1.16414,1.16417,1.16414,1.16417,0
2026-05-25 18:44:00+00:00,1.16421,1.16421,1.16417,1.16419,0
2026-05-25 18:45:00+00:00,1.16418,1.16419,1.16418,1.16419,0
2026-05-25 18:46:00+00:00,1.16419,1.16422,1.16419,1.16422,0
2026-05-25 18:47:00+00:00,1.16421,1.16421,1.16421,1.16421,0
2026-05-25 18:48:00+00:00,1.16423,1.16423,1.16422,1.16422,0
2026-05-25 18:49:00+00:00,1.16423,1.16423,1.16421,1.16423,0
2026-05-25 18:50:00+00:00,1.16422,1.16427,1.16422,1.16427,0
2026-05-25 18:51:00+00:00,1.16427,1.1643,1.16426,1.16428,0
2026-05-25 18:52:00+00:00,1.16428,1.16428,1.16426,1.16427,0
2026-05-25 18:53:00+00:00,1.16426,1.16427,1.16425,1.16427,0
2026-05-25 18:54:00+00:00,1.16427,1.16427,1.16427,1.16427,0
2026-05-25 18:55:00+00:00,1.16426,1.16428,1.16426,1.16428,0
2026-05-25 18:56:00+00:00,1.16428,1.16428,1.16428,1.16428,0
2026-05-25 18:57:00+00:00,1.16427,1.16428,1.16427,1.16428,0
2026-05-25 18:58:00+00:00,1.16427,1.16428,1.16427,1.16428,0
2026-05-25 18:59:00+00:00,1.16427,1.16438,1.16427,1.16433,0
2026-05-25 19:00:00+00:00,1.16432,1.16435,1.16432,1.16432,0
2026-05-25 19:01:00+00:00,1.16432,1.16432,1.16432,1.16432,0
2026-05-25 19:02:00+00:00,1.16432,1.16432,1.16431,1.16431,0
2026-05-25 19:03:00+00:00,1.16432,1.16432,1.16432,1.16432,0
2026-05-25 19:04:00+00:00,1.16431,1.16432,1.16431,1.16432,0
2026-05-25 19:05:00+00:00,1.16432,1.16433,1.16427,1.16428,0
2026-05-25 19:06:00+00:00,1.16427,1.16428,1.16427,1.16428,0
2026-05-25 19:07:00+00:00,1.16428,1.16428,1.16426,1.16426,0
2026-05-25 19:08:00+00:00,1.16427,1.16429,1.16427,1.16428,0
2026-05-25 19:09:00+00:00,1.16428,1.16429,1.16424,1.16424,0
2026-05-25 19:10:00+00:00,1.16425,1.16425,1.16423,1.16424,0
2026-05-25 19:11:00+00:00,1.16423,1.16425,1.16422,1.16424,0
2026-05-25 19:12:00+00:00,1.16425,1.16425,1.1642,1.16422,0
2026-05-25 19:13:00+00:00,1.16422,1.16422,1.16421,1.16421,0
2026-05-25 19:14:00+00:00,1.16421,1.16424,1.16421,1.16424,0
2026-05-25 19:15:00+00:00,1.16423,1.16424,1.16423,1.16423,0
2026-05-25 19:16:00+00:00,1.16422,1.16422,1.16422,1.16422,0
2026-05-25 19:17:00+00:00,1.16422,1.16423,1.16422,1.16422,0
2026-05-25 19:18:00+00:00,1.16425,1.16428,1.16425,1.16428,0
2026-05-25 19:19:00+00:00,1.16428,1.16428,1.16427,1.16428,0
2026-05-25 19:20:00+00:00,1.16428,1.16428,1.16423,1.16423,0
2026-05-25 19:21:00+00:00,1.16423,1.16425,1.16423,1.16425,0
2026-05-25 19:22:00+00:00,1.16424,1.16425,1.16424,1.16424,0
2026-05-25 19:23:00+00:00,1.16424,1.16427,1.16424,1.16427,0
2026-05-25 19:24:00+00:00,1.16426,1.16428,1.16426,1.16428,0
2026-05-25 19:25:00+00:00,1.16427,1.16427,1.16425,1.16425,0
2026-05-25 19:26:00+00:00,1.16426,1.16427,1.16425,1.16427,0
2026-05-25 19:27:00+00:00,1.16427,1.16429,1.16427,1.16429,0
2026-05-25 19:28:00+00:00,1.16429,1.16429,1.16425,1.16426,0
2026-05-25 19:29:00+00:00,1.16426,1.16431,1.16426,1.1643,0
2026-05-25 19:30:00+00:00,1.16429,1.1643,1.16427,1.16429,0
2026-05-25 19:31:00+00:00,1.16428,1.16428,1.16425,1.16425,0
2026-05-25 19:32:00+00:00,1.16424,1.16424,1.16423,1.16424,0
2026-05-25 19:33:00+00:00,1.16423,1.16425,1.16422,1.16424,0
2026-05-25 19:34:00+00:00,1.16424,1.16425,1.16423,1.16423,0
2026-05-25 19:35:00+00:00,1.16422,1.16425,1.16419,1.16424,0
2026-05-25 19:36:00+00:00,1.16424,1.16425,1.16421,1.16425,0
2026-05-25 19:37:00+00:00,1.16425,1.16435,1.16425,1.16432,0
2026-05-25 19:38:00+00:00,1.16432,1.16432,1.16432,1.16432,0
2026-05-25 19:39:00+00:00,1.16433,1.16433,1.16431,1.16431,0
2026-05-25 19:40:00+00:00,1.16432,1.16435,1.16431,1.16433,0
2026-05-25 19:41:00+00:00,1.16433,1.16433,1.16431,1.16432,0
2026-05-25 19:42:00+00:00,1.16434,1.16434,1.16432,1.16433,0
2026-05-25 19:43:00+00:00,1.16432,1.16433,1.16428,1.16428,0
2026-05-25 19:44:00+00:00,1.16427,1.16427,1.16427,1.16427,0
2026-05-25 19:45:00+00:00,1.16428,1.16428,1.16426,1.16426,0
2026-05-25 19:46:00+00:00,1.16427,1.16427,1.16423,1.16424,0
2026-05-25 19:47:00+00:00,1.16424,1.16424,1.16424,1.16424,0
2026-05-25 19:48:00+00:00,1.16424,1.16424,1.16424,1.16424,0
2026-05-25 19:49:00+00:00,1.16425,1.16425,1.16425,1.16425,0
2026-05-25 19:50:00+00:00,1.16424,1.16424,1.16419,1.16421,0
2026-05-25 19:51:00+00:00,1.1642,1.1642,1.1642,1.1642,0
2026-05-25 19:52:00+00:00,1.16419,1.16421,1.16419,1.16421,0
2026-05-25 19:53:00+00:00,1.16421,1.16423,1.16419,1.16419,0
2026-05-25 19:54:00+00:00,1.16419,1.16419,1.16419,1.16419,0
2026-05-25 19:55:00+00:00,1.16417,1.16421,1.16417,1.16419,0
2026-05-25 19:56:00+00:00,1.1642,1.16421,1.16418,1.16418,0
2026-05-25 19:57:00+00:00,1.16418,1.16426,1.16417,1.16423,0
2026-05-25 19:58:00+00:00,1.16423,1.16424,1.16423,1.16424,0
2026-05-25 19:59:00+00:00,1.16422,1.16423,1.16418,1.1642,0
2026-05-25 20:00:00+00:00,1.16421,1.16425,1.16421,1.16422,0
2026-05-25 20:01:00+00:00,1.16423,1.16427,1.16423,1.16427,0
2026-05-25 20:02:00+00:00,1.16425,1.16427,1.16425,1.16426,0
2026-05-25 20:03:00+00:00,1.16426,1.16427,1.16425,1.16425,0
2026-05-25 20:04:00+00:00,1.16424,1.16424,1.16424,1.16424,0
2026-05-25 20:05:00+00:00,1.16425,1.16425,1.16423,1.16423,0
2026-05-25 20:06:00+00:00,1.16423,1.16423,1.16423,1.16423,0
2026-05-25 20:07:00+00:00,1.16423,1.16426,1.16423,1.16426,0
2026-05-25 20:08:00+00:00,1.16427,1.16427,1.16427,1.16427,0
2026-05-25 20:09:00+00:00,1.16429,1.16429,1.16428,1.16429,0
2026-05-25 20:10:00+00:00,1.1643,1.1643,1.1643,1.1643,0
2026-05-25 20:11:00+00:00,1.16429,1.1643,1.16428,1.1643,0
2026-05-25 20:12:00+00:00,1.16429,1.1643,1.16429,1.1643,0
2026-05-25 20:13:00+00:00,1.1643,1.1643,1.16428,1.16429,0
2026-05-25 20:14:00+00:00,1.1643,1.1643,1.16429,1.16429,0
2026-05-25 20:15:00+00:00,1.16429,1.16429,1.16429,1.16429,0
2026-05-25 20:16:00+00:00,1.16429,1.16433,1.16429,1.16433,0
2026-05-25 20:17:00+00:00,1.16433,1.16433,1.16432,1.16432,0
2026-05-25 20:18:00+00:00,1.16432,1.16432,1.16431,1.16432,0
2026-05-25 20:19:00+00:00,1.16431,1.16431,1.1643,1.1643,0
2026-05-25 20:20:00+00:00,1.1643,1.1643,1.1643,1.1643,0
2026-05-25 20:21:00+00:00,1.16429,1.16429,1.16421,1.16421,0
2026-05-25 20:22:00+00:00,1.16421,1.16421,1.16418,1.16418,0
2026-05-25 20:23:00+00:00,1.16417,1.1642,1.16417,1.1642,0
2026-05-25 20:24:00+00:00,1.16419,1.1642,1.16418,1.1642,0
2026-05-25 20:25:00+00:00,1.16419,1.16419,1.16419,1.16419,0
2026-05-25 20:26:00+00:00,1.16419,1.16419,1.16419,1.16419,0
2026-05-25 20:27:00+00:00,1.16419,1.16419,1.16419,1.16419,0
2026-05-25 20:28:00+00:00,1.1642,1.16425,1.1642,1.16425,0
2026-05-25 20:29:00+00:00,1.16425,1.1643,1.16425,1.1643,0
2026-05-25 20:30:00+00:00,1.16431,1.16432,1.16431,1.16432,0
2026-05-25 20:31:00+00:00,1.16431,1.16432,1.16431,1.16432,0
2026-05-25 20:32:00+00:00,1.16433,1.16433,1.1643,1.1643,0
2026-05-25 20:33:00+00:00,1.16432,1.16432,1.16431,1.16431,0
2026-05-25 20:34:00+00:00,1.16431,1.16432,1.1643,1.16432,0
2026-05-25 20:35:00+00:00,1.16431,1.16431,1.16421,1.16422,0
2026-05-25 20:36:00+00:00,1.16423,1.16423,1.16422,1.16422,0
2026-05-25 20:37:00+00:00,1.16424,1.16424,1.16423,1.16423,0
2026-05-25 20:38:00+00:00,1.16423,1.16423,1.16422,1.16422,0
2026-05-25 20:39:00+00:00,1.16422,1.16423,1.16417,1.16417,0
2026-05-25 20:40:00+00:00,1.16417,1.16424,1.16413,1.16414,0
2026-05-25 20:41:00+00:00,1.16415,1.16417,1.16415,1.16417,0
2026-05-25 20:42:00+00:00,1.16415,1.16415,1.16414,1.16414,0
2026-05-25 20:43:00+00:00,1.16416,1.16418,1.16416,1.16418,0
2026-05-25 20:44:00+00:00,1.16416,1.16425,1.16416,1.16424,0
2026-05-25 20:45:00+00:00,1.16425,1.16425,1.16423,1.16424,0
2026-05-25 20:46:00+00:00,1.16425,1.16427,1.16425,1.16427,0
2026-05-25 20:47:00+00:00,1.16428,1.16431,1.16428,1.16428,0
2026-05-25 20:48:00+00:00,1.16428,1.16429,1.16425,1.16429,0
2026-05-25 20:49:00+00:00,1.16428,1.1643,1.16428,1.16428,0
2026-05-25 20:50:00+00:00,1.16427,1.16428,1.16424,1.16428,0
2026-05-25 20:51:00+00:00,1.16426,1.16432,1.16426,1.16431,0
2026-05-25 20:52:00+00:00,1.16431,1.16432,1.16431,1.16431,0
2026-05-25 20:53:00+00:00,1.1643,1.16432,1.16428,1.16429,0
2026-05-25 20:54:00+00:00,1.16429,1.16433,1.16428,1.16433,0
2026-05-25 20:55:00+00:00,1.1643,1.16433,1.16429,1.16429,0
2026-05-25 20:56:00+00:00,1.16429,1.16431,1.16428,1.16429,0
2026-05-25 20:57:00+00:00,1.1643,1.16432,1.16428,1.1643,0
2026-05-25 20:58:00+00:00,1.16431,1.16431,1.16428,1.16428,0
2026-05-25 20:59:00+00:00,1.16428,1.16434,1.16428,1.16431,0
2026-05-25 21:00:00+00:00,1.16431,1.16431,1.16398,1.16401,0
2026-05-25 21:01:00+00:00,1.16402,1.16415,1.16392,1.16392,0
2026-05-25 21:02:00+00:00,1.16381,1.16387,1.16381,1.16381,0
2026-05-25 21:03:00+00:00,1.16381,1.16381,1.16381,1.16381,0
2026-05-25 21:04:00+00:00,1.16354,1.16385,1.16354,1.16379,0
2026-05-25 21:05:00+00:00,1.16378,1.16389,1.1637,1.16387,0
2026-05-25 21:06:00+00:00,1.16391,1.16392,1.16383,1.16391,0
2026-05-25 21:07:00+00:00,1.16391,1.16393,1.16383,1.16383,0
2026-05-25 21:08:00+00:00,1.16391,1.16392,1.16384,1.1639,0
2026-05-25 21:09:00+00:00,1.1639,1.1639,1.16383,1.16383,0
2026-05-25 21:10:00+00:00,1.16388,1.16388,1.16374,1.16374,0
2026-05-25 21:11:00+00:00,1.16374,1.16381,1.16374,1.16375,0
2026-05-25 21:12:00+00:00,1.16374,1.16382,1.1637,1.16382,0
2026-05-25 21:13:00+00:00,1.16376,1.16383,1.16376,1.16383,0
2026-05-25 21:14:00+00:00,1.16386,1.16386,1.16379,1.16381,0
2026-05-25 21:15:00+00:00,1.16384,1.16387,1.16384,1.16384,0
2026-05-25 21:16:00+00:00,1.16385,1.16385,1.16383,1.16383,0
2026-05-25 21:17:00+00:00,1.16381,1.16388,1.16365,1.16387,0
2026-05-25 21:18:00+00:00,1.16388,1.16388,1.16388,1.16388,0
2026-05-25 21:19:00+00:00,1.16388,1.16388,1.16381,1.16381,0
2026-05-25 21:20:00+00:00,1.1638,1.16381,1.1638,1.16381,0
2026-05-25 21:21:00+00:00,1.16382,1.16382,1.16382,1.16382,0
2026-05-25 21:22:00+00:00,1.1636,1.16382,1.1636,1.1638,0
2026-05-25 21:23:00+00:00,1.16379,1.1638,1.16379,1.1638,0
2026-05-25 21:24:00+00:00,1.16389,1.16389,1.16378,1.16378,0
2026-05-25 21:25:00+00:00,1.16379,1.16379,1.16372,1.16372,0
2026-05-25 21:26:00+00:00,1.16375,1.16376,1.16372,1.16372,0
2026-05-25 21:27:00+00:00,1.16378,1.16418,1.1637,1.16379,0
2026-05-25 21:28:00+00:00,1.16379,1.16415,1.16375,1.16379,0
2026-05-25 21:29:00+00:00,1.16414,1.16414,1.16378,1.16398,0
2026-05-25 21:30:00+00:00,1.16395,1.16395,1.16389,1.16389,0
2026-05-25 21:31:00+00:00,1.16389,1.16389,1.16387,1.16387,0
2026-05-25 21:32:00+00:00,1.16389,1.16389,1.16389,1.16389,0
2026-05-25 21:33:00+00:00,1.16386,1.16434,1.16386,1.16415,0
2026-05-25 21:34:00+00:00,1.16418,1.16431,1.16418,1.16431,0
2026-05-25 21:35:00+00:00,1.16428,1.16432,1.16419,1.16427,0
2026-05-25 21:36:00+00:00,1.16426,1.16431,1.16422,1.16428,0
2026-05-25 21:37:00+00:00,1.1643,1.16431,1.1642,1.1642,0
2026-05-25 21:38:00+00:00,1.1643,1.1643,1.1642,1.16428,0
2026-05-25 21:39:00+00:00,1.16418,1.16419,1.16412,1.16413,0
2026-05-25 21:40:00+00:00,1.16413,1.16413,1.16413,1.16413,0
2026-05-25 21:41:00+00:00,1.16413,1.16414,1.16412,1.16414,0
2026-05-25 21:42:00+00:00,1.16415,1.16421,1.16413,1.16417,0
2026-05-25 21:43:00+00:00,1.16418,1.16418,1.16389,1.16402,0
2026-05-25 21:44:00+00:00,1.16398,1.16401,1.16392,1.16393,0
2026-05-25 21:45:00+00:00,1.16393,1.16403,1.16355,1.16358,0
2026-05-25 21:46:00+00:00,1.16368,1.16376,1.16363,1.1637,0
2026-05-25 21:47:00+00:00,1.1637,1.16372,1.16366,1.16371,0
2026-05-25 21:48:00+00:00,1.1637,1.16379,1.16357,1.16363,0
2026-05-25 21:49:00+00:00,1.16363,1.16368,1.16359,1.16366,0
2026-05-25 21:50:00+00:00,1.16366,1.16368,1.16363,1.16367,0
2026-05-25 21:51:00+00:00,1.16365,1.16368,1.16365,1.16366,0
2026-05-25 21:52:00+00:00,1.16365,1.16368,1.16364,1.16366,0
2026-05-25 21:53:00+00:00,1.16366,1.16367,1.16366,1.16367,0
2026-05-25 21:54:00+00:00,1.16367,1.16383,1.16367,1.16381,0
2026-05-25 21:55:00+00:00,1.16381,1.16387,1.16381,1.16387,0
2026-05-25 21:56:00+00:00,1.16387,1.16387,1.16387,1.16387,0
2026-05-25 21:57:00+00:00,1.16386,1.16387,1.16386,1.16387,0
2026-05-25 21:58:00+00:00,1.16387,1.16391,1.16387,1.16388,0
2026-05-25 21:59:00+00:00,1.16388,1.16396,1.16388,1.16396,0
2026-05-25 22:00:00+00:00,1.16395,1.16398,1.16387,1.16397,0
2026-05-25 22:01:00+00:00,1.16399,1.16403,1.16396,1.16399,0
2026-05-25 22:02:00+00:00,1.16401,1.16405,1.16398,1.16398,0
2026-05-25 22:03:00+00:00,1.16399,1.16401,1.16391,1.16391,0
2026-05-25 22:04:00+00:00,1.16394,1.16395,1.1638,1.16387,0
2026-05-25 22:05:00+00:00,1.16391,1.16398,1.16388,1.16393,0
2026-05-25 22:06:00+00:00,1.16393,1.16394,1.16388,1.16392,0
2026-05-25 22:07:00+00:00,1.16389,1.16398,1.16385,1.16398,0
2026-05-25 22:08:00+00:00,1.16395,1.16401,1.16392,1.16395,0
2026-05-25 22:09:00+00:00,1.16397,1.16399,1.16395,1.16398,0
2026-05-25 22:10:00+00:00,1.16398,1.16399,1.16395,1.16395,0
2026-05-25 22:11:00+00:00,1.16396,1.16429,1.16396,1.16404,0
2026-05-25 22:12:00+00:00,1.16404,1.16406,1.16403,1.16404,0
2026-05-25 22:13:00+00:00,1.16406,1.16411,1.16406,1.16408,0
2026-05-25 22:14:00+00:00,1.16408,1.16408,1.16406,1.16408,0
2026-05-25 22:15:00+00:00,1.16408,1.16408,1.16408,1.16408,0
2026-05-25 22:16:00+00:00,1.16411,1.16411,1.16408,1.16409,0
2026-05-25 22:17:00+00:00,1.16405,1.16405,1.16402,1.16402,0
2026-05-25 22:18:00+00:00,1.16402,1.16402,1.16396,1.16398,0
2026-05-25 22:19:00+00:00,1.16398,1.16398,1.16398,1.16398,0
2026-05-25 22:20:00+00:00,1.16398,1.16398,1.16398,1.16398,0
2026-05-25 22:21:00+00:00,1.16396,1.16405,1.16396,1.16405,0
2026-05-25 22:22:00+00:00,1.16407,1.16407,1.16407,1.16407,0
2026-05-25 22:23:00+00:00,1.16405,1.16407,1.16405,1.16405,0
2026-05-25 22:24:00+00:00,1.16407,1.16407,1.16407,1.16407,0
2026-05-25 22:25:00+00:00,1.16408,1.1641,1.16408,1.16408,0
2026-05-25 22:26:00+00:00,1.16409,1.16409,1.16408,1.16408,0
2026-05-25 22:27:00+00:00,1.16408,1.16408,1.16407,1.16407,0
2026-05-25 22:28:00+00:00,1.16409,1.16409,1.16409,1.16409,0
2026-05-25 22:29:00+00:00,1.16405,1.16405,1.16398,1.16398,0
2026-05-25 22:30:00+00:00,1.164,1.16403,1.16391,1.16392,0
2026-05-25 22:31:00+00:00,1.16391,1.164,1.1639,1.16396,0
2026-05-25 22:32:00+00:00,1.16399,1.16401,1.16399,1.164,0
2026-05-25 22:33:00+00:00,1.16401,1.16402,1.16398,1.16399,0
2026-05-25 22:34:00+00:00,1.164,1.164,1.164,1.164,0
2026-05-25 22:35:00+00:00,1.16399,1.16399,1.16399,1.16399,0
2026-05-25 22:36:00+00:00,1.16399,1.16401,1.16399,1.16401,0
2026-05-25 22:37:00+00:00,1.16401,1.16401,1.16401,1.16401,0
2026-05-25 22:38:00+00:00,1.16401,1.16405,1.16401,1.16405,0
2026-05-25 22:39:00+00:00,1.16405,1.16405,1.16405,1.16405,0
2026-05-25 22:40:00+00:00,1.16408,1.1641,1.16408,1.16408,0
2026-05-25 22:41:00+00:00,1.1641,1.16411,1.1641,1.16411,0
2026-05-25 22:42:00+00:00,1.1641,1.1641,1.16408,1.1641,0
2026-05-25 22:43:00+00:00,1.16411,1.16411,1.16411,1.16411,0
2026-05-25 22:44:00+00:00,1.1641,1.16411,1.1641,1.16411,0
2026-05-25 22:45:00+00:00,1.16411,1.16411,1.1641,1.16411,0
2026-05-25 22:46:00+00:00,1.16411,1.16412,1.16409,1.16412,0
2026-05-25 22:47:00+00:00,1.16411,1.16415,1.16411,1.16415,0
2026-05-25 22:48:00+00:00,1.16414,1.16414,1.1641,1.1641,0
2026-05-25 22:49:00+00:00,1.16412,1.16412,1.16409,1.16409,0
2026-05-25 22:50:00+00:00,1.1641,1.1641,1.1641,1.1641,0
2026-05-25 22:51:00+00:00,1.16412,1.16415,1.16411,1.16413,0
2026-05-25 22:52:00+00:00,1.16414,1.16415,1.16412,1.16412,0
2026-05-25 22:53:00+00:00,1.16413,1.16413,1.16412,1.16413,0
2026-05-25 22:54:00+00:00,1.16415,1.16415,1.16414,1.16414,0
2026-05-25 22:55:00+00:00,1.16414,1.16414,1.16407,1.16407,0
2026-05-25 22:56:00+00:00,1.1641,1.16412,1.16407,1.1641,0
2026-05-25 22:57:00+00:00,1.1641,1.1641,1.1641,1.1641,0
2026-05-25 22:58:00+00:00,1.16411,1.16411,1.1641,1.1641,0
2026-05-25 22:59:00+00:00,1.16409,1.16409,1.16407,1.16407,0
2026-05-25 23:00:00+00:00,1.16407,1.16415,1.16407,1.16413,0
2026-05-25 23:01:00+00:00,1.16413,1.16415,1.1641,1.16413,0
2026-05-25 23:02:00+00:00,1.16414,1.16421,1.16414,1.16419,0
2026-05-25 23:03:00+00:00,1.1642,1.16421,1.16418,1.16419,0
2026-05-25 23:04:00+00:00,1.16419,1.16419,1.16419,1.16419,0
2026-05-25 23:05:00+00:00,1.16421,1.16421,1.16418,1.16419,0
2026-05-25 23:06:00+00:00,1.1642,1.16421,1.16417,1.16419,0
2026-05-25 23:07:00+00:00,1.1642,1.16421,1.16417,1.16419,0
2026-05-25 23:08:00+00:00,1.16419,1.16419,1.16415,1.16416,0
2026-05-25 23:09:00+00:00,1.16419,1.1642,1.16414,1.16418,0
2026-05-25 23:10:00+00:00,1.16418,1.16421,1.16418,1.16421,0
2026-05-25 23:11:00+00:00,1.16421,1.16424,1.16419,1.16423,0
2026-05-25 23:12:00+00:00,1.16422,1.16424,1.16422,1.16422,0
2026-05-25 23:13:00+00:00,1.16423,1.16423,1.16419,1.16419,0
2026-05-25 23:14:00+00:00,1.16421,1.16423,1.16419,1.1642,0
2026-05-25 23:15:00+00:00,1.1642,1.16422,1.1642,1.16421,0
2026-05-25 23:16:00+00:00,1.1642,1.16422,1.1642,1.16422,0
2026-05-25 23:17:00+00:00,1.16423,1.16426,1.16423,1.16426,0
2026-05-25 23:18:00+00:00,1.16427,1.16427,1.16426,1.16426,0
2026-05-25 23:19:00+00:00,1.16427,1.1643,1.16426,1.16426,0
2026-05-25 23:20:00+00:00,1.16427,1.16427,1.16426,1.16426,0
2026-05-25 23:21:00+00:00,1.16426,1.16427,1.16425,1.16425,0
2026-05-25 23:22:00+00:00,1.16425,1.16426,1.16425,1.16426,0
2026-05-25 23:23:00+00:00,1.16426,1.16426,1.16426,1.16426,0
2026-05-25 23:24:00+00:00,1.16425,1.16425,1.16405,1.16411,0
2026-05-25 23:25:00+00:00,1.16413,1.16413,1.16412,1.16413,0
2026-05-25 23:26:00+00:00,1.16412,1.16412,1.16411,1.16412,0
2026-05-25 23:27:00+00:00,1.16412,1.16412,1.16409,1.16409,0
2026-05-25 23:28:00+00:00,1.1641,1.1641,1.16405,1.16406,0
2026-05-25 23:29:00+00:00,1.16406,1.16408,1.16405,1.16408,0
2026-05-25 23:30:00+00:00,1.16406,1.16407,1.16405,1.16405,0
2026-05-25 23:31:00+00:00,1.16405,1.16406,1.16405,1.16406,0
2026-05-25 23:32:00+00:00,1.16405,1.16408,1.16404,1.16404,0
2026-05-25 23:33:00+00:00,1.16405,1.16406,1.16401,1.16402,0
2026-05-25 23:34:00+00:00,1.16401,1.16401,1.16396,1.16397,0
2026-05-25 23:35:00+00:00,1.16396,1.16396,1.16396,1.16396,0
2026-05-25 23:36:00+00:00,1.16392,1.16395,1.1639,1.1639,0
2026-05-25 23:37:00+00:00,1.1639,1.16392,1.16383,1.16392,0
2026-05-25 23:38:00+00:00,1.1639,1.16392,1.16386,1.16389,0
2026-05-25 23:39:00+00:00,1.16391,1.16393,1.16389,1.16389,0
2026-05-25 23:40:00+00:00,1.16389,1.1639,1.16385,1.16386,0
2026-05-25 23:41:00+00:00,1.16386,1.16387,1.16386,1.16386,0
2026-05-25 23:42:00+00:00,1.16386,1.16387,1.16381,1.16387,0
2026-05-25 23:43:00+00:00,1.16387,1.16387,1.16383,1.16383,0
2026-05-25 23:44:00+00:00,1.16383,1.16384,1.16369,1.16373,0
2026-05-25 23:45:00+00:00,1.16375,1.16396,1.16375,1.16395,0
2026-05-25 23:46:00+00:00,1.16393,1.16394,1.16383,1.16383,0
2026-05-25 23:47:00+00:00,1.16383,1.16386,1.16381,1.16385,0
2026-05-25 23:48:00+00:00,1.16386,1.16386,1.16365,1.16369,0
2026-05-25 23:49:00+00:00,1.16368,1.16369,1.16365,1.16365,0
2026-05-25 23:50:00+00:00,1.16366,1.16366,1.16356,1.16362,0
2026-05-25 23:51:00+00:00,1.16361,1.16371,1.16356,1.1637,0
2026-05-25 23:52:00+00:00,1.1637,1.1637,1.16366,1.16366,0
2026-05-25 23:53:00+00:00,1.16367,1.16367,1.1636,1.16365,0
2026-05-25 23:54:00+00:00,1.16366,1.16369,1.16366,1.16369,0
2026-05-25 23:55:00+00:00,1.1637,1.16372,1.16365,1.16365,0
2026-05-25 23:56:00+00:00,1.16365,1.16365,1.16361,1.16361,0
2026-05-25 23:57:00+00:00,1.16362,1.16367,1.16362,1.16365,0
2026-05-25 23:58:00+00:00,1.16366,1.16366,1.16361,1.16361,0
2026-05-25 23:59:00+00:00,1.1636,1.1636,1.16356,1.16356,0
2026-05-26 00:00:00+00:00,1.16358,1.16367,1.16347,1.16356,0
2026-05-26 00:01:00+00:00,1.16357,1.16368,1.16351,1.16354,0
2026-05-26 00:02:00+00:00,1.16353,1.16358,1.1635,1.16354,0
2026-05-26 00:03:00+00:00,1.16355,1.16377,1.16355,1.16377,0
2026-05-26 00:04:00+00:00,1.16377,1.16383,1.16369,1.16381,0
2026-05-26 00:05:00+00:00,1.16379,1.16387,1.16379,1.16382,0
2026-05-26 00:06:00+00:00,1.16379,1.16392,1.16377,1.16378,0
2026-05-26 00:07:00+00:00,1.16376,1.16382,1.16374,1.16377,0
2026-05-26 00:08:00+00:00,1.16377,1.1639,1.16377,1.16386,0
2026-05-26 00:09:00+00:00,1.16385,1.16386,1.16374,1.16377,0
2026-05-26 00:10:00+00:00,1.16378,1.16382,1.16372,1.16379,0
2026-05-26 00:11:00+00:00,1.16378,1.16387,1.16378,1.16387,0
2026-05-26 00:12:00+00:00,1.16388,1.16396,1.16387,1.16396,0
2026-05-26 00:13:00+00:00,1.16395,1.16395,1.16384,1.16387,0
2026-05-26 00:14:00+00:00,1.16388,1.16394,1.1638,1.16381,0
2026-05-26 00:15:00+00:00,1.16383,1.16387,1.16381,1.16381,0
2026-05-26 00:16:00+00:00,1.16382,1.16383,1.16373,1.16377,0
2026-05-26 00:17:00+00:00,1.16375,1.16376,1.16364,1.16366,0
2026-05-26 00:18:00+00:00,1.16367,1.16367,1.16354,1.16354,0
2026-05-26 00:19:00+00:00,1.16355,1.16355,1.16345,1.16347,0
2026-05-26 00:20:00+00:00,1.1635,1.16353,1.16344,1.16346,0
2026-05-26 00:21:00+00:00,1.16346,1.16353,1.16344,1.16348,0
2026-05-26 00:22:00+00:00,1.16347,1.16348,1.16337,1.16348,0
2026-05-26 00:23:00+00:00,1.16349,1.16352,1.16344,1.16352,0
2026-05-26 00:24:00+00:00,1.16351,1.16357,1.16341,1.16345,0
2026-05-26 00:25:00+00:00,1.16345,1.16346,1.16341,1.16345,0
2026-05-26 00:26:00+00:00,1.16343,1.16347,1.16341,1.16343,0
2026-05-26 00:27:00+00:00,1.16344,1.1636,1.16343,1.16359,0
2026-05-26 00:28:00+00:00,1.1636,1.1636,1.16354,1.16356,0
2026-05-26 00:29:00+00:00,1.16357,1.16358,1.16355,1.16356,0
2026-05-26 00:30:00+00:00,1.16355,1.16364,1.16355,1.16359,0
2026-05-26 00:31:00+00:00,1.1636,1.16365,1.16355,1.1636,0
2026-05-26 00:32:00+00:00,1.16359,1.16363,1.16353,1.16354,0
2026-05-26 00:33:00+00:00,1.16354,1.16359,1.16353,1.16355,0
2026-05-26 00:34:00+00:00,1.16356,1.1636,1.16352,1.16356,0
2026-05-26 00:35:00+00:00,1.16355,1.16359,1.16353,1.16359,0
2026-05-26 00:36:00+00:00,1.1636,1.16362,1.16358,1.1636,0
2026-05-26 00:37:00+00:00,1.1636,1.1636,1.16352,1.16354,0
2026-05-26 00:38:00+00:00,1.16356,1.16356,1.1635,1.1635,0
2026-05-26 00:39:00+00:00,1.16349,1.16357,1.16349,1.16353,0
2026-05-26 00:40:00+00:00,1.16353,1.16355,1.16349,1.16349,0
2026-05-26 00:41:00+00:00,1.1635,1.16361,1.1635,1.16353,0
2026-05-26 00:42:00+00:00,1.16355,1.16362,1.16355,1.16362,0
2026-05-26 00:43:00+00:00,1.16361,1.16362,1.1636,1.16361,0
2026-05-26 00:44:00+00:00,1.16361,1.16363,1.16357,1.16357,0
2026-05-26 00:45:00+00:00,1.16355,1.16355,1.16351,1.16354,0
2026-05-26 00:46:00+00:00,1.16352,1.16371,1.16352,1.1637,0
2026-05-26 00:47:00+00:00,1.16368,1.16377,1.16364,1.16371,0
2026-05-26 00:48:00+00:00,1.16372,1.16376,1.16367,1.16368,0
2026-05-26 00:49:00+00:00,1.16369,1.1637,1.16366,1.16367,0
2026-05-26 00:50:00+00:00,1.16367,1.16369,1.16366,1.16367,0
2026-05-26 00:51:00+00:00,1.16368,1.16372,1.16365,1.16369,0
2026-05-26 00:52:00+00:00,1.16368,1.16372,1.16366,1.16369,0
2026-05-26 00:53:00+00:00,1.16368,1.16372,1.16366,1.16366,0
2026-05-26 00:54:00+00:00,1.16369,1.16377,1.16369,1.16373,0
2026-05-26 00:55:00+00:00,1.16371,1.16392,1.16369,1.16392,0
2026-05-26 00:56:00+00:00,1.16391,1.16392,1.16389,1.16392,0
2026-05-26 00:57:00+00:00,1.16389,1.1639,1.16385,1.16389,0
2026-05-26 00:58:00+00:00,1.16389,1.16394,1.16388,1.16392,0
2026-05-26 00:59:00+00:00,1.16392,1.16392,1.16383,1.16386,0
2026-05-26 01:00:00+00:00,1.16385,1.16392,1.16374,1.16381,0
2026-05-26 01:01:00+00:00,1.16381,1.16389,1.16381,1.16386,0
2026-05-26 01:02:00+00:00,1.16386,1.16387,1.16382,1.16383,0
2026-05-26 01:03:00+00:00,1.16382,1.16382,1.1637,1.1637,0
2026-05-26 01:04:00+00:00,1.16369,1.16372,1.16365,1.16366,0
2026-05-26 01:05:00+00:00,1.16364,1.16367,1.16361,1.16365,0
2026-05-26 01:06:00+00:00,1.16365,1.16367,1.16358,1.16359,0
2026-05-26 01:07:00+00:00,1.16358,1.16361,1.1635,1.16351,0
2026-05-26 01:08:00+00:00,1.16349,1.16358,1.16348,1.16356,0
2026-05-26 01:09:00+00:00,1.16357,1.16362,1.16354,1.16357,0
2026-05-26 01:10:00+00:00,1.16358,1.16366,1.16358,1.1636,0
2026-05-26 01:11:00+00:00,1.16361,1.16366,1.16359,1.16361,0
2026-05-26 01:12:00+00:00,1.16363,1.16373,1.16361,1.16373,0
2026-05-26 01:13:00+00:00,1.1637,1.16376,1.1637,1.16374,0
2026-05-26 01:14:00+00:00,1.16375,1.16396,1.16375,1.16393,0
2026-05-26 01:15:00+00:00,1.16392,1.16395,1.16386,1.16388,0
2026-05-26 01:16:00+00:00,1.16389,1.16392,1.16387,1.16387,0
2026-05-26 01:17:00+00:00,1.16387,1.16392,1.16387,1.16387,0
2026-05-26 01:18:00+00:00,1.16386,1.16388,1.16382,1.16382,0
2026-05-26 01:19:00+00:00,1.1638,1.16383,1.16377,1.16382,0
2026-05-26 01:20:00+00:00,1.16386,1.16386,1.16373,1.16373,0
2026-05-26 01:21:00+00:00,1.16371,1.16372,1.1636,1.16368,0
2026-05-26 01:22:00+00:00,1.16371,1.16381,1.1637,1.16381,0
2026-05-26 01:23:00+00:00,1.16379,1.16383,1.16375,1.16376,0
2026-05-26 01:24:00+00:00,1.16375,1.16381,1.16372,1.16377,0
2026-05-26 01:25:00+00:00,1.16376,1.16376,1.1636,1.1636,0
2026-05-26 01:26:00+00:00,1.16361,1.16366,1.1636,1.16365,0
2026-05-26 01:27:00+00:00,1.16363,1.16363,1.16361,1.16362,0
2026-05-26 01:28:00+00:00,1.16363,1.16366,1.16361,1.16361,0
2026-05-26 01:29:00+00:00,1.16362,1.1637,1.16361,1.16366,0
2026-05-26 01:30:00+00:00,1.16366,1.16367,1.16356,1.16362,0
2026-05-26 01:31:00+00:00,1.16362,1.16366,1.16357,1.16362,0
2026-05-26 01:32:00+00:00,1.16363,1.16363,1.16353,1.16353,0
2026-05-26 01:33:00+00:00,1.16352,1.16353,1.16351,1.16352,0
2026-05-26 01:34:00+00:00,1.16351,1.16352,1.16347,1.16352,0
2026-05-26 01:35:00+00:00,1.16352,1.16352,1.1635,1.16351,0
2026-05-26 01:36:00+00:00,1.16351,1.16351,1.1634,1.16341,0
2026-05-26 01:37:00+00:00,1.16341,1.16341,1.16331,1.16332,0
2026-05-26 01:38:00+00:00,1.16332,1.16335,1.16325,1.16335,0
2026-05-26 01:39:00+00:00,1.16336,1.16337,1.16315,1.16322,0
2026-05-26 01:40:00+00:00,1.16321,1.16321,1.16311,1.16317,0
2026-05-26 01:41:00+00:00,1.16316,1.16316,1.16303,1.16306,0
2026-05-26 01:42:00+00:00,1.16306,1.16313,1.16301,1.16311,0
2026-05-26 01:43:00+00:00,1.16313,1.16323,1.16311,1.16312,0
2026-05-26 01:44:00+00:00,1.16312,1.16314,1.16305,1.16311,0
2026-05-26 01:45:00+00:00,1.16312,1.16312,1.16306,1.16312,0
2026-05-26 01:46:00+00:00,1.16311,1.16317,1.1631,1.16317,0
2026-05-26 01:47:00+00:00,1.16318,1.16321,1.16317,1.1632,0
2026-05-26 01:48:00+00:00,1.16322,1.16322,1.16312,1.16313,0
2026-05-26 01:49:00+00:00,1.16316,1.16324,1.16315,1.16322,0
2026-05-26 01:50:00+00:00,1.16323,1.16325,1.16322,1.16324,0
2026-05-26 01:51:00+00:00,1.16325,1.16326,1.16322,1.16322,0
2026-05-26 01:52:00+00:00,1.16323,1.16323,1.1632,1.16322,0
2026-05-26 01:53:00+00:00,1.16322,1.16331,1.16322,1.16331,0
2026-05-26 01:54:00+00:00,1.16331,1.16334,1.16331,1.16332,0
2026-05-26 01:55:00+00:00,1.16331,1.16339,1.16331,1.16333,0
2026-05-26 01:56:00+00:00,1.16332,1.16341,1.16331,1.16336,0
2026-05-26 01:57:00+00:00,1.16336,1.16339,1.1633,1.16332,0
2026-05-26 01:58:00+00:00,1.16333,1.16336,1.1633,1.16331,0
2026-05-26 01:59:00+00:00,1.16333,1.16338,1.16331,1.16337,0
2026-05-26 02:00:00+00:00,1.16336,1.16339,1.16333,1.16337,0
2026-05-26 02:01:00+00:00,1.16338,1.1634,1.16334,1.16339,0
2026-05-26 02:02:00+00:00,1.16338,1.16343,1.16335,1.16342,0
2026-05-26 02:03:00+00:00,1.16341,1.16345,1.16339,1.16342,0
2026-05-26 02:04:00+00:00,1.16344,1.16344,1.16337,1.16337,0
2026-05-26 02:05:00+00:00,1.16336,1.16344,1.16335,1.16341,0
2026-05-26 02:06:00+00:00,1.16341,1.16344,1.16341,1.16344,0
2026-05-26 02:07:00+00:00,1.16346,1.16347,1.16341,1.16341,0
2026-05-26 02:08:00+00:00,1.16341,1.16344,1.16341,1.16343,0
2026-05-26 02:09:00+00:00,1.16343,1.1635,1.16343,1.16348,0
2026-05-26 02:10:00+00:00,1.16348,1.16348,1.16342,1.16344,0
2026-05-26 02:11:00+00:00,1.16342,1.16344,1.16342,1.16342,0
2026-05-26 02:12:00+00:00,1.16342,1.16342,1.16333,1.16334,0
2026-05-26 02:13:00+00:00,1.16332,1.16333,1.1633,1.1633,0
2026-05-26 02:14:00+00:00,1.16331,1.16331,1.16322,1.16324,0
2026-05-26 02:15:00+00:00,1.16326,1.16331,1.16324,1.1633,0
2026-05-26 02:16:00+00:00,1.16332,1.16333,1.16332,1.16333,0
2026-05-26 02:17:00+00:00,1.16333,1.16336,1.16332,1.16336,0
2026-05-26 02:18:00+00:00,1.16336,1.16336,1.16328,1.1633,0
2026-05-26 02:19:00+00:00,1.16331,1.16332,1.16331,1.16332,0
2026-05-26 02:20:00+00:00,1.16331,1.16331,1.16326,1.16326,0
2026-05-26 02:21:00+00:00,1.16327,1.16327,1.16321,1.16327,0
2026-05-26 02:22:00+00:00,1.16326,1.1633,1.16325,1.16327,0
2026-05-26 02:23:00+00:00,1.16327,1.16332,1.16327,1.16327,0
2026-05-26 02:24:00+00:00,1.16327,1.16329,1.16327,1.16328,0
2026-05-26 02:25:00+00:00,1.16326,1.16327,1.16321,1.16325,0
2026-05-26 02:26:00+00:00,1.16323,1.16327,1.16323,1.16327,0
2026-05-26 02:27:00+00:00,1.16327,1.16336,1.16326,1.16334,0
2026-05-26 02:28:00+00:00,1.16334,1.16335,1.16329,1.16329,0
2026-05-26 02:29:00+00:00,1.1633,1.16332,1.16327,1.16329,0
2026-05-26 02:30:00+00:00,1.1633,1.16334,1.1633,1.16333,0
2026-05-26 02:31:00+00:00,1.16334,1.16337,1.16332,1.16337,0
2026-05-26 02:32:00+00:00,1.16337,1.16339,1.16335,1.16337,0
2026-05-26 02:33:00+00:00,1.16336,1.16337,1.16335,1.16335,0
2026-05-26 02:34:00+00:00,1.16335,1.16337,1.16333,1.16334,0
2026-05-26 02:35:00+00:00,1.16335,1.16335,1.16329,1.1633,0
2026-05-26 02:36:00+00:00,1.1633,1.16331,1.16326,1.1633,0
2026-05-26 02:37:00+00:00,1.16332,1.16338,1.1633,1.1633,0
2026-05-26 02:38:00+00:00,1.16331,1.16335,1.16327,1.16335,0
2026-05-26 02:39:00+00:00,1.16335,1.16336,1.16331,1.16333,0
2026-05-26 02:40:00+00:00,1.16333,1.16335,1.16331,1.16331,0
2026-05-26 02:41:00+00:00,1.16331,1.16332,1.16326,1.16327,0
2026-05-26 02:42:00+00:00,1.16329,1.1633,1.16327,1.16329,0
2026-05-26 02:43:00+00:00,1.16328,1.16328,1.16315,1.16317,0
2026-05-26 02:44:00+00:00,1.16316,1.16317,1.16314,1.16316,0
2026-05-26 02:45:00+00:00,1.16316,1.16316,1.16311,1.16311,0
2026-05-26 02:46:00+00:00,1.16315,1.16322,1.16314,1.16321,0
2026-05-26 02:47:00+00:00,1.16322,1.16328,1.16321,1.16328,0
2026-05-26 02:48:00+00:00,1.16327,1.16328,1.16327,1.16328,0
2026-05-26 02:49:00+00:00,1.16328,1.16328,1.16325,1.16327,0
2026-05-26 02:50:00+00:00,1.16326,1.16331,1.16325,1.16331,0
2026-05-26 02:51:00+00:00,1.16331,1.16332,1.16329,1.1633,0
2026-05-26 02:52:00+00:00,1.16331,1.16333,1.16328,1.1633,0
2026-05-26 02:53:00+00:00,1.16331,1.16333,1.1633,1.16333,0
2026-05-26 02:54:00+00:00,1.16333,1.16333,1.16327,1.1633,0
2026-05-26 02:55:00+00:00,1.16332,1.16339,1.16329,1.16338,0
2026-05-26 02:56:00+00:00,1.16337,1.16338,1.16335,1.16337,0
2026-05-26 02:57:00+00:00,1.16336,1.16336,1.16331,1.16331,0
2026-05-26 02:58:00+00:00,1.16332,1.16334,1.16331,1.16334,0
2026-05-26 02:59:00+00:00,1.16333,1.16343,1.16333,1.16338,0
2026-05-26 03:00:00+00:00,1.16339,1.16342,1.16337,1.16341,0
2026-05-26 03:01:00+00:00,1.16341,1.16348,1.16341,1.16346,0
2026-05-26 03:02:00+00:00,1.16345,1.16345,1.16339,1.16339,0
2026-05-26 03:03:00+00:00,1.16339,1.1634,1.16336,1.16338,0
2026-05-26 03:04:00+00:00,1.16338,1.16338,1.16337,1.16337,0
2026-05-26 03:05:00+00:00,1.16336,1.16344,1.16336,1.16344,0
2026-05-26 03:06:00+00:00,1.16346,1.16348,1.16345,1.16346,0
2026-05-26 03:07:00+00:00,1.16347,1.1635,1.16347,1.16347,0
2026-05-26 03:08:00+00:00,1.16347,1.16347,1.16342,1.16345,0
2026-05-26 03:09:00+00:00,1.16346,1.1635,1.16343,1.16343,0
2026-05-26 03:10:00+00:00,1.16341,1.16345,1.16341,1.16344,0
2026-05-26 03:11:00+00:00,1.16343,1.16347,1.16342,1.16347,0
2026-05-26 03:12:00+00:00,1.16347,1.16348,1.16342,1.16348,0
2026-05-26 03:13:00+00:00,1.16349,1.16351,1.16347,1.16347,0
2026-05-26 03:14:00+00:00,1.16346,1.16347,1.16346,1.16346,0
2026-05-26 03:15:00+00:00,1.16344,1.16349,1.16344,1.16349,0
2026-05-26 03:16:00+00:00,1.16349,1.16351,1.16348,1.1635,0
2026-05-26 03:17:00+00:00,1.1635,1.16352,1.1635,1.16351,0
2026-05-26 03:18:00+00:00,1.1635,1.16354,1.16349,1.16352,0
2026-05-26 03:19:00+00:00,1.16353,1.16356,1.16353,1.16356,0
2026-05-26 03:20:00+00:00,1.16357,1.16361,1.16356,1.16361,0
2026-05-26 03:21:00+00:00,1.16361,1.16363,1.16357,1.16363,0
2026-05-26 03:22:00+00:00,1.16363,1.16363,1.16361,1.16362,0
2026-05-26 03:23:00+00:00,1.16362,1.16362,1.16361,1.16362,0
2026-05-26 03:24:00+00:00,1.16362,1.16363,1.16361,1.16362,0
2026-05-26 03:25:00+00:00,1.16362,1.16371,1.16362,1.16366,0
2026-05-26 03:26:00+00:00,1.16365,1.16365,1.1636,1.16361,0
2026-05-26 03:27:00+00:00,1.16359,1.1636,1.1635,1.16351,0
2026-05-26 03:28:00+00:00,1.1635,1.16351,1.1635,1.16351,0
2026-05-26 03:29:00+00:00,1.1635,1.1635,1.16343,1.16343,0
2026-05-26 03:30:00+00:00,1.16344,1.16348,1.16344,1.16347,0
2026-05-26 03:31:00+00:00,1.16346,1.16347,1.16345,1.16345,0
2026-05-26 03:32:00+00:00,1.16346,1.16347,1.16345,1.16346,0
2026-05-26 03:33:00+00:00,1.16347,1.16347,1.16345,1.16345,0
2026-05-26 03:34:00+00:00,1.16345,1.1635,1.16345,1.16346,0
2026-05-26 03:35:00+00:00,1.16346,1.16346,1.16346,1.16346,0
2026-05-26 03:36:00+00:00,1.16347,1.16351,1.16346,1.16348,0
2026-05-26 03:37:00+00:00,1.16349,1.16349,1.16344,1.16345,0
2026-05-26 03:38:00+00:00,1.16345,1.1635,1.16345,1.16347,0
2026-05-26 03:39:00+00:00,1.16347,1.16347,1.16343,1.16344,0
2026-05-26 03:40:00+00:00,1.16344,1.16344,1.16341,1.16344,0
2026-05-26 03:41:00+00:00,1.16344,1.16347,1.16344,1.16346,0
2026-05-26 03:42:00+00:00,1.16344,1.16344,1.16341,1.16343,0
2026-05-26 03:43:00+00:00,1.16343,1.16349,1.16343,1.16345,0
2026-05-26 03:44:00+00:00,1.16345,1.16352,1.16345,1.16347,0
2026-05-26 03:45:00+00:00,1.16347,1.16347,1.16344,1.16347,0
2026-05-26 03:46:00+00:00,1.16347,1.1635,1.16346,1.1635,0
2026-05-26 03:47:00+00:00,1.16351,1.16351,1.16347,1.16347,0
2026-05-26 03:48:00+00:00,1.16348,1.16348,1.16345,1.16345,0
2026-05-26 03:49:00+00:00,1.16345,1.16348,1.16345,1.16347,0
2026-05-26 03:50:00+00:00,1.16348,1.16348,1.16346,1.16346,0
2026-05-26 03:51:00+00:00,1.16347,1.16347,1.1634,1.1634,0
2026-05-26 03:52:00+00:00,1.16342,1.16348,1.1634,1.16348,0
2026-05-26 03:53:00+00:00,1.16347,1.16347,1.16345,1.16346,0
2026-05-26 03:54:00+00:00,1.16348,1.16349,1.16346,1.16349,0
2026-05-26 03:55:00+00:00,1.16349,1.16351,1.16346,1.16348,0
2026-05-26 03:56:00+00:00,1.16348,1.16352,1.16346,1.16352,0
2026-05-26 03:57:00+00:00,1.16351,1.16358,1.16351,1.16358,0
2026-05-26 03:58:00+00:00,1.1636,1.1636,1.16355,1.16359,0
2026-05-26 03:59:00+00:00,1.16359,1.1636,1.16356,1.16358,0
2026-05-26 04:00:00+00:00,1.16356,1.16359,1.16355,1.16356,0
2026-05-26 04:01:00+00:00,1.16358,1.16358,1.16356,1.16357,0
2026-05-26 04:02:00+00:00,1.16355,1.16357,1.16354,1.16355,0
2026-05-26 04:03:00+00:00,1.16355,1.16355,1.16346,1.16347,0
2026-05-26 04:04:00+00:00,1.16347,1.16347,1.16341,1.16341,0
2026-05-26 04:05:00+00:00,1.16342,1.16342,1.16332,1.16335,0
2026-05-26 04:06:00+00:00,1.16336,1.16336,1.16336,1.16336,0
2026-05-26 04:07:00+00:00,1.16336,1.16341,1.16336,1.16341,0
2026-05-26 04:08:00+00:00,1.16341,1.16341,1.1634,1.1634,0
2026-05-26 04:09:00+00:00,1.16345,1.16345,1.16342,1.16342,0
2026-05-26 04:10:00+00:00,1.16345,1.16347,1.16345,1.16345,0
2026-05-26 04:11:00+00:00,1.16346,1.16347,1.16346,1.16347,0
2026-05-26 04:12:00+00:00,1.16345,1.16345,1.16344,1.16344,0
2026-05-26 04:13:00+00:00,1.16344,1.16346,1.16344,1.16346,0
2026-05-26 04:14:00+00:00,1.16344,1.16356,1.16344,1.16356,0
2026-05-26 04:15:00+00:00,1.16355,1.16355,1.16346,1.1635,0
2026-05-26 04:16:00+00:00,1.1635,1.1635,1.16344,1.16344,0
2026-05-26 04:17:00+00:00,1.16347,1.1635,1.16347,1.1635,0
2026-05-26 04:18:00+00:00,1.1635,1.1635,1.16346,1.16347,0
2026-05-26 04:19:00+00:00,1.16347,1.16347,1.16346,1.16347,0
2026-05-26 04:20:00+00:00,1.16346,1.16346,1.16346,1.16346,0
2026-05-26 04:21:00+00:00,1.16344,1.16344,1.16344,1.16344,0
2026-05-26 04:22:00+00:00,1.16345,1.16345,1.1634,1.1634,0
2026-05-26 04:23:00+00:00,1.16342,1.16342,1.16342,1.16342,0
2026-05-26 04:24:00+00:00,1.16341,1.16341,1.16341,1.16341,0
2026-05-26 04:25:00+00:00,1.16341,1.16341,1.1633,1.1633,0
2026-05-26 04:26:00+00:00,1.16331,1.16336,1.16331,1.16336,0
2026-05-26 04:27:00+00:00,1.16335,1.16335,1.16335,1.16335,0
2026-05-26 04:28:00+00:00,1.16336,1.16336,1.16336,1.16336,0
2026-05-26 04:29:00+00:00,1.16334,1.16334,1.16329,1.16329,0
2026-05-26 04:30:00+00:00,1.16331,1.16331,1.16326,1.16329,0
2026-05-26 04:31:00+00:00,1.16329,1.16336,1.16329,1.16336,0
2026-05-26 04:32:00+00:00,1.16336,1.16341,1.16335,1.16341,0
2026-05-26 04:33:00+00:00,1.16342,1.16342,1.16339,1.16339,0
2026-05-26 04:34:00+00:00,1.16341,1.16341,1.16338,1.16338,0
2026-05-26 04:35:00+00:00,1.16338,1.16339,1.16336,1.16338,0
2026-05-26 04:36:00+00:00,1.16337,1.16339,1.16332,1.16335,0
2026-05-26 04:37:00+00:00,1.16332,1.16332,1.1633,1.16331,0
2026-05-26 04:38:00+00:00,1.16331,1.16332,1.1633,1.1633,0
2026-05-26 04:39:00+00:00,1.1633,1.1633,1.16328,1.16328,0
2026-05-26 04:40:00+00:00,1.16327,1.16329,1.16326,1.16326,0
2026-05-26 04:41:00+00:00,1.16327,1.1633,1.16326,1.16328,0
2026-05-26 04:42:00+00:00,1.16327,1.16327,1.16321,1.16324,0
2026-05-26 04:43:00+00:00,1.16325,1.16329,1.16325,1.16328,0
2026-05-26 04:44:00+00:00,1.16327,1.1633,1.16327,1.16327,0
2026-05-26 04:45:00+00:00,1.16327,1.16327,1.16324,1.16326,0
2026-05-26 04:46:00+00:00,1.16327,1.16327,1.16321,1.16324,0
2026-05-26 04:47:00+00:00,1.16323,1.16323,1.1632,1.1632,0
2026-05-26 04:48:00+00:00,1.16321,1.16321,1.16317,1.16318,0
2026-05-26 04:49:00+00:00,1.1632,1.16325,1.16319,1.16325,0
2026-05-26 04:50:00+00:00,1.16325,1.16331,1.16325,1.16328,0
2026-05-26 04:51:00+00:00,1.16328,1.16328,1.16324,1.16324,0
2026-05-26 04:52:00+00:00,1.16323,1.16323,1.16316,1.16316,0
2026-05-26 04:53:00+00:00,1.16316,1.16319,1.16316,1.16319,0
2026-05-26 04:54:00+00:00,1.16318,1.16319,1.16318,1.16319,0
2026-05-26 04:55:00+00:00,1.1632,1.1632,1.1631,1.16311,0
2026-05-26 04:56:00+00:00,1.16311,1.16314,1.16306,1.16307,0
2026-05-26 04:57:00+00:00,1.16308,1.1631,1.16306,1.16308,0
2026-05-26 04:58:00+00:00,1.16308,1.16309,1.16305,1.16307,0
2026-05-26 04:59:00+00:00,1.16307,1.16307,1.16294,1.16295,0
2026-05-26 05:00:00+00:00,1.16296,1.16302,1.16293,1.16301,0
2026-05-26 05:01:00+00:00,1.16301,1.16301,1.16293,1.16295,0
2026-05-26 05:02:00+00:00,1.16295,1.16298,1.16295,1.16298,0
2026-05-26 05:03:00+00:00,1.16298,1.16298,1.16291,1.16293,0
2026-05-26 05:04:00+00:00,1.16291,1.16293,1.16286,1.16291,0
2026-05-26 05:05:00+00:00,1.16292,1.16295,1.1629,1.16292,0
2026-05-26 05:06:00+00:00,1.16292,1.16292,1.16284,1.16285,0
2026-05-26 05:07:00+00:00,1.16284,1.16291,1.16284,1.16291,0
2026-05-26 05:08:00+00:00,1.16293,1.16293,1.16289,1.16291,0
2026-05-26 05:09:00+00:00,1.16291,1.16297,1.16291,1.16292,0
2026-05-26 05:10:00+00:00,1.1629,1.1629,1.16287,1.16289,0
2026-05-26 05:11:00+00:00,1.16289,1.1629,1.16288,1.16288,0
2026-05-26 05:12:00+00:00,1.16287,1.1629,1.16287,1.1629,0
2026-05-26 05:13:00+00:00,1.16288,1.16291,1.16288,1.16289,0
2026-05-26 05:14:00+00:00,1.16289,1.1629,1.16285,1.16288,0
2026-05-26 05:15:00+00:00,1.16287,1.16289,1.16285,1.16288,0
2026-05-26 05:16:00+00:00,1.1629,1.16292,1.16289,1.16292,0
2026-05-26 05:17:00+00:00,1.16293,1.16294,1.16291,1.16291,0
2026-05-26 05:18:00+00:00,1.16291,1.16291,1.16287,1.16288,0
2026-05-26 05:19:00+00:00,1.16286,1.16288,1.1628,1.1628,0
2026-05-26 05:20:00+00:00,1.16281,1.16285,1.1628,1.16281,0
2026-05-26 05:21:00+00:00,1.16281,1.16286,1.16281,1.16284,0
2026-05-26 05:22:00+00:00,1.16285,1.16285,1.16284,1.16284,0
2026-05-26 05:23:00+00:00,1.16285,1.16286,1.16283,1.16285,0
2026-05-26 05:24:00+00:00,1.16285,1.16285,1.16284,1.16284,0
2026-05-26 05:25:00+00:00,1.16287,1.16287,1.16286,1.16287,0
2026-05-26 05:26:00+00:00,1.16289,1.16293,1.16287,1.16291,0
2026-05-26 05:27:00+00:00,1.16292,1.16297,1.16291,1.16294,0
2026-05-26 05:28:00+00:00,1.16295,1.16295,1.16291,1.16294,0
2026-05-26 05:29:00+00:00,1.16295,1.16297,1.16293,1.16295,0
2026-05-26 05:30:00+00:00,1.16293,1.16307,1.16291,1.16294,0
2026-05-26 05:31:00+00:00,1.16295,1.16296,1.16288,1.1629,0
2026-05-26 05:32:00+00:00,1.16291,1.16293,1.16288,1.16293,0
2026-05-26 05:33:00+00:00,1.16291,1.16295,1.1629,1.1629,0
2026-05-26 05:34:00+00:00,1.16289,1.16292,1.16288,1.16292,0
2026-05-26 05:35:00+00:00,1.16292,1.16296,1.1629,1.16293,0
2026-05-26 05:36:00+00:00,1.16294,1.16295,1.16293,1.16295,0
2026-05-26 05:37:00+00:00,1.16295,1.16302,1.16295,1.16301,0
2026-05-26 05:38:00+00:00,1.163,1.16303,1.16294,1.16302,0
2026-05-26 05:39:00+00:00,1.16302,1.16306,1.163,1.163,0
2026-05-26 05:40:00+00:00,1.16301,1.16302,1.16295,1.16297,0
2026-05-26 05:41:00+00:00,1.16298,1.163,1.16289,1.16294,0
2026-05-26 05:42:00+00:00,1.16295,1.16296,1.16293,1.16294,0
2026-05-26 05:43:00+00:00,1.16294,1.16298,1.16294,1.16297,0
2026-05-26 05:44:00+00:00,1.16295,1.16298,1.16295,1.16296,0
2026-05-26 05:45:00+00:00,1.16296,1.16297,1.16293,1.16296,0
2026-05-26 05:46:00+00:00,1.16296,1.16296,1.16289,1.16289,0
2026-05-26 05:47:00+00:00,1.16288,1.16291,1.16284,1.16289,0
2026-05-26 05:48:00+00:00,1.16288,1.16295,1.16288,1.16294,0
2026-05-26 05:49:00+00:00,1.16296,1.16298,1.16288,1.16292,0
2026-05-26 05:50:00+00:00,1.16291,1.16291,1.16287,1.1629,0
2026-05-26 05:51:00+00:00,1.16289,1.1629,1.16286,1.16288,0
2026-05-26 05:52:00+00:00,1.16288,1.16291,1.16288,1.16288,0
2026-05-26 05:53:00+00:00,1.1629,1.1629,1.16286,1.16288,0
2026-05-26 05:54:00+00:00,1.16286,1.16287,1.16286,1.16287,0
2026-05-26 05:55:00+00:00,1.16288,1.16291,1.16275,1.16275,0
2026-05-26 05:56:00+00:00,1.16274,1.16277,1.16273,1.16275,0
2026-05-26 05:57:00+00:00,1.16276,1.16278,1.16275,1.16277,0
2026-05-26 05:58:00+00:00,1.16277,1.16282,1.16276,1.16282,0
2026-05-26 05:59:00+00:00,1.16279,1.1628,1.16277,1.16278,0
2026-05-26 06:00:00+00:00,1.16277,1.16283,1.1627,1.16278,0
2026-05-26 06:01:00+00:00,1.16279,1.16283,1.16277,1.16283,0
2026-05-26 06:02:00+00:00,1.16282,1.16293,1.1628,1.16293,0
2026-05-26 06:03:00+00:00,1.16294,1.16299,1.16291,1.16293,0
2026-05-26 06:04:00+00:00,1.16293,1.16293,1.16287,1.16287,0
2026-05-26 06:05:00+00:00,1.16288,1.16293,1.16287,1.16289,0
2026-05-26 06:06:00+00:00,1.16289,1.16289,1.16283,1.16283,0
2026-05-26 06:07:00+00:00,1.16285,1.16295,1.16285,1.16295,0
2026-05-26 06:08:00+00:00,1.16294,1.16294,1.16287,1.16291,0
2026-05-26 06:09:00+00:00,1.16293,1.16294,1.16291,1.16293,0
2026-05-26 06:10:00+00:00,1.16293,1.16296,1.16287,1.16293,0
2026-05-26 06:11:00+00:00,1.16294,1.16296,1.16293,1.16296,0
2026-05-26 06:12:00+00:00,1.16293,1.16294,1.16287,1.16288,0
2026-05-26 06:13:00+00:00,1.16288,1.16299,1.16288,1.16299,0
2026-05-26 06:14:00+00:00,1.16298,1.16299,1.16297,1.16299,0
2026-05-26 06:15:00+00:00,1.16298,1.16298,1.16287,1.16288,0
2026-05-26 06:16:00+00:00,1.16289,1.16295,1.16289,1.16294,0
2026-05-26 06:17:00+00:00,1.16294,1.16297,1.1629,1.16297,0
2026-05-26 06:18:00+00:00,1.16298,1.16304,1.16298,1.16303,0
2026-05-26 06:19:00+00:00,1.16303,1.16304,1.16301,1.16304,0
2026-05-26 06:20:00+00:00,1.16303,1.16305,1.16302,1.16304,0
2026-05-26 06:21:00+00:00,1.16305,1.16309,1.16303,1.16309,0
2026-05-26 06:22:00+00:00,1.16309,1.16312,1.16308,1.16309,0
2026-05-26 06:23:00+00:00,1.16308,1.16313,1.16306,1.16313,0
2026-05-26 06:24:00+00:00,1.16313,1.16324,1.16313,1.16324,0
2026-05-26 06:25:00+00:00,1.16325,1.16345,1.16325,1.16344,0
2026-05-26 06:26:00+00:00,1.16344,1.16353,1.16343,1.16349,0
2026-05-26 06:27:00+00:00,1.16348,1.16355,1.16343,1.16353,0
2026-05-26 06:28:00+00:00,1.16355,1.16355,1.16312,1.16323,0
2026-05-26 06:29:00+00:00,1.16321,1.1634,1.16319,1.16328,0
2026-05-26 06:30:00+00:00,1.16328,1.16357,1.16327,1.16357,0
2026-05-26 06:31:00+00:00,1.16357,1.16361,1.16342,1.16343,0
2026-05-26 06:32:00+00:00,1.16341,1.16343,1.16325,1.16332,0
2026-05-26 06:33:00+00:00,1.16333,1.16347,1.16333,1.16342,0
2026-05-26 06:34:00+00:00,1.16344,1.16344,1.16338,1.16339,0
2026-05-26 06:35:00+00:00,1.16341,1.16347,1.16337,1.16337,0
2026-05-26 06:36:00+00:00,1.16338,1.16347,1.16336,1.16343,0
2026-05-26 06:37:00+00:00,1.16342,1.16353,1.16338,1.16352,0
2026-05-26 06:38:00+00:00,1.16354,1.16354,1.16346,1.1635,0
2026-05-26 06:39:00+00:00,1.16351,1.16359,1.16351,1.16356,0
2026-05-26 06:40:00+00:00,1.16357,1.16358,1.16349,1.1635,0
2026-05-26 06:41:00+00:00,1.16351,1.16353,1.16347,1.16348,0
2026-05-26 06:42:00+00:00,1.1635,1.16353,1.16343,1.16344,0
2026-05-26 06:43:00+00:00,1.16342,1.16347,1.16337,1.16346,0
2026-05-26 06:44:00+00:00,1.16345,1.16361,1.16345,1.16361,0
2026-05-26 06:45:00+00:00,1.16361,1.16363,1.16352,1.16355,0
2026-05-26 06:46:00+00:00,1.16354,1.1636,1.16354,1.16358,0
2026-05-26 06:47:00+00:00,1.16358,1.16358,1.16351,1.16352,0
2026-05-26 06:48:00+00:00,1.16351,1.16358,1.16351,1.16358,0
2026-05-26 06:49:00+00:00,1.16358,1.16358,1.16345,1.16353,0
2026-05-26 06:50:00+00:00,1.16351,1.16356,1.1635,1.16352,0
2026-05-26 06:51:00+00:00,1.16353,1.16358,1.16353,1.16353,0
2026-05-26 06:52:00+00:00,1.16353,1.16362,1.16351,1.16359,0
2026-05-26 06:53:00+00:00,1.16357,1.1636,1.16357,1.16359,0
2026-05-26 06:54:00+00:00,1.16356,1.16369,1.1635,1.16369,0
2026-05-26 06:55:00+00:00,1.16369,1.16375,1.16364,1.1637,0
2026-05-26 06:56:00+00:00,1.1637,1.16375,1.16363,1.16364,0
2026-05-26 06:57:00+00:00,1.16364,1.16364,1.16344,1.16344,0
2026-05-26 06:58:00+00:00,1.16345,1.1635,1.16343,1.16349,0
2026-05-26 06:59:00+00:00,1.16351,1.16352,1.16339,1.16352,0
2026-05-26 07:00:00+00:00,1.16353,1.16355,1.16339,1.16355,0
2026-05-26 07:01:00+00:00,1.16355,1.16363,1.16344,1.16349,0
2026-05-26 07:02:00+00:00,1.16349,1.16354,1.16342,1.16344,0
2026-05-26 07:03:00+00:00,1.16346,1.16346,1.16322,1.16322,0
2026-05-26 07:04:00+00:00,1.16323,1.16324,1.16282,1.16287,0
2026-05-26 07:05:00+00:00,1.16289,1.1629,1.16244,1.16249,0
2026-05-26 07:06:00+00:00,1.16251,1.16291,1.16239,1.16282,0
2026-05-26 07:07:00+00:00,1.16284,1.16301,1.1628,1.163,0
2026-05-26 07:08:00+00:00,1.163,1.16305,1.16287,1.16288,0
2026-05-26 07:09:00+00:00,1.16287,1.16292,1.16279,1.16279,0
2026-05-26 07:10:00+00:00,1.16278,1.16319,1.16278,1.16319,0
2026-05-26 07:11:00+00:00,1.16318,1.1632,1.16296,1.16296,0
2026-05-26 07:12:00+00:00,1.16296,1.16304,1.16292,1.16297,0
2026-05-26 07:13:00+00:00,1.16296,1.16309,1.16288,1.16309,0
2026-05-26 07:14:00+00:00,1.16307,1.16313,1.163,1.16302,0
2026-05-26 07:15:00+00:00,1.163,1.163,1.16289,1.16297,0
2026-05-26 07:16:00+00:00,1.16297,1.16306,1.16293,1.16301,0
2026-05-26 07:17:00+00:00,1.16302,1.16304,1.16294,1.16298,0
2026-05-26 07:18:00+00:00,1.163,1.16309,1.16299,1.16303,0
2026-05-26 07:19:00+00:00,1.16304,1.16308,1.16302,1.16303,0
2026-05-26 07:20:00+00:00,1.16304,1.16313,1.16303,1.16312,0
2026-05-26 07:21:00+00:00,1.16312,1.16315,1.16308,1.16309,0
2026-05-26 07:22:00+00:00,1.1631,1.16314,1.16308,1.16309,0
2026-05-26 07:23:00+00:00,1.1631,1.16316,1.1631,1.16313,0
2026-05-26 07:24:00+00:00,1.16315,1.16323,1.16314,1.16317,0
2026-05-26 07:25:00+00:00,1.16317,1.16322,1.16312,1.16318,0
2026-05-26 07:26:00+00:00,1.16318,1.16325,1.16318,1.16322,0
2026-05-26 07:27:00+00:00,1.16321,1.16332,1.16321,1.16332,0
2026-05-26 07:28:00+00:00,1.1633,1.16336,1.16328,1.16336,0
2026-05-26 07:29:00+00:00,1.16335,1.16338,1.16328,1.16338,0
2026-05-26 07:30:00+00:00,1.16338,1.16362,1.16332,1.16362,0
2026-05-26 07:31:00+00:00,1.16361,1.16403,1.16355,1.16396,0
2026-05-26 07:32:00+00:00,1.16396,1.16402,1.16354,1.16354,0
2026-05-26 07:33:00+00:00,1.16357,1.16358,1.16327,1.16348,0
2026-05-26 07:34:00+00:00,1.16347,1.1636,1.16343,1.16352,0
2026-05-26 07:35:00+00:00,1.16352,1.16352,1.16338,1.16345,0
2026-05-26 07:36:00+00:00,1.16347,1.1635,1.16339,1.16345,0
2026-05-26 07:37:00+00:00,1.16345,1.16354,1.16329,1.16332,0
2026-05-26 07:38:00+00:00,1.16335,1.16346,1.16333,1.16345,0
2026-05-26 07:39:00+00:00,1.16345,1.16353,1.16342,1.16345,0
2026-05-26 07:40:00+00:00,1.16344,1.16356,1.16344,1.16356,0
2026-05-26 07:41:00+00:00,1.16358,1.16364,1.16352,1.16354,0
2026-05-26 07:42:00+00:00,1.16354,1.16362,1.16349,1.16351,0
2026-05-26 07:43:00+00:00,1.1635,1.16356,1.16348,1.16348,0
2026-05-26 07:44:00+00:00,1.16348,1.16356,1.16348,1.16356,0
2026-05-26 07:45:00+00:00,1.16355,1.16359,1.16337,1.16337,0
2026-05-26 07:46:00+00:00,1.16337,1.16351,1.16333,1.16348,0
2026-05-26 07:47:00+00:00,1.16348,1.16352,1.16344,1.16345,0
2026-05-26 07:48:00+00:00,1.16346,1.16373,1.16346,1.16372,0
2026-05-26 07:49:00+00:00,1.16374,1.16387,1.16373,1.16387,0
2026-05-26 07:50:00+00:00,1.16385,1.16396,1.16385,1.16392,0
2026-05-26 07:51:00+00:00,1.16392,1.16392,1.16375,1.16376,0
2026-05-26 07:52:00+00:00,1.16377,1.16377,1.16371,1.16374,0
2026-05-26 07:53:00+00:00,1.16376,1.16378,1.16371,1.16375,0
2026-05-26 07:54:00+00:00,1.16374,1.16378,1.16363,1.16363,0
2026-05-26 07:55:00+00:00,1.16365,1.16388,1.16365,1.16375,0
2026-05-26 07:56:00+00:00,1.16374,1.16378,1.16371,1.16376,0
2026-05-26 07:57:00+00:00,1.16377,1.16381,1.16375,1.16375,0
2026-05-26 07:58:00+00:00,1.16374,1.16377,1.16369,1.16371,0
2026-05-26 07:59:00+00:00,1.16372,1.16374,1.16367,1.16369,0
2026-05-26 08:00:00+00:00,1.16371,1.16381,1.16353,1.16354,0
2026-05-26 08:01:00+00:00,1.16353,1.16369,1.16349,1.16362,0
2026-05-26 08:02:00+00:00,1.16362,1.16378,1.1636,1.16377,0
2026-05-26 08:03:00+00:00,1.16376,1.16389,1.16369,1.16384,0
2026-05-26 08:04:00+00:00,1.16385,1.16389,1.16378,1.16383,0
2026-05-26 08:05:00+00:00,1.16385,1.16385,1.1638,1.16383,0
2026-05-26 08:06:00+00:00,1.16386,1.16391,1.16373,1.16382,0
2026-05-26 08:07:00+00:00,1.16382,1.16383,1.16377,1.16381,0
2026-05-26 08:08:00+00:00,1.16379,1.16379,1.16365,1.16367,0
2026-05-26 08:09:00+00:00,1.16368,1.16372,1.16367,1.16367,0
2026-05-26 08:10:00+00:00,1.16369,1.16377,1.16364,1.16376,0
2026-05-26 08:11:00+00:00,1.16377,1.16402,1.16377,1.16394,0
2026-05-26 08:12:00+00:00,1.16393,1.16405,1.16391,1.16405,0
2026-05-26 08:13:00+00:00,1.16405,1.16406,1.16381,1.16381,0
2026-05-26 08:14:00+00:00,1.16383,1.16385,1.16374,1.16385,0
2026-05-26 08:15:00+00:00,1.16386,1.16392,1.16386,1.16389,0
2026-05-26 08:16:00+00:00,1.16388,1.16393,1.16388,1.16389,0
2026-05-26 08:17:00+00:00,1.16389,1.16403,1.16387,1.16397,0
2026-05-26 08:18:00+00:00,1.16397,1.1641,1.16397,1.1641,0
2026-05-26 08:19:00+00:00,1.1641,1.16421,1.16399,1.16405,0
2026-05-26 08:20:00+00:00,1.16406,1.16411,1.16403,1.16407,0
2026-05-26 08:21:00+00:00,1.16408,1.16417,1.16405,1.16408,0
2026-05-26 08:22:00+00:00,1.16408,1.16408,1.164,1.16403,0
2026-05-26 08:23:00+00:00,1.16404,1.16409,1.16403,1.16407,0
2026-05-26 08:24:00+00:00,1.16409,1.16409,1.16405,1.16407,0
2026-05-26 08:25:00+00:00,1.16409,1.16409,1.16402,1.16405,0
2026-05-26 08:26:00+00:00,1.16405,1.16405,1.16394,1.16399,0
2026-05-26 08:27:00+00:00,1.164,1.164,1.16388,1.16388,0
2026-05-26 08:28:00+00:00,1.16389,1.16391,1.16375,1.16391,0
2026-05-26 08:29:00+00:00,1.16393,1.16396,1.16383,1.16391,0
2026-05-26 08:30:00+00:00,1.16391,1.16393,1.16379,1.16393,0
2026-05-26 08:31:00+00:00,1.16394,1.16408,1.16394,1.16408,0
2026-05-26 08:32:00+00:00,1.1641,1.16412,1.164,1.16402,0
2026-05-26 08:33:00+00:00,1.16403,1.16408,1.16397,1.164,0
2026-05-26 08:34:00+00:00,1.16402,1.16402,1.16382,1.16388,0
2026-05-26 08:35:00+00:00,1.16387,1.16394,1.16383,1.16392,0
2026-05-26 08:36:00+00:00,1.16396,1.16403,1.16386,1.1639,0
2026-05-26 08:37:00+00:00,1.1639,1.16393,1.16383,1.16393,0
2026-05-26 08:38:00+00:00,1.16392,1.16393,1.16388,1.16388,0
2026-05-26 08:39:00+00:00,1.16391,1.16391,1.16376,1.16378,0
2026-05-26 08:40:00+00:00,1.1638,1.16383,1.16373,1.16374,0
2026-05-26 08:41:00+00:00,1.16376,1.16377,1.16367,1.16368,0
2026-05-26 08:42:00+00:00,1.16366,1.16369,1.16362,1.16362,0
2026-05-26 08:43:00+00:00,1.16366,1.16368,1.16351,1.16351,0
2026-05-26 08:44:00+00:00,1.1635,1.16352,1.16346,1.16347,0
2026-05-26 08:45:00+00:00,1.16347,1.16352,1.16344,1.16345,0
2026-05-26 08:46:00+00:00,1.16344,1.16353,1.16342,1.16349,0
2026-05-26 08:47:00+00:00,1.1635,1.16354,1.16349,1.16349,0
2026-05-26 08:48:00+00:00,1.16347,1.16362,1.16344,1.16361,0
2026-05-26 08:49:00+00:00,1.16361,1.16364,1.16359,1.1636,0
2026-05-26 08:50:00+00:00,1.1636,1.16378,1.16358,1.16378,0
2026-05-26 08:51:00+00:00,1.16379,1.16383,1.16377,1.1638,0
2026-05-26 08:52:00+00:00,1.16381,1.16391,1.16381,1.16386,0
2026-05-26 08:53:00+00:00,1.16387,1.1641,1.16385,1.16405,0
2026-05-26 08:54:00+00:00,1.16403,1.16407,1.16401,1.16403,0
2026-05-26 08:55:00+00:00,1.16403,1.16403,1.16387,1.16387,0
2026-05-26 08:56:00+00:00,1.16387,1.16389,1.16382,1.16382,0
2026-05-26 08:57:00+00:00,1.16382,1.16382,1.16368,1.16376,0
2026-05-26 08:58:00+00:00,1.16375,1.16378,1.16366,1.16366,0
2026-05-26 08:59:00+00:00,1.16367,1.16369,1.1636,1.16364,0
2026-05-26 09:00:00+00:00,1.16362,1.16366,1.16351,1.16354,0
2026-05-26 09:01:00+00:00,1.16353,1.16357,1.16347,1.16354,0
2026-05-26 09:02:00+00:00,1.16353,1.16353,1.16337,1.16343,0
2026-05-26 09:03:00+00:00,1.16344,1.16344,1.16331,1.16333,0
2026-05-26 09:04:00+00:00,1.16332,1.16341,1.16331,1.16338,0
2026-05-26 09:05:00+00:00,1.16339,1.16344,1.16326,1.16342,0
2026-05-26 09:06:00+00:00,1.16342,1.16359,1.16339,1.16359,0
2026-05-26 09:07:00+00:00,1.16358,1.16367,1.16349,1.16351,0
2026-05-26 09:08:00+00:00,1.1635,1.16369,1.1635,1.16367,0
2026-05-26 09:09:00+00:00,1.16368,1.16376,1.16366,1.16371,0
2026-05-26 09:10:00+00:00,1.16371,1.16373,1.16368,1.16373,0
2026-05-26 09:11:00+00:00,1.16374,1.1638,1.16374,1.1638,0
2026-05-26 09:12:00+00:00,1.16382,1.1639,1.16381,1.1639,0
2026-05-26 09:13:00+00:00,1.16388,1.1639,1.1638,1.16382,0
2026-05-26 09:14:00+00:00,1.16381,1.16385,1.16377,1.16378,0
2026-05-26 09:15:00+00:00,1.16379,1.16379,1.16372,1.16375,0
2026-05-26 09:16:00+00:00,1.16376,1.16384,1.16368,1.16384,0
2026-05-26 09:17:00+00:00,1.16385,1.16423,1.16385,1.16391,0
2026-05-26 09:18:00+00:00,1.16391,1.16391,1.16375,1.16379,0
2026-05-26 09:19:00+00:00,1.16378,1.16407,1.16374,1.16395,0
2026-05-26 09:20:00+00:00,1.16397,1.16409,1.16397,1.164,0
2026-05-26 09:21:00+00:00,1.16399,1.16405,1.16397,1.16399,0
2026-05-26 09:22:00+00:00,1.16399,1.16399,1.16392,1.16392,0
2026-05-26 09:23:00+00:00,1.16393,1.16393,1.16369,1.16381,0
2026-05-26 09:24:00+00:00,1.16381,1.1639,1.16379,1.16388,0
2026-05-26 09:25:00+00:00,1.16387,1.16388,1.16375,1.16386,0
2026-05-26 09:26:00+00:00,1.16386,1.16404,1.16386,1.16403,0
2026-05-26 09:27:00+00:00,1.16403,1.16408,1.16401,1.16407,0
2026-05-26 09:28:00+00:00,1.16404,1.16405,1.16396,1.16405,0
2026-05-26 09:29:00+00:00,1.16405,1.16419,1.16402,1.16417,0
2026-05-26 09:30:00+00:00,1.16418,1.16419,1.16397,1.16403,0
2026-05-26 09:31:00+00:00,1.16402,1.16412,1.16398,1.16412,0
2026-05-26 09:32:00+00:00,1.1641,1.16412,1.16403,1.16404,0
2026-05-26 09:33:00+00:00,1.16404,1.16427,1.16404,1.16423,0
2026-05-26 09:34:00+00:00,1.16425,1.16432,1.1642,1.16422,0
2026-05-26 09:35:00+00:00,1.16422,1.16423,1.16416,1.16417,0
2026-05-26 09:36:00+00:00,1.16419,1.16428,1.16418,1.16428,0
2026-05-26 09:37:00+00:00,1.16425,1.16425,1.16417,1.16418,0
2026-05-26 09:38:00+00:00,1.16417,1.16417,1.16408,1.16411,0
2026-05-26 09:39:00+00:00,1.16412,1.16414,1.16408,1.16414,0
2026-05-26 09:40:00+00:00,1.16415,1.16425,1.16415,1.16416,0
2026-05-26 09:41:00+00:00,1.16417,1.16423,1.16412,1.1642,0
2026-05-26 09:42:00+00:00,1.16419,1.16423,1.16412,1.16423,0
2026-05-26 09:43:00+00:00,1.16422,1.16423,1.1642,1.16421,0
2026-05-26 09:44:00+00:00,1.16421,1.16421,1.16407,1.16407,0
2026-05-26 09:45:00+00:00,1.16408,1.16413,1.16407,1.16407,0
2026-05-26 09:46:00+00:00,1.16408,1.16419,1.16408,1.16416,0
2026-05-26 09:47:00+00:00,1.16413,1.16414,1.16413,1.16413,0
2026-05-26 09:48:00+00:00,1.16414,1.16415,1.16412,1.16412,0
2026-05-26 09:49:00+00:00,1.16414,1.16425,1.16412,1.16425,0
2026-05-26 09:50:00+00:00,1.16422,1.16424,1.1641,1.1641,0
2026-05-26 09:51:00+00:00,1.16409,1.16409,1.16401,1.16407,0
2026-05-26 09:52:00+00:00,1.16407,1.16416,1.16402,1.16412,0
2026-05-26 09:53:00+00:00,1.16412,1.16412,1.16402,1.16402,0
2026-05-26 09:54:00+00:00,1.16401,1.16429,1.164,1.16427,0
2026-05-26 09:55:00+00:00,1.16428,1.1644,1.16428,1.16436,0
2026-05-26 09:56:00+00:00,1.16436,1.1644,1.16436,1.16438,0
2026-05-26 09:57:00+00:00,1.16438,1.16438,1.16423,1.16423,0
2026-05-26 09:58:00+00:00,1.16424,1.16424,1.1642,1.1642,0
2026-05-26 09:59:00+00:00,1.16422,1.16429,1.1642,1.16427,0
2026-05-26 10:00:00+00:00,1.16424,1.16436,1.1642,1.16432,0
2026-05-26 10:01:00+00:00,1.16433,1.16433,1.1642,1.16423,0
2026-05-26 10:02:00+00:00,1.16421,1.16423,1.16413,1.16413,0
2026-05-26 10:03:00+00:00,1.16413,1.16418,1.16411,1.16413,0
2026-05-26 10:04:00+00:00,1.16414,1.16414,1.164,1.164,0
2026-05-26 10:05:00+00:00,1.16401,1.16405,1.16398,1.16405,0
2026-05-26 10:06:00+00:00,1.16405,1.16407,1.16403,1.16406,0
2026-05-26 10:07:00+00:00,1.16405,1.16418,1.16405,1.16415,0
2026-05-26 10:08:00+00:00,1.16414,1.1642,1.16413,1.16414,0
2026-05-26 10:09:00+00:00,1.16417,1.16421,1.16414,1.16419,0
2026-05-26 10:10:00+00:00,1.1642,1.16427,1.16419,1.16426,0
2026-05-26 10:11:00+00:00,1.16426,1.16429,1.1642,1.16425,0
2026-05-26 10:12:00+00:00,1.16425,1.16432,1.16423,1.16432,0
2026-05-26 10:13:00+00:00,1.1643,1.16432,1.16427,1.16427,0
2026-05-26 10:14:00+00:00,1.16426,1.16429,1.1642,1.16426,0
2026-05-26 10:15:00+00:00,1.16426,1.16435,1.16426,1.16428,0
2026-05-26 10:16:00+00:00,1.16428,1.16432,1.16428,1.16432,0
2026-05-26 10:17:00+00:00,1.1643,1.1643,1.16422,1.16422,0
2026-05-26 10:18:00+00:00,1.16422,1.16431,1.16417,1.16431,0
2026-05-26 10:19:00+00:00,1.16429,1.16433,1.16426,1.16428,0
2026-05-26 10:20:00+00:00,1.16429,1.16432,1.16416,1.16417,0
2026-05-26 10:21:00+00:00,1.16419,1.16419,1.16413,1.16414,0
2026-05-26 10:22:00+00:00,1.16414,1.16427,1.16409,1.16427,0
2026-05-26 10:23:00+00:00,1.16426,1.16429,1.16425,1.16429,0
2026-05-26 10:24:00+00:00,1.16427,1.16432,1.16413,1.16413,0
2026-05-26 10:25:00+00:00,1.16413,1.16414,1.16406,1.16413,0
2026-05-26 10:26:00+00:00,1.16413,1.16414,1.16411,1.16414,0
2026-05-26 10:27:00+00:00,1.16414,1.16418,1.16411,1.16412,0
2026-05-26 10:28:00+00:00,1.1641,1.16433,1.16407,1.16429,0
2026-05-26 10:29:00+00:00,1.16432,1.16432,1.16419,1.16428,0
2026-05-26 10:30:00+00:00,1.16429,1.16451,1.16428,1.16432,0
2026-05-26 10:31:00+00:00,1.1643,1.1643,1.16413,1.16414,0
2026-05-26 10:32:00+00:00,1.16415,1.16415,1.16406,1.16409,0
2026-05-26 10:33:00+00:00,1.16408,1.16425,1.16404,1.16408,0
2026-05-26 10:34:00+00:00,1.16408,1.16415,1.16403,1.1641,0
2026-05-26 10:35:00+00:00,1.16409,1.16417,1.16397,1.16398,0
2026-05-26 10:36:00+00:00,1.16399,1.16401,1.16393,1.16394,0
2026-05-26 10:37:00+00:00,1.16395,1.16395,1.16377,1.16378,0
2026-05-26 10:38:00+00:00,1.16376,1.16384,1.16375,1.1638,0
2026-05-26 10:39:00+00:00,1.16378,1.16387,1.16377,1.16386,0
2026-05-26 10:40:00+00:00,1.16389,1.16407,1.16386,1.16394,0
2026-05-26 10:41:00+00:00,1.16396,1.16396,1.16387,1.1639,0
2026-05-26 10:42:00+00:00,1.16389,1.1639,1.16381,1.16384,0
2026-05-26 10:43:00+00:00,1.16385,1.16399,1.16385,1.1639,0
2026-05-26 10:44:00+00:00,1.16392,1.16406,1.16392,1.16403,0
2026-05-26 10:45:00+00:00,1.16404,1.16413,1.16402,1.16409,0
2026-05-26 10:46:00+00:00,1.16409,1.16409,1.164,1.16402,0
2026-05-26 10:47:00+00:00,1.16402,1.16406,1.16391,1.16406,0
2026-05-26 10:48:00+00:00,1.16405,1.16408,1.16398,1.16399,0
2026-05-26 10:49:00+00:00,1.16402,1.16407,1.16402,1.16407,0
2026-05-26 10:50:00+00:00,1.16409,1.16413,1.16408,1.16409,0
2026-05-26 10:51:00+00:00,1.16409,1.16423,1.16409,1.16414,0
2026-05-26 10:52:00+00:00,1.16416,1.16429,1.16416,1.16428,0
2026-05-26 10:53:00+00:00,1.16428,1.1643,1.16426,1.16428,0
2026-05-26 10:54:00+00:00,1.16425,1.16426,1.16421,1.16424,0
2026-05-26 10:55:00+00:00,1.16424,1.16434,1.16418,1.16419,0
2026-05-26 10:56:00+00:00,1.16418,1.16424,1.16412,1.16423,0
2026-05-26 10:57:00+00:00,1.16424,1.16431,1.16418,1.16418,0
2026-05-26 10:58:00+00:00,1.16419,1.16432,1.16419,1.1643,0
2026-05-26 10:59:00+00:00,1.16431,1.16431,1.16413,1.16413,0
2026-05-26 11:00:00+00:00,1.16415,1.16418,1.16407,1.16407,0
2026-05-26 11:01:00+00:00,1.16406,1.16416,1.16403,1.16408,0
2026-05-26 11:02:00+00:00,1.16409,1.16417,1.16408,1.16412,0
2026-05-26 11:03:00+00:00,1.16414,1.16429,1.16414,1.16429,0
2026-05-26 11:04:00+00:00,1.16427,1.16429,1.16411,1.16421,0
2026-05-26 11:05:00+00:00,1.16424,1.16429,1.16418,1.16426,0
2026-05-26 11:06:00+00:00,1.16424,1.16432,1.16424,1.16427,0
2026-05-26 11:07:00+00:00,1.16428,1.1643,1.16427,1.16429,0
2026-05-26 11:08:00+00:00,1.16431,1.16433,1.16429,1.16433,0
2026-05-26 11:09:00+00:00,1.16433,1.16443,1.16432,1.16442,0
2026-05-26 11:10:00+00:00,1.16442,1.16445,1.16442,1.16445,0
2026-05-26 11:11:00+00:00,1.16446,1.16446,1.16436,1.16437,0
2026-05-26 11:12:00+00:00,1.16438,1.16448,1.16434,1.16446,0
2026-05-26 11:13:00+00:00,1.16446,1.16447,1.16436,1.16436,0
2026-05-26 11:14:00+00:00,1.16435,1.16437,1.16432,1.16432,0
2026-05-26 11:15:00+00:00,1.16431,1.16437,1.16422,1.16428,0
2026-05-26 11:16:00+00:00,1.16426,1.16432,1.16421,1.1643,0
2026-05-26 11:17:00+00:00,1.1643,1.16445,1.16428,1.16438,0
2026-05-26 11:18:00+00:00,1.16438,1.16438,1.16423,1.16425,0
2026-05-26 11:19:00+00:00,1.16425,1.16431,1.16424,1.16425,0
2026-05-26 11:20:00+00:00,1.16425,1.16425,1.16417,1.16418,0
2026-05-26 11:21:00+00:00,1.16416,1.16419,1.16414,1.16418,0
2026-05-26 11:22:00+00:00,1.16417,1.16421,1.16412,1.16413,0
2026-05-26 11:23:00+00:00,1.16415,1.16416,1.16411,1.16411,0
2026-05-26 11:24:00+00:00,1.16412,1.16418,1.16412,1.16417,0
2026-05-26 11:25:00+00:00,1.16416,1.1642,1.16406,1.16412,0
2026-05-26 11:26:00+00:00,1.16413,1.16419,1.16411,1.16411,0
2026-05-26 11:27:00+00:00,1.16411,1.16411,1.16405,1.16405,0
2026-05-26 11:28:00+00:00,1.16403,1.16407,1.16403,1.16404,0
2026-05-26 11:29:00+00:00,1.16403,1.16403,1.16397,1.16399,0
2026-05-26 11:30:00+00:00,1.164,1.1641,1.16396,1.16409,0
2026-05-26 11:31:00+00:00,1.16411,1.16412,1.16408,1.16408,0
2026-05-26 11:32:00+00:00,1.16408,1.16421,1.16408,1.16417,0
2026-05-26 11:33:00+00:00,1.16416,1.16418,1.1641,1.1641,0
2026-05-26 11:34:00+00:00,1.1641,1.1641,1.1638,1.16393,0
2026-05-26 11:35:00+00:00,1.16394,1.16402,1.16356,1.16359,0
2026-05-26 11:36:00+00:00,1.1636,1.16374,1.16352,1.16373,0
2026-05-26 11:37:00+00:00,1.16372,1.1639,1.1637,1.1639,0
2026-05-26 11:38:00+00:00,1.16392,1.16393,1.16383,1.16383,0
2026-05-26 11:39:00+00:00,1.16384,1.16385,1.16374,1.16374,0
2026-05-26 11:40:00+00:00,1.16375,1.16377,1.16367,1.16368,0
2026-05-26 11:41:00+00:00,1.16367,1.16368,1.16361,1.16364,0
2026-05-26 11:42:00+00:00,1.16363,1.16363,1.16354,1.16358,0
2026-05-26 11:43:00+00:00,1.16357,1.16365,1.16354,1.16361,0
2026-05-26 11:44:00+00:00,1.16363,1.16363,1.16347,1.16347,0
2026-05-26 11:45:00+00:00,1.16348,1.16357,1.16341,1.16341,0
2026-05-26 11:46:00+00:00,1.16339,1.16348,1.16339,1.16348,0
2026-05-26 11:47:00+00:00,1.16347,1.16352,1.16345,1.16347,0
2026-05-26 11:48:00+00:00,1.16345,1.16348,1.16333,1.16337,0
2026-05-26 11:49:00+00:00,1.16339,1.16345,1.16337,1.16343,0
2026-05-26 11:50:00+00:00,1.16343,1.16353,1.1634,1.16347,0
2026-05-26 11:51:00+00:00,1.16347,1.16352,1.16347,1.16348,0
2026-05-26 11:52:00+00:00,1.16348,1.16348,1.16338,1.16346,0
2026-05-26 11:53:00+00:00,1.16346,1.16352,1.16342,1.16349,0
2026-05-26 11:54:00+00:00,1.1635,1.16352,1.16344,1.16352,0
2026-05-26 11:55:00+00:00,1.16353,1.16361,1.16349,1.16361,0
2026-05-26 11:56:00+00:00,1.16359,1.16363,1.16352,1.1636,0
2026-05-26 11:57:00+00:00,1.16361,1.16363,1.16348,1.16349,0
2026-05-26 11:58:00+00:00,1.1635,1.16353,1.16342,1.16343,0
2026-05-26 11:59:00+00:00,1.16343,1.16345,1.16338,1.16345,0
2026-05-26 12:00:00+00:00,1.16347,1.16347,1.16326,1.16331,0
2026-05-26 12:01:00+00:00,1.16329,1.16347,1.16329,1.16347,0
2026-05-26 12:02:00+00:00,1.16347,1.16356,1.16346,1.1635,0
2026-05-26 12:03:00+00:00,1.1635,1.16352,1.16347,1.1635,0
2026-05-26 12:04:00+00:00,1.16348,1.1635,1.16345,1.16348,0
2026-05-26 12:05:00+00:00,1.16347,1.16358,1.16344,1.16348,0
2026-05-26 12:06:00+00:00,1.16348,1.1636,1.16346,1.16346,0
2026-05-26 12:07:00+00:00,1.16348,1.16349,1.16341,1.16341,0
2026-05-26 12:08:00+00:00,1.16341,1.16341,1.16311,1.16317,0
2026-05-26 12:09:00+00:00,1.16315,1.16345,1.16313,1.16339,0
2026-05-26 12:10:00+00:00,1.16338,1.16344,1.16318,1.16339,0
2026-05-26 12:11:00+00:00,1.16339,1.16344,1.16331,1.16336,0
2026-05-26 12:12:00+00:00,1.16339,1.16344,1.16337,1.16339,0
2026-05-26 12:13:00+00:00,1.1634,1.16352,1.16339,1.16352,0
2026-05-26 12:14:00+00:00,1.16351,1.16351,1.16336,1.16337,0
2026-05-26 12:15:00+00:00,1.16334,1.16337,1.16327,1.16332,0
2026-05-26 12:16:00+00:00,1.16332,1.16339,1.16328,1.1633,0
2026-05-26 12:17:00+00:00,1.1633,1.16336,1.16327,1.16334,0
2026-05-26 12:18:00+00:00,1.16334,1.16335,1.16321,1.16327,0
2026-05-26 12:19:00+00:00,1.1633,1.16338,1.1633,1.16334,0
2026-05-26 12:20:00+00:00,1.16333,1.16341,1.16331,1.16336,0
2026-05-26 12:21:00+00:00,1.16338,1.16342,1.16336,1.1634,0
2026-05-26 12:22:00+00:00,1.16341,1.16342,1.16331,1.16331,0
2026-05-26 12:23:00+00:00,1.1633,1.16334,1.16325,1.16329,0
2026-05-26 12:24:00+00:00,1.16328,1.16331,1.16326,1.16326,0
2026-05-26 12:25:00+00:00,1.16325,1.16331,1.16321,1.16329,0
2026-05-26 12:26:00+00:00,1.1633,1.16337,1.16325,1.16336,0
2026-05-26 12:27:00+00:00,1.16338,1.16344,1.16337,1.16344,0
2026-05-26 12:28:00+00:00,1.16342,1.16347,1.16341,1.16346,0
2026-05-26 12:29:00+00:00,1.16346,1.16352,1.16346,1.16351,0
2026-05-26 12:30:00+00:00,1.16352,1.16352,1.16342,1.16344,0
2026-05-26 12:31:00+00:00,1.16343,1.16343,1.16342,1.16342,0
2026-05-26 12:32:00+00:00,1.16345,1.1635,1.16338,1.16349,0
2026-05-26 12:33:00+00:00,1.16348,1.16352,1.16342,1.16351,0
2026-05-26 12:34:00+00:00,1.16351,1.16365,1.16351,1.16363,0
2026-05-26 12:35:00+00:00,1.16362,1.16362,1.16351,1.16356,0
2026-05-26 12:36:00+00:00,1.16357,1.16357,1.16348,1.16352,0
2026-05-26 12:37:00+00:00,1.16349,1.16349,1.16338,1.16341,0
2026-05-26 12:38:00+00:00,1.16341,1.16346,1.16333,1.16335,0
2026-05-26 12:39:00+00:00,1.16334,1.16339,1.16332,1.16332,0
2026-05-26 12:40:00+00:00,1.16336,1.16353,1.16333,1.16348,0
2026-05-26 12:41:00+00:00,1.16348,1.1635,1.1634,1.16344,0
2026-05-26 12:42:00+00:00,1.16342,1.16356,1.16338,1.16352,0
2026-05-26 12:43:00+00:00,1.16352,1.16358,1.16347,1.16351,0
2026-05-26 12:44:00+00:00,1.16351,1.16356,1.16335,1.16339,0
2026-05-26 12:45:00+00:00,1.16337,1.16342,1.16331,1.16342,0
2026-05-26 12:46:00+00:00,1.16343,1.16345,1.16331,1.16337,0
2026-05-26 12:47:00+00:00,1.16336,1.16338,1.16322,1.16325,0
2026-05-26 12:48:00+00:00,1.16325,1.16326,1.16321,1.16326,0
2026-05-26 12:49:00+00:00,1.16329,1.16338,1.16327,1.16335,0
2026-05-26 12:50:00+00:00,1.16336,1.16346,1.16336,1.16339,0
2026-05-26 12:51:00+00:00,1.1634,1.16343,1.16335,1.16336,0
2026-05-26 12:52:00+00:00,1.16335,1.16338,1.1633,1.16332,0
2026-05-26 12:53:00+00:00,1.16333,1.16336,1.1633,1.16335,0
2026-05-26 12:54:00+00:00,1.16334,1.16335,1.16326,1.1633,0
2026-05-26 12:55:00+00:00,1.16332,1.16337,1.16322,1.16324,0
2026-05-26 12:56:00+00:00,1.16322,1.16323,1.16315,1.16316,0
2026-05-26 12:57:00+00:00,1.16317,1.16321,1.16315,1.16316,0
2026-05-26 12:58:00+00:00,1.16318,1.16328,1.16317,1.16327,0
2026-05-26 12:59:00+00:00,1.16326,1.16326,1.16317,1.16317,0
2026-05-26 13:00:00+00:00,1.16318,1.1632,1.16312,1.16318,0
2026-05-26 13:01:00+00:00,1.16318,1.1632,1.16312,1.1632,0
2026-05-26 13:02:00+00:00,1.1632,1.16329,1.1632,1.16322,0
2026-05-26 13:03:00+00:00,1.16322,1.16326,1.16311,1.16312,0
2026-05-26 13:04:00+00:00,1.16314,1.16314,1.16302,1.16311,0
2026-05-26 13:05:00+00:00,1.16312,1.16315,1.16304,1.16306,0
2026-05-26 13:06:00+00:00,1.16305,1.16316,1.16301,1.16313,0
2026-05-26 13:07:00+00:00,1.16312,1.16312,1.16305,1.16306,0
2026-05-26 13:08:00+00:00,1.16305,1.16308,1.16299,1.16302,0
2026-05-26 13:09:00+00:00,1.163,1.1631,1.16298,1.16309,0
2026-05-26 13:10:00+00:00,1.16308,1.16328,1.16308,1.16324,0
2026-05-26 13:11:00+00:00,1.16323,1.16323,1.16297,1.16311,0
2026-05-26 13:12:00+00:00,1.16311,1.16311,1.16291,1.16298,0
2026-05-26 13:13:00+00:00,1.16298,1.16299,1.16285,1.16291,0
2026-05-26 13:14:00+00:00,1.16292,1.16307,1.16288,1.16307,0
2026-05-26 13:15:00+00:00,1.16307,1.16316,1.16303,1.16313,0
2026-05-26 13:16:00+00:00,1.16311,1.16313,1.16306,1.16311,0
2026-05-26 13:17:00+00:00,1.16312,1.16319,1.16311,1.16318,0
2026-05-26 13:18:00+00:00,1.1632,1.16323,1.16311,1.16317,0
2026-05-26 13:19:00+00:00,1.16315,1.16316,1.16304,1.16306,0
2026-05-26 13:20:00+00:00,1.16305,1.16316,1.16303,1.16316,0
2026-05-26 13:21:00+00:00,1.16316,1.16329,1.16316,1.16322,0
2026-05-26 13:22:00+00:00,1.16323,1.16323,1.16316,1.16321,0
2026-05-26 13:23:00+00:00,1.16322,1.16325,1.16319,1.16321,0
2026-05-26 13:24:00+00:00,1.1632,1.16322,1.16313,1.16318,0
2026-05-26 13:25:00+00:00,1.16321,1.16326,1.16315,1.16316,0
2026-05-26 13:26:00+00:00,1.16316,1.16316,1.1631,1.16312,0
2026-05-26 13:27:00+00:00,1.16314,1.16315,1.16299,1.16301,0
2026-05-26 13:28:00+00:00,1.163,1.16301,1.16278,1.16279,0
2026-05-26 13:29:00+00:00,1.16278,1.16279,1.16264,1.16266,0
2026-05-26 13:30:00+00:00,1.16266,1.16285,1.16266,1.16284,0
2026-05-26 13:31:00+00:00,1.16282,1.16287,1.16276,1.16278,0
2026-05-26 13:32:00+00:00,1.16278,1.16278,1.16262,1.16265,0
2026-05-26 13:33:00+00:00,1.16267,1.16277,1.16265,1.16272,0
2026-05-26 13:34:00+00:00,1.16271,1.16273,1.16257,1.1626,0
2026-05-26 13:35:00+00:00,1.16262,1.16266,1.16253,1.16258,0
2026-05-26 13:36:00+00:00,1.16259,1.16282,1.16259,1.16276,0
2026-05-26 13:37:00+00:00,1.16276,1.16299,1.16275,1.16297,0
2026-05-26 13:38:00+00:00,1.16297,1.163,1.16286,1.16288,0
2026-05-26 13:39:00+00:00,1.16288,1.16291,1.16281,1.16285,0
2026-05-26 13:40:00+00:00,1.16283,1.16283,1.16272,1.16273,0
2026-05-26 13:41:00+00:00,1.16276,1.16283,1.16273,1.16276,0
2026-05-26 13:42:00+00:00,1.16276,1.16276,1.1626,1.1627,0
2026-05-26 13:43:00+00:00,1.16269,1.16292,1.16267,1.16288,0
2026-05-26 13:44:00+00:00,1.16289,1.16293,1.16279,1.1628,0
2026-05-26 13:45:00+00:00,1.16282,1.16287,1.16281,1.16283,0
2026-05-26 13:46:00+00:00,1.16281,1.16291,1.16275,1.1629,0
2026-05-26 13:47:00+00:00,1.16291,1.16307,1.16287,1.16301,0
2026-05-26 13:48:00+00:00,1.16302,1.16313,1.16292,1.16295,0
2026-05-26 13:49:00+00:00,1.16297,1.16305,1.16295,1.16301,0
2026-05-26 13:50:00+00:00,1.163,1.16303,1.16267,1.16267,0
2026-05-26 13:51:00+00:00,1.16267,1.16267,1.16233,1.1624,0
2026-05-26 13:52:00+00:00,1.1624,1.16254,1.16229,1.16248,0
2026-05-26 13:53:00+00:00,1.16245,1.16246,1.16171,1.16185,0
2026-05-26 13:54:00+00:00,1.16186,1.16206,1.16183,1.16205,0
2026-05-26 13:55:00+00:00,1.16209,1.16227,1.16205,1.16224,0
2026-05-26 13:56:00+00:00,1.16226,1.16234,1.16223,1.16233,0
2026-05-26 13:57:00+00:00,1.16234,1.16239,1.16228,1.16233,0
2026-05-26 13:58:00+00:00,1.16235,1.16243,1.16232,1.16242,0
2026-05-26 13:59:00+00:00,1.16242,1.16256,1.16242,1.16256,0
2026-05-26 14:00:00+00:00,1.16256,1.16259,1.1622,1.16221,0
2026-05-26 14:01:00+00:00,1.16223,1.1627,1.16222,1.16266,0
2026-05-26 14:02:00+00:00,1.16267,1.16297,1.16266,1.16273,0
2026-05-26 14:03:00+00:00,1.16275,1.16287,1.16263,1.16283,0
2026-05-26 14:04:00+00:00,1.16283,1.16283,1.16266,1.16267,0
2026-05-26 14:05:00+00:00,1.16266,1.16266,1.16246,1.16252,0
2026-05-26 14:06:00+00:00,1.16252,1.16259,1.16248,1.16259,0
2026-05-26 14:07:00+00:00,1.16261,1.16275,1.16252,1.16258,0
2026-05-26 14:08:00+00:00,1.1626,1.1626,1.16242,1.1625,0
2026-05-26 14:09:00+00:00,1.16251,1.16255,1.16243,1.16253,0
2026-05-26 14:10:00+00:00,1.16255,1.16263,1.16241,1.16257,0
2026-05-26 14:11:00+00:00,1.16259,1.16262,1.16246,1.16251,0
2026-05-26 14:12:00+00:00,1.16253,1.16253,1.16235,1.16235,0
2026-05-26 14:13:00+00:00,1.16236,1.16242,1.16231,1.16233,0
2026-05-26 14:14:00+00:00,1.16233,1.16247,1.16232,1.16247,0
2026-05-26 14:15:00+00:00,1.16247,1.16249,1.1623,1.1623,0
2026-05-26 14:16:00+00:00,1.16232,1.1624,1.16222,1.16222,0
2026-05-26 14:17:00+00:00,1.16221,1.16228,1.16217,1.16223,0
2026-05-26 14:18:00+00:00,1.16223,1.16235,1.16221,1.16234,0
2026-05-26 14:19:00+00:00,1.16232,1.1624,1.16222,1.16229,0
2026-05-26 14:20:00+00:00,1.16229,1.1623,1.16217,1.16223,0
2026-05-26 14:21:00+00:00,1.16224,1.16237,1.16222,1.16236,0
2026-05-26 14:22:00+00:00,1.16236,1.16263,1.16234,1.16258,0
2026-05-26 14:23:00+00:00,1.16258,1.1626,1.1624,1.16242,0
2026-05-26 14:24:00+00:00,1.1624,1.16253,1.16239,1.16244,0
2026-05-26 14:25:00+00:00,1.16245,1.16248,1.16234,1.16236,0
2026-05-26 14:26:00+00:00,1.16234,1.16238,1.1622,1.16222,0
2026-05-26 14:27:00+00:00,1.16223,1.16223,1.16212,1.16218,0
2026-05-26 14:28:00+00:00,1.16218,1.16228,1.16212,1.16228,0
2026-05-26 14:29:00+00:00,1.16228,1.16243,1.16227,1.16243,0
2026-05-26 14:30:00+00:00,1.16243,1.16244,1.16236,1.16236,0
2026-05-26 14:31:00+00:00,1.16235,1.16249,1.16234,1.16248,0
2026-05-26 14:32:00+00:00,1.16249,1.16257,1.16236,1.16248,0
2026-05-26 14:33:00+00:00,1.16249,1.16249,1.16227,1.16241,0
2026-05-26 14:34:00+00:00,1.1624,1.1626,1.16238,1.16259,0
2026-05-26 14:35:00+00:00,1.16259,1.16288,1.16259,1.16284,0
2026-05-26 14:36:00+00:00,1.16283,1.16288,1.16258,1.16261,0
2026-05-26 14:37:00+00:00,1.16261,1.16265,1.16249,1.16257,0
2026-05-26 14:38:00+00:00,1.16258,1.16259,1.16249,1.16255,0
2026-05-26 14:39:00+00:00,1.16255,1.16257,1.16246,1.1625,0
2026-05-26 14:40:00+00:00,1.1625,1.16279,1.16249,1.16277,0
2026-05-26 14:41:00+00:00,1.16279,1.16284,1.16272,1.1628,0
2026-05-26 14:42:00+00:00,1.1628,1.16289,1.16277,1.16279,0
2026-05-26 14:43:00+00:00,1.16281,1.16281,1.16259,1.1626,0
2026-05-26 14:44:00+00:00,1.16261,1.16263,1.16251,1.16259,0
2026-05-26 14:45:00+00:00,1.16257,1.16263,1.16246,1.16261,0
2026-05-26 14:46:00+00:00,1.16261,1.16264,1.16246,1.16262,0
2026-05-26 14:47:00+00:00,1.16261,1.16274,1.1626,1.16267,0
2026-05-26 14:48:00+00:00,1.16265,1.16283,1.16261,1.16277,0
2026-05-26 14:49:00+00:00,1.16279,1.16286,1.16268,1.16269,0
2026-05-26 14:50:00+00:00,1.16269,1.16281,1.16268,1.16272,0
2026-05-26 14:51:00+00:00,1.1627,1.16278,1.16267,1.16268,0
2026-05-26 14:52:00+00:00,1.1627,1.16276,1.16266,1.16269,0
2026-05-26 14:53:00+00:00,1.16268,1.16275,1.16259,1.16259,0
2026-05-26 14:54:00+00:00,1.16259,1.16264,1.16251,1.16258,0
2026-05-26 14:55:00+00:00,1.16256,1.16257,1.16244,1.16246,0
2026-05-26 14:56:00+00:00,1.16246,1.16257,1.16243,1.16249,0
2026-05-26 14:57:00+00:00,1.16249,1.16249,1.16238,1.16241,0
2026-05-26 14:58:00+00:00,1.1624,1.16253,1.1624,1.16252,0
2026-05-26 14:59:00+00:00,1.16252,1.16257,1.16242,1.16249,0
2026-05-26 15:00:00+00:00,1.16248,1.1625,1.16233,1.16239,0
2026-05-26 15:01:00+00:00,1.16239,1.16242,1.16223,1.16224,0
2026-05-26 15:02:00+00:00,1.16225,1.16228,1.16203,1.16225,0
2026-05-26 15:03:00+00:00,1.16224,1.16234,1.16213,1.16226,0
2026-05-26 15:04:00+00:00,1.16225,1.16225,1.16215,1.16222,0
2026-05-26 15:05:00+00:00,1.16221,1.16238,1.16221,1.16228,0
2026-05-26 15:06:00+00:00,1.16227,1.16233,1.16221,1.16233,0
2026-05-26 15:07:00+00:00,1.16233,1.16235,1.16217,1.16221,0
2026-05-26 15:08:00+00:00,1.16221,1.16223,1.16205,1.1621,0
2026-05-26 15:09:00+00:00,1.1621,1.16218,1.16197,1.16212,0
2026-05-26 15:10:00+00:00,1.16211,1.16228,1.16211,1.16222,0
2026-05-26 15:11:00+00:00,1.16222,1.16237,1.16222,1.16236,0
2026-05-26 15:12:00+00:00,1.16237,1.16252,1.16236,1.16252,0
2026-05-26 15:13:00+00:00,1.16253,1.16256,1.16237,1.16254,0
2026-05-26 15:14:00+00:00,1.16255,1.16257,1.16228,1.16229,0
2026-05-26 15:15:00+00:00,1.16228,1.16229,1.16219,1.16219,0
2026-05-26 15:16:00+00:00,1.16221,1.16223,1.16209,1.16213,0
2026-05-26 15:17:00+00:00,1.16213,1.16216,1.16185,1.16191,0
2026-05-26 15:18:00+00:00,1.16191,1.1621,1.16191,1.16207,0
2026-05-26 15:19:00+00:00,1.16208,1.16222,1.16193,1.16198,0
2026-05-26 15:20:00+00:00,1.16201,1.16206,1.16187,1.16192,0
2026-05-26 15:21:00+00:00,1.16196,1.16202,1.1619,1.16202,0
2026-05-26 15:22:00+00:00,1.16201,1.16201,1.16191,1.16191,0
2026-05-26 15:23:00+00:00,1.1619,1.16192,1.16175,1.16177,0
2026-05-26 15:24:00+00:00,1.16177,1.16183,1.16175,1.16181,0
2026-05-26 15:25:00+00:00,1.16182,1.16194,1.16177,1.16193,0
2026-05-26 15:26:00+00:00,1.1619,1.16208,1.16188,1.16202,0
2026-05-26 15:27:00+00:00,1.16202,1.16206,1.16191,1.16198,0
2026-05-26 15:28:00+00:00,1.16199,1.1622,1.16199,1.16211,0
2026-05-26 15:29:00+00:00,1.16211,1.16213,1.16202,1.16207,0
2026-05-26 15:30:00+00:00,1.16207,1.16222,1.16207,1.16222,0
2026-05-26 15:31:00+00:00,1.16221,1.16224,1.16205,1.16205,0
2026-05-26 15:32:00+00:00,1.16203,1.16208,1.16194,1.16201,0
2026-05-26 15:33:00+00:00,1.16202,1.16207,1.16197,1.16201,0
2026-05-26 15:34:00+00:00,1.16201,1.16202,1.16188,1.16192,0
2026-05-26 15:35:00+00:00,1.1619,1.16202,1.16186,1.16198,0
2026-05-26 15:36:00+00:00,1.16199,1.16199,1.16166,1.16167,0
2026-05-26 15:37:00+00:00,1.16168,1.16179,1.16163,1.16173,0
2026-05-26 15:38:00+00:00,1.16173,1.16177,1.16164,1.16177,0
2026-05-26 15:39:00+00:00,1.16177,1.16185,1.16172,1.16183,0
2026-05-26 15:40:00+00:00,1.16185,1.16189,1.1617,1.16174,0
2026-05-26 15:41:00+00:00,1.16176,1.16194,1.16176,1.16193,0
2026-05-26 15:42:00+00:00,1.16193,1.16207,1.16192,1.16202,0
2026-05-26 15:43:00+00:00,1.16199,1.16206,1.16197,1.16203,0
2026-05-26 15:44:00+00:00,1.16202,1.16204,1.16194,1.16197,0
2026-05-26 15:45:00+00:00,1.16198,1.16212,1.16189,1.16211,0
2026-05-26 15:46:00+00:00,1.16211,1.16213,1.16201,1.16205,0
2026-05-26 15:47:00+00:00,1.16204,1.1621,1.16202,1.16207,0
2026-05-26 15:48:00+00:00,1.16208,1.16213,1.162,1.16211,0
2026-05-26 15:49:00+00:00,1.16211,1.16219,1.16201,1.16202,0
2026-05-26 15:50:00+00:00,1.16201,1.16208,1.16199,1.16203,0
2026-05-26 15:51:00+00:00,1.16204,1.16208,1.16202,1.16207,0
2026-05-26 15:52:00+00:00,1.16207,1.16208,1.16194,1.16196,0
2026-05-26 15:53:00+00:00,1.16196,1.16205,1.16194,1.16204,0
2026-05-26 15:54:00+00:00,1.16204,1.1621,1.16197,1.16209,0
2026-05-26 15:55:00+00:00,1.16207,1.16215,1.16206,1.16208,0
2026-05-26 15:56:00+00:00,1.16209,1.1621,1.16197,1.16202,0
2026-05-26 15:57:00+00:00,1.16203,1.16209,1.16189,1.16198,0
2026-05-26 15:58:00+00:00,1.16197,1.16201,1.16192,1.16197,0
2026-05-26 15:59:00+00:00,1.16196,1.16197,1.1619,1.16194,0
2026-05-26 16:00:00+00:00,1.16194,1.16208,1.16194,1.16205,0
2026-05-26 16:01:00+00:00,1.16207,1.16212,1.16199,1.16208,0
2026-05-26 16:02:00+00:00,1.16209,1.16213,1.16197,1.16199,0
2026-05-26 16:03:00+00:00,1.16199,1.16209,1.16198,1.16202,0
2026-05-26 16:04:00+00:00,1.16202,1.1621,1.162,1.16208,0
2026-05-26 16:05:00+00:00,1.16211,1.1622,1.16209,1.16218,0
2026-05-26 16:06:00+00:00,1.16219,1.16219,1.16209,1.16212,0
2026-05-26 16:07:00+00:00,1.16218,1.16221,1.16217,1.16221,0
2026-05-26 16:08:00+00:00,1.16223,1.16228,1.1622,1.16227,0
2026-05-26 16:09:00+00:00,1.16229,1.16233,1.16223,1.16232,0
2026-05-26 16:10:00+00:00,1.16232,1.16238,1.16225,1.16238,0
2026-05-26 16:11:00+00:00,1.16237,1.16247,1.16237,1.16247,0
2026-05-26 16:12:00+00:00,1.16248,1.16258,1.16239,1.16242,0
2026-05-26 16:13:00+00:00,1.16243,1.16249,1.16239,1.16242,0
2026-05-26 16:14:00+00:00,1.16241,1.16249,1.16241,1.16249,0
2026-05-26 16:15:00+00:00,1.1625,1.1627,1.1625,1.16257,0
2026-05-26 16:16:00+00:00,1.16256,1.16262,1.1625,1.16253,0
2026-05-26 16:17:00+00:00,1.16253,1.16254,1.16246,1.16249,0
2026-05-26 16:18:00+00:00,1.16249,1.16259,1.16249,1.16259,0
2026-05-26 16:19:00+00:00,1.16259,1.16284,1.16259,1.16283,0
2026-05-26 16:20:00+00:00,1.16283,1.16286,1.16272,1.16286,0
2026-05-26 16:21:00+00:00,1.16285,1.16285,1.16268,1.16269,0
2026-05-26 16:22:00+00:00,1.16271,1.16276,1.16271,1.16275,0
2026-05-26 16:23:00+00:00,1.16275,1.16283,1.16275,1.16278,0
2026-05-26 16:24:00+00:00,1.16276,1.16277,1.16273,1.16277,0
2026-05-26 16:25:00+00:00,1.16277,1.16278,1.16262,1.16265,0
2026-05-26 16:26:00+00:00,1.16265,1.16265,1.16259,1.16264,0
2026-05-26 16:27:00+00:00,1.16264,1.16264,1.16261,1.16263,0
2026-05-26 16:28:00+00:00,1.16263,1.16273,1.16263,1.1627,0
2026-05-26 16:29:00+00:00,1.1627,1.16275,1.1627,1.16271,0
2026-05-26 16:30:00+00:00,1.16271,1.16278,1.16269,1.16277,0
2026-05-26 16:31:00+00:00,1.16278,1.1628,1.16277,1.16277,0
2026-05-26 16:32:00+00:00,1.16277,1.16285,1.16277,1.1628,0
2026-05-26 16:33:00+00:00,1.1628,1.16294,1.16276,1.16284,0
2026-05-26 16:34:00+00:00,1.16284,1.16292,1.16282,1.16286,0
2026-05-26 16:35:00+00:00,1.16289,1.16289,1.16282,1.16287,0
2026-05-26 16:36:00+00:00,1.16288,1.16289,1.16265,1.16265,0
2026-05-26 16:37:00+00:00,1.16266,1.16266,1.16257,1.16262,0
2026-05-26 16:38:00+00:00,1.16262,1.16262,1.16256,1.16262,0
2026-05-26 16:39:00+00:00,1.16264,1.16264,1.16258,1.16259,0
2026-05-26 16:40:00+00:00,1.16259,1.16265,1.16255,1.16255,0
2026-05-26 16:41:00+00:00,1.16254,1.16258,1.16249,1.16253,0
2026-05-26 16:42:00+00:00,1.16252,1.16262,1.16251,1.16259,0
2026-05-26 16:43:00+00:00,1.16259,1.1626,1.16254,1.1626,0
2026-05-26 16:44:00+00:00,1.16258,1.1626,1.16251,1.16252,0
2026-05-26 16:45:00+00:00,1.16251,1.1626,1.16247,1.16258,0
2026-05-26 16:46:00+00:00,1.16258,1.16258,1.16238,1.16243,0
2026-05-26 16:47:00+00:00,1.16244,1.16246,1.16237,1.16242,0
2026-05-26 16:48:00+00:00,1.1624,1.16242,1.16227,1.1623,0
2026-05-26 16:49:00+00:00,1.1623,1.16236,1.16226,1.16228,0
2026-05-26 16:50:00+00:00,1.16229,1.16235,1.16227,1.16228,0
2026-05-26 16:51:00+00:00,1.16227,1.16234,1.16225,1.16231,0
2026-05-26 16:52:00+00:00,1.16231,1.16233,1.16224,1.16233,0
2026-05-26 16:53:00+00:00,1.16235,1.16238,1.16227,1.16231,0
2026-05-26 16:54:00+00:00,1.1623,1.16235,1.16227,1.16228,0
2026-05-26 16:55:00+00:00,1.16229,1.16239,1.16229,1.16238,0
2026-05-26 16:56:00+00:00,1.16239,1.16241,1.16234,1.16234,0
2026-05-26 16:57:00+00:00,1.16234,1.16239,1.16234,1.16239,0
2026-05-26 16:58:00+00:00,1.16238,1.1624,1.16236,1.16236,0
2026-05-26 16:59:00+00:00,1.16236,1.16241,1.16234,1.16239,0
2026-05-26 17:00:00+00:00,1.16239,1.1624,1.16235,1.1624,0
2026-05-26 17:01:00+00:00,1.16239,1.16248,1.16238,1.16242,0
2026-05-26 17:02:00+00:00,1.16241,1.16242,1.16236,1.16237,0
2026-05-26 17:03:00+00:00,1.16236,1.16244,1.16236,1.16236,0
2026-05-26 17:04:00+00:00,1.16236,1.16239,1.16234,1.16234,0
2026-05-26 17:05:00+00:00,1.16233,1.16235,1.16229,1.1623,0
2026-05-26 17:06:00+00:00,1.1623,1.16236,1.1623,1.16235,0
2026-05-26 17:07:00+00:00,1.16238,1.1624,1.16228,1.16233,0
2026-05-26 17:08:00+00:00,1.16232,1.16235,1.16228,1.16231,0
2026-05-26 17:09:00+00:00,1.16232,1.16245,1.16231,1.16245,0
2026-05-26 17:10:00+00:00,1.16244,1.16265,1.16237,1.16264,0
2026-05-26 17:11:00+00:00,1.16266,1.16271,1.16258,1.16262,0
2026-05-26 17:12:00+00:00,1.16264,1.16273,1.16261,1.16262,0
2026-05-26 17:13:00+00:00,1.16264,1.16265,1.16263,1.16264,0
2026-05-26 17:14:00+00:00,1.16264,1.1627,1.16264,1.16264,0
2026-05-26 17:15:00+00:00,1.16264,1.16275,1.16263,1.16275,0
2026-05-26 17:16:00+00:00,1.16275,1.16276,1.16268,1.16269,0
2026-05-26 17:17:00+00:00,1.1627,1.1627,1.16264,1.16269,0
2026-05-26 17:18:00+00:00,1.16269,1.16271,1.16264,1.16264,0
2026-05-26 17:19:00+00:00,1.16267,1.16267,1.16265,1.16265,0
2026-05-26 17:20:00+00:00,1.16264,1.16264,1.1626,1.1626,0
2026-05-26 17:21:00+00:00,1.16261,1.16267,1.16261,1.16266,0
2026-05-26 17:22:00+00:00,1.16264,1.16265,1.16258,1.1626,0
2026-05-26 17:23:00+00:00,1.1626,1.16265,1.16254,1.16257,0
2026-05-26 17:24:00+00:00,1.16258,1.1626,1.16249,1.16252,0
2026-05-26 17:25:00+00:00,1.16253,1.1626,1.16248,1.16253,0
2026-05-26 17:26:00+00:00,1.16252,1.1626,1.16252,1.16252,0
2026-05-26 17:27:00+00:00,1.16252,1.16261,1.16252,1.16259,0
2026-05-26 17:28:00+00:00,1.1626,1.1626,1.16247,1.16247,0
2026-05-26 17:29:00+00:00,1.16247,1.16248,1.1624,1.1624,0
2026-05-26 17:30:00+00:00,1.16239,1.16244,1.16238,1.16238,0
2026-05-26 17:31:00+00:00,1.16239,1.16249,1.16239,1.16249,0
2026-05-26 17:32:00+00:00,1.16249,1.1626,1.16249,1.1626,0
2026-05-26 17:33:00+00:00,1.1626,1.1626,1.16249,1.16249,0
2026-05-26 17:34:00+00:00,1.16251,1.16256,1.1625,1.16254,0
2026-05-26 17:35:00+00:00,1.16252,1.16253,1.16241,1.16244,0
2026-05-26 17:36:00+00:00,1.16243,1.16245,1.16236,1.16241,0
2026-05-26 17:37:00+00:00,1.16242,1.16245,1.16237,1.16239,0
2026-05-26 17:38:00+00:00,1.16238,1.16242,1.16237,1.1624,0
2026-05-26 17:39:00+00:00,1.16241,1.16241,1.16232,1.16232,0
2026-05-26 17:40:00+00:00,1.16233,1.16233,1.16221,1.16225,0
2026-05-26 17:41:00+00:00,1.16225,1.16233,1.16223,1.16233,0
2026-05-26 17:42:00+00:00,1.16234,1.16234,1.1623,1.16232,0
2026-05-26 17:43:00+00:00,1.16233,1.16235,1.16231,1.16234,0
2026-05-26 17:44:00+00:00,1.16234,1.16234,1.16227,1.16227,0
2026-05-26 17:45:00+00:00,1.16228,1.16231,1.16225,1.1623,0
2026-05-26 17:46:00+00:00,1.16232,1.16232,1.16215,1.16215,0
2026-05-26 17:47:00+00:00,1.16217,1.16229,1.16213,1.16229,0
2026-05-26 17:48:00+00:00,1.16229,1.16233,1.16229,1.1623,0
2026-05-26 17:49:00+00:00,1.16229,1.16233,1.16224,1.16228,0
2026-05-26 17:50:00+00:00,1.16229,1.16229,1.16223,1.16228,0
2026-05-26 17:51:00+00:00,1.16228,1.16234,1.16228,1.16231,0
2026-05-26 17:52:00+00:00,1.16231,1.16233,1.16225,1.16229,0
2026-05-26 17:53:00+00:00,1.16231,1.16236,1.16229,1.16235,0
2026-05-26 17:54:00+00:00,1.16234,1.16234,1.16229,1.1623,0
2026-05-26 17:55:00+00:00,1.16229,1.16235,1.16228,1.16234,0
2026-05-26 17:56:00+00:00,1.16232,1.16233,1.16226,1.16232,0
2026-05-26 17:57:00+00:00,1.16231,1.16233,1.16224,1.16231,0
2026-05-26 17:58:00+00:00,1.1623,1.16234,1.16229,1.16234,0
2026-05-26 17:59:00+00:00,1.16232,1.16241,1.16231,1.1624,0
2026-05-26 18:00:00+00:00,1.16239,1.16242,1.16235,1.16237,0
2026-05-26 18:01:00+00:00,1.16236,1.16236,1.16233,1.16235,0
2026-05-26 18:02:00+00:00,1.16234,1.16238,1.16233,1.16236,0
2026-05-26 18:03:00+00:00,1.16237,1.16246,1.16236,1.16241,0
2026-05-26 18:04:00+00:00,1.1624,1.16244,1.1624,1.16241,0
2026-05-26 18:05:00+00:00,1.16241,1.16245,1.16235,1.1624,0
2026-05-26 18:06:00+00:00,1.16241,1.16242,1.16241,1.16241,0
2026-05-26 18:07:00+00:00,1.1624,1.1624,1.16239,1.16239,0
2026-05-26 18:08:00+00:00,1.1624,1.16246,1.16239,1.16243,0
2026-05-26 18:09:00+00:00,1.16244,1.16249,1.16243,1.16248,0
2026-05-26 18:10:00+00:00,1.16248,1.16265,1.16248,1.16263,0
2026-05-26 18:11:00+00:00,1.16265,1.16265,1.16257,1.16259,0
2026-05-26 18:12:00+00:00,1.16257,1.16259,1.16255,1.16255,0
2026-05-26 18:13:00+00:00,1.16257,1.16257,1.16251,1.16257,0
2026-05-26 18:14:00+00:00,1.16256,1.16259,1.16252,1.16259,0
2026-05-26 18:15:00+00:00,1.16258,1.16262,1.16257,1.16258,0
2026-05-26 18:16:00+00:00,1.16259,1.16259,1.16253,1.16255,0
2026-05-26 18:17:00+00:00,1.16256,1.16264,1.16255,1.16264,0
2026-05-26 18:18:00+00:00,1.16264,1.16264,1.16258,1.16258,0
2026-05-26 18:19:00+00:00,1.16258,1.16264,1.16256,1.16262,0
2026-05-26 18:20:00+00:00,1.16263,1.16264,1.16254,1.16256,0
2026-05-26 18:21:00+00:00,1.16256,1.16258,1.16255,1.16257,0
2026-05-26 18:22:00+00:00,1.1626,1.16265,1.1626,1.16265,0
2026-05-26 18:23:00+00:00,1.16266,1.1627,1.16261,1.16269,0
2026-05-26 18:24:00+00:00,1.16269,1.1627,1.16264,1.16264,0
2026-05-26 18:25:00+00:00,1.16264,1.16266,1.16262,1.16263,0
2026-05-26 18:26:00+00:00,1.16266,1.1627,1.16264,1.16266,0
2026-05-26 18:27:00+00:00,1.16267,1.1627,1.16265,1.16265,0
2026-05-26 18:28:00+00:00,1.16266,1.16273,1.16266,1.16272,0
2026-05-26 18:29:00+00:00,1.16274,1.16274,1.16269,1.16269,0
2026-05-26 18:30:00+00:00,1.1627,1.16272,1.16268,1.1627,0
2026-05-26 18:31:00+00:00,1.16269,1.16281,1.16269,1.16275,0
2026-05-26 18:32:00+00:00,1.16276,1.16279,1.16273,1.16279,0
2026-05-26 18:33:00+00:00,1.1628,1.16283,1.16278,1.16278,0
2026-05-26 18:34:00+00:00,1.16278,1.16282,1.16273,1.16279,0
2026-05-26 18:35:00+00:00,1.16279,1.16286,1.16279,1.16285,0
2026-05-26 18:36:00+00:00,1.16284,1.16285,1.16279,1.16279,0
2026-05-26 18:37:00+00:00,1.16278,1.1628,1.16277,1.16279,0
2026-05-26 18:38:00+00:00,1.16282,1.16285,1.16273,1.16273,0
2026-05-26 18:39:00+00:00,1.16274,1.16282,1.16274,1.16282,0
2026-05-26 18:40:00+00:00,1.16279,1.16279,1.16266,1.16266,0
2026-05-26 18:41:00+00:00,1.16267,1.1627,1.16267,1.16268,0
2026-05-26 18:42:00+00:00,1.16269,1.16269,1.16265,1.16266,0
2026-05-26 18:43:00+00:00,1.16265,1.16269,1.16262,1.16269,0
2026-05-26 18:44:00+00:00,1.16272,1.16281,1.1627,1.16279,0
2026-05-26 18:45:00+00:00,1.16277,1.16283,1.16277,1.16279,0
2026-05-26 18:46:00+00:00,1.1628,1.16283,1.16277,1.16282,0
2026-05-26 18:47:00+00:00,1.16281,1.16285,1.1628,1.16285,0
2026-05-26 18:48:00+00:00,1.16285,1.16286,1.16283,1.16284,0
2026-05-26 18:49:00+00:00,1.16285,1.16285,1.16281,1.16281,0
2026-05-26 18:50:00+00:00,1.1628,1.16287,1.16279,1.16286,0
2026-05-26 18:51:00+00:00,1.16288,1.16294,1.16288,1.16293,0
2026-05-26 18:52:00+00:00,1.16294,1.16301,1.16293,1.16299,0
2026-05-26 18:53:00+00:00,1.163,1.16309,1.16298,1.16307,0
2026-05-26 18:54:00+00:00,1.16307,1.16307,1.16294,1.16294,0
2026-05-26 18:55:00+00:00,1.16293,1.16293,1.16287,1.16288,0
2026-05-26 18:56:00+00:00,1.16286,1.16293,1.16286,1.16289,0
2026-05-26 18:57:00+00:00,1.16288,1.16297,1.16282,1.16293,0
2026-05-26 18:58:00+00:00,1.16295,1.16298,1.16293,1.16294,0
2026-05-26 18:59:00+00:00,1.16294,1.16295,1.16293,1.16295,0
2026-05-26 19:00:00+00:00,1.16294,1.16294,1.16278,1.1628,0
2026-05-26 19:01:00+00:00,1.16279,1.1629,1.16279,1.16288,0
2026-05-26 19:02:00+00:00,1.16289,1.1629,1.16287,1.16288,0
2026-05-26 19:03:00+00:00,1.16287,1.16299,1.16285,1.16299,0
2026-05-26 19:04:00+00:00,1.16297,1.16299,1.1629,1.16293,0
2026-05-26 19:05:00+00:00,1.16294,1.16295,1.16287,1.16288,0
2026-05-26 19:06:00+00:00,1.16287,1.1629,1.16284,1.16284,0
2026-05-26 19:07:00+00:00,1.16284,1.16285,1.16272,1.16274,0
2026-05-26 19:08:00+00:00,1.16275,1.16278,1.16273,1.16278,0
2026-05-26 19:09:00+00:00,1.16281,1.16284,1.1628,1.16284,0
2026-05-26 19:10:00+00:00,1.16287,1.16295,1.16287,1.16294,0
2026-05-26 19:11:00+00:00,1.16297,1.163,1.16296,1.16297,0
2026-05-26 19:12:00+00:00,1.16296,1.16296,1.16283,1.16283,0
2026-05-26 19:13:00+00:00,1.16285,1.16288,1.16284,1.16288,0
2026-05-26 19:14:00+00:00,1.16292,1.16293,1.16283,1.16283,0
2026-05-26 19:15:00+00:00,1.16284,1.16284,1.1628,1.16281,0
2026-05-26 19:16:00+00:00,1.16283,1.16288,1.16283,1.16286,0
2026-05-26 19:17:00+00:00,1.16288,1.16294,1.16288,1.16291,0
2026-05-26 19:18:00+00:00,1.16289,1.1629,1.16288,1.16289,0
2026-05-26 19:19:00+00:00,1.16288,1.16288,1.16284,1.16285,0
2026-05-26 19:20:00+00:00,1.16286,1.16294,1.16286,1.16294,0
2026-05-26 19:21:00+00:00,1.16293,1.16295,1.1629,1.16295,0
2026-05-26 19:22:00+00:00,1.16294,1.16299,1.16294,1.16299,0
2026-05-26 19:23:00+00:00,1.16301,1.16304,1.16298,1.16303,0
2026-05-26 19:24:00+00:00,1.16303,1.16303,1.16296,1.163,0
2026-05-26 19:25:00+00:00,1.163,1.16301,1.16295,1.163,0
2026-05-26 19:26:00+00:00,1.163,1.16304,1.16299,1.16299,0
2026-05-26 19:27:00+00:00,1.16299,1.16299,1.16296,1.16298,0
2026-05-26 19:28:00+00:00,1.16299,1.16299,1.16293,1.16293,0
2026-05-26 19:29:00+00:00,1.16294,1.16297,1.16291,1.16293,0
2026-05-26 19:30:00+00:00,1.16293,1.16298,1.16293,1.16298,0
2026-05-26 19:31:00+00:00,1.16297,1.16303,1.16297,1.16303,0
2026-05-26 19:32:00+00:00,1.16303,1.16304,1.16302,1.16304,0
2026-05-26 19:33:00+00:00,1.16302,1.16304,1.16302,1.16303,0
2026-05-26 19:34:00+00:00,1.16305,1.16314,1.16304,1.16313,0
2026-05-26 19:35:00+00:00,1.1631,1.16311,1.16307,1.16308,0
2026-05-26 19:36:00+00:00,1.16308,1.16315,1.16308,1.16309,0
2026-05-26 19:37:00+00:00,1.16311,1.16314,1.16311,1.16311,0
2026-05-26 19:38:00+00:00,1.16311,1.16314,1.16308,1.1631,0
2026-05-26 19:39:00+00:00,1.16311,1.16313,1.16304,1.16305,0
2026-05-26 19:40:00+00:00,1.16307,1.16307,1.16303,1.16307,0
2026-05-26 19:41:00+00:00,1.16307,1.16309,1.16304,1.16307,0
2026-05-26 19:42:00+00:00,1.16308,1.1631,1.16307,1.16309,0
2026-05-26 19:43:00+00:00,1.16307,1.16314,1.16302,1.16313,0
2026-05-26 19:44:00+00:00,1.16311,1.16316,1.1631,1.16312,0
2026-05-26 19:45:00+00:00,1.16311,1.16313,1.1631,1.16312,0
2026-05-26 19:46:00+00:00,1.16312,1.16313,1.16307,1.16312,0
2026-05-26 19:47:00+00:00,1.16313,1.16315,1.16312,1.16314,0
2026-05-26 19:48:00+00:00,1.16314,1.16316,1.16312,1.16315,0
2026-05-26 19:49:00+00:00,1.16315,1.16317,1.16315,1.16316,0
2026-05-26 19:50:00+00:00,1.16318,1.16319,1.16315,1.16316,0
2026-05-26 19:51:00+00:00,1.16317,1.1632,1.16311,1.16319,0
2026-05-26 19:52:00+00:00,1.16321,1.16323,1.16319,1.16319,0
2026-05-26 19:53:00+00:00,1.1632,1.1632,1.16317,1.16318,0
2026-05-26 19:54:00+00:00,1.16316,1.16318,1.16312,1.16313,0
2026-05-26 19:55:00+00:00,1.16314,1.16322,1.16313,1.16322,0
2026-05-26 19:56:00+00:00,1.16323,1.16325,1.16316,1.16322,0
2026-05-26 19:57:00+00:00,1.16321,1.16325,1.16317,1.1632,0
2026-05-26 19:58:00+00:00,1.1632,1.16321,1.16312,1.16312,0
2026-05-26 19:59:00+00:00,1.16312,1.16319,1.16308,1.16318,0
2026-05-26 20:00:00+00:00,1.16319,1.16325,1.16315,1.16324,0
2026-05-26 20:01:00+00:00,1.16325,1.16328,1.16321,1.16326,0
2026-05-26 20:02:00+00:00,1.16327,1.16327,1.16322,1.16325,0
2026-05-26 20:03:00+00:00,1.16324,1.16325,1.16322,1.16324,0
2026-05-26 20:04:00+00:00,1.16324,1.16328,1.16321,1.16322,0
2026-05-26 20:05:00+00:00,1.16323,1.16328,1.16322,1.16322,0
2026-05-26 20:06:00+00:00,1.16322,1.16322,1.16319,1.1632,0
2026-05-26 20:07:00+00:00,1.16321,1.16321,1.16317,1.16319,0
2026-05-26 20:08:00+00:00,1.16319,1.16321,1.16318,1.1632,0
2026-05-26 20:09:00+00:00,1.16319,1.16319,1.16313,1.16313,0
2026-05-26 20:10:00+00:00,1.16312,1.16314,1.16312,1.16314,0
2026-05-26 20:11:00+00:00,1.16314,1.16319,1.16314,1.16319,0
2026-05-26 20:12:00+00:00,1.1632,1.16323,1.16319,1.16319,0
2026-05-26 20:13:00+00:00,1.16321,1.16323,1.1632,1.1632,0
2026-05-26 20:14:00+00:00,1.16321,1.16321,1.16319,1.16319,0
2026-05-26 20:15:00+00:00,1.1632,1.16322,1.16319,1.16321,0
2026-05-26 20:16:00+00:00,1.16319,1.16319,1.16316,1.16318,0
2026-05-26 20:17:00+00:00,1.16318,1.16319,1.16318,1.16318,0
2026-05-26 20:18:00+00:00,1.16319,1.16319,1.16318,1.16319,0
2026-05-26 20:19:00+00:00,1.16318,1.16319,1.16317,1.16319,0
2026-05-26 20:20:00+00:00,1.16318,1.16318,1.16317,1.16317,0
2026-05-26 20:21:00+00:00,1.16317,1.16317,1.16313,1.16313,0
2026-05-26 20:22:00+00:00,1.16314,1.16314,1.16313,1.16313,0
2026-05-26 20:23:00+00:00,1.16312,1.16313,1.16312,1.16313,0
2026-05-26 20:24:00+00:00,1.16312,1.16312,1.1631,1.16312,0
2026-05-26 20:25:00+00:00,1.16312,1.16313,1.16312,1.16313,0
2026-05-26 20:26:00+00:00,1.16313,1.16314,1.16312,1.16313,0
2026-05-26 20:27:00+00:00,1.16313,1.16322,1.16313,1.16322,0
2026-05-26 20:28:00+00:00,1.16321,1.16322,1.16319,1.16319,0
2026-05-26 20:29:00+00:00,1.16319,1.16324,1.16303,1.16303,0
2026-05-26 20:30:00+00:00,1.16305,1.16311,1.16305,1.1631,0
2026-05-26 20:31:00+00:00,1.16311,1.16318,1.16311,1.16318,0
2026-05-26 20:32:00+00:00,1.16319,1.16319,1.16317,1.16318,0
2026-05-26 20:33:00+00:00,1.16315,1.16317,1.16308,1.16308,0
2026-05-26 20:34:00+00:00,1.16308,1.16311,1.16308,1.16311,0
2026-05-26 20:35:00+00:00,1.16311,1.16311,1.16308,1.16308,0
2026-05-26 20:36:00+00:00,1.16307,1.16313,1.16307,1.16313,0
2026-05-26 20:37:00+00:00,1.16313,1.16314,1.16312,1.16312,0
2026-05-26 20:38:00+00:00,1.16311,1.16311,1.16307,1.16309,0
2026-05-26 20:39:00+00:00,1.16307,1.16309,1.16307,1.16309,0
2026-05-26 20:40:00+00:00,1.1631,1.1631,1.1631,1.1631,0
2026-05-26 20:41:00+00:00,1.16308,1.16309,1.16307,1.16307,0
2026-05-26 20:42:00+00:00,1.16309,1.16309,1.16309,1.16309,0
2026-05-26 20:43:00+00:00,1.16309,1.16309,1.16309,1.16309,0
2026-05-26 20:44:00+00:00,1.16307,1.16311,1.16307,1.16309,0
2026-05-26 20:45:00+00:00,1.16308,1.1631,1.16306,1.16309,0
2026-05-26 20:46:00+00:00,1.16309,1.16312,1.16309,1.16309,0
2026-05-26 20:47:00+00:00,1.1631,1.16313,1.16309,1.16313,0
2026-05-26 20:48:00+00:00,1.16313,1.16314,1.16311,1.16314,0
2026-05-26 20:49:00+00:00,1.16317,1.16317,1.16311,1.16316,0
2026-05-26 20:50:00+00:00,1.16315,1.16315,1.1631,1.16313,0
2026-05-26 20:51:00+00:00,1.16311,1.16311,1.16309,1.16309,0
2026-05-26 20:52:00+00:00,1.16312,1.16312,1.16309,1.1631,0
2026-05-26 20:53:00+00:00,1.1631,1.16311,1.1631,1.1631,0
2026-05-26 20:54:00+00:00,1.16311,1.16312,1.16311,1.16312,0
2026-05-26 20:55:00+00:00,1.16311,1.16313,1.1631,1.1631,0
2026-05-26 20:56:00+00:00,1.1631,1.1631,1.16304,1.16306,0
2026-05-26 20:57:00+00:00,1.16305,1.16311,1.16304,1.16309,0
2026-05-26 20:58:00+00:00,1.16309,1.16315,1.16309,1.16314,0
2026-05-26 20:59:00+00:00,1.16315,1.16318,1.1628,1.16281,0
2026-05-26 21:00:00+00:00,1.16279,1.16282,1.16279,1.16282,0
2026-05-26 21:01:00+00:00,1.16282,1.16282,1.16265,1.16273,0
2026-05-26 21:02:00+00:00,1.16274,1.16275,1.16265,1.16265,0
2026-05-26 21:03:00+00:00,1.16274,1.16274,1.16274,1.16274,0
2026-05-26 21:04:00+00:00,1.16265,1.16265,1.16265,1.16265,0
2026-05-26 21:05:00+00:00,1.16274,1.16287,1.16265,1.16285,0
2026-05-26 21:06:00+00:00,1.1628,1.16286,1.16273,1.16273,0
2026-05-26 21:07:00+00:00,1.16274,1.16276,1.16273,1.16274,0
2026-05-26 21:08:00+00:00,1.16273,1.16274,1.16265,1.16273,0
2026-05-26 21:09:00+00:00,1.16273,1.16273,1.16265,1.16265,0
2026-05-26 21:10:00+00:00,1.16255,1.16274,1.1625,1.16273,0
2026-05-26 21:11:00+00:00,1.16274,1.16274,1.1627,1.1627,0
2026-05-26 21:12:00+00:00,1.1627,1.16271,1.1627,1.1627,0
2026-05-26 21:13:00+00:00,1.1627,1.16274,1.1627,1.16271,0
2026-05-26 21:14:00+00:00,1.1627,1.16279,1.1627,1.16279,0
2026-05-26 21:15:00+00:00,1.1628,1.16288,1.16279,1.16279,0
2026-05-26 21:16:00+00:00,1.16289,1.16294,1.16279,1.16294,0
2026-05-26 21:17:00+00:00,1.16295,1.16297,1.16279,1.1628,0
2026-05-26 21:18:00+00:00,1.1629,1.16299,1.16279,1.16299,0
2026-05-26 21:19:00+00:00,1.16301,1.16301,1.16299,1.16299,0
2026-05-26 21:20:00+00:00,1.16293,1.16294,1.16291,1.16293,0
2026-05-26 21:21:00+00:00,1.16298,1.16308,1.16298,1.16308,0
2026-05-26 21:22:00+00:00,1.16308,1.16309,1.16301,1.16305,0
2026-05-26 21:23:00+00:00,1.16304,1.16309,1.163,1.16305,0
2026-05-26 21:24:00+00:00,1.16305,1.16308,1.16304,1.16306,0
2026-05-26 21:25:00+00:00,1.16306,1.16309,1.163,1.16309,0
2026-05-26 21:26:00+00:00,1.16301,1.16305,1.16301,1.16305,0
2026-05-26 21:27:00+00:00,1.16306,1.16308,1.16302,1.16308,0
2026-05-26 21:28:00+00:00,1.16302,1.16311,1.16301,1.16305,0
2026-05-26 21:29:00+00:00,1.16307,1.16309,1.16301,1.16309,0
2026-05-26 21:30:00+00:00,1.16308,1.16309,1.163,1.16308,0
2026-05-26 21:31:00+00:00,1.16308,1.16309,1.16308,1.16308,0
2026-05-26 21:32:00+00:00,1.16299,1.16304,1.16297,1.163,0
2026-05-26 21:33:00+00:00,1.16298,1.16309,1.16297,1.16309,0
2026-05-26 21:34:00+00:00,1.16309,1.16309,1.16308,1.16309,0
2026-05-26 21:35:00+00:00,1.16309,1.16309,1.16294,1.16306,0
2026-05-26 21:36:00+00:00,1.16307,1.16312,1.16294,1.16309,0
2026-05-26 21:37:00+00:00,1.16308,1.16312,1.16308,1.16308,0
2026-05-26 21:38:00+00:00,1.16308,1.16314,1.16308,1.16314,0
2026-05-26 21:39:00+00:00,1.16309,1.16311,1.16291,1.16309,0
2026-05-26 21:40:00+00:00,1.16308,1.16309,1.16295,1.16301,0
2026-05-26 21:41:00+00:00,1.16299,1.16303,1.16294,1.16299,0
2026-05-26 21:42:00+00:00,1.16301,1.16303,1.16294,1.16301,0
2026-05-26 21:43:00+00:00,1.16301,1.16304,1.16294,1.16302,0
2026-05-26 21:44:00+00:00,1.16301,1.16306,1.16294,1.16302,0
2026-05-26 21:45:00+00:00,1.16302,1.16306,1.16297,1.16302,0
2026-05-26 21:46:00+00:00,1.16297,1.16299,1.1629,1.16297,0
2026-05-26 21:47:00+00:00,1.16298,1.16299,1.16296,1.16297,0
2026-05-26 21:48:00+00:00,1.16298,1.16299,1.16297,1.16298,0
2026-05-26 21:49:00+00:00,1.163,1.16302,1.16293,1.16301,0
2026-05-26 21:50:00+00:00,1.16301,1.16306,1.163,1.16302,0
2026-05-26 21:51:00+00:00,1.16301,1.16302,1.16291,1.16301,0
2026-05-26 21:52:00+00:00,1.16301,1.16302,1.163,1.16301,0
2026-05-26 21:53:00+00:00,1.16302,1.16303,1.16301,1.16303,0
2026-05-26 21:54:00+00:00,1.16301,1.16302,1.16301,1.16301,0
2026-05-26 21:55:00+00:00,1.16302,1.16303,1.16301,1.16302,0
2026-05-26 21:56:00+00:00,1.16301,1.16302,1.1629,1.1629,0
2026-05-26 21:57:00+00:00,1.16283,1.16303,1.16283,1.16303,0
2026-05-26 21:58:00+00:00,1.16304,1.16304,1.16284,1.16284,0
2026-05-26 21:59:00+00:00,1.16304,1.16304,1.16281,1.16303,0
2026-05-26 22:00:00+00:00,1.16298,1.16319,1.16298,1.16319,0
2026-05-26 22:01:00+00:00,1.16319,1.16327,1.16313,1.16325,0
2026-05-26 22:02:00+00:00,1.16327,1.16328,1.16319,1.16323,0
2026-05-26 22:03:00+00:00,1.16324,1.16326,1.1632,1.16324,0
2026-05-26 22:04:00+00:00,1.16323,1.1633,1.1632,1.16324,0
2026-05-26 22:05:00+00:00,1.16322,1.16329,1.16317,1.16326,0
2026-05-26 22:06:00+00:00,1.16324,1.16325,1.1632,1.16321,0
2026-05-26 22:07:00+00:00,1.16321,1.16325,1.1632,1.16325,0
2026-05-26 22:08:00+00:00,1.16324,1.16324,1.16312,1.16315,0
2026-05-26 22:09:00+00:00,1.16315,1.16316,1.16309,1.16315,0
2026-05-26 22:10:00+00:00,1.16315,1.16318,1.16312,1.16317,0
2026-05-26 22:11:00+00:00,1.16318,1.16321,1.16318,1.1632,0
2026-05-26 22:12:00+00:00,1.16318,1.16323,1.16318,1.16319,0
2026-05-26 22:13:00+00:00,1.16318,1.16321,1.16316,1.16318,0
2026-05-26 22:14:00+00:00,1.16318,1.1632,1.16317,1.1632,0
2026-05-26 22:15:00+00:00,1.1632,1.1632,1.16315,1.16315,0
2026-05-26 22:16:00+00:00,1.16315,1.16316,1.16314,1.16316,0
2026-05-26 22:17:00+00:00,1.16315,1.16316,1.16311,1.16316,0
2026-05-26 22:18:00+00:00,1.16316,1.16321,1.16315,1.16321,0
2026-05-26 22:19:00+00:00,1.1632,1.16321,1.16318,1.16319,0
2026-05-26 22:20:00+00:00,1.16321,1.16321,1.16318,1.16319,0
2026-05-26 22:21:00+00:00,1.16316,1.16325,1.16312,1.16325,0
2026-05-26 22:22:00+00:00,1.16324,1.16326,1.16323,1.16323,0
2026-05-26 22:23:00+00:00,1.16323,1.16323,1.16321,1.16321,0
2026-05-26 22:24:00+00:00,1.1632,1.16322,1.1632,1.16322,0
2026-05-26 22:25:00+00:00,1.16323,1.16328,1.16323,1.16327,0
2026-05-26 22:26:00+00:00,1.16326,1.16326,1.16326,1.16326,0
2026-05-26 22:27:00+00:00,1.16326,1.16326,1.16326,1.16326,0
2026-05-26 22:28:00+00:00,1.16325,1.16325,1.16323,1.16323,0
2026-05-26 22:29:00+00:00,1.16322,1.16323,1.1632,1.16323,0
2026-05-26 22:30:00+00:00,1.16322,1.16323,1.16321,1.16323,0
2026-05-26 22:31:00+00:00,1.16322,1.16322,1.16319,1.16321,0
2026-05-26 22:32:00+00:00,1.16323,1.16324,1.16321,1.16322,0
2026-05-26 22:33:00+00:00,1.16322,1.16323,1.16321,1.16321,0
2026-05-26 22:34:00+00:00,1.16321,1.16326,1.16321,1.16323,0
2026-05-26 22:35:00+00:00,1.16322,1.16322,1.16322,1.16322,0
2026-05-26 22:36:00+00:00,1.16322,1.16322,1.16322,1.16322,0
2026-05-26 22:37:00+00:00,1.16323,1.16323,1.16323,1.16323,0
2026-05-26 22:38:00+00:00,1.16324,1.16324,1.16324,1.16324,0
2026-05-26 22:39:00+00:00,1.16325,1.16325,1.16324,1.16324,0
2026-05-26 22:40:00+00:00,1.16326,1.16328,1.16323,1.16328,0
2026-05-26 22:41:00+00:00,1.16328,1.16328,1.16327,1.16327,0
2026-05-26 22:42:00+00:00,1.16327,1.16327,1.16327,1.16327,0
2026-05-26 22:43:00+00:00,1.16327,1.16327,1.16327,1.16327,0
2026-05-26 22:44:00+00:00,1.16327,1.16328,1.16327,1.16328,0
2026-05-26 22:45:00+00:00,1.16328,1.16328,1.16327,1.16327,0
2026-05-26 22:46:00+00:00,1.16327,1.16327,1.16327,1.16327,0
2026-05-26 22:47:00+00:00,1.16326,1.16327,1.16326,1.16327,0
2026-05-26 22:48:00+00:00,1.16327,1.16327,1.16327,1.16327,0
2026-05-26 22:49:00+00:00,1.16328,1.16328,1.16328,1.16328,0
2026-05-26 22:50:00+00:00,1.16327,1.16327,1.16327,1.16327,0
2026-05-26 22:51:00+00:00,1.16328,1.16328,1.16327,1.16327,0
2026-05-26 22:52:00+00:00,1.16326,1.16328,1.16326,1.16328,0
2026-05-26 22:53:00+00:00,1.16328,1.16328,1.16327,1.16327,0
2026-05-26 22:54:00+00:00,1.16327,1.16328,1.16326,1.16326,0
2026-05-26 22:55:00+00:00,1.16327,1.16327,1.16327,1.16327,0
2026-05-26 22:56:00+00:00,1.1633,1.16331,1.1633,1.16331,0
2026-05-26 22:57:00+00:00,1.16329,1.16332,1.16328,1.16332,0
2026-05-26 22:58:00+00:00,1.16331,1.16333,1.16331,1.16333,0
2026-05-26 22:59:00+00:00,1.16332,1.16332,1.16332,1.16332,0
2026-05-26 23:00:00+00:00,1.16331,1.16338,1.16329,1.16338,0
2026-05-26 23:01:00+00:00,1.16339,1.16339,1.16336,1.16336,0
2026-05-26 23:02:00+00:00,1.16337,1.16339,1.16337,1.16339,0
2026-05-26 23:03:00+00:00,1.16338,1.16339,1.16336,1.16336,0
2026-05-26 23:04:00+00:00,1.16339,1.16339,1.16338,1.16338,0
2026-05-26 23:05:00+00:00,1.16338,1.16338,1.16338,1.16338,0
2026-05-26 23:06:00+00:00,1.16337,1.16338,1.16336,1.16337,0
2026-05-26 23:07:00+00:00,1.16338,1.16338,1.16337,1.16338,0
2026-05-26 23:08:00+00:00,1.16338,1.16338,1.16337,1.16337,0
2026-05-26 23:09:00+00:00,1.16338,1.16338,1.16335,1.16335,0
2026-05-26 23:10:00+00:00,1.16336,1.16338,1.16336,1.16337,0
2026-05-26 23:11:00+00:00,1.16335,1.16338,1.16335,1.16337,0
2026-05-26 23:12:00+00:00,1.16338,1.16338,1.16337,1.16337,0
2026-05-26 23:13:00+00:00,1.16338,1.16338,1.16336,1.16338,0
2026-05-26 23:14:00+00:00,1.16336,1.16338,1.16336,1.16337,0
2026-05-26 23:15:00+00:00,1.16337,1.16341,1.16337,1.16341,0
2026-05-26 23:16:00+00:00,1.16341,1.16347,1.16341,1.16347,0
2026-05-26 23:17:00+00:00,1.16346,1.16346,1.16344,1.16345,0
2026-05-26 23:18:00+00:00,1.16346,1.16346,1.16346,1.16346,0
2026-05-26 23:19:00+00:00,1.16346,1.16346,1.16346,1.16346,0
2026-05-26 23:20:00+00:00,1.16347,1.16347,1.16347,1.16347,0
2026-05-26 23:21:00+00:00,1.16349,1.16353,1.16349,1.16351,0
2026-05-26 23:22:00+00:00,1.16353,1.16353,1.16353,1.16353,0
2026-05-26 23:23:00+00:00,1.16351,1.16352,1.16351,1.16352,0
2026-05-26 23:24:00+00:00,1.16351,1.16357,1.16351,1.16357,0
2026-05-26 23:25:00+00:00,1.16358,1.16363,1.16358,1.16362,0
2026-05-26 23:26:00+00:00,1.16363,1.16363,1.16361,1.16363,0
2026-05-26 23:27:00+00:00,1.16362,1.16363,1.16362,1.16363,0
2026-05-26 23:28:00+00:00,1.1636,1.1636,1.16358,1.16358,0
2026-05-26 23:29:00+00:00,1.16359,1.16367,1.16359,1.16367,0
2026-05-26 23:30:00+00:00,1.16368,1.16368,1.16363,1.16368,0
2026-05-26 23:31:00+00:00,1.16368,1.16368,1.16368,1.16368,0
2026-05-26 23:32:00+00:00,1.1637,1.16373,1.1637,1.16372,0
2026-05-26 23:33:00+00:00,1.16372,1.16372,1.16372,1.16372,0
2026-05-26 23:34:00+00:00,1.16374,1.16374,1.16368,1.16373,0
2026-05-26 23:35:00+00:00,1.16372,1.16373,1.16372,1.16373,0
2026-05-26 23:36:00+00:00,1.16373,1.16374,1.16372,1.16374,0
2026-05-26 23:37:00+00:00,1.16374,1.16374,1.16374,1.16374,0
2026-05-26 23:38:00+00:00,1.16374,1.16377,1.16374,1.16377,0
2026-05-26 23:39:00+00:00,1.16377,1.16377,1.16377,1.16377,0
2026-05-26 23:40:00+00:00,1.16377,1.16377,1.16377,1.16377,0
2026-05-26 23:41:00+00:00,1.16377,1.16377,1.16377,1.16377,0
2026-05-26 23:42:00+00:00,1.16379,1.16382,1.16379,1.16382,0
2026-05-26 23:43:00+00:00,1.16382,1.16389,1.16379,1.16389,0
2026-05-26 23:44:00+00:00,1.1639,1.16392,1.16388,1.16392,0
2026-05-26 23:45:00+00:00,1.16392,1.16398,1.16392,1.16395,0
2026-05-26 23:46:00+00:00,1.16394,1.16396,1.16389,1.16392,0
2026-05-26 23:47:00+00:00,1.16396,1.16397,1.16392,1.16392,0
2026-05-26 23:48:00+00:00,1.16392,1.16392,1.16386,1.16392,0
2026-05-26 23:49:00+00:00,1.1639,1.1639,1.16382,1.16382,0
2026-05-26 23:50:00+00:00,1.16382,1.16383,1.16381,1.16383,0
2026-05-26 23:51:00+00:00,1.16382,1.16383,1.16377,1.1638,0
2026-05-26 23:52:00+00:00,1.16378,1.16385,1.16377,1.16384,0
2026-05-26 23:53:00+00:00,1.16382,1.16384,1.16382,1.16382,0
2026-05-26 23:54:00+00:00,1.16381,1.16384,1.16381,1.16381,0
2026-05-26 23:55:00+00:00,1.16381,1.16381,1.1637,1.16371,0
2026-05-26 23:56:00+00:00,1.16371,1.16374,1.16369,1.16369,0
2026-05-26 23:57:00+00:00,1.16369,1.16369,1.16367,1.16368,0
2026-05-26 23:58:00+00:00,1.16368,1.16368,1.16363,1.16363,0
2026-05-26 23:59:00+00:00,1.16363,1.16365,1.16359,1.16362,0
2026-05-27 00:00:00+00:00,1.16363,1.16382,1.16359,1.16382,0
2026-05-27 00:01:00+00:00,1.1638,1.16388,1.16376,1.16383,0
2026-05-27 00:02:00+00:00,1.16383,1.16386,1.16381,1.16381,0
2026-05-27 00:03:00+00:00,1.1638,1.16382,1.16373,1.16373,0
2026-05-27 00:04:00+00:00,1.16375,1.16379,1.16373,1.16377,0
2026-05-27 00:05:00+00:00,1.16377,1.16384,1.16374,1.16383,0
2026-05-27 00:06:00+00:00,1.16384,1.16385,1.16377,1.16378,0
2026-05-27 00:07:00+00:00,1.16381,1.16384,1.16368,1.16372,0
2026-05-27 00:08:00+00:00,1.16372,1.16388,1.16372,1.16382,0
2026-05-27 00:09:00+00:00,1.16383,1.16383,1.16377,1.16378,0
2026-05-27 00:10:00+00:00,1.16378,1.1638,1.16377,1.16379,0
2026-05-27 00:11:00+00:00,1.16379,1.1638,1.16377,1.16379,0
2026-05-27 00:12:00+00:00,1.16378,1.16387,1.16377,1.16386,0
2026-05-27 00:13:00+00:00,1.16388,1.16388,1.16383,1.16386,0
2026-05-27 00:14:00+00:00,1.16387,1.16387,1.16384,1.16386,0
2026-05-27 00:15:00+00:00,1.16386,1.16386,1.16377,1.16377,0
2026-05-27 00:16:00+00:00,1.16379,1.16395,1.16379,1.16387,0
2026-05-27 00:17:00+00:00,1.16387,1.16391,1.16382,1.16382,0
2026-05-27 00:18:00+00:00,1.16381,1.16384,1.16381,1.16383,0
2026-05-27 00:19:00+00:00,1.16384,1.16389,1.16382,1.16388,0
2026-05-27 00:20:00+00:00,1.16386,1.16387,1.16383,1.16385,0
2026-05-27 00:21:00+00:00,1.16383,1.16394,1.16383,1.16388,0
2026-05-27 00:22:00+00:00,1.16387,1.16389,1.16384,1.16386,0
2026-05-27 00:23:00+00:00,1.16388,1.16395,1.16387,1.16393,0
2026-05-27 00:24:00+00:00,1.16394,1.16405,1.16392,1.16392,0
2026-05-27 00:25:00+00:00,1.16391,1.16396,1.1639,1.16396,0
2026-05-27 00:26:00+00:00,1.16394,1.16397,1.16392,1.16392,0
2026-05-27 00:27:00+00:00,1.16392,1.16398,1.1639,1.16393,0
2026-05-27 00:28:00+00:00,1.16393,1.16393,1.16386,1.16393,0
2026-05-27 00:29:00+00:00,1.16391,1.16392,1.16385,1.16392,0
2026-05-27 00:30:00+00:00,1.16394,1.16394,1.16384,1.16386,0
2026-05-27 00:31:00+00:00,1.16387,1.16388,1.16384,1.16388,0
2026-05-27 00:32:00+00:00,1.1639,1.1639,1.16381,1.16381,0
2026-05-27 00:33:00+00:00,1.16381,1.16389,1.16381,1.16386,0
2026-05-27 00:34:00+00:00,1.16384,1.16385,1.16378,1.16378,0
2026-05-27 00:35:00+00:00,1.16377,1.16379,1.16375,1.16376,0
2026-05-27 00:36:00+00:00,1.16377,1.16393,1.16375,1.16392,0
2026-05-27 00:37:00+00:00,1.16392,1.16397,1.16392,1.16392,0
2026-05-27 00:38:00+00:00,1.16391,1.16393,1.16384,1.16384,0
2026-05-27 00:39:00+00:00,1.16387,1.16387,1.16382,1.16385,0
2026-05-27 00:40:00+00:00,1.16384,1.16395,1.16384,1.16387,0
2026-05-27 00:41:00+00:00,1.16387,1.16388,1.16378,1.16378,0
2026-05-27 00:42:00+00:00,1.1638,1.16384,1.16377,1.16383,0
2026-05-27 00:43:00+00:00,1.16382,1.16387,1.1638,1.16387,0
2026-05-27 00:44:00+00:00,1.16387,1.1639,1.16386,1.16387,0
2026-05-27 00:45:00+00:00,1.16388,1.16403,1.16388,1.16402,0
2026-05-27 00:46:00+00:00,1.16401,1.16404,1.16397,1.16403,0
2026-05-27 00:47:00+00:00,1.16402,1.16404,1.164,1.16402,0
2026-05-27 00:48:00+00:00,1.164,1.16402,1.16396,1.16397,0
2026-05-27 00:49:00+00:00,1.164,1.16404,1.16397,1.16399,0
2026-05-27 00:50:00+00:00,1.16398,1.16398,1.16385,1.16385,0
2026-05-27 00:51:00+00:00,1.16385,1.16393,1.16384,1.16391,0
2026-05-27 00:52:00+00:00,1.16393,1.164,1.16389,1.16397,0
2026-05-27 00:53:00+00:00,1.16397,1.16397,1.16388,1.16395,0
2026-05-27 00:54:00+00:00,1.16393,1.16394,1.16382,1.16384,0
2026-05-27 00:55:00+00:00,1.16385,1.16385,1.16378,1.16382,0
2026-05-27 00:56:00+00:00,1.16381,1.16383,1.16377,1.16379,0
2026-05-27 00:57:00+00:00,1.16377,1.16387,1.16377,1.16382,0
2026-05-27 00:58:00+00:00,1.16382,1.16384,1.16375,1.16381,0
2026-05-27 00:59:00+00:00,1.16383,1.16384,1.16376,1.16379,0
2026-05-27 01:00:00+00:00,1.16378,1.16382,1.16372,1.16375,0
2026-05-27 01:01:00+00:00,1.16373,1.16378,1.16372,1.16376,0
2026-05-27 01:02:00+00:00,1.16377,1.16384,1.16376,1.16378,0
2026-05-27 01:03:00+00:00,1.16378,1.16383,1.16377,1.16378,0
2026-05-27 01:04:00+00:00,1.16376,1.16383,1.16376,1.16382,0
2026-05-27 01:05:00+00:00,1.16383,1.16383,1.16372,1.16376,0
2026-05-27 01:06:00+00:00,1.16377,1.16384,1.16373,1.16381,0
2026-05-27 01:07:00+00:00,1.1638,1.16385,1.1638,1.16383,0
2026-05-27 01:08:00+00:00,1.16382,1.16385,1.16376,1.16379,0
2026-05-27 01:09:00+00:00,1.16379,1.16383,1.16377,1.16377,0
2026-05-27 01:10:00+00:00,1.16379,1.16392,1.16379,1.16388,0
2026-05-27 01:11:00+00:00,1.16388,1.16388,1.1638,1.1638,0
2026-05-27 01:12:00+00:00,1.16382,1.16387,1.16381,1.16387,0
2026-05-27 01:13:00+00:00,1.16386,1.16388,1.16383,1.16388,0
2026-05-27 01:14:00+00:00,1.16387,1.16388,1.16386,1.16386,0
2026-05-27 01:15:00+00:00,1.16385,1.16389,1.16376,1.16387,0
2026-05-27 01:16:00+00:00,1.16389,1.16389,1.16381,1.16383,0
2026-05-27 01:17:00+00:00,1.16383,1.16388,1.16378,1.16388,0
2026-05-27 01:18:00+00:00,1.16387,1.16389,1.16386,1.16387,0
2026-05-27 01:19:00+00:00,1.16389,1.16389,1.16373,1.16374,0
2026-05-27 01:20:00+00:00,1.16373,1.16379,1.16373,1.16377,0
2026-05-27 01:21:00+00:00,1.16377,1.1638,1.16376,1.16377,0
2026-05-27 01:22:00+00:00,1.16377,1.16382,1.16377,1.16382,0
2026-05-27 01:23:00+00:00,1.16381,1.1639,1.16381,1.16389,0
2026-05-27 01:24:00+00:00,1.16389,1.16392,1.16383,1.16384,0
2026-05-27 01:25:00+00:00,1.16383,1.16385,1.16382,1.16382,0
2026-05-27 01:26:00+00:00,1.16383,1.16383,1.16375,1.16376,0
2026-05-27 01:27:00+00:00,1.16375,1.16375,1.16366,1.16366,0
2026-05-27 01:28:00+00:00,1.16367,1.16372,1.16367,1.16369,0
2026-05-27 01:29:00+00:00,1.16369,1.16372,1.16368,1.1637,0
2026-05-27 01:30:00+00:00,1.1637,1.1637,1.16346,1.16357,0
2026-05-27 01:31:00+00:00,1.16358,1.16364,1.16355,1.16357,0
2026-05-27 01:32:00+00:00,1.16357,1.16369,1.16353,1.16361,0
2026-05-27 01:33:00+00:00,1.16361,1.16365,1.16357,1.16357,0
2026-05-27 01:34:00+00:00,1.16357,1.16363,1.16349,1.1635,0
2026-05-27 01:35:00+00:00,1.16348,1.16354,1.16346,1.16354,0
2026-05-27 01:36:00+00:00,1.16355,1.16357,1.16346,1.16349,0
2026-05-27 01:37:00+00:00,1.16346,1.16355,1.16343,1.16352,0
2026-05-27 01:38:00+00:00,1.16353,1.16353,1.16338,1.16338,0
2026-05-27 01:39:00+00:00,1.16337,1.16337,1.16326,1.16332,0
2026-05-27 01:40:00+00:00,1.16332,1.16342,1.16332,1.16337,0
2026-05-27 01:41:00+00:00,1.16338,1.16345,1.16334,1.16341,0
2026-05-27 01:42:00+00:00,1.16343,1.16347,1.16341,1.16342,0
2026-05-27 01:43:00+00:00,1.16342,1.16344,1.16341,1.16343,0
2026-05-27 01:44:00+00:00,1.16342,1.16346,1.16342,1.16345,0
2026-05-27 01:45:00+00:00,1.16346,1.16347,1.16341,1.16342,0
2026-05-27 01:46:00+00:00,1.16343,1.16343,1.16336,1.16337,0
2026-05-27 01:47:00+00:00,1.16335,1.16337,1.16329,1.16329,0
2026-05-27 01:48:00+00:00,1.1633,1.16338,1.1633,1.16337,0
2026-05-27 01:49:00+00:00,1.16338,1.16341,1.16335,1.16341,0
2026-05-27 01:50:00+00:00,1.1634,1.16343,1.16337,1.16337,0
2026-05-27 01:51:00+00:00,1.16338,1.1634,1.16333,1.16338,0
2026-05-27 01:52:00+00:00,1.16337,1.16339,1.16333,1.16337,0
2026-05-27 01:53:00+00:00,1.16338,1.1634,1.16334,1.16336,0
2026-05-27 01:54:00+00:00,1.16335,1.16338,1.16333,1.16338,0
2026-05-27 01:55:00+00:00,1.16337,1.16338,1.1633,1.16336,0
2026-05-27 01:56:00+00:00,1.16336,1.16338,1.16333,1.16334,0
2026-05-27 01:57:00+00:00,1.16333,1.1634,1.16331,1.16336,0
2026-05-27 01:58:00+00:00,1.16337,1.16342,1.16336,1.16336,0
2026-05-27 01:59:00+00:00,1.16336,1.16338,1.16336,1.16337,0
2026-05-27 02:00:00+00:00,1.16339,1.16368,1.16339,1.16358,0
2026-05-27 02:01:00+00:00,1.16359,1.16365,1.16349,1.16358,0
2026-05-27 02:02:00+00:00,1.16358,1.16362,1.16355,1.16357,0
2026-05-27 02:03:00+00:00,1.16357,1.16373,1.16356,1.16372,0
2026-05-27 02:04:00+00:00,1.16371,1.16382,1.16368,1.16377,0
2026-05-27 02:05:00+00:00,1.16377,1.16377,1.16369,1.16371,0
2026-05-27 02:06:00+00:00,1.16368,1.16375,1.16368,1.16372,0
2026-05-27 02:07:00+00:00,1.16371,1.16376,1.16366,1.16376,0
2026-05-27 02:08:00+00:00,1.16376,1.1638,1.16371,1.16377,0
2026-05-27 02:09:00+00:00,1.16378,1.16378,1.1637,1.16372,0
2026-05-27 02:10:00+00:00,1.1637,1.16373,1.16367,1.16367,0
2026-05-27 02:11:00+00:00,1.16367,1.16368,1.16362,1.16367,0
2026-05-27 02:12:00+00:00,1.16368,1.16373,1.16366,1.16366,0
2026-05-27 02:13:00+00:00,1.16366,1.16366,1.16353,1.16353,0
2026-05-27 02:14:00+00:00,1.16353,1.16358,1.1635,1.16357,0
2026-05-27 02:15:00+00:00,1.16357,1.16366,1.16357,1.16365,0
2026-05-27 02:16:00+00:00,1.16366,1.16369,1.16366,1.16367,0
2026-05-27 02:17:00+00:00,1.16369,1.16369,1.16365,1.16368,0
2026-05-27 02:18:00+00:00,1.16369,1.1637,1.16362,1.16365,0
2026-05-27 02:19:00+00:00,1.16363,1.16363,1.16357,1.16358,0
2026-05-27 02:20:00+00:00,1.16356,1.16362,1.16355,1.16362,0
2026-05-27 02:21:00+00:00,1.16363,1.16363,1.16353,1.16353,0
2026-05-27 02:22:00+00:00,1.16352,1.16354,1.16348,1.16348,0
2026-05-27 02:23:00+00:00,1.16349,1.16353,1.16349,1.16352,0
2026-05-27 02:24:00+00:00,1.16352,1.16361,1.16352,1.16359,0
2026-05-27 02:25:00+00:00,1.16361,1.16365,1.1636,1.16364,0
2026-05-27 02:26:00+00:00,1.16365,1.16367,1.16356,1.16356,0
2026-05-27 02:27:00+00:00,1.16357,1.16357,1.16353,1.16354,0
2026-05-27 02:28:00+00:00,1.16353,1.16353,1.16348,1.16348,0
2026-05-27 02:29:00+00:00,1.16349,1.16349,1.16342,1.16347,0
2026-05-27 02:30:00+00:00,1.16347,1.16353,1.16347,1.16352,0
2026-05-27 02:31:00+00:00,1.1635,1.16353,1.16349,1.16352,0
2026-05-27 02:32:00+00:00,1.16352,1.16353,1.16349,1.16351,0
2026-05-27 02:33:00+00:00,1.16353,1.16353,1.16349,1.16352,0
2026-05-27 02:34:00+00:00,1.16352,1.16359,1.1635,1.16359,0
2026-05-27 02:35:00+00:00,1.16359,1.16362,1.16357,1.16358,0
2026-05-27 02:36:00+00:00,1.16357,1.16357,1.16346,1.1635,0
2026-05-27 02:37:00+00:00,1.16348,1.16349,1.1634,1.16342,0
2026-05-27 02:38:00+00:00,1.16343,1.16343,1.16342,1.16343,0
2026-05-27 02:39:00+00:00,1.16341,1.16343,1.1634,1.1634,0
2026-05-27 02:40:00+00:00,1.1634,1.16346,1.1634,1.16344,0
2026-05-27 02:41:00+00:00,1.16343,1.16351,1.16341,1.16349,0
2026-05-27 02:42:00+00:00,1.16348,1.16349,1.16346,1.16348,0
2026-05-27 02:43:00+00:00,1.16347,1.16349,1.16343,1.16347,0
2026-05-27 02:44:00+00:00,1.16348,1.16348,1.16342,1.16343,0
2026-05-27 02:45:00+00:00,1.16343,1.16347,1.16342,1.16347,0
2026-05-27 02:46:00+00:00,1.16345,1.16347,1.16343,1.16346,0
2026-05-27 02:47:00+00:00,1.16347,1.16348,1.16345,1.16347,0
2026-05-27 02:48:00+00:00,1.16348,1.16354,1.16348,1.16353,0
2026-05-27 02:49:00+00:00,1.16352,1.16358,1.16351,1.16358,0
2026-05-27 02:50:00+00:00,1.1636,1.16362,1.1636,1.16362,0
2026-05-27 02:51:00+00:00,1.16362,1.16367,1.16361,1.16367,0
2026-05-27 02:52:00+00:00,1.16367,1.16373,1.16367,1.16373,0
2026-05-27 02:53:00+00:00,1.16374,1.16382,1.16374,1.16382,0
2026-05-27 02:54:00+00:00,1.16379,1.16381,1.16373,1.16376,0
2026-05-27 02:55:00+00:00,1.16375,1.16382,1.16375,1.16379,0
2026-05-27 02:56:00+00:00,1.1638,1.1638,1.16374,1.16377,0
2026-05-27 02:57:00+00:00,1.16378,1.16379,1.16375,1.16375,0
2026-05-27 02:58:00+00:00,1.16377,1.16379,1.16375,1.16379,0
2026-05-27 02:59:00+00:00,1.16377,1.16384,1.16377,1.16383,0
2026-05-27 03:00:00+00:00,1.16384,1.16384,1.16381,1.16382,0
2026-05-27 03:01:00+00:00,1.16381,1.16387,1.16381,1.16387,0
2026-05-27 03:02:00+00:00,1.16388,1.16395,1.16388,1.16393,0
2026-05-27 03:03:00+00:00,1.16395,1.16424,1.16395,1.16419,0
2026-05-27 03:04:00+00:00,1.16418,1.16418,1.16409,1.16412,0
2026-05-27 03:05:00+00:00,1.16413,1.16418,1.16406,1.16418,0
2026-05-27 03:06:00+00:00,1.16418,1.16419,1.16406,1.16407,0
2026-05-27 03:07:00+00:00,1.16406,1.1641,1.16401,1.16405,0
2026-05-27 03:08:00+00:00,1.16406,1.16408,1.16401,1.16401,0
2026-05-27 03:09:00+00:00,1.164,1.16406,1.16399,1.16406,0
2026-05-27 03:10:00+00:00,1.16403,1.16403,1.164,1.164,0
2026-05-27 03:11:00+00:00,1.16398,1.16398,1.16388,1.16388,0
2026-05-27 03:12:00+00:00,1.1639,1.16393,1.16385,1.16387,0
2026-05-27 03:13:00+00:00,1.16388,1.16394,1.16387,1.16394,0
2026-05-27 03:14:00+00:00,1.16394,1.16396,1.16387,1.16391,0
2026-05-27 03:15:00+00:00,1.16391,1.16396,1.16391,1.16391,0
2026-05-27 03:16:00+00:00,1.16392,1.16392,1.16386,1.16386,0
2026-05-27 03:17:00+00:00,1.16386,1.1639,1.16385,1.1639,0
2026-05-27 03:18:00+00:00,1.16391,1.16392,1.16387,1.16387,0
2026-05-27 03:19:00+00:00,1.16386,1.1639,1.16386,1.16388,0
2026-05-27 03:20:00+00:00,1.16388,1.16388,1.16382,1.16382,0
2026-05-27 03:21:00+00:00,1.16383,1.16383,1.16375,1.16375,0
2026-05-27 03:22:00+00:00,1.16378,1.16382,1.16377,1.16381,0
2026-05-27 03:23:00+00:00,1.16385,1.16386,1.16384,1.16385,0
2026-05-27 03:24:00+00:00,1.16385,1.16388,1.16384,1.16388,0
2026-05-27 03:25:00+00:00,1.16389,1.16389,1.16382,1.16383,0
2026-05-27 03:26:00+00:00,1.16383,1.16389,1.16383,1.16388,0
2026-05-27 03:27:00+00:00,1.16387,1.16392,1.16387,1.16388,0
2026-05-27 03:28:00+00:00,1.16388,1.16391,1.16386,1.1639,0
2026-05-27 03:29:00+00:00,1.16388,1.16391,1.16387,1.16389,0
2026-05-27 03:30:00+00:00,1.1639,1.16395,1.16389,1.16392,0
2026-05-27 03:31:00+00:00,1.16392,1.16393,1.16385,1.16387,0
2026-05-27 03:32:00+00:00,1.16387,1.16387,1.16382,1.16386,0
2026-05-27 03:33:00+00:00,1.16386,1.16386,1.16381,1.16382,0
2026-05-27 03:34:00+00:00,1.1638,1.16382,1.1638,1.16381,0
2026-05-27 03:35:00+00:00,1.1638,1.1638,1.16376,1.16378,0
2026-05-27 03:36:00+00:00,1.16378,1.16378,1.16376,1.16376,0
2026-05-27 03:37:00+00:00,1.16376,1.16376,1.16367,1.16367,0
2026-05-27 03:38:00+00:00,1.16368,1.16373,1.16368,1.16373,0
2026-05-27 03:39:00+00:00,1.16372,1.16373,1.16372,1.16373,0
2026-05-27 03:40:00+00:00,1.16373,1.16373,1.16372,1.16373,0
2026-05-27 03:41:00+00:00,1.16375,1.16375,1.16375,1.16375,0
2026-05-27 03:42:00+00:00,1.16377,1.16381,1.16375,1.16381,0
2026-05-27 03:43:00+00:00,1.16381,1.16381,1.16375,1.16379,0
2026-05-27 03:44:00+00:00,1.16378,1.16381,1.16376,1.16381,0
2026-05-27 03:45:00+00:00,1.1638,1.1638,1.16376,1.16378,0
2026-05-27 03:46:00+00:00,1.16379,1.16382,1.16378,1.1638,0
2026-05-27 03:47:00+00:00,1.1638,1.16383,1.1638,1.16382,0
2026-05-27 03:48:00+00:00,1.16378,1.16379,1.16372,1.16373,0
2026-05-27 03:49:00+00:00,1.16372,1.16373,1.16372,1.16373,0
2026-05-27 03:50:00+00:00,1.16372,1.16372,1.16371,1.16372,0
2026-05-27 03:51:00+00:00,1.16371,1.16382,1.16371,1.16382,0
2026-05-27 03:52:00+00:00,1.16382,1.16388,1.16382,1.16384,0
2026-05-27 03:53:00+00:00,1.16385,1.16391,1.16385,1.16391,0
2026-05-27 03:54:00+00:00,1.1639,1.16393,1.16385,1.16385,0
2026-05-27 03:55:00+00:00,1.16385,1.16385,1.16377,1.16382,0
2026-05-27 03:56:00+00:00,1.16381,1.16385,1.1638,1.16385,0
2026-05-27 03:57:00+00:00,1.16385,1.16385,1.16381,1.16383,0
2026-05-27 03:58:00+00:00,1.16384,1.16388,1.16383,1.16385,0
2026-05-27 03:59:00+00:00,1.16386,1.16388,1.16385,1.16386,0
2026-05-27 04:00:00+00:00,1.16386,1.16392,1.16383,1.16389,0
2026-05-27 04:01:00+00:00,1.16389,1.16392,1.16388,1.16388,0
2026-05-27 04:02:00+00:00,1.16389,1.16389,1.16384,1.16384,0
2026-05-27 04:03:00+00:00,1.16387,1.16387,1.16382,1.16383,0
2026-05-27 04:04:00+00:00,1.16382,1.16386,1.16382,1.16385,0
2026-05-27 04:05:00+00:00,1.16383,1.16387,1.16383,1.16387,0
2026-05-27 04:06:00+00:00,1.1639,1.1639,1.16389,1.1639,0
2026-05-27 04:07:00+00:00,1.1639,1.16395,1.1639,1.16394,0
2026-05-27 04:08:00+00:00,1.16393,1.16393,1.16392,1.16392,0
2026-05-27 04:09:00+00:00,1.16391,1.16392,1.16391,1.16392,0
2026-05-27 04:10:00+00:00,1.16393,1.16393,1.16392,1.16392,0
2026-05-27 04:11:00+00:00,1.16393,1.16394,1.16392,1.16392,0
2026-05-27 04:12:00+00:00,1.16393,1.16399,1.16393,1.16398,0
2026-05-27 04:13:00+00:00,1.164,1.16401,1.16397,1.16398,0
2026-05-27 04:14:00+00:00,1.16398,1.16401,1.16397,1.16397,0
2026-05-27 04:15:00+00:00,1.16397,1.16397,1.16395,1.16396,0
2026-05-27 04:16:00+00:00,1.16397,1.16399,1.16397,1.16397,0
2026-05-27 04:17:00+00:00,1.16398,1.16398,1.16397,1.16397,0
2026-05-27 04:18:00+00:00,1.16396,1.16397,1.16394,1.16397,0
2026-05-27 04:19:00+00:00,1.16395,1.16397,1.16395,1.16395,0
2026-05-27 04:20:00+00:00,1.16396,1.16398,1.16395,1.16398,0
2026-05-27 04:21:00+00:00,1.16399,1.16408,1.16397,1.16405,0
2026-05-27 04:22:00+00:00,1.16403,1.16405,1.16401,1.16401,0
2026-05-27 04:23:00+00:00,1.16402,1.16406,1.164,1.16406,0
2026-05-27 04:24:00+00:00,1.16404,1.16404,1.16399,1.16399,0
2026-05-27 04:25:00+00:00,1.16399,1.164,1.16396,1.16397,0
2026-05-27 04:26:00+00:00,1.16396,1.16401,1.16396,1.16396,0
2026-05-27 04:27:00+00:00,1.16396,1.16399,1.16396,1.16398,0
2026-05-27 04:28:00+00:00,1.16397,1.16398,1.16396,1.16396,0
2026-05-27 04:29:00+00:00,1.16397,1.16401,1.16393,1.16393,0
2026-05-27 04:30:00+00:00,1.16394,1.16397,1.16392,1.16397,0
2026-05-27 04:31:00+00:00,1.16397,1.16403,1.16397,1.16398,0
2026-05-27 04:32:00+00:00,1.16397,1.16401,1.16396,1.16401,0
2026-05-27 04:33:00+00:00,1.16398,1.16407,1.16398,1.16406,0
2026-05-27 04:34:00+00:00,1.16406,1.16412,1.16406,1.16408,0
2026-05-27 04:35:00+00:00,1.16408,1.16409,1.16407,1.16409,0
2026-05-27 04:36:00+00:00,1.16408,1.1641,1.16403,1.16404,0
2026-05-27 04:37:00+00:00,1.16404,1.16408,1.16403,1.16403,0
2026-05-27 04:38:00+00:00,1.16403,1.16407,1.16402,1.16407,0
2026-05-27 04:39:00+00:00,1.16407,1.16411,1.16406,1.16411,0
2026-05-27 04:40:00+00:00,1.16409,1.1641,1.16408,1.16409,0
2026-05-27 04:41:00+00:00,1.1641,1.1641,1.16405,1.16405,0
2026-05-27 04:42:00+00:00,1.16406,1.16406,1.16405,1.16406,0
2026-05-27 04:43:00+00:00,1.16407,1.16409,1.16406,1.16408,0
2026-05-27 04:44:00+00:00,1.16409,1.16417,1.16409,1.16416,0
2026-05-27 04:45:00+00:00,1.16417,1.16417,1.16412,1.16416,0
2026-05-27 04:46:00+00:00,1.16418,1.16418,1.16415,1.16415,0
2026-05-27 04:47:00+00:00,1.16416,1.16417,1.16414,1.16416,0
2026-05-27 04:48:00+00:00,1.16417,1.16417,1.16416,1.16417,0
2026-05-27 04:49:00+00:00,1.16416,1.16422,1.16414,1.16421,0
2026-05-27 04:50:00+00:00,1.1642,1.1642,1.16414,1.16417,0
2026-05-27 04:51:00+00:00,1.16418,1.16418,1.16414,1.16417,0
2026-05-27 04:52:00+00:00,1.16417,1.16417,1.16415,1.16416,0
2026-05-27 04:53:00+00:00,1.16414,1.16417,1.1641,1.16417,0
2026-05-27 04:54:00+00:00,1.16414,1.16414,1.16413,1.16413,0
2026-05-27 04:55:00+00:00,1.16413,1.16418,1.1641,1.1641,0
2026-05-27 04:56:00+00:00,1.16409,1.16409,1.16405,1.16407,0
2026-05-27 04:57:00+00:00,1.16406,1.16409,1.16405,1.16406,0
2026-05-27 04:58:00+00:00,1.16405,1.16407,1.164,1.16406,0
2026-05-27 04:59:00+00:00,1.16407,1.16411,1.16407,1.16411,0
2026-05-27 05:00:00+00:00,1.1641,1.16414,1.16407,1.16411,0
2026-05-27 05:01:00+00:00,1.16411,1.16418,1.16411,1.16416,0
2026-05-27 05:02:00+00:00,1.16417,1.16417,1.16412,1.16416,0
2026-05-27 05:03:00+00:00,1.16415,1.16415,1.16411,1.16412,0
2026-05-27 05:04:00+00:00,1.16413,1.16433,1.16413,1.16432,0
2026-05-27 05:05:00+00:00,1.16432,1.16433,1.16429,1.16431,0
2026-05-27 05:06:00+00:00,1.16431,1.16432,1.16426,1.1643,0
2026-05-27 05:07:00+00:00,1.1643,1.1643,1.16426,1.16429,0
2026-05-27 05:08:00+00:00,1.16428,1.16429,1.16425,1.16428,0
2026-05-27 05:09:00+00:00,1.16426,1.16427,1.16426,1.16426,0
2026-05-27 05:10:00+00:00,1.16425,1.16428,1.16423,1.16426,0
2026-05-27 05:11:00+00:00,1.16427,1.16427,1.16426,1.16426,0
2026-05-27 05:12:00+00:00,1.16426,1.16431,1.16417,1.16418,0
2026-05-27 05:13:00+00:00,1.16418,1.1642,1.16417,1.16418,0
2026-05-27 05:14:00+00:00,1.16418,1.16429,1.16417,1.16426,0
2026-05-27 05:15:00+00:00,1.16425,1.16426,1.1642,1.16421,0
2026-05-27 05:16:00+00:00,1.16419,1.16421,1.16416,1.16416,0
2026-05-27 05:17:00+00:00,1.16415,1.16418,1.16415,1.16417,0
2026-05-27 05:18:00+00:00,1.16416,1.16418,1.16415,1.16416,0
2026-05-27 05:19:00+00:00,1.16417,1.1642,1.16417,1.1642,0
2026-05-27 05:20:00+00:00,1.16422,1.16422,1.16419,1.16422,0
2026-05-27 05:21:00+00:00,1.16421,1.16428,1.1642,1.16428,0
2026-05-27 05:22:00+00:00,1.1643,1.1643,1.16425,1.16426,0
2026-05-27 05:23:00+00:00,1.16427,1.16428,1.16426,1.16426,0
2026-05-27 05:24:00+00:00,1.16428,1.16437,1.16428,1.16436,0
2026-05-27 05:25:00+00:00,1.16437,1.16437,1.16429,1.16431,0
2026-05-27 05:26:00+00:00,1.16432,1.16436,1.16432,1.16434,0
2026-05-27 05:27:00+00:00,1.16436,1.16436,1.16433,1.16435,0
2026-05-27 05:28:00+00:00,1.16435,1.16436,1.16434,1.16435,0
2026-05-27 05:29:00+00:00,1.16434,1.16442,1.16434,1.16436,0
2026-05-27 05:30:00+00:00,1.1644,1.16441,1.16437,1.16438,0
2026-05-27 05:31:00+00:00,1.16436,1.16439,1.16433,1.16434,0
2026-05-27 05:32:00+00:00,1.16435,1.16435,1.16426,1.16428,0
2026-05-27 05:33:00+00:00,1.16428,1.16429,1.16416,1.16422,0
2026-05-27 05:34:00+00:00,1.1642,1.16421,1.16415,1.16416,0
2026-05-27 05:35:00+00:00,1.16415,1.16419,1.16409,1.16416,0
2026-05-27 05:36:00+00:00,1.16416,1.16424,1.16413,1.16424,0
2026-05-27 05:37:00+00:00,1.16422,1.16425,1.16418,1.16419,0
2026-05-27 05:38:00+00:00,1.16419,1.16419,1.16416,1.16417,0
2026-05-27 05:39:00+00:00,1.16419,1.16419,1.16415,1.16415,0
2026-05-27 05:40:00+00:00,1.16417,1.16418,1.16416,1.16418,0
2026-05-27 05:41:00+00:00,1.16416,1.16418,1.16413,1.16418,0
2026-05-27 05:42:00+00:00,1.16417,1.16418,1.16409,1.1641,0
2026-05-27 05:43:00+00:00,1.16411,1.16413,1.16409,1.1641,0
2026-05-27 05:44:00+00:00,1.16409,1.16414,1.16406,1.16411,0
2026-05-27 05:45:00+00:00,1.16411,1.16412,1.16405,1.16405,0
2026-05-27 05:46:00+00:00,1.16406,1.16412,1.16406,1.16411,0
2026-05-27 05:47:00+00:00,1.1641,1.16412,1.1641,1.16411,0
2026-05-27 05:48:00+00:00,1.16412,1.16412,1.16406,1.16406,0
2026-05-27 05:49:00+00:00,1.16406,1.16406,1.16398,1.16403,0
2026-05-27 05:50:00+00:00,1.16402,1.16417,1.16402,1.16413,0
2026-05-27 05:51:00+00:00,1.16415,1.16423,1.16413,1.16422,0
2026-05-27 05:52:00+00:00,1.16421,1.16428,1.16421,1.16427,0
2026-05-27 05:53:00+00:00,1.16427,1.16427,1.16421,1.16425,0
2026-05-27 05:54:00+00:00,1.16424,1.16425,1.16422,1.16423,0
2026-05-27 05:55:00+00:00,1.16421,1.16422,1.16412,1.16416,0
2026-05-27 05:56:00+00:00,1.16416,1.16419,1.16414,1.16414,0
2026-05-27 05:57:00+00:00,1.16416,1.16416,1.16386,1.16391,0
2026-05-27 05:58:00+00:00,1.16391,1.164,1.16391,1.16394,0
2026-05-27 05:59:00+00:00,1.16395,1.16396,1.16387,1.16394,0
2026-05-27 06:00:00+00:00,1.16395,1.16402,1.16381,1.16386,0
2026-05-27 06:01:00+00:00,1.16388,1.16398,1.16385,1.16385,0
2026-05-27 06:02:00+00:00,1.16385,1.1639,1.16378,1.16382,0
2026-05-27 06:03:00+00:00,1.16381,1.16387,1.16381,1.16383,0
2026-05-27 06:04:00+00:00,1.16381,1.16383,1.16371,1.16376,0
2026-05-27 06:05:00+00:00,1.16377,1.16381,1.16374,1.16381,0
2026-05-27 06:06:00+00:00,1.16379,1.1639,1.16377,1.16388,0
2026-05-27 06:07:00+00:00,1.1639,1.16398,1.16384,1.16394,0
2026-05-27 06:08:00+00:00,1.16396,1.1641,1.16396,1.16405,0
2026-05-27 06:09:00+00:00,1.16406,1.16408,1.164,1.16406,0
2026-05-27 06:10:00+00:00,1.16406,1.16414,1.16406,1.16412,0
2026-05-27 06:11:00+00:00,1.16412,1.16412,1.16402,1.16403,0
2026-05-27 06:12:00+00:00,1.16403,1.16403,1.16398,1.16398,0
2026-05-27 06:13:00+00:00,1.16397,1.16402,1.16397,1.16399,0
2026-05-27 06:14:00+00:00,1.16398,1.16399,1.16382,1.16384,0
2026-05-27 06:15:00+00:00,1.16384,1.16392,1.16384,1.16388,0
2026-05-27 06:16:00+00:00,1.1639,1.1639,1.16384,1.16385,0
2026-05-27 06:17:00+00:00,1.16385,1.16394,1.16384,1.16392,0
2026-05-27 06:18:00+00:00,1.16391,1.16392,1.16383,1.16386,0
2026-05-27 06:19:00+00:00,1.16385,1.16395,1.16385,1.16395,0
2026-05-27 06:20:00+00:00,1.16396,1.16399,1.16395,1.16398,0
2026-05-27 06:21:00+00:00,1.16395,1.16395,1.16376,1.16381,0
2026-05-27 06:22:00+00:00,1.16378,1.16392,1.16376,1.1639,0
2026-05-27 06:23:00+00:00,1.16389,1.16407,1.16386,1.16407,0
2026-05-27 06:24:00+00:00,1.16407,1.16407,1.16396,1.16398,0
2026-05-27 06:25:00+00:00,1.16397,1.16397,1.16387,1.16392,0
2026-05-27 06:26:00+00:00,1.16392,1.16392,1.16386,1.16391,0
2026-05-27 06:27:00+00:00,1.16389,1.16394,1.16388,1.16394,0
2026-05-27 06:28:00+00:00,1.16394,1.16404,1.16392,1.16404,0
2026-05-27 06:29:00+00:00,1.16403,1.16407,1.16397,1.164,0
2026-05-27 06:30:00+00:00,1.16399,1.16403,1.16397,1.16402,0
2026-05-27 06:31:00+00:00,1.16401,1.16401,1.16395,1.16396,0
2026-05-27 06:32:00+00:00,1.16396,1.16399,1.16387,1.16394,0
2026-05-27 06:33:00+00:00,1.16394,1.16404,1.16392,1.164,0
2026-05-27 06:34:00+00:00,1.164,1.1641,1.16397,1.16408,0
2026-05-27 06:35:00+00:00,1.1641,1.16413,1.16406,1.16407,0
2026-05-27 06:36:00+00:00,1.16407,1.16418,1.16401,1.16417,0
2026-05-27 06:37:00+00:00,1.16417,1.16426,1.16417,1.16421,0
2026-05-27 06:38:00+00:00,1.1642,1.16427,1.16418,1.16424,0
2026-05-27 06:39:00+00:00,1.16422,1.16437,1.16421,1.16434,0
2026-05-27 06:40:00+00:00,1.16433,1.16443,1.16433,1.16433,0
2026-05-27 06:41:00+00:00,1.16435,1.16435,1.16427,1.1643,0
2026-05-27 06:42:00+00:00,1.16428,1.16429,1.16424,1.16428,0
2026-05-27 06:43:00+00:00,1.16428,1.16436,1.16428,1.16434,0
2026-05-27 06:44:00+00:00,1.16433,1.16464,1.16432,1.16462,0
2026-05-27 06:45:00+00:00,1.16462,1.16481,1.16461,1.16473,0
2026-05-27 06:46:00+00:00,1.16476,1.16479,1.16467,1.16471,0
2026-05-27 06:47:00+00:00,1.16472,1.16492,1.16472,1.16488,0
2026-05-27 06:48:00+00:00,1.16487,1.16489,1.16477,1.16477,0
2026-05-27 06:49:00+00:00,1.16478,1.16479,1.16467,1.16478,0
2026-05-27 06:50:00+00:00,1.16477,1.1648,1.16473,1.16477,0
2026-05-27 06:51:00+00:00,1.16478,1.16484,1.16475,1.16475,0
2026-05-27 06:52:00+00:00,1.16474,1.16478,1.16467,1.16467,0
2026-05-27 06:53:00+00:00,1.16467,1.16471,1.16463,1.16465,0
2026-05-27 06:54:00+00:00,1.16463,1.16465,1.16447,1.16447,0
2026-05-27 06:55:00+00:00,1.16449,1.1646,1.16449,1.1646,0
2026-05-27 06:56:00+00:00,1.16458,1.16461,1.16451,1.16456,0
2026-05-27 06:57:00+00:00,1.16457,1.16457,1.16441,1.16445,0
2026-05-27 06:58:00+00:00,1.16446,1.16451,1.16445,1.16445,0
2026-05-27 06:59:00+00:00,1.16444,1.16458,1.16444,1.16454,0
2026-05-27 07:00:00+00:00,1.16456,1.16478,1.16442,1.16477,0
2026-05-27 07:01:00+00:00,1.16479,1.16482,1.16465,1.16479,0
2026-05-27 07:02:00+00:00,1.16477,1.16488,1.16472,1.16478,0
2026-05-27 07:03:00+00:00,1.16479,1.16479,1.16467,1.16467,0
2026-05-27 07:04:00+00:00,1.16469,1.16474,1.16458,1.16467,0
2026-05-27 07:05:00+00:00,1.16467,1.16471,1.16458,1.1647,0
2026-05-27 07:06:00+00:00,1.16469,1.16469,1.16461,1.16468,0
2026-05-27 07:07:00+00:00,1.16466,1.16484,1.16466,1.16469,0
2026-05-27 07:08:00+00:00,1.16468,1.16469,1.16454,1.16455,0
2026-05-27 07:09:00+00:00,1.16454,1.16454,1.16441,1.16448,0
2026-05-27 07:10:00+00:00,1.16449,1.16453,1.16447,1.1645,0
2026-05-27 07:11:00+00:00,1.16452,1.16459,1.16449,1.16458,0
2026-05-27 07:12:00+00:00,1.16456,1.16457,1.16445,1.16445,0
2026-05-27 07:13:00+00:00,1.16443,1.16452,1.16441,1.16442,0
2026-05-27 07:14:00+00:00,1.16441,1.16445,1.16441,1.16445,0
2026-05-27 07:15:00+00:00,1.16445,1.16445,1.16438,1.16443,0
2026-05-27 07:16:00+00:00,1.16442,1.16442,1.16428,1.16429,0
2026-05-27 07:17:00+00:00,1.16428,1.16431,1.1642,1.16431,0
2026-05-27 07:18:00+00:00,1.16429,1.16439,1.16426,1.16432,0
2026-05-27 07:19:00+00:00,1.1643,1.16432,1.16429,1.16431,0
2026-05-27 07:20:00+00:00,1.1643,1.16438,1.16424,1.16424,0
2026-05-27 07:21:00+00:00,1.16425,1.16428,1.16422,1.16426,0
2026-05-27 07:22:00+00:00,1.16424,1.16433,1.16422,1.16433,0
2026-05-27 07:23:00+00:00,1.16432,1.16434,1.16431,1.16433,0
2026-05-27 07:24:00+00:00,1.16435,1.16444,1.16435,1.1644,0
2026-05-27 07:25:00+00:00,1.1644,1.16444,1.16438,1.16443,0
2026-05-27 07:26:00+00:00,1.16444,1.1645,1.16443,1.16447,0
2026-05-27 07:27:00+00:00,1.16449,1.16462,1.16449,1.16462,0
2026-05-27 07:28:00+00:00,1.1646,1.1646,1.16444,1.16446,0
2026-05-27 07:29:00+00:00,1.16447,1.16453,1.16447,1.16451,0
2026-05-27 07:30:00+00:00,1.16452,1.16455,1.16446,1.16447,0
2026-05-27 07:31:00+00:00,1.16449,1.16464,1.16446,1.16458,0
2026-05-27 07:32:00+00:00,1.1646,1.1646,1.16436,1.16438,0
2026-05-27 07:33:00+00:00,1.16436,1.16458,1.16436,1.16458,0
2026-05-27 07:34:00+00:00,1.16455,1.16459,1.1645,1.16458,0
2026-05-27 07:35:00+00:00,1.16456,1.16458,1.16446,1.16453,0
2026-05-27 07:36:00+00:00,1.16457,1.16462,1.16457,1.16461,0
2026-05-27 07:37:00+00:00,1.16462,1.16466,1.16453,1.16462,0
2026-05-27 07:38:00+00:00,1.16465,1.16469,1.1645,1.1645,0
2026-05-27 07:39:00+00:00,1.16451,1.16465,1.1645,1.16462,0
2026-05-27 07:40:00+00:00,1.16462,1.16462,1.16457,1.16461,0
2026-05-27 07:41:00+00:00,1.16462,1.16463,1.1645,1.16455,0
2026-05-27 07:42:00+00:00,1.16456,1.16461,1.16456,1.16461,0
2026-05-27 07:43:00+00:00,1.16462,1.16478,1.1646,1.16477,0
2026-05-27 07:44:00+00:00,1.16478,1.16478,1.16469,1.16473,0
2026-05-27 07:45:00+00:00,1.16473,1.16475,1.16462,1.16462,0
2026-05-27 07:46:00+00:00,1.1646,1.1647,1.16459,1.16461,0
2026-05-27 07:47:00+00:00,1.16462,1.16462,1.16443,1.16443,0
2026-05-27 07:48:00+00:00,1.16445,1.16447,1.16429,1.16431,0
2026-05-27 07:49:00+00:00,1.1643,1.16442,1.16426,1.1644,0
2026-05-27 07:50:00+00:00,1.1644,1.16443,1.16435,1.16442,0
2026-05-27 07:51:00+00:00,1.16443,1.16451,1.16441,1.16448,0
2026-05-27 07:52:00+00:00,1.16447,1.1645,1.16436,1.16438,0
2026-05-27 07:53:00+00:00,1.16436,1.16444,1.16436,1.16442,0
2026-05-27 07:54:00+00:00,1.16443,1.16444,1.16437,1.16444,0
2026-05-27 07:55:00+00:00,1.16443,1.16443,1.1643,1.1643,0
2026-05-27 07:56:00+00:00,1.16427,1.16429,1.16417,1.16425,0
2026-05-27 07:57:00+00:00,1.16426,1.16432,1.16421,1.16421,0
2026-05-27 07:58:00+00:00,1.16423,1.16428,1.16414,1.16415,0
2026-05-27 07:59:00+00:00,1.16415,1.16415,1.16401,1.16406,0
2026-05-27 08:00:00+00:00,1.16407,1.16407,1.16382,1.164,0
2026-05-27 08:01:00+00:00,1.16399,1.16427,1.16397,1.16414,0
2026-05-27 08:02:00+00:00,1.16416,1.16431,1.16416,1.1642,0
2026-05-27 08:03:00+00:00,1.16421,1.16422,1.16404,1.16411,0
2026-05-27 08:04:00+00:00,1.16412,1.16418,1.1641,1.16417,0
2026-05-27 08:05:00+00:00,1.16419,1.16425,1.16418,1.16424,0
2026-05-27 08:06:00+00:00,1.16427,1.16432,1.16407,1.16412,0
2026-05-27 08:07:00+00:00,1.16412,1.16423,1.16412,1.16418,0
2026-05-27 08:08:00+00:00,1.16417,1.16428,1.16417,1.16427,0
2026-05-27 08:09:00+00:00,1.16428,1.16429,1.16417,1.16417,0
2026-05-27 08:10:00+00:00,1.16416,1.16425,1.1641,1.16421,0
2026-05-27 08:11:00+00:00,1.16422,1.16433,1.16422,1.16431,0
2026-05-27 08:12:00+00:00,1.16432,1.16441,1.16431,1.16441,0
2026-05-27 08:13:00+00:00,1.16443,1.16445,1.16439,1.16439,0
2026-05-27 08:14:00+00:00,1.16437,1.16444,1.1643,1.16434,0
2026-05-27 08:15:00+00:00,1.16436,1.16449,1.16436,1.16447,0
2026-05-27 08:16:00+00:00,1.16449,1.16451,1.16443,1.16446,0
2026-05-27 08:17:00+00:00,1.16448,1.1645,1.16442,1.16442,0
2026-05-27 08:18:00+00:00,1.16444,1.16444,1.16431,1.16436,0
2026-05-27 08:19:00+00:00,1.16434,1.16438,1.16424,1.16427,0
2026-05-27 08:20:00+00:00,1.16426,1.16439,1.16425,1.16434,0
2026-05-27 08:21:00+00:00,1.16434,1.16445,1.16434,1.16445,0
2026-05-27 08:22:00+00:00,1.16445,1.1645,1.16442,1.16447,0
2026-05-27 08:23:00+00:00,1.16447,1.16459,1.16436,1.16452,0
2026-05-27 08:24:00+00:00,1.16453,1.16455,1.16445,1.16449,0
2026-05-27 08:25:00+00:00,1.16449,1.16452,1.16442,1.16446,0
2026-05-27 08:26:00+00:00,1.16447,1.1645,1.16447,1.16449,0
2026-05-27 08:27:00+00:00,1.1645,1.16454,1.16444,1.16445,0
2026-05-27 08:28:00+00:00,1.16447,1.16455,1.16445,1.16455,0
2026-05-27 08:29:00+00:00,1.16456,1.1647,1.16456,1.16469,0
2026-05-27 08:30:00+00:00,1.16471,1.16471,1.16452,1.16454,0
2026-05-27 08:31:00+00:00,1.16455,1.16455,1.16447,1.16447,0
2026-05-27 08:32:00+00:00,1.16448,1.16451,1.16445,1.16448,0
2026-05-27 08:33:00+00:00,1.16448,1.16449,1.1644,1.1644,0
2026-05-27 08:34:00+00:00,1.16439,1.16448,1.16436,1.16448,0
2026-05-27 08:35:00+00:00,1.16449,1.1645,1.16441,1.16443,0
2026-05-27 08:36:00+00:00,1.16444,1.16445,1.16435,1.16438,0
2026-05-27 08:37:00+00:00,1.16439,1.16447,1.16438,1.16438,0
2026-05-27 08:38:00+00:00,1.1644,1.16449,1.16438,1.16446,0
2026-05-27 08:39:00+00:00,1.16444,1.16448,1.16433,1.16444,0
2026-05-27 08:40:00+00:00,1.16445,1.16458,1.16445,1.16448,0
2026-05-27 08:41:00+00:00,1.1645,1.16453,1.16448,1.16449,0
2026-05-27 08:42:00+00:00,1.16449,1.16454,1.16445,1.1645,0
2026-05-27 08:43:00+00:00,1.1645,1.1645,1.16443,1.16448,0
2026-05-27 08:44:00+00:00,1.16447,1.16458,1.16447,1.16457,0
2026-05-27 08:45:00+00:00,1.16457,1.16458,1.16452,1.16455,0
2026-05-27 08:46:00+00:00,1.16454,1.16455,1.16445,1.16448,0
2026-05-27 08:47:00+00:00,1.1645,1.16453,1.16434,1.16434,0
2026-05-27 08:48:00+00:00,1.16434,1.16437,1.16432,1.16435,0
2026-05-27 08:49:00+00:00,1.16436,1.16437,1.16428,1.16428,0
2026-05-27 08:50:00+00:00,1.16431,1.16438,1.16429,1.16437,0
2026-05-27 08:51:00+00:00,1.16437,1.16441,1.16434,1.16441,0
2026-05-27 08:52:00+00:00,1.1644,1.1646,1.16439,1.16447,0
2026-05-27 08:53:00+00:00,1.16446,1.16446,1.16438,1.16442,0
2026-05-27 08:54:00+00:00,1.1644,1.16441,1.16429,1.16429,0
2026-05-27 08:55:00+00:00,1.1643,1.16438,1.1643,1.16435,0
2026-05-27 08:56:00+00:00,1.16435,1.16442,1.16434,1.16436,0
2026-05-27 08:57:00+00:00,1.16434,1.16437,1.1643,1.16437,0
2026-05-27 08:58:00+00:00,1.16438,1.1645,1.16437,1.1645,0
2026-05-27 08:59:00+00:00,1.1645,1.16451,1.1644,1.16449,0
2026-05-27 09:00:00+00:00,1.16446,1.16454,1.16435,1.16438,0
2026-05-27 09:01:00+00:00,1.16439,1.16447,1.16439,1.16443,0
2026-05-27 09:02:00+00:00,1.16444,1.16448,1.16429,1.16429,0
2026-05-27 09:03:00+00:00,1.16429,1.16449,1.16429,1.16448,0
2026-05-27 09:04:00+00:00,1.16447,1.16448,1.16441,1.16442,0
2026-05-27 09:05:00+00:00,1.16441,1.16452,1.16434,1.16435,0
2026-05-27 09:06:00+00:00,1.16438,1.1644,1.16431,1.16433,0
2026-05-27 09:07:00+00:00,1.16434,1.16436,1.1643,1.16434,0
2026-05-27 09:08:00+00:00,1.16434,1.16436,1.16429,1.16436,0
2026-05-27 09:09:00+00:00,1.16436,1.16438,1.16431,1.16434,0
2026-05-27 09:10:00+00:00,1.16433,1.16436,1.16423,1.16433,0
2026-05-27 09:11:00+00:00,1.16435,1.16438,1.16432,1.16432,0
2026-05-27 09:12:00+00:00,1.16433,1.1644,1.16431,1.16433,0
2026-05-27 09:13:00+00:00,1.16433,1.16436,1.16432,1.16435,0
2026-05-27 09:14:00+00:00,1.16434,1.16439,1.16428,1.16438,0
2026-05-27 09:15:00+00:00,1.1644,1.16456,1.16437,1.16455,0
2026-05-27 09:16:00+00:00,1.16457,1.16457,1.16442,1.16443,0
2026-05-27 09:17:00+00:00,1.16441,1.16455,1.1644,1.16452,0
2026-05-27 09:18:00+00:00,1.16454,1.16455,1.16443,1.16452,0
2026-05-27 09:19:00+00:00,1.16453,1.16458,1.16449,1.16456,0
2026-05-27 09:20:00+00:00,1.16455,1.16463,1.16451,1.16457,0
2026-05-27 09:21:00+00:00,1.1646,1.16469,1.1646,1.16462,0
2026-05-27 09:22:00+00:00,1.16463,1.16467,1.1646,1.16464,0
2026-05-27 09:23:00+00:00,1.16466,1.16466,1.16452,1.16454,0
2026-05-27 09:24:00+00:00,1.16455,1.16455,1.16449,1.1645,0
2026-05-27 09:25:00+00:00,1.16452,1.16452,1.16447,1.16449,0
2026-05-27 09:26:00+00:00,1.16451,1.16453,1.16443,1.16443,0
2026-05-27 09:27:00+00:00,1.16443,1.16443,1.16439,1.16443,0
2026-05-27 09:28:00+00:00,1.16442,1.16445,1.16439,1.16442,0
2026-05-27 09:29:00+00:00,1.16442,1.16455,1.16439,1.16453,0
2026-05-27 09:30:00+00:00,1.16451,1.16451,1.16443,1.16444,0
2026-05-27 09:31:00+00:00,1.16443,1.16451,1.16443,1.1645,0
2026-05-27 09:32:00+00:00,1.1645,1.16456,1.16444,1.16444,0
2026-05-27 09:33:00+00:00,1.16446,1.16448,1.16439,1.16448,0
2026-05-27 09:34:00+00:00,1.16448,1.16453,1.1644,1.16443,0
2026-05-27 09:35:00+00:00,1.16441,1.16444,1.16433,1.16441,0
2026-05-27 09:36:00+00:00,1.16439,1.1644,1.16436,1.16439,0
2026-05-27 09:37:00+00:00,1.16438,1.16444,1.16438,1.1644,0
2026-05-27 09:38:00+00:00,1.16441,1.16445,1.16438,1.16444,0
2026-05-27 09:39:00+00:00,1.16445,1.16448,1.16439,1.16442,0
2026-05-27 09:40:00+00:00,1.16441,1.16446,1.16441,1.16445,0
2026-05-27 09:41:00+00:00,1.16444,1.16444,1.16441,1.16443,0
2026-05-27 09:42:00+00:00,1.16445,1.16445,1.16437,1.16437,0
2026-05-27 09:43:00+00:00,1.16438,1.16443,1.16436,1.16443,0
2026-05-27 09:44:00+00:00,1.16443,1.16445,1.16443,1.16443,0
2026-05-27 09:45:00+00:00,1.16445,1.16445,1.16439,1.16439,0
2026-05-27 09:46:00+00:00,1.1644,1.16446,1.1644,1.16443,0
2026-05-27 09:47:00+00:00,1.16444,1.16444,1.16442,1.16444,0
2026-05-27 09:48:00+00:00,1.16444,1.16447,1.16442,1.16444,0
2026-05-27 09:49:00+00:00,1.16444,1.16448,1.16444,1.16445,0
2026-05-27 09:50:00+00:00,1.16447,1.1645,1.16444,1.1645,0
2026-05-27 09:51:00+00:00,1.16449,1.16452,1.16448,1.16452,0
2026-05-27 09:52:00+00:00,1.16452,1.16455,1.16448,1.16448,0
2026-05-27 09:53:00+00:00,1.16447,1.16459,1.16447,1.16459,0
2026-05-27 09:54:00+00:00,1.16461,1.16476,1.16459,1.16474,0
2026-05-27 09:55:00+00:00,1.16476,1.16485,1.16475,1.16482,0
2026-05-27 09:56:00+00:00,1.16484,1.16485,1.16477,1.16481,0
2026-05-27 09:57:00+00:00,1.1648,1.1648,1.16466,1.16466,0
2026-05-27 09:58:00+00:00,1.16466,1.16467,1.16459,1.16465,0
2026-05-27 09:59:00+00:00,1.16465,1.16466,1.16444,1.16445,0
2026-05-27 10:00:00+00:00,1.16444,1.16446,1.16439,1.16443,0
2026-05-27 10:01:00+00:00,1.16444,1.16444,1.16434,1.16435,0
2026-05-27 10:02:00+00:00,1.16434,1.16436,1.16429,1.16432,0
2026-05-27 10:03:00+00:00,1.16432,1.16436,1.16427,1.16428,0
2026-05-27 10:04:00+00:00,1.16429,1.16434,1.16429,1.16433,0
2026-05-27 10:05:00+00:00,1.16431,1.16439,1.16431,1.16438,0
2026-05-27 10:06:00+00:00,1.16438,1.1644,1.16438,1.16439,0
2026-05-27 10:07:00+00:00,1.1644,1.16444,1.16438,1.16438,0
2026-05-27 10:08:00+00:00,1.16436,1.16441,1.16432,1.1644,0
2026-05-27 10:09:00+00:00,1.16438,1.16439,1.16434,1.16437,0
2026-05-27 10:10:00+00:00,1.16438,1.16439,1.16429,1.16431,0
2026-05-27 10:11:00+00:00,1.16434,1.16438,1.16433,1.16433,0
2026-05-27 10:12:00+00:00,1.16434,1.16442,1.16434,1.16441,0
2026-05-27 10:13:00+00:00,1.16442,1.16443,1.16437,1.16439,0
2026-05-27 10:14:00+00:00,1.16438,1.16439,1.16432,1.16436,0
2026-05-27 10:15:00+00:00,1.16434,1.16439,1.16432,1.16437,0
2026-05-27 10:16:00+00:00,1.16438,1.16438,1.16423,1.16426,0
2026-05-27 10:17:00+00:00,1.16427,1.16429,1.16425,1.16426,0
2026-05-27 10:18:00+00:00,1.16424,1.16424,1.16415,1.16417,0
2026-05-27 10:19:00+00:00,1.16418,1.16422,1.1641,1.16411,0
2026-05-27 10:20:00+00:00,1.16409,1.16409,1.16397,1.16398,0
2026-05-27 10:21:00+00:00,1.16399,1.16399,1.16385,1.16385,0
2026-05-27 10:22:00+00:00,1.16384,1.1639,1.16384,1.16384,0
2026-05-27 10:23:00+00:00,1.16383,1.16385,1.16371,1.16373,0
2026-05-27 10:24:00+00:00,1.16373,1.16388,1.16372,1.16388,0
2026-05-27 10:25:00+00:00,1.16387,1.16389,1.1638,1.16389,0
2026-05-27 10:26:00+00:00,1.16389,1.1639,1.16386,1.16386,0
2026-05-27 10:27:00+00:00,1.16387,1.1639,1.16381,1.16388,0
2026-05-27 10:28:00+00:00,1.1639,1.16391,1.16373,1.16373,0
2026-05-27 10:29:00+00:00,1.16372,1.16377,1.16365,1.16375,0
2026-05-27 10:30:00+00:00,1.16374,1.16376,1.16368,1.16372,0
2026-05-27 10:31:00+00:00,1.16374,1.16383,1.16374,1.1638,0
2026-05-27 10:32:00+00:00,1.16382,1.16384,1.16378,1.16383,0
2026-05-27 10:33:00+00:00,1.16384,1.1639,1.16383,1.16383,0
2026-05-27 10:34:00+00:00,1.16386,1.16398,1.16386,1.16395,0
2026-05-27 10:35:00+00:00,1.16396,1.16397,1.16388,1.1639,0
2026-05-27 10:36:00+00:00,1.16391,1.16399,1.16391,1.16395,0
2026-05-27 10:37:00+00:00,1.16395,1.16398,1.16392,1.16395,0
2026-05-27 10:38:00+00:00,1.16395,1.16406,1.16395,1.16402,0
2026-05-27 10:39:00+00:00,1.16401,1.16401,1.1636,1.16365,0
2026-05-27 10:40:00+00:00,1.16364,1.16378,1.16364,1.16372,0
2026-05-27 10:41:00+00:00,1.16373,1.16379,1.16369,1.16369,0
2026-05-27 10:42:00+00:00,1.16368,1.16381,1.16366,1.16381,0
2026-05-27 10:43:00+00:00,1.16381,1.16384,1.16378,1.16383,0
2026-05-27 10:44:00+00:00,1.16383,1.16385,1.16378,1.16383,0
2026-05-27 10:45:00+00:00,1.16383,1.16393,1.16382,1.16391,0
2026-05-27 10:46:00+00:00,1.16391,1.16391,1.16374,1.16377,0
2026-05-27 10:47:00+00:00,1.16378,1.16379,1.16372,1.16372,0
2026-05-27 10:48:00+00:00,1.16372,1.16382,1.16368,1.16373,0
2026-05-27 10:49:00+00:00,1.16373,1.16382,1.16373,1.16375,0
2026-05-27 10:50:00+00:00,1.16375,1.16376,1.16369,1.16375,0
2026-05-27 10:51:00+00:00,1.16374,1.16377,1.16363,1.16363,0
2026-05-27 10:52:00+00:00,1.16363,1.16364,1.16359,1.16363,0
2026-05-27 10:53:00+00:00,1.16362,1.16363,1.1636,1.16361,0
2026-05-27 10:54:00+00:00,1.1636,1.16377,1.1636,1.16377,0
2026-05-27 10:55:00+00:00,1.16378,1.16384,1.16373,1.16376,0
2026-05-27 10:56:00+00:00,1.16374,1.16383,1.16371,1.16383,0
2026-05-27 10:57:00+00:00,1.16381,1.16391,1.16379,1.1639,0
2026-05-27 10:58:00+00:00,1.16388,1.16389,1.16383,1.16384,0
2026-05-27 10:59:00+00:00,1.16385,1.16396,1.16383,1.16389,0
2026-05-27 11:00:00+00:00,1.16391,1.16399,1.16384,1.16384,0
2026-05-27 11:01:00+00:00,1.16385,1.16387,1.16382,1.16386,0
2026-05-27 11:02:00+00:00,1.16386,1.1639,1.16385,1.16386,0
2026-05-27 11:03:00+00:00,1.16387,1.16393,1.16387,1.16392,0
2026-05-27 11:04:00+00:00,1.16392,1.16396,1.16388,1.1639,0
2026-05-27 11:05:00+00:00,1.1639,1.1639,1.16377,1.16379,0
2026-05-27 11:06:00+00:00,1.16381,1.16384,1.16377,1.16377,0
2026-05-27 11:07:00+00:00,1.16376,1.1638,1.16372,1.16378,0
2026-05-27 11:08:00+00:00,1.16378,1.16384,1.16373,1.16384,0
2026-05-27 11:09:00+00:00,1.16384,1.16385,1.16381,1.16384,0
2026-05-27 11:10:00+00:00,1.16384,1.16385,1.16371,1.16372,0
2026-05-27 11:11:00+00:00,1.1637,1.16379,1.16361,1.16379,0
2026-05-27 11:12:00+00:00,1.16378,1.16398,1.16377,1.16398,0
2026-05-27 11:13:00+00:00,1.16398,1.16402,1.16393,1.164,0
2026-05-27 11:14:00+00:00,1.164,1.16407,1.16394,1.16404,0
2026-05-27 11:15:00+00:00,1.16405,1.16412,1.16404,1.16411,0
2026-05-27 11:16:00+00:00,1.16412,1.16418,1.16397,1.16405,0
2026-05-27 11:17:00+00:00,1.16404,1.16405,1.16398,1.16401,0
2026-05-27 11:18:00+00:00,1.16401,1.16401,1.16397,1.16397,0
2026-05-27 11:19:00+00:00,1.16397,1.16399,1.16383,1.16386,0
2026-05-27 11:20:00+00:00,1.16386,1.16387,1.16376,1.16377,0
2026-05-27 11:21:00+00:00,1.16378,1.16383,1.16368,1.16369,0
2026-05-27 11:22:00+00:00,1.16367,1.16385,1.16367,1.16383,0
2026-05-27 11:23:00+00:00,1.16382,1.16388,1.16368,1.16374,0
2026-05-27 11:24:00+00:00,1.16374,1.16392,1.16374,1.16391,0
2026-05-27 11:25:00+00:00,1.1639,1.16394,1.16383,1.16394,0
2026-05-27 11:26:00+00:00,1.16396,1.16398,1.16387,1.16389,0
2026-05-27 11:27:00+00:00,1.16389,1.16389,1.16382,1.16389,0
2026-05-27 11:28:00+00:00,1.16387,1.16387,1.1638,1.16381,0
2026-05-27 11:29:00+00:00,1.1638,1.16383,1.16377,1.16378,0
2026-05-27 11:30:00+00:00,1.16377,1.16381,1.16368,1.16381,0
2026-05-27 11:31:00+00:00,1.16381,1.16386,1.16365,1.16373,0
2026-05-27 11:32:00+00:00,1.16374,1.16383,1.1637,1.16373,0
2026-05-27 11:33:00+00:00,1.16375,1.16375,1.16363,1.16367,0
2026-05-27 11:34:00+00:00,1.16368,1.16368,1.16356,1.16368,0
2026-05-27 11:35:00+00:00,1.16367,1.16383,1.16367,1.16383,0
2026-05-27 11:36:00+00:00,1.16385,1.16385,1.16377,1.16381,0
2026-05-27 11:37:00+00:00,1.16383,1.1639,1.16376,1.16382,0
2026-05-27 11:38:00+00:00,1.1638,1.16394,1.16376,1.16376,0
2026-05-27 11:39:00+00:00,1.16376,1.16383,1.16374,1.16381,0
2026-05-27 11:40:00+00:00,1.16382,1.16382,1.16371,1.16373,0
2026-05-27 11:41:00+00:00,1.16374,1.16382,1.1637,1.1638,0
2026-05-27 11:42:00+00:00,1.16379,1.16379,1.16371,1.16374,0
2026-05-27 11:43:00+00:00,1.16374,1.16388,1.16374,1.16384,0
2026-05-27 11:44:00+00:00,1.16384,1.16393,1.16384,1.16386,0
2026-05-27 11:45:00+00:00,1.16387,1.16392,1.16386,1.16392,0
2026-05-27 11:46:00+00:00,1.16392,1.16393,1.16384,1.16387,0
2026-05-27 11:47:00+00:00,1.16387,1.16388,1.16379,1.16382,0
2026-05-27 11:48:00+00:00,1.16383,1.16387,1.1638,1.16384,0
2026-05-27 11:49:00+00:00,1.16386,1.16397,1.16386,1.1639,0
2026-05-27 11:50:00+00:00,1.16389,1.16389,1.16381,1.16383,0
2026-05-27 11:51:00+00:00,1.16382,1.16383,1.16373,1.16375,0
2026-05-27 11:52:00+00:00,1.16376,1.16382,1.16374,1.16375,0
2026-05-27 11:53:00+00:00,1.16374,1.16381,1.16372,1.16377,0
2026-05-27 11:54:00+00:00,1.16374,1.16381,1.16362,1.16364,0
2026-05-27 11:55:00+00:00,1.16364,1.16364,1.1633,1.16333,0
2026-05-27 11:56:00+00:00,1.16334,1.16347,1.16329,1.16337,0
2026-05-27 11:57:00+00:00,1.1634,1.16359,1.16338,1.16358,0
2026-05-27 11:58:00+00:00,1.16356,1.16369,1.16356,1.16364,0
2026-05-27 11:59:00+00:00,1.16365,1.16375,1.16358,1.16375,0
2026-05-27 12:00:00+00:00,1.16376,1.16381,1.16359,1.16362,0
2026-05-27 12:01:00+00:00,1.16362,1.16376,1.16362,1.16376,0
2026-05-27 12:02:00+00:00,1.16374,1.16385,1.16372,1.16379,0
2026-05-27 12:03:00+00:00,1.16378,1.16379,1.16371,1.16377,0
2026-05-27 12:04:00+00:00,1.16377,1.16378,1.16373,1.16377,0
2026-05-27 12:05:00+00:00,1.16377,1.16382,1.16376,1.16381,0
2026-05-27 12:06:00+00:00,1.16382,1.16391,1.16379,1.16387,0
2026-05-27 12:07:00+00:00,1.16389,1.16393,1.16386,1.16391,0
2026-05-27 12:08:00+00:00,1.1639,1.16394,1.16388,1.1639,0
2026-05-27 12:09:00+00:00,1.16392,1.16392,1.16367,1.16373,0
2026-05-27 12:10:00+00:00,1.16371,1.16376,1.16365,1.16367,0
2026-05-27 12:11:00+00:00,1.16368,1.16382,1.16368,1.16382,0
2026-05-27 12:12:00+00:00,1.1638,1.1638,1.16367,1.16377,0
2026-05-27 12:13:00+00:00,1.1638,1.16386,1.16372,1.16374,0
2026-05-27 12:14:00+00:00,1.16374,1.16377,1.1636,1.16373,0
2026-05-27 12:15:00+00:00,1.16374,1.16374,1.16343,1.16344,0
2026-05-27 12:16:00+00:00,1.16347,1.16366,1.16343,1.16361,0
2026-05-27 12:17:00+00:00,1.16362,1.1637,1.16362,1.16367,0
2026-05-27 12:18:00+00:00,1.16366,1.16487,1.1636,1.16429,0
2026-05-27 12:19:00+00:00,1.16432,1.16468,1.16404,1.16407,0
2026-05-27 12:20:00+00:00,1.16407,1.16469,1.16403,1.16468,0
2026-05-27 12:21:00+00:00,1.16467,1.16533,1.16453,1.16533,0
2026-05-27 12:22:00+00:00,1.16532,1.166,1.16532,1.16544,0
2026-05-27 12:23:00+00:00,1.16549,1.16589,1.1649,1.16505,0
2026-05-27 12:24:00+00:00,1.16507,1.16515,1.16471,1.16491,0
2026-05-27 12:25:00+00:00,1.16491,1.1656,1.16485,1.16559,0
2026-05-27 12:26:00+00:00,1.16558,1.16586,1.16543,1.16546,0
2026-05-27 12:27:00+00:00,1.16546,1.16563,1.16519,1.16533,0
2026-05-27 12:28:00+00:00,1.16533,1.16569,1.16525,1.16562,0
2026-05-27 12:29:00+00:00,1.16563,1.16571,1.1655,1.16562,0
2026-05-27 12:30:00+00:00,1.16559,1.16605,1.16559,1.16596,0
2026-05-27 12:31:00+00:00,1.16596,1.16604,1.16571,1.16571,0
2026-05-27 12:32:00+00:00,1.1657,1.16576,1.16554,1.16564,0
2026-05-27 12:33:00+00:00,1.16562,1.1657,1.16552,1.1657,0
2026-05-27 12:34:00+00:00,1.16569,1.16572,1.1655,1.16562,0
2026-05-27 12:35:00+00:00,1.16565,1.16573,1.16552,1.16559,0
2026-05-27 12:36:00+00:00,1.16558,1.16614,1.16554,1.16606,0
2026-05-27 12:37:00+00:00,1.16607,1.16607,1.16568,1.1657,0
2026-05-27 12:38:00+00:00,1.16572,1.16586,1.16565,1.16586,0
2026-05-27 12:39:00+00:00,1.16587,1.16589,1.16571,1.16571,0
2026-05-27 12:40:00+00:00,1.16572,1.16579,1.16564,1.16568,0
2026-05-27 12:41:00+00:00,1.16564,1.16579,1.16562,1.16577,0
2026-05-27 12:42:00+00:00,1.16577,1.16577,1.1655,1.16551,0
2026-05-27 12:43:00+00:00,1.16554,1.16561,1.16554,1.16555,0
2026-05-27 12:44:00+00:00,1.16558,1.16566,1.16534,1.16536,0
2026-05-27 12:45:00+00:00,1.16536,1.16539,1.16519,1.16523,0
2026-05-27 12:46:00+00:00,1.16521,1.16521,1.1651,1.16513,0
2026-05-27 12:47:00+00:00,1.16513,1.16525,1.16512,1.16517,0
2026-05-27 12:48:00+00:00,1.16517,1.16518,1.16499,1.16508,0
2026-05-27 12:49:00+00:00,1.16509,1.16516,1.16498,1.16515,0
2026-05-27 12:50:00+00:00,1.16514,1.16515,1.16501,1.16506,0
2026-05-27 12:51:00+00:00,1.16505,1.16529,1.16502,1.16526,0
2026-05-27 12:52:00+00:00,1.16527,1.16536,1.16522,1.16535,0
2026-05-27 12:53:00+00:00,1.16534,1.16536,1.16522,1.16526,0
2026-05-27 12:54:00+00:00,1.16528,1.16548,1.1652,1.16544,0
2026-05-27 12:55:00+00:00,1.16544,1.1655,1.16526,1.16526,0
2026-05-27 12:56:00+00:00,1.16527,1.16538,1.16515,1.16516,0
2026-05-27 12:57:00+00:00,1.16517,1.16518,1.16502,1.16506,0
2026-05-27 12:58:00+00:00,1.16508,1.1651,1.16478,1.16478,0
2026-05-27 12:59:00+00:00,1.16478,1.1648,1.16417,1.16435,0
2026-05-27 13:00:00+00:00,1.16437,1.16466,1.16435,1.16459,0
2026-05-27 13:01:00+00:00,1.16458,1.16459,1.16435,1.16435,0
2026-05-27 13:02:00+00:00,1.16437,1.16474,1.1643,1.16468,0
2026-05-27 13:03:00+00:00,1.16469,1.16478,1.16464,1.16476,0
2026-05-27 13:04:00+00:00,1.16474,1.16474,1.16452,1.16458,0
2026-05-27 13:05:00+00:00,1.16458,1.16479,1.16452,1.16468,0
2026-05-27 13:06:00+00:00,1.16466,1.16467,1.16447,1.16447,0
2026-05-27 13:07:00+00:00,1.16444,1.16446,1.16429,1.16442,0
2026-05-27 13:08:00+00:00,1.16443,1.16449,1.16426,1.16439,0
2026-05-27 13:09:00+00:00,1.16439,1.16448,1.16432,1.16437,0
2026-05-27 13:10:00+00:00,1.16439,1.16459,1.16439,1.16458,0
2026-05-27 13:11:00+00:00,1.16457,1.16463,1.16435,1.16446,0
2026-05-27 13:12:00+00:00,1.16447,1.16447,1.16438,1.16444,0
2026-05-27 13:13:00+00:00,1.16445,1.1645,1.16435,1.16447,0
2026-05-27 13:14:00+00:00,1.16446,1.16453,1.16442,1.16452,0
2026-05-27 13:15:00+00:00,1.16454,1.16463,1.16453,1.16462,0
2026-05-27 13:16:00+00:00,1.16463,1.16468,1.16443,1.16468,0
2026-05-27 13:17:00+00:00,1.16468,1.16471,1.16456,1.16462,0
2026-05-27 13:18:00+00:00,1.16463,1.16472,1.16462,1.16468,0
2026-05-27 13:19:00+00:00,1.16468,1.16475,1.16457,1.16459,0
2026-05-27 13:20:00+00:00,1.16458,1.16458,1.16422,1.16423,0
2026-05-27 13:21:00+00:00,1.16422,1.16438,1.16418,1.16422,0
2026-05-27 13:22:00+00:00,1.16426,1.16426,1.16397,1.16412,0
2026-05-27 13:23:00+00:00,1.16413,1.16429,1.16409,1.16425,0
2026-05-27 13:24:00+00:00,1.16423,1.16439,1.16423,1.16438,0
2026-05-27 13:25:00+00:00,1.16439,1.1645,1.16431,1.16431,0
2026-05-27 13:26:00+00:00,1.16431,1.16455,1.16427,1.16454,0
2026-05-27 13:27:00+00:00,1.16454,1.16458,1.16408,1.16416,0
2026-05-27 13:28:00+00:00,1.16416,1.16424,1.164,1.164,0
2026-05-27 13:29:00+00:00,1.16401,1.16413,1.16397,1.1641,0
2026-05-27 13:30:00+00:00,1.16411,1.16421,1.16392,1.16399,0
2026-05-27 13:31:00+00:00,1.16401,1.16421,1.16399,1.16421,0
2026-05-27 13:32:00+00:00,1.16421,1.16434,1.16414,1.16428,0
2026-05-27 13:33:00+00:00,1.16429,1.16457,1.16429,1.16439,0
2026-05-27 13:34:00+00:00,1.16439,1.16449,1.16435,1.16447,0
2026-05-27 13:35:00+00:00,1.16446,1.16458,1.16437,1.16454,0
2026-05-27 13:36:00+00:00,1.16453,1.16453,1.16417,1.16417,0
2026-05-27 13:37:00+00:00,1.16417,1.16431,1.16413,1.16428,0
2026-05-27 13:38:00+00:00,1.16427,1.1643,1.16409,1.16419,0
2026-05-27 13:39:00+00:00,1.16421,1.16428,1.16418,1.16423,0
2026-05-27 13:40:00+00:00,1.16424,1.16439,1.16423,1.16437,0
2026-05-27 13:41:00+00:00,1.16438,1.16448,1.16432,1.16448,0
2026-05-27 13:42:00+00:00,1.16445,1.16449,1.16431,1.16432,0
2026-05-27 13:43:00+00:00,1.16433,1.16437,1.16422,1.16422,0
2026-05-27 13:44:00+00:00,1.16422,1.16428,1.16412,1.16418,0
2026-05-27 13:45:00+00:00,1.1642,1.16453,1.16417,1.16453,0
2026-05-27 13:46:00+00:00,1.16455,1.1646,1.16436,1.16448,0
2026-05-27 13:47:00+00:00,1.1645,1.1646,1.16443,1.16448,0
2026-05-27 13:48:00+00:00,1.16449,1.16454,1.16436,1.16437,0
2026-05-27 13:49:00+00:00,1.16435,1.16435,1.1642,1.16429,0
2026-05-27 13:50:00+00:00,1.16428,1.16438,1.16411,1.16431,0
2026-05-27 13:51:00+00:00,1.16433,1.16442,1.16415,1.16418,0
2026-05-27 13:52:00+00:00,1.16417,1.16417,1.16396,1.1641,0
2026-05-27 13:53:00+00:00,1.1641,1.16415,1.164,1.16405,0
2026-05-27 13:54:00+00:00,1.16403,1.16403,1.16382,1.16388,0
2026-05-27 13:55:00+00:00,1.16388,1.16394,1.16383,1.16385,0
2026-05-27 13:56:00+00:00,1.16386,1.1639,1.16376,1.16383,0
2026-05-27 13:57:00+00:00,1.16383,1.16391,1.16375,1.16391,0
2026-05-27 13:58:00+00:00,1.1639,1.164,1.16385,1.16395,0
2026-05-27 13:59:00+00:00,1.16394,1.16413,1.16394,1.16412,0
2026-05-27 14:00:00+00:00,1.16411,1.16425,1.16403,1.16412,0
2026-05-27 14:01:00+00:00,1.16412,1.16413,1.16403,1.1641,0
2026-05-27 14:02:00+00:00,1.16408,1.1641,1.16386,1.16388,0
2026-05-27 14:03:00+00:00,1.16387,1.164,1.16375,1.16379,0
2026-05-27 14:04:00+00:00,1.16379,1.16388,1.16365,1.16388,0
2026-05-27 14:05:00+00:00,1.16387,1.16402,1.16386,1.16398,0
2026-05-27 14:06:00+00:00,1.16397,1.16397,1.16385,1.16393,0
2026-05-27 14:07:00+00:00,1.16393,1.16412,1.16372,1.16376,0
2026-05-27 14:08:00+00:00,1.16375,1.16397,1.16375,1.16397,0
2026-05-27 14:09:00+00:00,1.16398,1.16417,1.16397,1.16415,0
2026-05-27 14:10:00+00:00,1.16416,1.16432,1.16414,1.16426,0
2026-05-27 14:11:00+00:00,1.16428,1.16437,1.16427,1.16432,0
2026-05-27 14:12:00+00:00,1.16436,1.16461,1.16434,1.16461,0
2026-05-27 14:13:00+00:00,1.16459,1.16473,1.16456,1.16473,0
2026-05-27 14:14:00+00:00,1.16472,1.16488,1.16471,1.16482,0
2026-05-27 14:15:00+00:00,1.16483,1.16483,1.16467,1.16476,0
2026-05-27 14:16:00+00:00,1.16476,1.16476,1.16467,1.16476,0
2026-05-27 14:17:00+00:00,1.16479,1.16489,1.16477,1.1648,0
2026-05-27 14:18:00+00:00,1.16482,1.16503,1.16477,1.16503,0
2026-05-27 14:19:00+00:00,1.16506,1.16514,1.16493,1.16514,0
2026-05-27 14:20:00+00:00,1.16516,1.16521,1.16477,1.16498,0
2026-05-27 14:21:00+00:00,1.16496,1.16508,1.16496,1.16502,0
2026-05-27 14:22:00+00:00,1.16503,1.16507,1.16475,1.16487,0
2026-05-27 14:23:00+00:00,1.16486,1.16488,1.16475,1.16476,0
2026-05-27 14:24:00+00:00,1.16472,1.16473,1.16439,1.16441,0
2026-05-27 14:25:00+00:00,1.16442,1.16476,1.16442,1.16462,0
2026-05-27 14:26:00+00:00,1.16465,1.16477,1.16462,1.16477,0
2026-05-27 14:27:00+00:00,1.16478,1.16491,1.16473,1.16481,0
2026-05-27 14:28:00+00:00,1.16482,1.16486,1.16472,1.16479,0
2026-05-27 14:29:00+00:00,1.16478,1.16492,1.16476,1.16488,0
2026-05-27 14:30:00+00:00,1.16486,1.16498,1.16479,1.16481,0
2026-05-27 14:31:00+00:00,1.16482,1.16513,1.16482,1.16507,0
2026-05-27 14:32:00+00:00,1.16507,1.16517,1.16472,1.16472,0
2026-05-27 14:33:00+00:00,1.16473,1.16503,1.16415,1.1643,0
2026-05-27 14:34:00+00:00,1.16432,1.16462,1.16424,1.16462,0
2026-05-27 14:35:00+00:00,1.16463,1.16474,1.16455,1.16471,0
2026-05-27 14:36:00+00:00,1.16472,1.16485,1.16466,1.1648,0
2026-05-27 14:37:00+00:00,1.16482,1.16483,1.1647,1.16478,0
2026-05-27 14:38:00+00:00,1.1648,1.16501,1.1648,1.16495,0
2026-05-27 14:39:00+00:00,1.16496,1.16497,1.16486,1.16495,0
2026-05-27 14:40:00+00:00,1.16495,1.16501,1.16473,1.16486,0
2026-05-27 14:41:00+00:00,1.16487,1.16488,1.16472,1.16476,0
2026-05-27 14:42:00+00:00,1.16478,1.16485,1.16453,1.16478,0
2026-05-27 14:43:00+00:00,1.16476,1.16492,1.16476,1.16487,0
2026-05-27 14:44:00+00:00,1.16486,1.16488,1.16475,1.16486,0
2026-05-27 14:45:00+00:00,1.16486,1.16495,1.16482,1.16492,0
2026-05-27 14:46:00+00:00,1.16494,1.16506,1.16487,1.16505,0
2026-05-27 14:47:00+00:00,1.16505,1.16507,1.16476,1.16476,0
2026-05-27 14:48:00+00:00,1.16476,1.16477,1.16438,1.16458,0
2026-05-27 14:49:00+00:00,1.1646,1.16465,1.16441,1.16441,0
2026-05-27 14:50:00+00:00,1.16441,1.16448,1.16393,1.16401,0
2026-05-27 14:51:00+00:00,1.16404,1.16412,1.16392,1.164,0
2026-05-27 14:52:00+00:00,1.16401,1.16403,1.16377,1.16378,0
2026-05-27 14:53:00+00:00,1.16378,1.16383,1.16361,1.16367,0
2026-05-27 14:54:00+00:00,1.16368,1.16373,1.16352,1.16367,0
2026-05-27 14:55:00+00:00,1.16367,1.16367,1.16303,1.16305,0
2026-05-27 14:56:00+00:00,1.16305,1.16344,1.16301,1.1632,0
2026-05-27 14:57:00+00:00,1.1632,1.16328,1.16251,1.1626,0
2026-05-27 14:58:00+00:00,1.16258,1.16282,1.16249,1.1627,0
2026-05-27 14:59:00+00:00,1.1627,1.16271,1.16253,1.16254,0
2026-05-27 15:00:00+00:00,1.16255,1.16255,1.16223,1.16229,0
2026-05-27 15:01:00+00:00,1.1623,1.16271,1.16227,1.16271,0
2026-05-27 15:02:00+00:00,1.16271,1.16291,1.16271,1.1629,0
2026-05-27 15:03:00+00:00,1.16292,1.16327,1.16288,1.16321,0
2026-05-27 15:04:00+00:00,1.1632,1.16328,1.163,1.16308,0
2026-05-27 15:05:00+00:00,1.16309,1.16328,1.16309,1.16312,0
2026-05-27 15:06:00+00:00,1.16313,1.16328,1.16311,1.16319,0
2026-05-27 15:07:00+00:00,1.16317,1.1633,1.16312,1.16318,0
2026-05-27 15:08:00+00:00,1.16317,1.16322,1.16303,1.16312,0
2026-05-27 15:09:00+00:00,1.16313,1.16318,1.16308,1.16315,0
2026-05-27 15:10:00+00:00,1.16313,1.16313,1.16304,1.16308,0
2026-05-27 15:11:00+00:00,1.16308,1.16322,1.16301,1.16313,0
2026-05-27 15:12:00+00:00,1.16314,1.16332,1.16314,1.16332,0
2026-05-27 15:13:00+00:00,1.16332,1.16338,1.16322,1.16324,0
2026-05-27 15:14:00+00:00,1.16325,1.16336,1.16324,1.16332,0
2026-05-27 15:15:00+00:00,1.16334,1.16335,1.16326,1.16328,0
2026-05-27 15:16:00+00:00,1.16328,1.1633,1.16313,1.16318,0
2026-05-27 15:17:00+00:00,1.16318,1.16326,1.16312,1.16312,0
2026-05-27 15:18:00+00:00,1.16312,1.16326,1.16312,1.16326,0
2026-05-27 15:19:00+00:00,1.16327,1.16331,1.16321,1.16324,0
2026-05-27 15:20:00+00:00,1.16326,1.16345,1.16324,1.16333,0
2026-05-27 15:21:00+00:00,1.1633,1.16332,1.16317,1.16319,0
2026-05-27 15:22:00+00:00,1.16318,1.16322,1.16314,1.16315,0
2026-05-27 15:23:00+00:00,1.16317,1.16329,1.16315,1.16318,0
2026-05-27 15:24:00+00:00,1.16317,1.16323,1.16292,1.16321,0
2026-05-27 15:25:00+00:00,1.16318,1.16328,1.16315,1.16315,0
2026-05-27 15:26:00+00:00,1.16317,1.16325,1.16315,1.16323,0
2026-05-27 15:27:00+00:00,1.16323,1.16339,1.16323,1.16327,0
2026-05-27 15:28:00+00:00,1.16328,1.16337,1.16326,1.16334,0
2026-05-27 15:29:00+00:00,1.16336,1.16341,1.16335,1.16337,0
2026-05-27 15:30:00+00:00,1.16337,1.16341,1.16326,1.16337,0
2026-05-27 15:31:00+00:00,1.16337,1.16353,1.16333,1.16336,0
2026-05-27 15:32:00+00:00,1.16338,1.16352,1.16333,1.16345,0
2026-05-27 15:33:00+00:00,1.16344,1.16361,1.16343,1.16358,0
2026-05-27 15:34:00+00:00,1.16359,1.16362,1.16347,1.16355,0
2026-05-27 15:35:00+00:00,1.16355,1.16356,1.16341,1.16343,0
2026-05-27 15:36:00+00:00,1.16342,1.16346,1.16335,1.16344,0
2026-05-27 15:37:00+00:00,1.16345,1.16346,1.16337,1.16344,0
2026-05-27 15:38:00+00:00,1.16346,1.16349,1.16335,1.16337,0
2026-05-27 15:39:00+00:00,1.16336,1.16339,1.16323,1.16328,0
2026-05-27 15:40:00+00:00,1.16329,1.16339,1.16324,1.16331,0
2026-05-27 15:41:00+00:00,1.1633,1.16337,1.16326,1.16329,0
2026-05-27 15:42:00+00:00,1.16331,1.16335,1.16315,1.1632,0
2026-05-27 15:43:00+00:00,1.16322,1.16331,1.16314,1.16316,0
2026-05-27 15:44:00+00:00,1.16314,1.16321,1.16301,1.16308,0
2026-05-27 15:45:00+00:00,1.16308,1.16337,1.16304,1.16318,0
2026-05-27 15:46:00+00:00,1.16318,1.16323,1.16316,1.16317,0
2026-05-27 15:47:00+00:00,1.16315,1.16315,1.16282,1.16282,0
2026-05-27 15:48:00+00:00,1.16282,1.16285,1.16272,1.16275,0
2026-05-27 15:49:00+00:00,1.16275,1.16282,1.16272,1.16278,0
2026-05-27 15:50:00+00:00,1.16277,1.16289,1.16276,1.16285,0
2026-05-27 15:51:00+00:00,1.16284,1.16288,1.16276,1.1628,0
2026-05-27 15:52:00+00:00,1.16278,1.16281,1.16272,1.16274,0
2026-05-27 15:53:00+00:00,1.16274,1.16287,1.16274,1.16286,0
2026-05-27 15:54:00+00:00,1.16284,1.16284,1.16263,1.16281,0
2026-05-27 15:55:00+00:00,1.16283,1.1629,1.16273,1.1629,0
2026-05-27 15:56:00+00:00,1.1629,1.16299,1.1629,1.16298,0
2026-05-27 15:57:00+00:00,1.16296,1.16307,1.16291,1.16299,0
2026-05-27 15:58:00+00:00,1.16298,1.16301,1.16292,1.16297,0
2026-05-27 15:59:00+00:00,1.16295,1.16301,1.16289,1.16301,0
2026-05-27 16:00:00+00:00,1.16302,1.16302,1.16291,1.16291,0
2026-05-27 16:01:00+00:00,1.16292,1.16299,1.16285,1.16286,0
2026-05-27 16:02:00+00:00,1.16286,1.16295,1.16283,1.16288,0
2026-05-27 16:03:00+00:00,1.16288,1.16295,1.16244,1.16249,0
2026-05-27 16:04:00+00:00,1.16247,1.16272,1.1624,1.16266,0
2026-05-27 16:05:00+00:00,1.16268,1.16278,1.16266,1.16269,0
2026-05-27 16:06:00+00:00,1.16268,1.16271,1.16258,1.16268,0
2026-05-27 16:07:00+00:00,1.16267,1.16273,1.16257,1.16261,0
2026-05-27 16:08:00+00:00,1.1626,1.16263,1.16246,1.16261,0
2026-05-27 16:09:00+00:00,1.16263,1.1627,1.16261,1.16269,0
2026-05-27 16:10:00+00:00,1.1627,1.16281,1.1627,1.16281,0
2026-05-27 16:11:00+00:00,1.16283,1.16298,1.16281,1.16297,0
2026-05-27 16:12:00+00:00,1.16296,1.16298,1.16289,1.16298,0
2026-05-27 16:13:00+00:00,1.16297,1.16297,1.16292,1.16292,0
2026-05-27 16:14:00+00:00,1.16292,1.16298,1.16292,1.16292,0
2026-05-27 16:15:00+00:00,1.16291,1.16303,1.16291,1.16302,0
2026-05-27 16:16:00+00:00,1.16302,1.16307,1.163,1.16303,0
2026-05-27 16:17:00+00:00,1.16301,1.16307,1.16301,1.16302,0
2026-05-27 16:18:00+00:00,1.16302,1.16309,1.16302,1.16309,0
2026-05-27 16:19:00+00:00,1.16309,1.16312,1.16307,1.1631,0
2026-05-27 16:20:00+00:00,1.16309,1.1632,1.16306,1.16316,0
2026-05-27 16:21:00+00:00,1.16315,1.16316,1.1631,1.16312,0
2026-05-27 16:22:00+00:00,1.16311,1.16318,1.1631,1.16312,0
2026-05-27 16:23:00+00:00,1.16311,1.16319,1.16307,1.16317,0
2026-05-27 16:24:00+00:00,1.16317,1.16317,1.16291,1.16291,0
2026-05-27 16:25:00+00:00,1.16291,1.16296,1.1629,1.16293,0
2026-05-27 16:26:00+00:00,1.16292,1.16298,1.16289,1.16294,0
2026-05-27 16:27:00+00:00,1.16293,1.16302,1.1629,1.163,0
2026-05-27 16:28:00+00:00,1.16299,1.16299,1.1629,1.1629,0
2026-05-27 16:29:00+00:00,1.16293,1.16294,1.16281,1.16285,0
2026-05-27 16:30:00+00:00,1.16287,1.16288,1.16276,1.16276,0
2026-05-27 16:31:00+00:00,1.16274,1.16284,1.16274,1.16283,0
2026-05-27 16:32:00+00:00,1.16284,1.16296,1.16281,1.16287,0
2026-05-27 16:33:00+00:00,1.16284,1.16289,1.16284,1.16284,0
2026-05-27 16:34:00+00:00,1.16283,1.16293,1.16283,1.16293,0
2026-05-27 16:35:00+00:00,1.16294,1.16298,1.16294,1.16296,0
2026-05-27 16:36:00+00:00,1.16297,1.16304,1.16294,1.16297,0
2026-05-27 16:37:00+00:00,1.16297,1.16302,1.16294,1.16301,0
2026-05-27 16:38:00+00:00,1.16302,1.16306,1.16298,1.16305,0
2026-05-27 16:39:00+00:00,1.16307,1.1631,1.16307,1.16307,0
2026-05-27 16:40:00+00:00,1.16308,1.16318,1.16308,1.16318,0
2026-05-27 16:41:00+00:00,1.16318,1.16326,1.16312,1.16313,0
2026-05-27 16:42:00+00:00,1.16313,1.16317,1.16307,1.16312,0
2026-05-27 16:43:00+00:00,1.16313,1.1632,1.16312,1.16317,0
2026-05-27 16:44:00+00:00,1.16315,1.16315,1.16311,1.16311,0
2026-05-27 16:45:00+00:00,1.16311,1.16317,1.16311,1.16312,0
2026-05-27 16:46:00+00:00,1.16314,1.16318,1.16307,1.16316,0
2026-05-27 16:47:00+00:00,1.16316,1.16322,1.16315,1.16322,0
2026-05-27 16:48:00+00:00,1.16326,1.16328,1.16319,1.1632,0
2026-05-27 16:49:00+00:00,1.1632,1.16322,1.16319,1.1632,0
2026-05-27 16:50:00+00:00,1.16322,1.16323,1.16311,1.16317,0
2026-05-27 16:51:00+00:00,1.16317,1.16322,1.16317,1.16321,0
2026-05-27 16:52:00+00:00,1.1632,1.16324,1.16319,1.16322,0
2026-05-27 16:53:00+00:00,1.16321,1.16322,1.16318,1.16321,0
2026-05-27 16:54:00+00:00,1.16322,1.16322,1.16315,1.16315,0
2026-05-27 16:55:00+00:00,1.16314,1.16314,1.16303,1.16308,0
2026-05-27 16:56:00+00:00,1.16308,1.16318,1.16308,1.16313,0
2026-05-27 16:57:00+00:00,1.16313,1.16318,1.16313,1.16316,0
2026-05-27 16:58:00+00:00,1.16315,1.16325,1.16314,1.16318,0
2026-05-27 16:59:00+00:00,1.16319,1.16324,1.16319,1.16321,0
2026-05-27 17:00:00+00:00,1.16323,1.16327,1.1632,1.16325,0
2026-05-27 17:01:00+00:00,1.16326,1.16328,1.16313,1.16318,0
2026-05-27 17:02:00+00:00,1.16317,1.16322,1.16309,1.16321,0
2026-05-27 17:03:00+00:00,1.16323,1.16326,1.16299,1.16305,0
2026-05-27 17:04:00+00:00,1.16305,1.16308,1.16302,1.16306,0
2026-05-27 17:05:00+00:00,1.16306,1.16315,1.16305,1.16312,0
2026-05-27 17:06:00+00:00,1.16313,1.16313,1.16296,1.16296,0
2026-05-27 17:07:00+00:00,1.16297,1.16297,1.16257,1.16257,0
2026-05-27 17:08:00+00:00,1.16257,1.16257,1.16229,1.16231,0
2026-05-27 17:09:00+00:00,1.16229,1.16253,1.16229,1.16242,0
2026-05-27 17:10:00+00:00,1.16242,1.1625,1.16239,1.16247,0
2026-05-27 17:11:00+00:00,1.16247,1.16251,1.16241,1.16241,0
2026-05-27 17:12:00+00:00,1.16242,1.16242,1.16234,1.1624,0
2026-05-27 17:13:00+00:00,1.16238,1.16238,1.1623,1.16236,0
2026-05-27 17:14:00+00:00,1.16237,1.16242,1.1623,1.16232,0
2026-05-27 17:15:00+00:00,1.16234,1.16248,1.16228,1.16246,0
2026-05-27 17:16:00+00:00,1.16247,1.16254,1.16246,1.16248,0
2026-05-27 17:17:00+00:00,1.16249,1.16256,1.16248,1.16251,0
2026-05-27 17:18:00+00:00,1.16251,1.16255,1.16234,1.16243,0
2026-05-27 17:19:00+00:00,1.16244,1.16244,1.16231,1.16233,0
2026-05-27 17:20:00+00:00,1.16235,1.16238,1.16231,1.16235,0
2026-05-27 17:21:00+00:00,1.16234,1.16234,1.16221,1.16222,0
2026-05-27 17:22:00+00:00,1.16223,1.16233,1.16223,1.1623,0
2026-05-27 17:23:00+00:00,1.16229,1.1624,1.16227,1.16236,0
2026-05-27 17:24:00+00:00,1.16237,1.16238,1.16231,1.16237,0
2026-05-27 17:25:00+00:00,1.16237,1.16243,1.16231,1.16235,0
2026-05-27 17:26:00+00:00,1.16236,1.16241,1.16236,1.16241,0
2026-05-27 17:27:00+00:00,1.16241,1.16244,1.16236,1.16236,0
2026-05-27 17:28:00+00:00,1.16237,1.16239,1.16234,1.16238,0
2026-05-27 17:29:00+00:00,1.16238,1.16246,1.16235,1.16235,0
2026-05-27 17:30:00+00:00,1.16233,1.16233,1.16227,1.1623,0
2026-05-27 17:31:00+00:00,1.1623,1.16239,1.1623,1.16231,0
2026-05-27 17:32:00+00:00,1.16233,1.16235,1.16231,1.16233,0
2026-05-27 17:33:00+00:00,1.16236,1.16239,1.16222,1.16224,0
2026-05-27 17:34:00+00:00,1.16225,1.16228,1.16222,1.16226,0
2026-05-27 17:35:00+00:00,1.16225,1.16235,1.16223,1.16235,0
2026-05-27 17:36:00+00:00,1.16235,1.16239,1.16231,1.16239,0
2026-05-27 17:37:00+00:00,1.16238,1.16241,1.16231,1.16232,0
2026-05-27 17:38:00+00:00,1.16231,1.16247,1.16231,1.16245,0
2026-05-27 17:39:00+00:00,1.16245,1.16246,1.1624,1.1624,0
2026-05-27 17:40:00+00:00,1.16238,1.1624,1.16232,1.16236,0
2026-05-27 17:41:00+00:00,1.16237,1.16258,1.16237,1.16258,0
2026-05-27 17:42:00+00:00,1.16256,1.16258,1.16253,1.16258,0
2026-05-27 17:43:00+00:00,1.16257,1.1626,1.16255,1.16255,0
2026-05-27 17:44:00+00:00,1.16256,1.16256,1.16251,1.16253,0
2026-05-27 17:45:00+00:00,1.16253,1.16262,1.16253,1.16257,0
2026-05-27 17:46:00+00:00,1.16258,1.1626,1.16256,1.16258,0
2026-05-27 17:47:00+00:00,1.16256,1.16258,1.16253,1.16253,0
2026-05-27 17:48:00+00:00,1.16254,1.16258,1.16254,1.16256,0
2026-05-27 17:49:00+00:00,1.16257,1.16262,1.16257,1.16262,0
2026-05-27 17:50:00+00:00,1.16263,1.16271,1.16261,1.1627,0
2026-05-27 17:51:00+00:00,1.1627,1.16278,1.16263,1.16277,0
2026-05-27 17:52:00+00:00,1.16279,1.16282,1.16274,1.16278,0
2026-05-27 17:53:00+00:00,1.16276,1.16276,1.16264,1.16271,0
2026-05-27 17:54:00+00:00,1.16272,1.16274,1.16266,1.16267,0
2026-05-27 17:55:00+00:00,1.16269,1.16277,1.16266,1.16277,0
2026-05-27 17:56:00+00:00,1.16277,1.16286,1.16275,1.16276,0
2026-05-27 17:57:00+00:00,1.16276,1.16278,1.16275,1.16277,0
2026-05-27 17:58:00+00:00,1.16277,1.1628,1.16276,1.16277,0
2026-05-27 17:59:00+00:00,1.16277,1.16277,1.16268,1.16272,0
2026-05-27 18:00:00+00:00,1.16272,1.16274,1.16264,1.16267,0
2026-05-27 18:01:00+00:00,1.16267,1.16269,1.16263,1.16264,0
2026-05-27 18:02:00+00:00,1.16264,1.16265,1.16247,1.16248,0
2026-05-27 18:03:00+00:00,1.16248,1.16248,1.16242,1.16248,0
2026-05-27 18:04:00+00:00,1.16246,1.16248,1.16242,1.16244,0
2026-05-27 18:05:00+00:00,1.16245,1.16247,1.16242,1.16245,0
2026-05-27 18:06:00+00:00,1.16244,1.16248,1.16238,1.16248,0
2026-05-27 18:07:00+00:00,1.16246,1.16246,1.16244,1.16244,0
2026-05-27 18:08:00+00:00,1.16246,1.16247,1.16242,1.16246,0
2026-05-27 18:09:00+00:00,1.16245,1.16246,1.16242,1.16244,0
2026-05-27 18:10:00+00:00,1.16242,1.16243,1.1624,1.16241,0
2026-05-27 18:11:00+00:00,1.1624,1.16244,1.16234,1.16236,0
2026-05-27 18:12:00+00:00,1.16237,1.16237,1.16229,1.16235,0
2026-05-27 18:13:00+00:00,1.16235,1.1624,1.16235,1.16237,0
2026-05-27 18:14:00+00:00,1.16236,1.16241,1.16236,1.16241,0
2026-05-27 18:15:00+00:00,1.16241,1.16244,1.16238,1.16244,0
2026-05-27 18:16:00+00:00,1.16242,1.16242,1.16231,1.16231,0
2026-05-27 18:17:00+00:00,1.1623,1.16237,1.16228,1.1623,0
2026-05-27 18:18:00+00:00,1.16231,1.16233,1.16225,1.16232,0
2026-05-27 18:19:00+00:00,1.16231,1.16234,1.16227,1.16228,0
2026-05-27 18:20:00+00:00,1.16228,1.16232,1.16227,1.16228,0
2026-05-27 18:21:00+00:00,1.16229,1.16231,1.16226,1.16229,0
2026-05-27 18:22:00+00:00,1.1623,1.16235,1.16227,1.1623,0
2026-05-27 18:23:00+00:00,1.16229,1.1624,1.16228,1.16239,0
2026-05-27 18:24:00+00:00,1.1624,1.16244,1.16228,1.16228,0
2026-05-27 18:25:00+00:00,1.16229,1.1624,1.16227,1.16237,0
2026-05-27 18:26:00+00:00,1.16239,1.16241,1.16236,1.16236,0
2026-05-27 18:27:00+00:00,1.16237,1.16247,1.16236,1.16243,0
2026-05-27 18:28:00+00:00,1.16242,1.16244,1.16238,1.16241,0
2026-05-27 18:29:00+00:00,1.16241,1.16246,1.16241,1.16244,0
2026-05-27 18:30:00+00:00,1.16246,1.16262,1.16246,1.16257,0
2026-05-27 18:31:00+00:00,1.16258,1.16258,1.1625,1.16252,0
2026-05-27 18:32:00+00:00,1.16251,1.16255,1.16249,1.16253,0
2026-05-27 18:33:00+00:00,1.16252,1.16256,1.16245,1.16245,0
2026-05-27 18:34:00+00:00,1.16246,1.16246,1.16237,1.1624,0
2026-05-27 18:35:00+00:00,1.16242,1.16247,1.1624,1.16242,0
2026-05-27 18:36:00+00:00,1.16241,1.16256,1.16241,1.1625,0
2026-05-27 18:37:00+00:00,1.16249,1.16252,1.16245,1.16247,0
2026-05-27 18:38:00+00:00,1.16246,1.16253,1.16246,1.16252,0
2026-05-27 18:39:00+00:00,1.16254,1.1626,1.1625,1.1626,0
2026-05-27 18:40:00+00:00,1.1626,1.16262,1.16257,1.16261,0
2026-05-27 18:41:00+00:00,1.16262,1.16267,1.16261,1.16266,0
2026-05-27 18:42:00+00:00,1.16267,1.16271,1.16261,1.16269,0
2026-05-27 18:43:00+00:00,1.16268,1.16279,1.16268,1.16277,0
2026-05-27 18:44:00+00:00,1.16278,1.16281,1.16276,1.16278,0
2026-05-27 18:45:00+00:00,1.16276,1.16277,1.16266,1.16267,0
2026-05-27 18:46:00+00:00,1.16266,1.16271,1.16266,1.1627,0
2026-05-27 18:47:00+00:00,1.16271,1.16275,1.16267,1.16269,0
2026-05-27 18:48:00+00:00,1.1627,1.16276,1.16267,1.16276,0
2026-05-27 18:49:00+00:00,1.16275,1.16282,1.16275,1.16281,0
2026-05-27 18:50:00+00:00,1.16281,1.16291,1.16279,1.1628,0
2026-05-27 18:51:00+00:00,1.1628,1.16282,1.16276,1.16278,0
2026-05-27 18:52:00+00:00,1.16278,1.1628,1.16272,1.1628,0
2026-05-27 18:53:00+00:00,1.16279,1.16281,1.16277,1.16281,0
2026-05-27 18:54:00+00:00,1.16281,1.16289,1.16281,1.16288,0
2026-05-27 18:55:00+00:00,1.16289,1.16301,1.16287,1.163,0
2026-05-27 18:56:00+00:00,1.163,1.16301,1.16297,1.16298,0
2026-05-27 18:57:00+00:00,1.16297,1.16302,1.16296,1.16296,0
2026-05-27 18:58:00+00:00,1.16297,1.163,1.1629,1.16293,0
2026-05-27 18:59:00+00:00,1.16294,1.16299,1.16292,1.16293,0
2026-05-27 19:00:00+00:00,1.16293,1.16297,1.16289,1.16289,0
2026-05-27 19:01:00+00:00,1.16289,1.16293,1.16283,1.16283,0
2026-05-27 19:02:00+00:00,1.16283,1.16296,1.16282,1.16296,0
2026-05-27 19:03:00+00:00,1.16294,1.16298,1.16291,1.16297,0
2026-05-27 19:04:00+00:00,1.16296,1.16304,1.16296,1.16302,0
2026-05-27 19:05:00+00:00,1.16303,1.16306,1.16303,1.16303,0
2026-05-27 19:06:00+00:00,1.16304,1.16314,1.16304,1.16314,0
2026-05-27 19:07:00+00:00,1.16313,1.16313,1.16307,1.16309,0
2026-05-27 19:08:00+00:00,1.1631,1.16311,1.16307,1.16307,0
2026-05-27 19:09:00+00:00,1.16307,1.16307,1.16303,1.16305,0
2026-05-27 19:10:00+00:00,1.16306,1.16307,1.163,1.16301,0
2026-05-27 19:11:00+00:00,1.163,1.163,1.16297,1.16297,0
2026-05-27 19:12:00+00:00,1.16297,1.16298,1.16291,1.16297,0
2026-05-27 19:13:00+00:00,1.16296,1.16296,1.16287,1.16292,0
2026-05-27 19:14:00+00:00,1.16292,1.16303,1.16292,1.16301,0
2026-05-27 19:15:00+00:00,1.16303,1.16306,1.16303,1.16304,0
2026-05-27 19:16:00+00:00,1.16303,1.16303,1.16299,1.16301,0
2026-05-27 19:17:00+00:00,1.163,1.16303,1.16299,1.16302,0
2026-05-27 19:18:00+00:00,1.163,1.16302,1.16298,1.16301,0
2026-05-27 19:19:00+00:00,1.163,1.16302,1.16295,1.16301,0
2026-05-27 19:20:00+00:00,1.16302,1.16303,1.163,1.16303,0
2026-05-27 19:21:00+00:00,1.16303,1.16309,1.16303,1.16309,0
2026-05-27 19:22:00+00:00,1.16308,1.16308,1.16302,1.16303,0
2026-05-27 19:23:00+00:00,1.16305,1.16319,1.16305,1.16318,0
2026-05-27 19:24:00+00:00,1.16317,1.16318,1.16312,1.16312,0
2026-05-27 19:25:00+00:00,1.16312,1.16312,1.16307,1.16308,0
2026-05-27 19:26:00+00:00,1.16307,1.16312,1.16307,1.16312,0
2026-05-27 19:27:00+00:00,1.16313,1.16314,1.16305,1.16311,0
2026-05-27 19:28:00+00:00,1.16312,1.16312,1.16307,1.16307,0
2026-05-27 19:29:00+00:00,1.16307,1.16311,1.16304,1.16308,0
2026-05-27 19:30:00+00:00,1.16309,1.16312,1.16303,1.16303,0
2026-05-27 19:31:00+00:00,1.16303,1.16303,1.16302,1.16303,0
2026-05-27 19:32:00+00:00,1.16303,1.16311,1.16291,1.16299,0
2026-05-27 19:33:00+00:00,1.163,1.1631,1.163,1.16309,0
2026-05-27 19:34:00+00:00,1.16309,1.16312,1.16306,1.16306,0
2026-05-27 19:35:00+00:00,1.16307,1.16315,1.16307,1.16313,0
2026-05-27 19:36:00+00:00,1.16314,1.16316,1.16311,1.16313,0
2026-05-27 19:37:00+00:00,1.16311,1.16313,1.16308,1.1631,0
2026-05-27 19:38:00+00:00,1.1631,1.1631,1.16303,1.16306,0
2026-05-27 19:39:00+00:00,1.16307,1.16312,1.16307,1.16312,0
2026-05-27 19:40:00+00:00,1.16314,1.16314,1.16291,1.16292,0
2026-05-27 19:41:00+00:00,1.16293,1.16294,1.1629,1.16291,0
2026-05-27 19:42:00+00:00,1.16291,1.16293,1.16288,1.1629,0
2026-05-27 19:43:00+00:00,1.16292,1.16299,1.16292,1.16293,0
2026-05-27 19:44:00+00:00,1.16293,1.16294,1.16289,1.1629,0
2026-05-27 19:45:00+00:00,1.16288,1.16288,1.16283,1.16287,0
2026-05-27 19:46:00+00:00,1.16286,1.16289,1.16286,1.16288,0
2026-05-27 19:47:00+00:00,1.16289,1.16296,1.16288,1.16296,0
2026-05-27 19:48:00+00:00,1.16296,1.16298,1.16289,1.16289,0
2026-05-27 19:49:00+00:00,1.16291,1.16292,1.16286,1.16289,0
2026-05-27 19:50:00+00:00,1.16286,1.16288,1.16283,1.16283,0
2026-05-27 19:51:00+00:00,1.16284,1.16284,1.16283,1.16283,0
2026-05-27 19:52:00+00:00,1.16282,1.16283,1.16276,1.16278,0
2026-05-27 19:53:00+00:00,1.16278,1.16278,1.16272,1.16272,0
2026-05-27 19:54:00+00:00,1.16272,1.16273,1.16271,1.16272,0
2026-05-27 19:55:00+00:00,1.16272,1.16275,1.16266,1.16274,0
2026-05-27 19:56:00+00:00,1.16275,1.16283,1.16275,1.16281,0
2026-05-27 19:57:00+00:00,1.1628,1.16282,1.16277,1.16277,0
2026-05-27 19:58:00+00:00,1.16278,1.16279,1.16273,1.16278,0
2026-05-27 19:59:00+00:00,1.16277,1.16286,1.16274,1.16286,0
2026-05-27 20:00:00+00:00,1.16286,1.1629,1.16282,1.16287,0
2026-05-27 20:01:00+00:00,1.16287,1.16292,1.16286,1.16288,0
2026-05-27 20:02:00+00:00,1.16288,1.16296,1.16287,1.16294,0
2026-05-27 20:03:00+00:00,1.16294,1.16299,1.16294,1.16298,0
2026-05-27 20:04:00+00:00,1.16297,1.16306,1.16297,1.16303,0
2026-05-27 20:05:00+00:00,1.16302,1.16303,1.16294,1.16294,0
2026-05-27 20:06:00+00:00,1.16293,1.16295,1.1629,1.16295,0
2026-05-27 20:07:00+00:00,1.16294,1.16294,1.1629,1.1629,0
2026-05-27 20:08:00+00:00,1.16291,1.16291,1.16291,1.16291,0
2026-05-27 20:09:00+00:00,1.1629,1.16294,1.1629,1.16292,0
2026-05-27 20:10:00+00:00,1.16293,1.16293,1.16292,1.16292,0
2026-05-27 20:11:00+00:00,1.1629,1.1629,1.1628,1.16283,0
2026-05-27 20:12:00+00:00,1.16283,1.16283,1.16282,1.16282,0
2026-05-27 20:13:00+00:00,1.16282,1.16285,1.16281,1.16284,0
2026-05-27 20:14:00+00:00,1.16286,1.16288,1.16285,1.16285,0
2026-05-27 20:15:00+00:00,1.16285,1.16288,1.16284,1.16284,0
2026-05-27 20:16:00+00:00,1.16285,1.16287,1.16283,1.16287,0
2026-05-27 20:17:00+00:00,1.16287,1.1629,1.16283,1.1629,0
2026-05-27 20:18:00+00:00,1.16291,1.16292,1.16291,1.16292,0
2026-05-27 20:19:00+00:00,1.1629,1.16291,1.16288,1.16288,0
2026-05-27 20:20:00+00:00,1.16287,1.16287,1.16283,1.16283,0
2026-05-27 20:21:00+00:00,1.16286,1.16287,1.16283,1.16283,0
2026-05-27 20:22:00+00:00,1.16284,1.16284,1.16281,1.16282,0
2026-05-27 20:23:00+00:00,1.16281,1.16287,1.1628,1.16287,0
2026-05-27 20:24:00+00:00,1.16286,1.16288,1.16286,1.16288,0
2026-05-27 20:25:00+00:00,1.16287,1.16287,1.16285,1.16287,0
2026-05-27 20:26:00+00:00,1.16288,1.16288,1.16286,1.16288,0
2026-05-27 20:27:00+00:00,1.16287,1.16287,1.16285,1.16286,0
2026-05-27 20:28:00+00:00,1.16286,1.16286,1.16282,1.16282,0
2026-05-27 20:29:00+00:00,1.16281,1.16281,1.16277,1.16278,0
2026-05-27 20:30:00+00:00,1.16279,1.16283,1.16279,1.16283,0
2026-05-27 20:31:00+00:00,1.16285,1.16288,1.16284,1.16286,0
2026-05-27 20:32:00+00:00,1.16287,1.16287,1.16287,1.16287,0
2026-05-27 20:33:00+00:00,1.16286,1.16288,1.16285,1.16288,0
2026-05-27 20:34:00+00:00,1.16289,1.16289,1.16287,1.16288,0
2026-05-27 20:35:00+00:00,1.16287,1.16288,1.16281,1.16283,0
2026-05-27 20:36:00+00:00,1.16283,1.16284,1.16283,1.16283,0
2026-05-27 20:37:00+00:00,1.1628,1.1628,1.16274,1.16274,0
2026-05-27 20:38:00+00:00,1.16272,1.16273,1.16268,1.16268,0
2026-05-27 20:39:00+00:00,1.16268,1.16268,1.16268,1.16268,0
2026-05-27 20:40:00+00:00,1.16266,1.16267,1.16265,1.16267,0
2026-05-27 20:41:00+00:00,1.16268,1.16268,1.16267,1.16268,0
2026-05-27 20:42:00+00:00,1.16267,1.16267,1.16262,1.16262,0
2026-05-27 20:43:00+00:00,1.16263,1.16272,1.16263,1.16272,0
2026-05-27 20:44:00+00:00,1.16271,1.16276,1.16271,1.16276,0
2026-05-27 20:45:00+00:00,1.16275,1.16277,1.16273,1.16273,0
2026-05-27 20:46:00+00:00,1.16272,1.16274,1.16272,1.16273,0
2026-05-27 20:47:00+00:00,1.16273,1.16273,1.16273,1.16273,0
2026-05-27 20:48:00+00:00,1.16273,1.16273,1.16259,1.16264,0
2026-05-27 20:49:00+00:00,1.16264,1.16269,1.1626,1.16268,0
2026-05-27 20:50:00+00:00,1.16268,1.16268,1.16262,1.16266,0
2026-05-27 20:51:00+00:00,1.16266,1.16267,1.16265,1.16267,0
2026-05-27 20:52:00+00:00,1.16264,1.16264,1.16258,1.1626,0
2026-05-27 20:53:00+00:00,1.16262,1.16263,1.16256,1.16263,0
2026-05-27 20:54:00+00:00,1.16264,1.16265,1.16263,1.16263,0
2026-05-27 20:55:00+00:00,1.16263,1.16263,1.16259,1.16263,0
2026-05-27 20:56:00+00:00,1.16263,1.16263,1.16259,1.16259,0
2026-05-27 20:57:00+00:00,1.16259,1.16262,1.16254,1.16255,0
2026-05-27 20:58:00+00:00,1.16255,1.16259,1.16252,1.16255,0
2026-05-27 20:59:00+00:00,1.16256,1.16257,1.16232,1.16232,0
2026-05-27 21:00:00+00:00,1.16232,1.16232,1.16232,1.16232,0
2026-05-27 21:01:00+00:00,1.16232,1.16233,1.16232,1.16232,0
2026-05-27 21:02:00+00:00,1.16232,1.16236,1.16232,1.16236,0
2026-05-27 21:03:00+00:00,1.16232,1.16235,1.16232,1.16234,0
2026-05-27 21:04:00+00:00,1.16232,1.16232,1.16232,1.16232,0
2026-05-27 21:05:00+00:00,1.16232,1.16256,1.16232,1.16255,0
2026-05-27 21:06:00+00:00,1.16261,1.16264,1.16251,1.16263,0
2026-05-27 21:07:00+00:00,1.16264,1.16272,1.16264,1.16272,0
2026-05-27 21:08:00+00:00,1.16274,1.16281,1.16273,1.16278,0
2026-05-27 21:09:00+00:00,1.16276,1.16277,1.16276,1.16277,0
2026-05-27 21:10:00+00:00,1.16261,1.16264,1.1626,1.1626,0
2026-05-27 21:11:00+00:00,1.16264,1.16269,1.16262,1.16269,0
2026-05-27 21:12:00+00:00,1.16269,1.16269,1.16261,1.16261,0
2026-05-27 21:13:00+00:00,1.16261,1.16261,1.16261,1.16261,0
2026-05-27 21:14:00+00:00,1.16262,1.16262,1.16262,1.16262,0
2026-05-27 21:15:00+00:00,1.16269,1.16269,1.16268,1.16268,0
2026-05-27 21:16:00+00:00,1.16267,1.16267,1.16258,1.1626,0
2026-05-27 21:17:00+00:00,1.16264,1.16264,1.16263,1.16264,0
2026-05-27 21:18:00+00:00,1.1626,1.1626,1.16258,1.16258,0
2026-05-27 21:19:00+00:00,1.16258,1.16282,1.16258,1.1628,0
2026-05-27 21:20:00+00:00,1.16272,1.16281,1.16266,1.16279,0
2026-05-27 21:21:00+00:00,1.16275,1.16282,1.16269,1.16272,0
2026-05-27 21:22:00+00:00,1.16282,1.16282,1.1627,1.16274,0
2026-05-27 21:23:00+00:00,1.16272,1.16275,1.16267,1.16273,0
2026-05-27 21:24:00+00:00,1.16273,1.16276,1.16269,1.16271,0
2026-05-27 21:25:00+00:00,1.16269,1.16271,1.16265,1.16269,0
2026-05-27 21:26:00+00:00,1.16267,1.1627,1.16267,1.16269,0
2026-05-27 21:27:00+00:00,1.16264,1.16264,1.1626,1.1626,0
2026-05-27 21:28:00+00:00,1.1626,1.16269,1.1626,1.16269,0
2026-05-27 21:29:00+00:00,1.16269,1.1627,1.16269,1.1627,0
2026-05-27 21:30:00+00:00,1.16271,1.16281,1.16271,1.16278,0
2026-05-27 21:31:00+00:00,1.16273,1.16282,1.16272,1.16274,0
2026-05-27 21:32:00+00:00,1.16278,1.16278,1.16275,1.16277,0
2026-05-27 21:33:00+00:00,1.16278,1.16289,1.1627,1.16278,0
2026-05-27 21:34:00+00:00,1.16284,1.16291,1.16275,1.16275,0
2026-05-27 21:35:00+00:00,1.16273,1.16285,1.16271,1.16283,0
2026-05-27 21:36:00+00:00,1.16283,1.16286,1.16273,1.16286,0
2026-05-27 21:37:00+00:00,1.16286,1.16288,1.16284,1.16285,0
2026-05-27 21:38:00+00:00,1.16285,1.16286,1.16279,1.16281,0
2026-05-27 21:39:00+00:00,1.1628,1.16288,1.1628,1.16283,0
2026-05-27 21:40:00+00:00,1.16283,1.16285,1.1628,1.16281,0
2026-05-27 21:41:00+00:00,1.16282,1.16283,1.1628,1.16282,0
2026-05-27 21:42:00+00:00,1.16283,1.16284,1.1628,1.16282,0
2026-05-27 21:43:00+00:00,1.16283,1.16286,1.16281,1.16281,0
2026-05-27 21:44:00+00:00,1.16283,1.16286,1.1628,1.16284,0
2026-05-27 21:45:00+00:00,1.16285,1.16287,1.16279,1.16282,0
2026-05-27 21:46:00+00:00,1.16282,1.16286,1.1628,1.16281,0
2026-05-27 21:47:00+00:00,1.16281,1.16288,1.1628,1.1628,0
2026-05-27 21:48:00+00:00,1.16283,1.16299,1.16279,1.16292,0
2026-05-27 21:49:00+00:00,1.16288,1.16294,1.16276,1.16283,0
2026-05-27 21:50:00+00:00,1.16283,1.16287,1.16275,1.16278,0
2026-05-27 21:51:00+00:00,1.16279,1.16281,1.16268,1.16268,0
2026-05-27 21:52:00+00:00,1.16276,1.16281,1.16268,1.16268,0
2026-05-27 21:53:00+00:00,1.16269,1.16276,1.16268,1.16271,0
2026-05-27 21:54:00+00:00,1.16271,1.16276,1.1624,1.16244,0
2026-05-27 21:55:00+00:00,1.16244,1.16256,1.16242,1.16242,0
2026-05-27 21:56:00+00:00,1.16238,1.1624,1.16238,1.16239,0
2026-05-27 21:57:00+00:00,1.16238,1.16256,1.16237,1.16255,0
2026-05-27 21:58:00+00:00,1.16256,1.1627,1.16256,1.16262,0
2026-05-27 21:59:00+00:00,1.16262,1.16281,1.16262,1.1628,0
2026-05-27 22:00:00+00:00,1.1628,1.16287,1.16261,1.16283,0
2026-05-27 22:01:00+00:00,1.16282,1.16286,1.16275,1.16285,0
2026-05-27 22:02:00+00:00,1.16286,1.16286,1.1628,1.1628,0
2026-05-27 22:03:00+00:00,1.16278,1.16278,1.16274,1.16276,0
2026-05-27 22:04:00+00:00,1.16276,1.16276,1.16276,1.16276,0
2026-05-27 22:05:00+00:00,1.16278,1.16283,1.16275,1.16283,0
2026-05-27 22:06:00+00:00,1.16282,1.16285,1.1628,1.16283,0
2026-05-27 22:07:00+00:00,1.16284,1.16284,1.16283,1.16283,0
2026-05-27 22:08:00+00:00,1.16281,1.16283,1.16281,1.16283,0
2026-05-27 22:09:00+00:00,1.16285,1.16288,1.16283,1.16284,0
2026-05-27 22:10:00+00:00,1.16282,1.16288,1.16282,1.16288,0
2026-05-27 22:11:00+00:00,1.16289,1.16289,1.16289,1.16289,0
2026-05-27 22:12:00+00:00,1.1629,1.16298,1.16289,1.16297,0
2026-05-27 22:13:00+00:00,1.16298,1.16298,1.16293,1.16296,0
2026-05-27 22:14:00+00:00,1.16295,1.16296,1.16295,1.16296,0
2026-05-27 22:15:00+00:00,1.16298,1.163,1.16296,1.16299,0
2026-05-27 22:16:00+00:00,1.16298,1.16302,1.16296,1.16302,0
2026-05-27 22:17:00+00:00,1.163,1.16301,1.16289,1.16289,0
2026-05-27 22:18:00+00:00,1.16291,1.16294,1.16291,1.16292,0
2026-05-27 22:19:00+00:00,1.16291,1.16291,1.16288,1.16288,0
2026-05-27 22:20:00+00:00,1.16289,1.163,1.16289,1.16293,0
2026-05-27 22:21:00+00:00,1.16292,1.16292,1.1629,1.16291,0
2026-05-27 22:22:00+00:00,1.16291,1.16291,1.16291,1.16291,0
2026-05-27 22:23:00+00:00,1.16294,1.16295,1.16293,1.16293,0
2026-05-27 22:24:00+00:00,1.16294,1.16298,1.16294,1.16298,0
2026-05-27 22:25:00+00:00,1.16297,1.16297,1.16291,1.16294,0
2026-05-27 22:26:00+00:00,1.16293,1.16294,1.16291,1.16291,0
2026-05-27 22:27:00+00:00,1.16293,1.16294,1.16292,1.16292,0
2026-05-27 22:28:00+00:00,1.16291,1.16291,1.16282,1.16282,0
2026-05-27 22:29:00+00:00,1.16281,1.16281,1.16276,1.16279,0
2026-05-27 22:30:00+00:00,1.16278,1.16278,1.16269,1.16271,0
2026-05-27 22:31:00+00:00,1.16273,1.16275,1.16271,1.16273,0
2026-05-27 22:32:00+00:00,1.16273,1.16278,1.16273,1.16275,0
2026-05-27 22:33:00+00:00,1.16275,1.1628,1.16273,1.16279,0
2026-05-27 22:34:00+00:00,1.1628,1.1628,1.16279,1.16279,0
2026-05-27 22:35:00+00:00,1.16283,1.16286,1.16283,1.16284,0
2026-05-27 22:36:00+00:00,1.16283,1.16283,1.16281,1.16283,0
2026-05-27 22:37:00+00:00,1.16282,1.16285,1.16281,1.16283,0
2026-05-27 22:38:00+00:00,1.16284,1.16287,1.16283,1.16286,0
2026-05-27 22:39:00+00:00,1.16287,1.1629,1.16286,1.1629,0
2026-05-27 22:40:00+00:00,1.16288,1.16293,1.16288,1.16291,0
2026-05-27 22:41:00+00:00,1.1629,1.1629,1.16284,1.16284,0
2026-05-27 22:42:00+00:00,1.16285,1.16285,1.16278,1.16279,0
2026-05-27 22:43:00+00:00,1.16276,1.1628,1.16276,1.1628,0
2026-05-27 22:44:00+00:00,1.16277,1.16277,1.16268,1.1627,0
2026-05-27 22:45:00+00:00,1.1627,1.1627,1.16263,1.16264,0
2026-05-27 22:46:00+00:00,1.16263,1.16266,1.1626,1.16261,0
2026-05-27 22:47:00+00:00,1.16261,1.16263,1.16261,1.16262,0
2026-05-27 22:48:00+00:00,1.16261,1.16261,1.16261,1.16261,0
2026-05-27 22:49:00+00:00,1.16261,1.16261,1.16261,1.16261,0
2026-05-27 22:50:00+00:00,1.16262,1.16263,1.16258,1.16259,0
2026-05-27 22:51:00+00:00,1.16258,1.16262,1.16258,1.1626,0
2026-05-27 22:52:00+00:00,1.16259,1.1626,1.16258,1.16258,0
2026-05-27 22:53:00+00:00,1.16262,1.16262,1.16258,1.16261,0
2026-05-27 22:54:00+00:00,1.16261,1.16262,1.16261,1.16261,0
2026-05-27 22:55:00+00:00,1.16262,1.16264,1.16258,1.16258,0
2026-05-27 22:56:00+00:00,1.16259,1.16259,1.16257,1.16259,0
2026-05-27 22:57:00+00:00,1.16259,1.1626,1.16258,1.16258,0
2026-05-27 22:58:00+00:00,1.16257,1.1626,1.16255,1.16258,0
2026-05-27 22:59:00+00:00,1.16257,1.16259,1.16257,1.16257,0
2026-05-27 23:00:00+00:00,1.16257,1.16258,1.16254,1.16258,0
2026-05-27 23:01:00+00:00,1.16259,1.16259,1.16257,1.16257,0
2026-05-27 23:02:00+00:00,1.16257,1.16264,1.16257,1.16261,0
2026-05-27 23:03:00+00:00,1.16264,1.16264,1.16262,1.16263,0
2026-05-27 23:04:00+00:00,1.16263,1.16269,1.16262,1.16269,0
2026-05-27 23:05:00+00:00,1.16268,1.16269,1.16268,1.16269,0
2026-05-27 23:06:00+00:00,1.16269,1.16269,1.16265,1.16269,0
2026-05-27 23:07:00+00:00,1.16268,1.16268,1.16264,1.16268,0
2026-05-27 23:08:00+00:00,1.16268,1.16269,1.16267,1.16269,0
2026-05-27 23:09:00+00:00,1.16268,1.1627,1.16268,1.16269,0
2026-05-27 23:10:00+00:00,1.16268,1.16269,1.16268,1.16268,0
2026-05-27 23:11:00+00:00,1.16271,1.16273,1.16271,1.16273,0
2026-05-27 23:12:00+00:00,1.16274,1.16274,1.16274,1.16274,0
2026-05-27 23:13:00+00:00,1.16275,1.16279,1.16274,1.16274,0
2026-05-27 23:14:00+00:00,1.16274,1.16275,1.16274,1.16274,0
2026-05-27 23:15:00+00:00,1.16274,1.16275,1.16274,1.16275,0
2026-05-27 23:16:00+00:00,1.16275,1.16281,1.1627,1.1628,0
2026-05-27 23:17:00+00:00,1.16284,1.16285,1.1628,1.16281,0
2026-05-27 23:18:00+00:00,1.16281,1.16281,1.16279,1.16279,0
2026-05-27 23:19:00+00:00,1.16279,1.1628,1.16275,1.16276,0
2026-05-27 23:20:00+00:00,1.16275,1.16275,1.1627,1.1627,0
2026-05-27 23:21:00+00:00,1.16267,1.16267,1.16223,1.1623,0
2026-05-27 23:22:00+00:00,1.16228,1.1623,1.16219,1.1622,0
2026-05-27 23:23:00+00:00,1.1622,1.1623,1.1622,1.16221,0
2026-05-27 23:24:00+00:00,1.16222,1.16232,1.16221,1.16228,0
2026-05-27 23:25:00+00:00,1.16229,1.16231,1.16225,1.16231,0
2026-05-27 23:26:00+00:00,1.16231,1.16231,1.16223,1.16223,0
2026-05-27 23:27:00+00:00,1.16221,1.16226,1.16221,1.16223,0
2026-05-27 23:28:00+00:00,1.16224,1.16226,1.16217,1.16223,0
2026-05-27 23:29:00+00:00,1.16226,1.16226,1.16215,1.16216,0
2026-05-27 23:30:00+00:00,1.16217,1.16217,1.16206,1.16207,0
2026-05-27 23:31:00+00:00,1.16209,1.16217,1.16209,1.16216,0
2026-05-27 23:32:00+00:00,1.16216,1.16217,1.16215,1.16216,0
2026-05-27 23:33:00+00:00,1.16215,1.16221,1.16213,1.1622,0
2026-05-27 23:34:00+00:00,1.1622,1.16226,1.16219,1.16223,0
2026-05-27 23:35:00+00:00,1.16222,1.16222,1.16204,1.16206,0
2026-05-27 23:36:00+00:00,1.16205,1.16209,1.16205,1.16209,0
2026-05-27 23:37:00+00:00,1.16209,1.16214,1.16209,1.16214,0
2026-05-27 23:38:00+00:00,1.16214,1.16214,1.1621,1.16211,0
2026-05-27 23:39:00+00:00,1.16213,1.1622,1.16213,1.16215,0
2026-05-27 23:40:00+00:00,1.16214,1.16215,1.1621,1.1621,0
2026-05-27 23:41:00+00:00,1.1621,1.16212,1.1621,1.16212,0
2026-05-27 23:42:00+00:00,1.16212,1.16216,1.16212,1.16214,0
2026-05-27 23:43:00+00:00,1.16216,1.16216,1.16211,1.16214,0
2026-05-27 23:44:00+00:00,1.16214,1.16222,1.16214,1.16219,0
2026-05-27 23:45:00+00:00,1.16218,1.16218,1.16213,1.16215,0
2026-05-27 23:46:00+00:00,1.16214,1.16217,1.16211,1.16211,0
2026-05-27 23:47:00+00:00,1.16212,1.16215,1.1621,1.16212,0
2026-05-27 23:48:00+00:00,1.16213,1.16217,1.16213,1.16214,0
2026-05-27 23:49:00+00:00,1.16213,1.16213,1.16211,1.16211,0
2026-05-27 23:50:00+00:00,1.16211,1.16212,1.16211,1.16212,0
2026-05-27 23:51:00+00:00,1.16211,1.16212,1.16164,1.16164,0
2026-05-27 23:52:00+00:00,1.16163,1.1617,1.16158,1.16163,0
2026-05-27 23:53:00+00:00,1.16163,1.16171,1.16163,1.16171,0
2026-05-27 23:54:00+00:00,1.16173,1.16178,1.1617,1.16178,0
2026-05-27 23:55:00+00:00,1.16177,1.16181,1.16173,1.16177,0
2026-05-27 23:56:00+00:00,1.16176,1.16186,1.16176,1.16183,0
2026-05-27 23:57:00+00:00,1.16183,1.16184,1.16175,1.16175,0
2026-05-27 23:58:00+00:00,1.16175,1.16175,1.16171,1.16171,0
2026-05-27 23:59:00+00:00,1.1617,1.16178,1.1617,1.16174,0
2026-05-28 00:00:00+00:00,1.16175,1.16179,1.16164,1.1617,0
2026-05-28 00:01:00+00:00,1.1617,1.16185,1.16168,1.16185,0
2026-05-28 00:02:00+00:00,1.16184,1.16191,1.16183,1.16188,0
2026-05-28 00:03:00+00:00,1.16188,1.16188,1.16178,1.16183,0
2026-05-28 00:04:00+00:00,1.16182,1.16189,1.1618,1.16189,0
2026-05-28 00:05:00+00:00,1.1619,1.162,1.16185,1.16191,0
2026-05-28 00:06:00+00:00,1.16191,1.16195,1.16179,1.16189,0
2026-05-28 00:07:00+00:00,1.1619,1.16202,1.16189,1.16192,0
2026-05-28 00:08:00+00:00,1.16192,1.16202,1.16192,1.162,0
2026-05-28 00:09:00+00:00,1.162,1.16207,1.162,1.16206,0
2026-05-28 00:10:00+00:00,1.16204,1.16206,1.16195,1.16195,0
2026-05-28 00:11:00+00:00,1.16196,1.16198,1.16192,1.16192,0
2026-05-28 00:12:00+00:00,1.16194,1.16204,1.16194,1.16196,0
2026-05-28 00:13:00+00:00,1.16196,1.162,1.16194,1.16199,0
2026-05-28 00:14:00+00:00,1.162,1.16207,1.162,1.162,0
2026-05-28 00:15:00+00:00,1.162,1.16209,1.16197,1.16208,0
2026-05-28 00:16:00+00:00,1.16208,1.16208,1.16199,1.16201,0
2026-05-28 00:17:00+00:00,1.16199,1.16209,1.16199,1.16207,0
2026-05-28 00:18:00+00:00,1.16208,1.16221,1.16208,1.16221,0
2026-05-28 00:19:00+00:00,1.16223,1.16225,1.16217,1.16217,0
2026-05-28 00:20:00+00:00,1.16216,1.1623,1.16216,1.16229,0
2026-05-28 00:21:00+00:00,1.16229,1.16232,1.16224,1.16232,0
2026-05-28 00:22:00+00:00,1.16231,1.16231,1.16226,1.16227,0
2026-05-28 00:23:00+00:00,1.16225,1.16231,1.16225,1.16228,0
2026-05-28 00:24:00+00:00,1.16229,1.1623,1.16212,1.16215,0
2026-05-28 00:25:00+00:00,1.16216,1.16217,1.16205,1.16214,0
2026-05-28 00:26:00+00:00,1.16215,1.16222,1.16212,1.1622,0
2026-05-28 00:27:00+00:00,1.16218,1.16225,1.16218,1.16224,0
2026-05-28 00:28:00+00:00,1.1622,1.1623,1.1622,1.16229,0
2026-05-28 00:29:00+00:00,1.1623,1.16232,1.16229,1.16231,0
2026-05-28 00:30:00+00:00,1.16233,1.16233,1.16214,1.16214,0
2026-05-28 00:31:00+00:00,1.16214,1.16215,1.162,1.16208,0
2026-05-28 00:32:00+00:00,1.16208,1.16216,1.16208,1.16213,0
2026-05-28 00:33:00+00:00,1.16212,1.16217,1.16209,1.16209,0
2026-05-28 00:34:00+00:00,1.16209,1.16211,1.16205,1.16206,0
2026-05-28 00:35:00+00:00,1.16205,1.16214,1.16205,1.16207,0
2026-05-28 00:36:00+00:00,1.16207,1.16209,1.16194,1.16194,0
2026-05-28 00:37:00+00:00,1.16195,1.16202,1.16194,1.16201,0
2026-05-28 00:38:00+00:00,1.162,1.16201,1.16195,1.16201,0
2026-05-28 00:39:00+00:00,1.16201,1.16201,1.16198,1.16199,0
2026-05-28 00:40:00+00:00,1.162,1.16206,1.162,1.16203,0
2026-05-28 00:41:00+00:00,1.16202,1.16205,1.16202,1.16205,0
2026-05-28 00:42:00+00:00,1.16204,1.16212,1.16204,1.1621,0
2026-05-28 00:43:00+00:00,1.1621,1.16216,1.16207,1.1621,0
2026-05-28 00:44:00+00:00,1.16209,1.16211,1.16195,1.16197,0
2026-05-28 00:45:00+00:00,1.16198,1.16204,1.16193,1.16193,0
2026-05-28 00:46:00+00:00,1.16194,1.16202,1.16192,1.16201,0
2026-05-28 00:47:00+00:00,1.16201,1.16205,1.162,1.16202,0
2026-05-28 00:48:00+00:00,1.16204,1.16206,1.162,1.16202,0
2026-05-28 00:49:00+00:00,1.16202,1.16202,1.16193,1.16193,0
2026-05-28 00:50:00+00:00,1.16195,1.16196,1.16182,1.16185,0
2026-05-28 00:51:00+00:00,1.16186,1.16192,1.16183,1.1619,0
2026-05-28 00:52:00+00:00,1.1619,1.16195,1.1619,1.16195,0
2026-05-28 00:53:00+00:00,1.16194,1.16195,1.1619,1.16191,0
2026-05-28 00:54:00+00:00,1.16192,1.16192,1.16174,1.16176,0
2026-05-28 00:55:00+00:00,1.16175,1.16183,1.16167,1.16175,0
2026-05-28 00:56:00+00:00,1.16174,1.16177,1.16169,1.16171,0
2026-05-28 00:57:00+00:00,1.1617,1.16186,1.16169,1.16186,0
2026-05-28 00:58:00+00:00,1.16184,1.16207,1.16183,1.16207,0
2026-05-28 00:59:00+00:00,1.16207,1.16213,1.16205,1.16209,0
2026-05-28 01:00:00+00:00,1.16205,1.16211,1.16195,1.16195,0
2026-05-28 01:01:00+00:00,1.16197,1.16198,1.1619,1.16195,0
2026-05-28 01:02:00+00:00,1.16195,1.16197,1.16184,1.16185,0
2026-05-28 01:03:00+00:00,1.16184,1.16189,1.16181,1.16184,0
2026-05-28 01:04:00+00:00,1.16185,1.16191,1.16183,1.16184,0
2026-05-28 01:05:00+00:00,1.16181,1.16183,1.16177,1.16179,0
2026-05-28 01:06:00+00:00,1.16177,1.16189,1.16177,1.16185,0
2026-05-28 01:07:00+00:00,1.16188,1.16193,1.16185,1.16188,0
2026-05-28 01:08:00+00:00,1.16189,1.16195,1.16189,1.1619,0
2026-05-28 01:09:00+00:00,1.1619,1.16192,1.16186,1.16189,0
2026-05-28 01:10:00+00:00,1.1619,1.162,1.1619,1.16197,0
2026-05-28 01:11:00+00:00,1.16197,1.16204,1.16194,1.16203,0
2026-05-28 01:12:00+00:00,1.16201,1.16202,1.16196,1.16196,0
2026-05-28 01:13:00+00:00,1.16197,1.162,1.1619,1.16199,0
2026-05-28 01:14:00+00:00,1.16198,1.16199,1.16193,1.16193,0
2026-05-28 01:15:00+00:00,1.16193,1.16202,1.16192,1.16199,0
2026-05-28 01:16:00+00:00,1.16201,1.16201,1.16199,1.162,0
2026-05-28 01:17:00+00:00,1.16201,1.16202,1.16196,1.16196,0
2026-05-28 01:18:00+00:00,1.16196,1.162,1.16195,1.16196,0
2026-05-28 01:19:00+00:00,1.16198,1.16202,1.16194,1.16201,0
2026-05-28 01:20:00+00:00,1.16201,1.16202,1.16188,1.1619,0
2026-05-28 01:21:00+00:00,1.1619,1.16195,1.16186,1.16191,0
2026-05-28 01:22:00+00:00,1.1619,1.16191,1.16187,1.16189,0
2026-05-28 01:23:00+00:00,1.1619,1.16196,1.16188,1.16195,0
2026-05-28 01:24:00+00:00,1.16195,1.16201,1.16195,1.16198,0
2026-05-28 01:25:00+00:00,1.16198,1.16198,1.16189,1.1619,0
2026-05-28 01:26:00+00:00,1.1619,1.16194,1.16183,1.16183,0
2026-05-28 01:27:00+00:00,1.16183,1.16189,1.16183,1.16185,0
2026-05-28 01:28:00+00:00,1.16186,1.1619,1.16184,1.16186,0
2026-05-28 01:29:00+00:00,1.16185,1.16191,1.16184,1.16184,0
2026-05-28 01:30:00+00:00,1.16184,1.1619,1.16182,1.16187,0
2026-05-28 01:31:00+00:00,1.16186,1.16195,1.16185,1.16185,0
2026-05-28 01:32:00+00:00,1.16184,1.16184,1.16166,1.16166,0
2026-05-28 01:33:00+00:00,1.16168,1.16177,1.16167,1.1617,0
2026-05-28 01:34:00+00:00,1.16169,1.16175,1.16169,1.16172,0
2026-05-28 01:35:00+00:00,1.16172,1.16173,1.16167,1.16168,0
2026-05-28 01:36:00+00:00,1.16167,1.1617,1.16166,1.1617,0
2026-05-28 01:37:00+00:00,1.16169,1.16174,1.16166,1.16174,0
2026-05-28 01:38:00+00:00,1.16174,1.16174,1.16169,1.16174,0
2026-05-28 01:39:00+00:00,1.16171,1.16174,1.1617,1.16173,0
2026-05-28 01:40:00+00:00,1.16172,1.16172,1.16165,1.16165,0
2026-05-28 01:41:00+00:00,1.16168,1.16168,1.16162,1.16162,0
2026-05-28 01:42:00+00:00,1.16162,1.16164,1.1616,1.16162,0
2026-05-28 01:43:00+00:00,1.16162,1.16165,1.1616,1.1616,0
2026-05-28 01:44:00+00:00,1.16161,1.16161,1.16158,1.16161,0
2026-05-28 01:45:00+00:00,1.1616,1.1616,1.16126,1.1613,0
2026-05-28 01:46:00+00:00,1.16132,1.16141,1.16132,1.1614,0
2026-05-28 01:47:00+00:00,1.16139,1.16142,1.16135,1.16135,0
2026-05-28 01:48:00+00:00,1.16135,1.16141,1.16133,1.16138,0
2026-05-28 01:49:00+00:00,1.16138,1.16139,1.16136,1.16136,0
2026-05-28 01:50:00+00:00,1.16136,1.16136,1.16129,1.16131,0
2026-05-28 01:51:00+00:00,1.16129,1.1613,1.16124,1.16125,0
2026-05-28 01:52:00+00:00,1.16125,1.16136,1.16124,1.16134,0
2026-05-28 01:53:00+00:00,1.16135,1.16137,1.16131,1.16134,0
2026-05-28 01:54:00+00:00,1.16134,1.16135,1.16123,1.16124,0
2026-05-28 01:55:00+00:00,1.16125,1.16126,1.16109,1.16109,0
2026-05-28 01:56:00+00:00,1.16111,1.16114,1.16103,1.16104,0
2026-05-28 01:57:00+00:00,1.16102,1.16106,1.16099,1.161,0
2026-05-28 01:58:00+00:00,1.161,1.16101,1.16094,1.16097,0
2026-05-28 01:59:00+00:00,1.16098,1.16102,1.16092,1.16098,0
2026-05-28 02:00:00+00:00,1.16098,1.1611,1.16098,1.16107,0
2026-05-28 02:01:00+00:00,1.16106,1.16106,1.16095,1.16098,0
2026-05-28 02:02:00+00:00,1.16096,1.16106,1.16094,1.16106,0
2026-05-28 02:03:00+00:00,1.16107,1.16107,1.16096,1.16099,0
2026-05-28 02:04:00+00:00,1.16101,1.16104,1.16098,1.161,0
2026-05-28 02:05:00+00:00,1.161,1.16105,1.16099,1.16101,0
2026-05-28 02:06:00+00:00,1.16102,1.16107,1.16099,1.16102,0
2026-05-28 02:07:00+00:00,1.16104,1.16106,1.16095,1.16095,0
2026-05-28 02:08:00+00:00,1.16096,1.16105,1.16096,1.16105,0
2026-05-28 02:09:00+00:00,1.16104,1.16112,1.16104,1.1611,0
2026-05-28 02:10:00+00:00,1.16112,1.16117,1.1611,1.1611,0
2026-05-28 02:11:00+00:00,1.16111,1.1612,1.16109,1.16119,0
2026-05-28 02:12:00+00:00,1.16121,1.16123,1.16117,1.1612,0
2026-05-28 02:13:00+00:00,1.16123,1.16123,1.16119,1.1612,0
2026-05-28 02:14:00+00:00,1.16119,1.16126,1.16116,1.16125,0
2026-05-28 02:15:00+00:00,1.16125,1.1613,1.16124,1.1613,0
2026-05-28 02:16:00+00:00,1.16128,1.16128,1.16119,1.16119,0
2026-05-28 02:17:00+00:00,1.1612,1.16123,1.1612,1.1612,0
2026-05-28 02:18:00+00:00,1.1612,1.16128,1.1612,1.16128,0
2026-05-28 02:19:00+00:00,1.16129,1.16131,1.16128,1.16131,0
2026-05-28 02:20:00+00:00,1.16131,1.16135,1.16131,1.16134,0
2026-05-28 02:21:00+00:00,1.16134,1.16135,1.16131,1.16135,0
2026-05-28 02:22:00+00:00,1.16138,1.16141,1.16135,1.16135,0
2026-05-28 02:23:00+00:00,1.16136,1.16141,1.16135,1.16139,0
2026-05-28 02:24:00+00:00,1.16138,1.16139,1.16137,1.16137,0
2026-05-28 02:25:00+00:00,1.16139,1.1614,1.16136,1.16139,0
2026-05-28 02:26:00+00:00,1.1614,1.16141,1.16139,1.16139,0
2026-05-28 02:27:00+00:00,1.16141,1.16141,1.16134,1.16136,0
2026-05-28 02:28:00+00:00,1.16135,1.16135,1.16135,1.16135,0
2026-05-28 02:29:00+00:00,1.16133,1.16136,1.16133,1.16136,0
2026-05-28 02:30:00+00:00,1.16135,1.16145,1.16135,1.16141,0
2026-05-28 02:31:00+00:00,1.16142,1.16148,1.16142,1.16147,0
2026-05-28 02:32:00+00:00,1.16146,1.16148,1.16145,1.16147,0
2026-05-28 02:33:00+00:00,1.16147,1.16151,1.16146,1.1615,0
2026-05-28 02:34:00+00:00,1.1615,1.1615,1.16146,1.16147,0
2026-05-28 02:35:00+00:00,1.16147,1.16151,1.16145,1.16146,0
2026-05-28 02:36:00+00:00,1.16146,1.16146,1.16134,1.16138,0
2026-05-28 02:37:00+00:00,1.16137,1.16138,1.16131,1.16131,0
2026-05-28 02:38:00+00:00,1.16129,1.16131,1.16121,1.16123,0
2026-05-28 02:39:00+00:00,1.16121,1.16131,1.16121,1.16131,0
2026-05-28 02:40:00+00:00,1.16132,1.16132,1.16128,1.1613,0
2026-05-28 02:41:00+00:00,1.16131,1.16131,1.16114,1.16117,0
2026-05-28 02:42:00+00:00,1.16118,1.16118,1.16112,1.16113,0
2026-05-28 02:43:00+00:00,1.16113,1.16121,1.16113,1.16116,0
2026-05-28 02:44:00+00:00,1.16114,1.16117,1.16114,1.16117,0
2026-05-28 02:45:00+00:00,1.16115,1.16116,1.16106,1.16108,0
2026-05-28 02:46:00+00:00,1.16106,1.16113,1.16106,1.1611,0
2026-05-28 02:47:00+00:00,1.1611,1.16113,1.16103,1.16109,0
2026-05-28 02:48:00+00:00,1.16112,1.16117,1.16106,1.16115,0
2026-05-28 02:49:00+00:00,1.16115,1.16117,1.16113,1.16114,0
2026-05-28 02:50:00+00:00,1.16115,1.16119,1.16109,1.16109,0
2026-05-28 02:51:00+00:00,1.1611,1.16116,1.16108,1.16116,0
2026-05-28 02:52:00+00:00,1.16116,1.1612,1.16115,1.16116,0
2026-05-28 02:53:00+00:00,1.16116,1.1612,1.16115,1.1612,0
2026-05-28 02:54:00+00:00,1.16121,1.16121,1.16113,1.16113,0
2026-05-28 02:55:00+00:00,1.16113,1.16115,1.16111,1.16113,0
2026-05-28 02:56:00+00:00,1.16112,1.16112,1.1611,1.16112,0
2026-05-28 02:57:00+00:00,1.16112,1.16119,1.16111,1.16119,0
2026-05-28 02:58:00+00:00,1.16123,1.16126,1.16122,1.16123,0
2026-05-28 02:59:00+00:00,1.16123,1.16127,1.16119,1.16126,0
2026-05-28 03:00:00+00:00,1.16127,1.1613,1.16122,1.1613,0
2026-05-28 03:01:00+00:00,1.16129,1.16131,1.16122,1.16127,0
2026-05-28 03:02:00+00:00,1.16127,1.16131,1.16125,1.16129,0
2026-05-28 03:03:00+00:00,1.1613,1.16137,1.16129,1.16136,0
2026-05-28 03:04:00+00:00,1.16135,1.16135,1.16127,1.16129,0
2026-05-28 03:05:00+00:00,1.16129,1.16131,1.16119,1.16125,0
2026-05-28 03:06:00+00:00,1.16125,1.16126,1.16123,1.16126,0
2026-05-28 03:07:00+00:00,1.16125,1.16129,1.16124,1.16129,0
2026-05-28 03:08:00+00:00,1.1613,1.16132,1.16111,1.16112,0
2026-05-28 03:09:00+00:00,1.16114,1.16115,1.16109,1.16112,0
2026-05-28 03:10:00+00:00,1.16113,1.16113,1.16092,1.16093,0
2026-05-28 03:11:00+00:00,1.16093,1.16098,1.1608,1.16085,0
2026-05-28 03:12:00+00:00,1.16085,1.1609,1.1608,1.1608,0
2026-05-28 03:13:00+00:00,1.16081,1.16081,1.16073,1.16075,0
2026-05-28 03:14:00+00:00,1.16075,1.16075,1.16056,1.16056,0
2026-05-28 03:15:00+00:00,1.16055,1.16056,1.16044,1.16045,0
2026-05-28 03:16:00+00:00,1.16046,1.16054,1.16044,1.1605,0
2026-05-28 03:17:00+00:00,1.16049,1.16052,1.16033,1.16033,0
2026-05-28 03:18:00+00:00,1.16034,1.16039,1.16023,1.16023,0
2026-05-28 03:19:00+00:00,1.16022,1.16026,1.16015,1.16025,0
2026-05-28 03:20:00+00:00,1.16027,1.16039,1.16027,1.16032,0
2026-05-28 03:21:00+00:00,1.16032,1.16037,1.1603,1.16031,0
2026-05-28 03:22:00+00:00,1.16031,1.16032,1.16022,1.16023,0
2026-05-28 03:23:00+00:00,1.16022,1.16022,1.16017,1.16018,0
2026-05-28 03:24:00+00:00,1.16019,1.16027,1.16019,1.1602,0
2026-05-28 03:25:00+00:00,1.16019,1.16028,1.16018,1.16023,0
2026-05-28 03:26:00+00:00,1.16024,1.16026,1.16021,1.16025,0
2026-05-28 03:27:00+00:00,1.16026,1.16035,1.16025,1.16031,0
2026-05-28 03:28:00+00:00,1.16033,1.16039,1.16033,1.16038,0
2026-05-28 03:29:00+00:00,1.16039,1.16039,1.16008,1.1601,0
2026-05-28 03:30:00+00:00,1.1601,1.16011,1.15992,1.16,0
2026-05-28 03:31:00+00:00,1.16,1.16005,1.15994,1.16001,0
2026-05-28 03:32:00+00:00,1.16002,1.16003,1.15963,1.1597,0
2026-05-28 03:33:00+00:00,1.15971,1.15972,1.15957,1.15961,0
2026-05-28 03:34:00+00:00,1.15961,1.15968,1.15953,1.15964,0
2026-05-28 03:35:00+00:00,1.15964,1.15972,1.15963,1.15969,0
2026-05-28 03:36:00+00:00,1.15968,1.15977,1.15957,1.15961,0
2026-05-28 03:37:00+00:00,1.15961,1.15961,1.15953,1.15955,0
2026-05-28 03:38:00+00:00,1.15957,1.15959,1.15947,1.15951,0
2026-05-28 03:39:00+00:00,1.15953,1.15956,1.15941,1.15944,0
2026-05-28 03:40:00+00:00,1.15947,1.1596,1.15945,1.15948,0
2026-05-28 03:41:00+00:00,1.15947,1.15951,1.15941,1.15941,0
2026-05-28 03:42:00+00:00,1.15938,1.15944,1.15927,1.15929,0
2026-05-28 03:43:00+00:00,1.15928,1.15935,1.15927,1.15933,0
2026-05-28 03:44:00+00:00,1.15933,1.15936,1.15927,1.15929,0
2026-05-28 03:45:00+00:00,1.15927,1.15941,1.15927,1.15937,0
2026-05-28 03:46:00+00:00,1.15938,1.15941,1.15932,1.15937,0
2026-05-28 03:47:00+00:00,1.15938,1.15941,1.15921,1.15925,0
2026-05-28 03:48:00+00:00,1.15925,1.15929,1.15909,1.1591,0
2026-05-28 03:49:00+00:00,1.1591,1.15921,1.1591,1.15921,0
2026-05-28 03:50:00+00:00,1.1592,1.1592,1.15897,1.15901,0
2026-05-28 03:51:00+00:00,1.15901,1.15918,1.15901,1.15907,0
2026-05-28 03:52:00+00:00,1.15908,1.15912,1.15901,1.15905,0
2026-05-28 03:53:00+00:00,1.15906,1.1591,1.159,1.1591,0
2026-05-28 03:54:00+00:00,1.15909,1.15909,1.15899,1.159,0
2026-05-28 03:55:00+00:00,1.159,1.159,1.15886,1.15888,0
2026-05-28 03:56:00+00:00,1.15886,1.15888,1.15874,1.15875,0
2026-05-28 03:57:00+00:00,1.15877,1.15882,1.15873,1.1588,0
2026-05-28 03:58:00+00:00,1.15879,1.15887,1.15876,1.15878,0
2026-05-28 03:59:00+00:00,1.15875,1.15879,1.1587,1.15871,0
2026-05-28 04:00:00+00:00,1.1587,1.15886,1.15869,1.15882,0
2026-05-28 04:01:00+00:00,1.15881,1.15889,1.1587,1.15872,0
2026-05-28 04:02:00+00:00,1.15872,1.15877,1.1587,1.15875,0
2026-05-28 04:03:00+00:00,1.15875,1.1588,1.15869,1.15869,0
2026-05-28 04:04:00+00:00,1.15867,1.15877,1.15864,1.15877,0
2026-05-28 04:05:00+00:00,1.15877,1.15877,1.15861,1.15866,0
2026-05-28 04:06:00+00:00,1.15868,1.15877,1.15867,1.15874,0
2026-05-28 04:07:00+00:00,1.15875,1.15882,1.15873,1.1588,0
2026-05-28 04:08:00+00:00,1.15882,1.15897,1.15882,1.15897,0
2026-05-28 04:09:00+00:00,1.15897,1.15905,1.15895,1.15905,0
2026-05-28 04:10:00+00:00,1.15905,1.15911,1.15903,1.15905,0
2026-05-28 04:11:00+00:00,1.15905,1.15906,1.15894,1.15896,0
2026-05-28 04:12:00+00:00,1.15895,1.15901,1.15893,1.15896,0
2026-05-28 04:13:00+00:00,1.15896,1.15907,1.15895,1.15895,0
2026-05-28 04:14:00+00:00,1.15897,1.15909,1.15895,1.15909,0
2026-05-28 04:15:00+00:00,1.1591,1.15912,1.15902,1.15912,0
2026-05-28 04:16:00+00:00,1.15913,1.15917,1.1591,1.15915,0
2026-05-28 04:17:00+00:00,1.15914,1.15916,1.15909,1.15913,0
2026-05-28 04:18:00+00:00,1.15913,1.15916,1.15894,1.15895,0
2026-05-28 04:19:00+00:00,1.15896,1.15896,1.15879,1.15879,0
2026-05-28 04:20:00+00:00,1.15878,1.15886,1.15878,1.15884,0
2026-05-28 04:21:00+00:00,1.15884,1.1589,1.1588,1.15886,0
2026-05-28 04:22:00+00:00,1.15886,1.15897,1.15884,1.15891,0
2026-05-28 04:23:00+00:00,1.15891,1.15897,1.15885,1.15893,0
2026-05-28 04:24:00+00:00,1.15895,1.15898,1.1589,1.15891,0
2026-05-28 04:25:00+00:00,1.15891,1.15895,1.15888,1.1589,0
2026-05-28 04:26:00+00:00,1.15889,1.15891,1.15883,1.1589,0
2026-05-28 04:27:00+00:00,1.1589,1.15892,1.15882,1.15882,0
2026-05-28 04:28:00+00:00,1.15884,1.1589,1.15882,1.15885,0
2026-05-28 04:29:00+00:00,1.15886,1.15888,1.15879,1.15879,0
2026-05-28 04:30:00+00:00,1.1588,1.15886,1.15878,1.15885,0
2026-05-28 04:31:00+00:00,1.15886,1.15896,1.15886,1.15894,0
2026-05-28 04:32:00+00:00,1.15894,1.15901,1.15893,1.15897,0
2026-05-28 04:33:00+00:00,1.15898,1.15899,1.1589,1.1589,0
2026-05-28 04:34:00+00:00,1.15892,1.15896,1.15891,1.15892,0
2026-05-28 04:35:00+00:00,1.15891,1.15896,1.15888,1.15891,0
2026-05-28 04:36:00+00:00,1.15891,1.15907,1.15891,1.15907,0
2026-05-28 04:37:00+00:00,1.15905,1.15907,1.15901,1.15907,0
2026-05-28 04:38:00+00:00,1.15907,1.15907,1.15905,1.15906,0
2026-05-28 04:39:00+00:00,1.15907,1.15917,1.15907,1.15917,0
2026-05-28 04:40:00+00:00,1.15918,1.15926,1.15916,1.15922,0
2026-05-28 04:41:00+00:00,1.15921,1.15923,1.15916,1.15916,0
2026-05-28 04:42:00+00:00,1.15914,1.15915,1.15907,1.15907,0
2026-05-28 04:43:00+00:00,1.15906,1.15912,1.15906,1.15911,0
2026-05-28 04:44:00+00:00,1.15912,1.15915,1.15907,1.15915,0
2026-05-28 04:45:00+00:00,1.15916,1.1592,1.15915,1.15918,0
2026-05-28 04:46:00+00:00,1.15916,1.15917,1.15901,1.15902,0
2026-05-28 04:47:00+00:00,1.15902,1.15907,1.15902,1.15906,0
2026-05-28 04:48:00+00:00,1.15906,1.15907,1.15905,1.15906,0
2026-05-28 04:49:00+00:00,1.15906,1.15912,1.15905,1.15909,0
2026-05-28 04:50:00+00:00,1.15912,1.15912,1.15904,1.15907,0
2026-05-28 04:51:00+00:00,1.15908,1.15917,1.15908,1.15916,0
2026-05-28 04:52:00+00:00,1.15915,1.15917,1.1591,1.15911,0
2026-05-28 04:53:00+00:00,1.15911,1.15912,1.15908,1.15911,0
2026-05-28 04:54:00+00:00,1.1591,1.15914,1.1591,1.15911,0
2026-05-28 04:55:00+00:00,1.15911,1.15921,1.1591,1.15917,0
2026-05-28 04:56:00+00:00,1.15917,1.15923,1.15914,1.15922,0
2026-05-28 04:57:00+00:00,1.15919,1.1592,1.15911,1.15912,0
2026-05-28 04:58:00+00:00,1.15912,1.15921,1.15912,1.15915,0
2026-05-28 04:59:00+00:00,1.15916,1.15918,1.15913,1.15918,0
2026-05-28 05:00:00+00:00,1.15918,1.15926,1.15915,1.15917,0
2026-05-28 05:01:00+00:00,1.15918,1.15921,1.15913,1.15914,0
2026-05-28 05:02:00+00:00,1.15914,1.15914,1.15911,1.15913,0
2026-05-28 05:03:00+00:00,1.15911,1.1592,1.1591,1.15918,0
2026-05-28 05:04:00+00:00,1.15919,1.15928,1.15919,1.15926,0
2026-05-28 05:05:00+00:00,1.15924,1.15928,1.15922,1.15925,0
2026-05-28 05:06:00+00:00,1.15925,1.15927,1.15923,1.15927,0
2026-05-28 05:07:00+00:00,1.15928,1.1593,1.15923,1.15928,0
2026-05-28 05:08:00+00:00,1.1593,1.15932,1.15907,1.1591,0
2026-05-28 05:09:00+00:00,1.1591,1.15911,1.15903,1.15907,0
2026-05-28 05:10:00+00:00,1.15906,1.15906,1.15889,1.15891,0
2026-05-28 05:11:00+00:00,1.15889,1.15891,1.15889,1.15889,0
2026-05-28 05:12:00+00:00,1.15892,1.15896,1.1589,1.15891,0
2026-05-28 05:13:00+00:00,1.15893,1.15902,1.15892,1.15902,0
2026-05-28 05:14:00+00:00,1.15901,1.1591,1.159,1.15907,0
2026-05-28 05:15:00+00:00,1.15907,1.15907,1.15901,1.15901,0
2026-05-28 05:16:00+00:00,1.15902,1.1591,1.159,1.15909,0
2026-05-28 05:17:00+00:00,1.1591,1.1592,1.1591,1.15917,0
2026-05-28 05:18:00+00:00,1.15917,1.1592,1.15913,1.15917,0
2026-05-28 05:19:00+00:00,1.15915,1.15915,1.15905,1.1591,0
2026-05-28 05:20:00+00:00,1.1591,1.15917,1.15909,1.15916,0
2026-05-28 05:21:00+00:00,1.15917,1.1592,1.15916,1.1592,0
2026-05-28 05:22:00+00:00,1.15921,1.15928,1.15912,1.15928,0
2026-05-28 05:23:00+00:00,1.15926,1.15933,1.15922,1.15932,0
2026-05-28 05:24:00+00:00,1.15933,1.15942,1.1593,1.15936,0
2026-05-28 05:25:00+00:00,1.15938,1.15942,1.15935,1.15935,0
2026-05-28 05:26:00+00:00,1.15935,1.15946,1.15935,1.15941,0
2026-05-28 05:27:00+00:00,1.15943,1.15947,1.15937,1.15939,0
2026-05-28 05:28:00+00:00,1.15941,1.15949,1.15941,1.15947,0
2026-05-28 05:29:00+00:00,1.15946,1.15948,1.15942,1.15942,0
2026-05-28 05:30:00+00:00,1.15942,1.15963,1.15941,1.15961,0
2026-05-28 05:31:00+00:00,1.1596,1.1596,1.1595,1.15955,0
2026-05-28 05:32:00+00:00,1.15956,1.15961,1.15955,1.1596,0
2026-05-28 05:33:00+00:00,1.15961,1.15975,1.15961,1.15972,0
2026-05-28 05:34:00+00:00,1.15972,1.15982,1.15971,1.15979,0
2026-05-28 05:35:00+00:00,1.15977,1.15982,1.15973,1.15977,0
2026-05-28 05:36:00+00:00,1.15978,1.15982,1.15974,1.1598,0
2026-05-28 05:37:00+00:00,1.15979,1.15983,1.1597,1.15971,0
2026-05-28 05:38:00+00:00,1.15971,1.15976,1.15971,1.15976,0
2026-05-28 05:39:00+00:00,1.15977,1.1599,1.15977,1.15989,0
2026-05-28 05:40:00+00:00,1.15988,1.15995,1.15985,1.1599,0
2026-05-28 05:41:00+00:00,1.15989,1.15995,1.15986,1.15991,0
2026-05-28 05:42:00+00:00,1.15992,1.16001,1.1599,1.15995,0
2026-05-28 05:43:00+00:00,1.15995,1.16001,1.15994,1.15995,0
2026-05-28 05:44:00+00:00,1.15996,1.15998,1.15993,1.15997,0
2026-05-28 05:45:00+00:00,1.15998,1.16012,1.15997,1.16012,0
2026-05-28 05:46:00+00:00,1.16011,1.16011,1.16001,1.16005,0
2026-05-28 05:47:00+00:00,1.16005,1.16009,1.16005,1.16008,0
2026-05-28 05:48:00+00:00,1.16008,1.1601,1.16005,1.16007,0
2026-05-28 05:49:00+00:00,1.16007,1.16007,1.16003,1.16005,0
2026-05-28 05:50:00+00:00,1.16006,1.16012,1.16004,1.16012,0
2026-05-28 05:51:00+00:00,1.16012,1.16019,1.1601,1.16017,0
2026-05-28 05:52:00+00:00,1.16016,1.16017,1.16011,1.16014,0
2026-05-28 05:53:00+00:00,1.16012,1.16012,1.16004,1.16011,0
2026-05-28 05:54:00+00:00,1.16009,1.1601,1.16,1.16007,0
2026-05-28 05:55:00+00:00,1.16006,1.16006,1.15997,1.15997,0
2026-05-28 05:56:00+00:00,1.15996,1.16005,1.15993,1.16005,0
2026-05-28 05:57:00+00:00,1.16004,1.16005,1.15993,1.15997,0
2026-05-28 05:58:00+00:00,1.15995,1.16,1.15994,1.15998,0
2026-05-28 05:59:00+00:00,1.15997,1.15998,1.1599,1.15992,0
2026-05-28 06:00:00+00:00,1.15991,1.16001,1.15985,1.1599,0
2026-05-28 06:01:00+00:00,1.15989,1.16002,1.15989,1.15997,0
2026-05-28 06:02:00+00:00,1.15997,1.1601,1.15997,1.16009,0
2026-05-28 06:03:00+00:00,1.1601,1.16017,1.16006,1.16016,0
2026-05-28 06:04:00+00:00,1.16017,1.16019,1.16005,1.16007,0
2026-05-28 06:05:00+00:00,1.16008,1.1602,1.16004,1.16016,0
2026-05-28 06:06:00+00:00,1.16016,1.16016,1.16008,1.16009,0
2026-05-28 06:07:00+00:00,1.16007,1.16022,1.16007,1.16021,0
2026-05-28 06:08:00+00:00,1.16021,1.16021,1.1601,1.16011,0
2026-05-28 06:09:00+00:00,1.1601,1.16016,1.1601,1.16011,0
2026-05-28 06:10:00+00:00,1.16013,1.16025,1.1601,1.16021,0
2026-05-28 06:11:00+00:00,1.16021,1.16022,1.16007,1.16011,0
2026-05-28 06:12:00+00:00,1.16011,1.16015,1.16005,1.16011,0
2026-05-28 06:13:00+00:00,1.16012,1.16033,1.16012,1.16026,0
2026-05-28 06:14:00+00:00,1.16025,1.16048,1.16025,1.16042,0
2026-05-28 06:15:00+00:00,1.1604,1.16046,1.16039,1.16042,0
2026-05-28 06:16:00+00:00,1.16044,1.16046,1.1604,1.16041,0
2026-05-28 06:17:00+00:00,1.16042,1.16043,1.16034,1.1604,0
2026-05-28 06:18:00+00:00,1.16038,1.16043,1.16035,1.1604,0
2026-05-28 06:19:00+00:00,1.1604,1.16052,1.16031,1.16052,0
2026-05-28 06:20:00+00:00,1.16052,1.16069,1.16052,1.16069,0
2026-05-28 06:21:00+00:00,1.1607,1.16071,1.16059,1.16061,0
2026-05-28 06:22:00+00:00,1.16063,1.16076,1.16063,1.16074,0
2026-05-28 06:23:00+00:00,1.16073,1.16077,1.1607,1.1607,0
2026-05-28 06:24:00+00:00,1.16072,1.16072,1.16058,1.16069,0
2026-05-28 06:25:00+00:00,1.1607,1.16088,1.1607,1.16086,0
2026-05-28 06:26:00+00:00,1.16086,1.16091,1.16083,1.16085,0
2026-05-28 06:27:00+00:00,1.16083,1.16092,1.16079,1.16091,0
2026-05-28 06:28:00+00:00,1.16091,1.16091,1.16075,1.16075,0
2026-05-28 06:29:00+00:00,1.16077,1.16077,1.16067,1.16068,0
2026-05-28 06:30:00+00:00,1.16069,1.16072,1.16061,1.16064,0
2026-05-28 06:31:00+00:00,1.16066,1.16066,1.16061,1.16062,0
2026-05-28 06:32:00+00:00,1.16065,1.16067,1.16059,1.1606,0
2026-05-28 06:33:00+00:00,1.16062,1.16067,1.16062,1.16065,0
2026-05-28 06:34:00+00:00,1.16066,1.16067,1.16054,1.16067,0
2026-05-28 06:35:00+00:00,1.16067,1.16073,1.16065,1.16068,0
2026-05-28 06:36:00+00:00,1.16069,1.16093,1.16069,1.16081,0
2026-05-28 06:37:00+00:00,1.16079,1.16094,1.16078,1.16092,0
2026-05-28 06:38:00+00:00,1.1609,1.16095,1.16088,1.16092,0
2026-05-28 06:39:00+00:00,1.16093,1.16096,1.16089,1.16089,0
2026-05-28 06:40:00+00:00,1.16089,1.16089,1.16076,1.16079,0
2026-05-28 06:41:00+00:00,1.1608,1.16085,1.16077,1.16078,0
2026-05-28 06:42:00+00:00,1.16077,1.16077,1.16058,1.1606,0
2026-05-28 06:43:00+00:00,1.16061,1.1607,1.16061,1.16068,0
2026-05-28 06:44:00+00:00,1.16066,1.16081,1.16058,1.16077,0
2026-05-28 06:45:00+00:00,1.16079,1.16079,1.1607,1.16076,0
2026-05-28 06:46:00+00:00,1.16074,1.16076,1.16066,1.16074,0
2026-05-28 06:47:00+00:00,1.16074,1.16084,1.16074,1.16081,0
2026-05-28 06:48:00+00:00,1.16082,1.16085,1.16075,1.16075,0
2026-05-28 06:49:00+00:00,1.16076,1.16085,1.16075,1.16084,0
2026-05-28 06:50:00+00:00,1.16081,1.16081,1.16073,1.16074,0
2026-05-28 06:51:00+00:00,1.16072,1.16072,1.1606,1.16064,0
2026-05-28 06:52:00+00:00,1.16065,1.1608,1.16065,1.16079,0
2026-05-28 06:53:00+00:00,1.16077,1.16087,1.16077,1.16083,0
2026-05-28 06:54:00+00:00,1.16085,1.16089,1.16083,1.16089,0
2026-05-28 06:55:00+00:00,1.16087,1.16103,1.16087,1.16103,0
2026-05-28 06:56:00+00:00,1.16102,1.16113,1.16101,1.16106,0
2026-05-28 06:57:00+00:00,1.16107,1.16118,1.16104,1.16118,0
2026-05-28 06:58:00+00:00,1.16117,1.16122,1.16105,1.16105,0
2026-05-28 06:59:00+00:00,1.16104,1.16109,1.16096,1.16101,0
2026-05-28 07:00:00+00:00,1.16101,1.16141,1.16101,1.16139,0
2026-05-28 07:01:00+00:00,1.1614,1.16142,1.16125,1.16136,0
2026-05-28 07:02:00+00:00,1.16138,1.1614,1.16122,1.16123,0
2026-05-28 07:03:00+00:00,1.16122,1.16136,1.1612,1.16132,0
2026-05-28 07:04:00+00:00,1.1613,1.16132,1.16121,1.16129,0
2026-05-28 07:05:00+00:00,1.16129,1.16133,1.16122,1.16122,0
2026-05-28 07:06:00+00:00,1.16119,1.16132,1.16119,1.16121,0
2026-05-28 07:07:00+00:00,1.16119,1.16127,1.16118,1.1612,0
2026-05-28 07:08:00+00:00,1.16122,1.16146,1.16121,1.16144,0
2026-05-28 07:09:00+00:00,1.16143,1.16145,1.16136,1.16141,0
2026-05-28 07:10:00+00:00,1.16142,1.16143,1.16135,1.16135,0
2026-05-28 07:11:00+00:00,1.16137,1.16163,1.16137,1.16156,0
2026-05-28 07:12:00+00:00,1.16156,1.16166,1.16155,1.16156,0
2026-05-28 07:13:00+00:00,1.16154,1.16165,1.16154,1.16164,0
2026-05-28 07:14:00+00:00,1.16166,1.16177,1.16165,1.16171,0
2026-05-28 07:15:00+00:00,1.16171,1.16171,1.16136,1.1614,0
2026-05-28 07:16:00+00:00,1.1614,1.16147,1.16136,1.16136,0
2026-05-28 07:17:00+00:00,1.16136,1.16148,1.16134,1.16145,0
2026-05-28 07:18:00+00:00,1.16145,1.16152,1.16143,1.16145,0
2026-05-28 07:19:00+00:00,1.16145,1.16155,1.1614,1.16154,0
2026-05-28 07:20:00+00:00,1.16155,1.16161,1.16149,1.16152,0
2026-05-28 07:21:00+00:00,1.16153,1.16157,1.16145,1.16148,0
2026-05-28 07:22:00+00:00,1.16148,1.16154,1.16143,1.16143,0
2026-05-28 07:23:00+00:00,1.16145,1.16154,1.16143,1.16152,0
2026-05-28 07:24:00+00:00,1.16153,1.16155,1.16143,1.16144,0
2026-05-28 07:25:00+00:00,1.16144,1.1615,1.16139,1.16142,0
2026-05-28 07:26:00+00:00,1.16142,1.16142,1.16124,1.16132,0
2026-05-28 07:27:00+00:00,1.1613,1.1614,1.16126,1.16134,0
2026-05-28 07:28:00+00:00,1.16136,1.16136,1.16123,1.16125,0
2026-05-28 07:29:00+00:00,1.16126,1.16127,1.16122,1.16123,0
2026-05-28 07:30:00+00:00,1.16125,1.16138,1.16125,1.16136,0
2026-05-28 07:31:00+00:00,1.16136,1.1614,1.16128,1.16128,0
2026-05-28 07:32:00+00:00,1.16129,1.16134,1.16128,1.16128,0
2026-05-28 07:33:00+00:00,1.16129,1.16132,1.16121,1.16123,0
2026-05-28 07:34:00+00:00,1.1612,1.16126,1.16119,1.16121,0
2026-05-28 07:35:00+00:00,1.1612,1.16124,1.16114,1.16123,0
2026-05-28 07:36:00+00:00,1.16123,1.16123,1.16106,1.16108,0
2026-05-28 07:37:00+00:00,1.16107,1.16117,1.16103,1.16108,0
2026-05-28 07:38:00+00:00,1.16109,1.16114,1.161,1.16106,0
2026-05-28 07:39:00+00:00,1.16107,1.16111,1.16104,1.16104,0
2026-05-28 07:40:00+00:00,1.16102,1.16105,1.161,1.16105,0
2026-05-28 07:41:00+00:00,1.16106,1.16111,1.16101,1.16111,0
2026-05-28 07:42:00+00:00,1.16109,1.16115,1.16106,1.16113,0
2026-05-28 07:43:00+00:00,1.16115,1.16124,1.16112,1.16122,0
2026-05-28 07:44:00+00:00,1.16123,1.16124,1.16117,1.16124,0
2026-05-28 07:45:00+00:00,1.16125,1.16125,1.16116,1.16117,0
2026-05-28 07:46:00+00:00,1.16117,1.16124,1.16112,1.16121,0
2026-05-28 07:47:00+00:00,1.16121,1.16129,1.16119,1.16123,0
2026-05-28 07:48:00+00:00,1.16125,1.16138,1.16125,1.16133,0
2026-05-28 07:49:00+00:00,1.16135,1.16136,1.16128,1.16133,0
2026-05-28 07:50:00+00:00,1.16134,1.16134,1.1612,1.16125,0
2026-05-28 07:51:00+00:00,1.16127,1.16132,1.16125,1.16126,0
2026-05-28 07:52:00+00:00,1.16127,1.16133,1.1612,1.1613,0
2026-05-28 07:53:00+00:00,1.1613,1.16132,1.16125,1.16129,0
2026-05-28 07:54:00+00:00,1.16129,1.16131,1.16127,1.16131,0
2026-05-28 07:55:00+00:00,1.1613,1.16131,1.16124,1.16124,0
2026-05-28 07:56:00+00:00,1.16124,1.16127,1.16117,1.16124,0
2026-05-28 07:57:00+00:00,1.16124,1.16124,1.16118,1.1612,0
2026-05-28 07:58:00+00:00,1.16119,1.1612,1.16112,1.16114,0
2026-05-28 07:59:00+00:00,1.16115,1.16121,1.16112,1.16118,0
2026-05-28 08:00:00+00:00,1.16118,1.16131,1.16116,1.16121,0
2026-05-28 08:01:00+00:00,1.16124,1.16147,1.16123,1.16144,0
2026-05-28 08:02:00+00:00,1.16145,1.16146,1.16133,1.1614,0
2026-05-28 08:03:00+00:00,1.16143,1.16143,1.16134,1.16139,0
2026-05-28 08:04:00+00:00,1.16137,1.16141,1.16126,1.16141,0
2026-05-28 08:05:00+00:00,1.1614,1.16152,1.16135,1.16152,0
2026-05-28 08:06:00+00:00,1.16151,1.16158,1.16147,1.16152,0
2026-05-28 08:07:00+00:00,1.16152,1.16157,1.16147,1.16155,0
2026-05-28 08:08:00+00:00,1.16153,1.16154,1.1615,1.16151,0
2026-05-28 08:09:00+00:00,1.16151,1.16155,1.16147,1.16148,0
2026-05-28 08:10:00+00:00,1.1615,1.1615,1.16138,1.1614,0
2026-05-28 08:11:00+00:00,1.16141,1.16143,1.1613,1.1613,0
2026-05-28 08:12:00+00:00,1.16132,1.16137,1.16129,1.16129,0
2026-05-28 08:13:00+00:00,1.16127,1.16129,1.1611,1.16111,0
2026-05-28 08:14:00+00:00,1.16108,1.1611,1.16093,1.1611,0
2026-05-28 08:15:00+00:00,1.1611,1.1611,1.16095,1.16095,0
2026-05-28 08:16:00+00:00,1.16094,1.16096,1.16085,1.16086,0
2026-05-28 08:17:00+00:00,1.16088,1.16094,1.16087,1.16094,0
2026-05-28 08:18:00+00:00,1.16094,1.16095,1.16078,1.1608,0
2026-05-28 08:19:00+00:00,1.16079,1.16091,1.16079,1.16091,0
2026-05-28 08:20:00+00:00,1.16091,1.16111,1.16091,1.16103,0
2026-05-28 08:21:00+00:00,1.16102,1.16104,1.16098,1.16104,0
2026-05-28 08:22:00+00:00,1.16102,1.1611,1.161,1.16106,0
2026-05-28 08:23:00+00:00,1.16106,1.16121,1.16106,1.16118,0
2026-05-28 08:24:00+00:00,1.16117,1.16121,1.1611,1.1611,0
2026-05-28 08:25:00+00:00,1.16109,1.16113,1.161,1.16105,0
2026-05-28 08:26:00+00:00,1.16106,1.16106,1.16086,1.16091,0
2026-05-28 08:27:00+00:00,1.16089,1.16089,1.16079,1.16079,0
2026-05-28 08:28:00+00:00,1.16078,1.1608,1.16065,1.16077,0
2026-05-28 08:29:00+00:00,1.16078,1.16102,1.16078,1.16094,0
2026-05-28 08:30:00+00:00,1.16095,1.16105,1.16089,1.16105,0
2026-05-28 08:31:00+00:00,1.16106,1.16106,1.161,1.16103,0
2026-05-28 08:32:00+00:00,1.16102,1.16108,1.16098,1.16099,0
2026-05-28 08:33:00+00:00,1.16097,1.16101,1.16089,1.16101,0
2026-05-28 08:34:00+00:00,1.16101,1.16115,1.16101,1.16106,0
2026-05-28 08:35:00+00:00,1.16106,1.16117,1.16099,1.161,0
2026-05-28 08:36:00+00:00,1.16102,1.16112,1.16102,1.16105,0
2026-05-28 08:37:00+00:00,1.16106,1.16113,1.16105,1.16112,0
2026-05-28 08:38:00+00:00,1.16113,1.16114,1.16104,1.16113,0
2026-05-28 08:39:00+00:00,1.16111,1.16112,1.16104,1.1611,0
2026-05-28 08:40:00+00:00,1.16111,1.16112,1.16101,1.1611,0
2026-05-28 08:41:00+00:00,1.16111,1.1612,1.1611,1.16116,0
2026-05-28 08:42:00+00:00,1.16116,1.16116,1.16108,1.16108,0
2026-05-28 08:43:00+00:00,1.1611,1.16111,1.16097,1.16101,0
2026-05-28 08:44:00+00:00,1.161,1.16111,1.16099,1.16108,0
2026-05-28 08:45:00+00:00,1.16108,1.16112,1.16101,1.1611,0
2026-05-28 08:46:00+00:00,1.16112,1.16114,1.16109,1.16114,0
2026-05-28 08:47:00+00:00,1.16115,1.16118,1.16114,1.16116,0
2026-05-28 08:48:00+00:00,1.16116,1.16118,1.1611,1.16115,0
2026-05-28 08:49:00+00:00,1.16117,1.16137,1.16117,1.16132,0
2026-05-28 08:50:00+00:00,1.16132,1.16135,1.16131,1.16134,0
2026-05-28 08:51:00+00:00,1.16134,1.16142,1.16132,1.16142,0
2026-05-28 08:52:00+00:00,1.16142,1.1616,1.16142,1.16157,0
2026-05-28 08:53:00+00:00,1.16159,1.16159,1.16137,1.16139,0
2026-05-28 08:54:00+00:00,1.16141,1.16151,1.16136,1.16137,0
2026-05-28 08:55:00+00:00,1.16136,1.16138,1.16131,1.16132,0
2026-05-28 08:56:00+00:00,1.16131,1.16141,1.16129,1.16141,0
2026-05-28 08:57:00+00:00,1.16142,1.16153,1.16142,1.16152,0
2026-05-28 08:58:00+00:00,1.16152,1.16153,1.1615,1.16152,0
2026-05-28 08:59:00+00:00,1.16151,1.16167,1.16151,1.16155,0
2026-05-28 09:00:00+00:00,1.16154,1.16163,1.16153,1.1616,0
2026-05-28 09:01:00+00:00,1.16159,1.16159,1.16146,1.16159,0
2026-05-28 09:02:00+00:00,1.16158,1.1616,1.16151,1.16158,0
2026-05-28 09:03:00+00:00,1.16157,1.16167,1.16155,1.16167,0
2026-05-28 09:04:00+00:00,1.16167,1.16167,1.16157,1.16161,0
2026-05-28 09:05:00+00:00,1.16166,1.16173,1.16165,1.16168,0
2026-05-28 09:06:00+00:00,1.1617,1.1617,1.16154,1.16158,0
2026-05-28 09:07:00+00:00,1.16156,1.16157,1.16151,1.16153,0
2026-05-28 09:08:00+00:00,1.16154,1.16156,1.16145,1.16156,0
2026-05-28 09:09:00+00:00,1.16156,1.16161,1.16152,1.16158,0
2026-05-28 09:10:00+00:00,1.16158,1.1616,1.16157,1.1616,0
2026-05-28 09:11:00+00:00,1.1616,1.16172,1.16156,1.16172,0
2026-05-28 09:12:00+00:00,1.16172,1.16178,1.16172,1.16177,0
2026-05-28 09:13:00+00:00,1.16179,1.16181,1.16171,1.16175,0
2026-05-28 09:14:00+00:00,1.16177,1.16181,1.16176,1.16181,0
2026-05-28 09:15:00+00:00,1.16179,1.16184,1.16174,1.16175,0
2026-05-28 09:16:00+00:00,1.16175,1.16187,1.16174,1.16181,0
2026-05-28 09:17:00+00:00,1.16179,1.1618,1.16171,1.16173,0
2026-05-28 09:18:00+00:00,1.16175,1.16177,1.16173,1.16173,0
2026-05-28 09:19:00+00:00,1.16172,1.16172,1.16157,1.1616,0
2026-05-28 09:20:00+00:00,1.16161,1.16172,1.16155,1.16172,0
2026-05-28 09:21:00+00:00,1.16173,1.16185,1.1617,1.16184,0
2026-05-28 09:22:00+00:00,1.16183,1.16192,1.16182,1.16182,0
2026-05-28 09:23:00+00:00,1.16183,1.16183,1.16171,1.16172,0
2026-05-28 09:24:00+00:00,1.16174,1.16177,1.16173,1.16175,0
2026-05-28 09:25:00+00:00,1.16176,1.16181,1.16176,1.16176,0
2026-05-28 09:26:00+00:00,1.16174,1.16186,1.16169,1.16185,0
2026-05-28 09:27:00+00:00,1.16186,1.16186,1.16174,1.16177,0
2026-05-28 09:28:00+00:00,1.16176,1.16176,1.16171,1.16176,0
2026-05-28 09:29:00+00:00,1.16174,1.1618,1.16172,1.16178,0
2026-05-28 09:30:00+00:00,1.16178,1.16184,1.16175,1.16175,0
2026-05-28 09:31:00+00:00,1.16174,1.16175,1.16165,1.16166,0
2026-05-28 09:32:00+00:00,1.16164,1.16164,1.16145,1.16145,0
2026-05-28 09:33:00+00:00,1.16146,1.16154,1.16143,1.16145,0
2026-05-28 09:34:00+00:00,1.16146,1.16152,1.16145,1.16148,0
2026-05-28 09:35:00+00:00,1.16149,1.16152,1.16147,1.16151,0
2026-05-28 09:36:00+00:00,1.16153,1.16157,1.16151,1.16151,0
2026-05-28 09:37:00+00:00,1.1615,1.16158,1.1615,1.16156,0
2026-05-28 09:38:00+00:00,1.16157,1.16157,1.16147,1.16148,0
2026-05-28 09:39:00+00:00,1.1615,1.16152,1.16147,1.1615,0
2026-05-28 09:40:00+00:00,1.16149,1.16158,1.16149,1.16157,0
2026-05-28 09:41:00+00:00,1.16159,1.16172,1.16159,1.16171,0
2026-05-28 09:42:00+00:00,1.16172,1.16172,1.16158,1.16166,0
2026-05-28 09:43:00+00:00,1.16167,1.16167,1.16154,1.16154,0
2026-05-28 09:44:00+00:00,1.16155,1.16165,1.16155,1.16165,0
2026-05-28 09:45:00+00:00,1.16163,1.16163,1.16154,1.16156,0
2026-05-28 09:46:00+00:00,1.16156,1.16162,1.16155,1.16155,0
2026-05-28 09:47:00+00:00,1.16155,1.16159,1.16151,1.16159,0
2026-05-28 09:48:00+00:00,1.16157,1.16162,1.16157,1.1616,0
2026-05-28 09:49:00+00:00,1.1616,1.1616,1.16152,1.16155,0
2026-05-28 09:50:00+00:00,1.16155,1.16166,1.16155,1.16157,0
2026-05-28 09:51:00+00:00,1.16159,1.16162,1.16157,1.16161,0
2026-05-28 09:52:00+00:00,1.16159,1.16172,1.16151,1.1617,0
2026-05-28 09:53:00+00:00,1.16171,1.16178,1.16171,1.16174,0
2026-05-28 09:54:00+00:00,1.16174,1.16175,1.16163,1.16163,0
2026-05-28 09:55:00+00:00,1.16161,1.16162,1.16139,1.16139,0
2026-05-28 09:56:00+00:00,1.16139,1.16143,1.16134,1.16134,0
2026-05-28 09:57:00+00:00,1.16135,1.16136,1.1613,1.16135,0
2026-05-28 09:58:00+00:00,1.16133,1.16134,1.16128,1.1613,0
2026-05-28 09:59:00+00:00,1.16131,1.16134,1.1613,1.1613,0
2026-05-28 10:00:00+00:00,1.16128,1.1613,1.16124,1.16129,0
2026-05-28 10:01:00+00:00,1.1613,1.16132,1.16121,1.16121,0
2026-05-28 10:02:00+00:00,1.16122,1.16124,1.16118,1.16122,0
2026-05-28 10:03:00+00:00,1.16123,1.16139,1.16122,1.16136,0
2026-05-28 10:04:00+00:00,1.16136,1.16136,1.16117,1.16117,0
2026-05-28 10:05:00+00:00,1.16116,1.1612,1.16109,1.1611,0
2026-05-28 10:06:00+00:00,1.16109,1.16111,1.16099,1.16107,0
2026-05-28 10:07:00+00:00,1.16107,1.16107,1.16089,1.1609,0
2026-05-28 10:08:00+00:00,1.16089,1.16098,1.16089,1.16097,0
2026-05-28 10:09:00+00:00,1.16098,1.16118,1.16098,1.16113,0
2026-05-28 10:10:00+00:00,1.16114,1.16121,1.16113,1.1612,0
2026-05-28 10:11:00+00:00,1.1612,1.16131,1.1612,1.16128,0
2026-05-28 10:12:00+00:00,1.16127,1.16127,1.16122,1.16124,0
2026-05-28 10:13:00+00:00,1.16124,1.16133,1.16119,1.16123,0
2026-05-28 10:14:00+00:00,1.16125,1.16128,1.16123,1.16128,0
2026-05-28 10:15:00+00:00,1.16128,1.16147,1.16128,1.16147,0
2026-05-28 10:16:00+00:00,1.16148,1.16155,1.16145,1.16145,0
2026-05-28 10:17:00+00:00,1.16144,1.16148,1.16132,1.16133,0
2026-05-28 10:18:00+00:00,1.16132,1.16132,1.16117,1.1612,0
2026-05-28 10:19:00+00:00,1.1612,1.1613,1.16115,1.16121,0
2026-05-28 10:20:00+00:00,1.16119,1.16122,1.1611,1.16117,0
2026-05-28 10:21:00+00:00,1.16116,1.16118,1.16111,1.16111,0
2026-05-28 10:22:00+00:00,1.16111,1.16111,1.16097,1.16101,0
2026-05-28 10:23:00+00:00,1.16101,1.16119,1.16099,1.16115,0
2026-05-28 10:24:00+00:00,1.16116,1.16127,1.16114,1.16121,0
2026-05-28 10:25:00+00:00,1.16118,1.16123,1.16118,1.16122,0
2026-05-28 10:26:00+00:00,1.1612,1.16132,1.1612,1.1613,0
2026-05-28 10:27:00+00:00,1.16127,1.16141,1.16127,1.16141,0
2026-05-28 10:28:00+00:00,1.16139,1.16145,1.16136,1.1614,0
2026-05-28 10:29:00+00:00,1.16141,1.16147,1.16138,1.16147,0
2026-05-28 10:30:00+00:00,1.16144,1.16147,1.16137,1.1614,0
2026-05-28 10:31:00+00:00,1.16139,1.16147,1.16139,1.16145,0
2026-05-28 10:32:00+00:00,1.16145,1.16145,1.16137,1.16139,0
2026-05-28 10:33:00+00:00,1.16138,1.16142,1.16134,1.16134,0
2026-05-28 10:34:00+00:00,1.16134,1.16134,1.16113,1.16117,0
2026-05-28 10:35:00+00:00,1.16116,1.16117,1.16115,1.16115,0
2026-05-28 10:36:00+00:00,1.16115,1.16115,1.16105,1.16109,0
2026-05-28 10:37:00+00:00,1.16108,1.16109,1.161,1.16106,0
2026-05-28 10:38:00+00:00,1.16107,1.16107,1.161,1.16105,0
2026-05-28 10:39:00+00:00,1.16106,1.16111,1.16104,1.16106,0
2026-05-28 10:40:00+00:00,1.16105,1.16106,1.16089,1.16091,0
2026-05-28 10:41:00+00:00,1.1609,1.1609,1.16073,1.16074,0
2026-05-28 10:42:00+00:00,1.16076,1.16079,1.16069,1.16069,0
2026-05-28 10:43:00+00:00,1.16068,1.16071,1.16064,1.16067,0
2026-05-28 10:44:00+00:00,1.16065,1.16065,1.16055,1.1606,0
2026-05-28 10:45:00+00:00,1.1606,1.16074,1.16057,1.16072,0
2026-05-28 10:46:00+00:00,1.16074,1.16084,1.16074,1.16082,0
2026-05-28 10:47:00+00:00,1.16084,1.16088,1.16079,1.16085,0
2026-05-28 10:48:00+00:00,1.16086,1.16102,1.16085,1.16101,0
2026-05-28 10:49:00+00:00,1.16101,1.16107,1.1609,1.16092,0
2026-05-28 10:50:00+00:00,1.16091,1.16091,1.16051,1.16065,0
2026-05-28 10:51:00+00:00,1.16065,1.16084,1.16038,1.16078,0
2026-05-28 10:52:00+00:00,1.16079,1.16081,1.16073,1.1608,0
2026-05-28 10:53:00+00:00,1.1608,1.16083,1.16075,1.1608,0
2026-05-28 10:54:00+00:00,1.1608,1.16094,1.16079,1.16092,0
2026-05-28 10:55:00+00:00,1.16095,1.16099,1.1609,1.1609,0
2026-05-28 10:56:00+00:00,1.1609,1.16091,1.16077,1.16079,0
2026-05-28 10:57:00+00:00,1.16079,1.1608,1.16073,1.16076,0
2026-05-28 10:58:00+00:00,1.16074,1.16075,1.16044,1.16047,0
2026-05-28 10:59:00+00:00,1.16045,1.16057,1.16036,1.16036,0
2026-05-28 11:00:00+00:00,1.16034,1.16052,1.16033,1.16045,0
2026-05-28 11:01:00+00:00,1.16045,1.16056,1.16044,1.16054,0
2026-05-28 11:02:00+00:00,1.16053,1.16055,1.16047,1.16054,0
2026-05-28 11:03:00+00:00,1.16055,1.16075,1.16055,1.16075,0
2026-05-28 11:04:00+00:00,1.16076,1.16081,1.16072,1.16078,0
2026-05-28 11:05:00+00:00,1.16079,1.16079,1.16069,1.16075,0
2026-05-28 11:06:00+00:00,1.16073,1.16079,1.1607,1.16073,0
2026-05-28 11:07:00+00:00,1.16072,1.16075,1.16066,1.16073,0
2026-05-28 11:08:00+00:00,1.16074,1.16074,1.16054,1.16066,0
2026-05-28 11:09:00+00:00,1.16065,1.16072,1.16065,1.1607,0
2026-05-28 11:10:00+00:00,1.16071,1.16071,1.1606,1.16066,0
2026-05-28 11:11:00+00:00,1.16065,1.16068,1.16051,1.16054,0
2026-05-28 11:12:00+00:00,1.16054,1.16065,1.16054,1.16063,0
2026-05-28 11:13:00+00:00,1.16064,1.16074,1.16064,1.16073,0
2026-05-28 11:14:00+00:00,1.16072,1.16077,1.16069,1.16077,0
2026-05-28 11:15:00+00:00,1.16077,1.16087,1.16077,1.16085,0
2026-05-28 11:16:00+00:00,1.16084,1.16085,1.16076,1.1608,0
2026-05-28 11:17:00+00:00,1.16082,1.16088,1.1608,1.16081,0
2026-05-28 11:18:00+00:00,1.16081,1.16086,1.16079,1.16085,0
2026-05-28 11:19:00+00:00,1.16084,1.16084,1.16079,1.16082,0
2026-05-28 11:20:00+00:00,1.16083,1.16094,1.16083,1.1609,0
2026-05-28 11:21:00+00:00,1.1609,1.16091,1.16085,1.16091,0
2026-05-28 11:22:00+00:00,1.1609,1.1609,1.16085,1.1609,0
2026-05-28 11:23:00+00:00,1.16091,1.16091,1.1608,1.16091,0
2026-05-28 11:24:00+00:00,1.16089,1.16089,1.1608,1.16089,0
2026-05-28 11:25:00+00:00,1.1609,1.16097,1.1609,1.16097,0
2026-05-28 11:26:00+00:00,1.16099,1.161,1.16089,1.16091,0
2026-05-28 11:27:00+00:00,1.1609,1.16091,1.16088,1.16088,0
2026-05-28 11:28:00+00:00,1.1609,1.1609,1.16082,1.16087,0
2026-05-28 11:29:00+00:00,1.16084,1.1611,1.16084,1.16106,0
2026-05-28 11:30:00+00:00,1.16106,1.16106,1.16094,1.16095,0
2026-05-28 11:31:00+00:00,1.16094,1.16094,1.16084,1.16085,0
2026-05-28 11:32:00+00:00,1.16085,1.16085,1.1608,1.16083,0
2026-05-28 11:33:00+00:00,1.16082,1.16097,1.16082,1.16096,0
2026-05-28 11:34:00+00:00,1.16096,1.16107,1.16093,1.16105,0
2026-05-28 11:35:00+00:00,1.16104,1.16107,1.16097,1.16103,0
2026-05-28 11:36:00+00:00,1.16104,1.16107,1.16104,1.16105,0
2026-05-28 11:37:00+00:00,1.16107,1.16113,1.16105,1.1611,0
2026-05-28 11:38:00+00:00,1.16111,1.16112,1.16101,1.16107,0
2026-05-28 11:39:00+00:00,1.16106,1.16107,1.161,1.16107,0
2026-05-28 11:40:00+00:00,1.16105,1.16109,1.16099,1.16109,0
2026-05-28 11:41:00+00:00,1.16111,1.16113,1.16106,1.16112,0
2026-05-28 11:42:00+00:00,1.16114,1.16117,1.16106,1.16117,0
2026-05-28 11:43:00+00:00,1.16115,1.16117,1.16115,1.16115,0
2026-05-28 11:44:00+00:00,1.16115,1.16119,1.16112,1.16112,0
2026-05-28 11:45:00+00:00,1.16113,1.16117,1.16105,1.16117,0
2026-05-28 11:46:00+00:00,1.16116,1.16119,1.16113,1.16116,0
2026-05-28 11:47:00+00:00,1.16115,1.16117,1.16112,1.16116,0
2026-05-28 11:48:00+00:00,1.16116,1.16126,1.16116,1.1612,0
2026-05-28 11:49:00+00:00,1.1612,1.16121,1.16107,1.16107,0
2026-05-28 11:50:00+00:00,1.16105,1.16112,1.16103,1.16112,0
2026-05-28 11:51:00+00:00,1.16113,1.16122,1.16111,1.16121,0
2026-05-28 11:52:00+00:00,1.1612,1.16127,1.16116,1.16127,0
2026-05-28 11:53:00+00:00,1.16127,1.16146,1.16122,1.16143,0
2026-05-28 11:54:00+00:00,1.16143,1.16182,1.16141,1.16182,0
2026-05-28 11:55:00+00:00,1.16179,1.162,1.16167,1.16197,0
2026-05-28 11:56:00+00:00,1.16198,1.1622,1.16191,1.16219,0
2026-05-28 11:57:00+00:00,1.16218,1.16226,1.16214,1.16216,0
2026-05-28 11:58:00+00:00,1.16216,1.16222,1.16201,1.16209,0
2026-05-28 11:59:00+00:00,1.16208,1.16208,1.16164,1.16169,0
2026-05-28 12:00:00+00:00,1.16168,1.16177,1.16164,1.1617,0
2026-05-28 12:01:00+00:00,1.16168,1.16182,1.16168,1.16182,0
2026-05-28 12:02:00+00:00,1.16181,1.16185,1.16175,1.1618,0
2026-05-28 12:03:00+00:00,1.16182,1.16185,1.16175,1.16175,0
2026-05-28 12:04:00+00:00,1.16173,1.16175,1.16166,1.16175,0
2026-05-28 12:05:00+00:00,1.16174,1.16183,1.16172,1.16176,0
2026-05-28 12:06:00+00:00,1.16174,1.16182,1.16171,1.16179,0
2026-05-28 12:07:00+00:00,1.16179,1.16195,1.16179,1.16195,0
2026-05-28 12:08:00+00:00,1.16195,1.16197,1.16188,1.16188,0
2026-05-28 12:09:00+00:00,1.16188,1.16191,1.16168,1.1617,0
2026-05-28 12:10:00+00:00,1.1617,1.16171,1.16155,1.16165,0
2026-05-28 12:11:00+00:00,1.16166,1.16175,1.16161,1.16169,0
2026-05-28 12:12:00+00:00,1.16169,1.16187,1.16169,1.16183,0
2026-05-28 12:13:00+00:00,1.16179,1.1619,1.16178,1.16187,0
2026-05-28 12:14:00+00:00,1.16188,1.16192,1.1618,1.16192,0
2026-05-28 12:15:00+00:00,1.16192,1.16196,1.16189,1.16191,0
2026-05-28 12:16:00+00:00,1.16189,1.16204,1.16189,1.16204,0
2026-05-28 12:17:00+00:00,1.16203,1.16205,1.16197,1.16204,0
2026-05-28 12:18:00+00:00,1.16204,1.16213,1.16199,1.1621,0
2026-05-28 12:19:00+00:00,1.16213,1.16218,1.16208,1.16215,0
2026-05-28 12:20:00+00:00,1.16216,1.16227,1.16214,1.1622,0
2026-05-28 12:21:00+00:00,1.16221,1.16227,1.16209,1.16209,0
2026-05-28 12:22:00+00:00,1.16209,1.16216,1.16208,1.16213,0
2026-05-28 12:23:00+00:00,1.16215,1.16219,1.16212,1.16219,0
2026-05-28 12:24:00+00:00,1.16219,1.16221,1.16206,1.16218,0
2026-05-28 12:25:00+00:00,1.16219,1.16244,1.16217,1.1624,0
2026-05-28 12:26:00+00:00,1.16242,1.16251,1.16242,1.16249,0
2026-05-28 12:27:00+00:00,1.16249,1.1625,1.16242,1.16247,0
2026-05-28 12:28:00+00:00,1.16246,1.16246,1.16234,1.1624,0
2026-05-28 12:29:00+00:00,1.16242,1.16257,1.16238,1.16242,0
2026-05-28 12:30:00+00:00,1.16241,1.16339,1.16234,1.16295,0
2026-05-28 12:31:00+00:00,1.16296,1.16304,1.1628,1.16284,0
2026-05-28 12:32:00+00:00,1.16283,1.16285,1.16264,1.16264,0
2026-05-28 12:33:00+00:00,1.16267,1.16301,1.16267,1.16301,0
2026-05-28 12:34:00+00:00,1.16301,1.16307,1.16288,1.16292,0
2026-05-28 12:35:00+00:00,1.16294,1.16303,1.16289,1.16289,0
2026-05-28 12:36:00+00:00,1.16287,1.16341,1.16286,1.16333,0
2026-05-28 12:37:00+00:00,1.16331,1.16341,1.16316,1.16316,0
2026-05-28 12:38:00+00:00,1.16319,1.16333,1.16312,1.16333,0
2026-05-28 12:39:00+00:00,1.16332,1.16332,1.16311,1.16324,0
2026-05-28 12:40:00+00:00,1.16323,1.16339,1.16316,1.16326,0
2026-05-28 12:41:00+00:00,1.16326,1.16333,1.16317,1.16327,0
2026-05-28 12:42:00+00:00,1.16327,1.16335,1.16323,1.16333,0
2026-05-28 12:43:00+00:00,1.16338,1.16342,1.16318,1.16318,0
2026-05-28 12:44:00+00:00,1.1632,1.16324,1.16313,1.16324,0
2026-05-28 12:45:00+00:00,1.16324,1.16334,1.16322,1.16333,0
2026-05-28 12:46:00+00:00,1.16333,1.16338,1.16327,1.16331,0
2026-05-28 12:47:00+00:00,1.16333,1.16333,1.1632,1.1632,0
2026-05-28 12:48:00+00:00,1.16321,1.16333,1.16321,1.1633,0
2026-05-28 12:49:00+00:00,1.16329,1.16359,1.16327,1.16336,0
2026-05-28 12:50:00+00:00,1.16334,1.16345,1.16325,1.16328,0
2026-05-28 12:51:00+00:00,1.16329,1.16359,1.16329,1.16357,0
2026-05-28 12:52:00+00:00,1.16359,1.16375,1.1635,1.16375,0
2026-05-28 12:53:00+00:00,1.16375,1.1638,1.16358,1.16359,0
2026-05-28 12:54:00+00:00,1.16359,1.16362,1.1635,1.1635,0
2026-05-28 12:55:00+00:00,1.16352,1.16368,1.1635,1.16362,0
2026-05-28 12:56:00+00:00,1.16362,1.16362,1.16345,1.16357,0
2026-05-28 12:57:00+00:00,1.16357,1.16375,1.16357,1.16369,0
2026-05-28 12:58:00+00:00,1.16369,1.16369,1.16358,1.16359,0
2026-05-28 12:59:00+00:00,1.16359,1.16366,1.16359,1.16364,0
2026-05-28 13:00:00+00:00,1.16367,1.16381,1.16363,1.16381,0
2026-05-28 13:01:00+00:00,1.16383,1.16404,1.1638,1.16397,0
2026-05-28 13:02:00+00:00,1.16396,1.1642,1.16385,1.16419,0
2026-05-28 13:03:00+00:00,1.1642,1.16431,1.16407,1.16408,0
2026-05-28 13:04:00+00:00,1.16406,1.16419,1.16404,1.16415,0
2026-05-28 13:05:00+00:00,1.16416,1.16428,1.16415,1.16421,0
2026-05-28 13:06:00+00:00,1.16419,1.1642,1.16403,1.16408,0
2026-05-28 13:07:00+00:00,1.16407,1.16409,1.1638,1.16388,0
2026-05-28 13:08:00+00:00,1.16386,1.16393,1.16383,1.16386,0
2026-05-28 13:09:00+00:00,1.16386,1.16389,1.16363,1.16373,0
2026-05-28 13:10:00+00:00,1.16373,1.16376,1.16364,1.16366,0
2026-05-28 13:11:00+00:00,1.16365,1.16369,1.16346,1.16346,0
2026-05-28 13:12:00+00:00,1.16347,1.16356,1.16343,1.16344,0
2026-05-28 13:13:00+00:00,1.16342,1.16342,1.16329,1.16335,0
2026-05-28 13:14:00+00:00,1.16333,1.16337,1.16326,1.16327,0
2026-05-28 13:15:00+00:00,1.16325,1.16337,1.16325,1.16329,0
2026-05-28 13:16:00+00:00,1.16328,1.16338,1.16327,1.16335,0
2026-05-28 13:17:00+00:00,1.16336,1.16337,1.16332,1.16334,0
2026-05-28 13:18:00+00:00,1.16336,1.16345,1.16336,1.16339,0
2026-05-28 13:19:00+00:00,1.16339,1.16349,1.16336,1.16343,0
2026-05-28 13:20:00+00:00,1.16344,1.1635,1.16335,1.16335,0
2026-05-28 13:21:00+00:00,1.16336,1.16348,1.16335,1.16344,0
2026-05-28 13:22:00+00:00,1.16344,1.1635,1.16341,1.16345,0
2026-05-28 13:23:00+00:00,1.16344,1.16344,1.16335,1.16335,0
2026-05-28 13:24:00+00:00,1.16334,1.16349,1.16334,1.16344,0
2026-05-28 13:25:00+00:00,1.16343,1.16354,1.16338,1.16353,0
2026-05-28 13:26:00+00:00,1.16353,1.16354,1.16342,1.16344,0
2026-05-28 13:27:00+00:00,1.16345,1.16346,1.16335,1.16335,0
2026-05-28 13:28:00+00:00,1.16336,1.1634,1.16327,1.16339,0
2026-05-28 13:29:00+00:00,1.16339,1.1634,1.16327,1.16327,0
2026-05-28 13:30:00+00:00,1.16329,1.16334,1.1632,1.16331,0
2026-05-28 13:31:00+00:00,1.16328,1.16345,1.16327,1.16335,0
2026-05-28 13:32:00+00:00,1.16338,1.16342,1.16333,1.16342,0
2026-05-28 13:33:00+00:00,1.16342,1.16344,1.16329,1.1633,0
2026-05-28 13:34:00+00:00,1.1633,1.16341,1.16329,1.1634,0
2026-05-28 13:35:00+00:00,1.16341,1.16356,1.16338,1.16343,0
2026-05-28 13:36:00+00:00,1.16344,1.16357,1.16341,1.16343,0
2026-05-28 13:37:00+00:00,1.16344,1.16354,1.16338,1.16339,0
2026-05-28 13:38:00+00:00,1.16339,1.16349,1.16338,1.16345,0
2026-05-28 13:39:00+00:00,1.16347,1.1635,1.16335,1.16335,0
2026-05-28 13:40:00+00:00,1.16335,1.16356,1.16332,1.1635,0
2026-05-28 13:41:00+00:00,1.1635,1.16366,1.16346,1.16355,0
2026-05-28 13:42:00+00:00,1.16355,1.1637,1.16345,1.16366,0
2026-05-28 13:43:00+00:00,1.16366,1.16385,1.16363,1.16377,0
2026-05-28 13:44:00+00:00,1.16378,1.16383,1.16372,1.16374,0
2026-05-28 13:45:00+00:00,1.16372,1.1638,1.16368,1.16378,0
2026-05-28 13:46:00+00:00,1.1638,1.16384,1.16363,1.16363,0
2026-05-28 13:47:00+00:00,1.16365,1.1637,1.16342,1.16347,0
2026-05-28 13:48:00+00:00,1.16346,1.16346,1.16328,1.16339,0
2026-05-28 13:49:00+00:00,1.1634,1.16347,1.16333,1.16343,0
2026-05-28 13:50:00+00:00,1.16342,1.16378,1.16338,1.16354,0
2026-05-28 13:51:00+00:00,1.16353,1.16361,1.16347,1.16354,0
2026-05-28 13:52:00+00:00,1.16353,1.16356,1.16348,1.16355,0
2026-05-28 13:53:00+00:00,1.16353,1.16353,1.16334,1.16336,0
2026-05-28 13:54:00+00:00,1.16333,1.16333,1.1632,1.1632,0
2026-05-28 13:55:00+00:00,1.16319,1.16324,1.16295,1.16296,0
2026-05-28 13:56:00+00:00,1.16297,1.16302,1.1629,1.16299,0
2026-05-28 13:57:00+00:00,1.16301,1.16309,1.16296,1.16306,0
2026-05-28 13:58:00+00:00,1.16304,1.16315,1.16299,1.16311,0
2026-05-28 13:59:00+00:00,1.16311,1.16312,1.16301,1.16302,0
2026-05-28 14:00:00+00:00,1.16303,1.16303,1.16277,1.16277,0
2026-05-28 14:01:00+00:00,1.16277,1.16285,1.16275,1.16279,0
2026-05-28 14:02:00+00:00,1.16278,1.1628,1.16268,1.1628,0
2026-05-28 14:03:00+00:00,1.16277,1.1629,1.16273,1.16288,0
2026-05-28 14:04:00+00:00,1.16287,1.1631,1.16283,1.16299,0
2026-05-28 14:05:00+00:00,1.163,1.1631,1.16299,1.16309,0
2026-05-28 14:06:00+00:00,1.16308,1.16308,1.16294,1.16296,0
2026-05-28 14:07:00+00:00,1.16295,1.16302,1.16287,1.16287,0
2026-05-28 14:08:00+00:00,1.16285,1.16296,1.16283,1.16296,0
2026-05-28 14:09:00+00:00,1.16295,1.16299,1.1629,1.16295,0
2026-05-28 14:10:00+00:00,1.16296,1.16298,1.16276,1.16276,0
2026-05-28 14:11:00+00:00,1.16276,1.16276,1.16269,1.16272,0
2026-05-28 14:12:00+00:00,1.16273,1.16414,1.1627,1.16412,0
2026-05-28 14:13:00+00:00,1.16409,1.16524,1.16369,1.16522,0
2026-05-28 14:14:00+00:00,1.1652,1.16541,1.16461,1.16462,0
2026-05-28 14:15:00+00:00,1.16459,1.16478,1.16434,1.16437,0
2026-05-28 14:16:00+00:00,1.16437,1.16502,1.16417,1.16494,0
2026-05-28 14:17:00+00:00,1.16494,1.16509,1.16481,1.16499,0
2026-05-28 14:18:00+00:00,1.16499,1.16556,1.16498,1.16537,0
2026-05-28 14:19:00+00:00,1.16536,1.16576,1.16529,1.16529,0
2026-05-28 14:20:00+00:00,1.1653,1.16578,1.16521,1.16547,0
2026-05-28 14:21:00+00:00,1.16547,1.16555,1.16482,1.16504,0
2026-05-28 14:22:00+00:00,1.16502,1.16511,1.16483,1.16499,0
2026-05-28 14:23:00+00:00,1.16498,1.16507,1.16468,1.165,0
2026-05-28 14:24:00+00:00,1.165,1.16541,1.165,1.16523,0
2026-05-28 14:25:00+00:00,1.16522,1.16545,1.16503,1.16545,0
2026-05-28 14:26:00+00:00,1.16548,1.16559,1.16528,1.16553,0
2026-05-28 14:27:00+00:00,1.16555,1.16567,1.16531,1.16531,0
2026-05-28 14:28:00+00:00,1.16532,1.16546,1.16513,1.1654,0
2026-05-28 14:29:00+00:00,1.16539,1.16542,1.16525,1.1654,0
2026-05-28 14:30:00+00:00,1.16542,1.16567,1.16538,1.16554,0
2026-05-28 14:31:00+00:00,1.16552,1.16559,1.16513,1.16515,0
2026-05-28 14:32:00+00:00,1.16517,1.16523,1.16502,1.16517,0
2026-05-28 14:33:00+00:00,1.16518,1.16524,1.16484,1.16496,0
2026-05-28 14:34:00+00:00,1.16496,1.16499,1.16476,1.16478,0
2026-05-28 14:35:00+00:00,1.16481,1.16491,1.16466,1.16477,0
2026-05-28 14:36:00+00:00,1.16475,1.16494,1.16466,1.16486,0
2026-05-28 14:37:00+00:00,1.16485,1.16504,1.16478,1.16494,0
2026-05-28 14:38:00+00:00,1.16494,1.165,1.16469,1.16498,0
2026-05-28 14:39:00+00:00,1.16499,1.16515,1.16498,1.16504,0
2026-05-28 14:40:00+00:00,1.16504,1.16559,1.16499,1.16551,0
2026-05-28 14:41:00+00:00,1.1655,1.16551,1.16527,1.16532,0
2026-05-28 14:42:00+00:00,1.16531,1.16542,1.16521,1.16521,0
2026-05-28 14:43:00+00:00,1.16524,1.16531,1.16516,1.16527,0
2026-05-28 14:44:00+00:00,1.16528,1.16528,1.165,1.16517,0
2026-05-28 14:45:00+00:00,1.16517,1.16541,1.16511,1.16527,0
2026-05-28 14:46:00+00:00,1.16531,1.16554,1.16486,1.16514,0
2026-05-28 14:47:00+00:00,1.16514,1.16518,1.16477,1.16496,0
2026-05-28 14:48:00+00:00,1.16498,1.16539,1.16498,1.16517,0
2026-05-28 14:49:00+00:00,1.16518,1.16518,1.16463,1.16486,0
2026-05-28 14:50:00+00:00,1.16487,1.16519,1.16473,1.16479,0
2026-05-28 14:51:00+00:00,1.16479,1.16483,1.16443,1.16445,0
2026-05-28 14:52:00+00:00,1.16448,1.1646,1.16429,1.16449,0
2026-05-28 14:53:00+00:00,1.16452,1.1649,1.1645,1.16469,0
2026-05-28 14:54:00+00:00,1.16469,1.16477,1.16454,1.16455,0
2026-05-28 14:55:00+00:00,1.16457,1.16472,1.16454,1.16458,0
2026-05-28 14:56:00+00:00,1.16459,1.16475,1.16455,1.16474,0
2026-05-28 14:57:00+00:00,1.16474,1.16475,1.16445,1.16452,0
2026-05-28 14:58:00+00:00,1.16453,1.16468,1.1645,1.16466,0
2026-05-28 14:59:00+00:00,1.16466,1.16475,1.16465,1.16475,0
2026-05-28 15:00:00+00:00,1.16477,1.16508,1.16475,1.16507,0
2026-05-28 15:01:00+00:00,1.16508,1.16516,1.165,1.16513,0
2026-05-28 15:02:00+00:00,1.1651,1.16526,1.16495,1.16516,0
2026-05-28 15:03:00+00:00,1.16514,1.16515,1.16493,1.16499,0
2026-05-28 15:04:00+00:00,1.16502,1.16515,1.16501,1.1651,0
2026-05-28 15:05:00+00:00,1.16511,1.16526,1.1651,1.16511,0
2026-05-28 15:06:00+00:00,1.16509,1.1653,1.16506,1.16526,0
2026-05-28 15:07:00+00:00,1.16527,1.16535,1.16503,1.16503,0
2026-05-28 15:08:00+00:00,1.16502,1.16507,1.16492,1.16506,0
2026-05-28 15:09:00+00:00,1.16507,1.16528,1.16506,1.16527,0
2026-05-28 15:10:00+00:00,1.16527,1.16528,1.16512,1.16512,0
2026-05-28 15:11:00+00:00,1.16512,1.16549,1.16511,1.16548,0
2026-05-28 15:12:00+00:00,1.16547,1.16547,1.16535,1.16539,0
2026-05-28 15:13:00+00:00,1.16541,1.16551,1.16541,1.16546,0
2026-05-28 15:14:00+00:00,1.16544,1.16545,1.1653,1.16535,0
2026-05-28 15:15:00+00:00,1.16535,1.16535,1.16519,1.16524,0
2026-05-28 15:16:00+00:00,1.16525,1.16531,1.16513,1.1653,0
2026-05-28 15:17:00+00:00,1.16531,1.16537,1.16526,1.1653,0
2026-05-28 15:18:00+00:00,1.16529,1.16544,1.16525,1.16538,0
2026-05-28 15:19:00+00:00,1.16538,1.1654,1.1652,1.1652,0
2026-05-28 15:20:00+00:00,1.16518,1.16527,1.16515,1.16517,0
2026-05-28 15:21:00+00:00,1.16516,1.16526,1.16515,1.1652,0
2026-05-28 15:22:00+00:00,1.16521,1.16528,1.16504,1.16521,0
2026-05-28 15:23:00+00:00,1.16521,1.16529,1.16515,1.16518,0
2026-05-28 15:24:00+00:00,1.16519,1.16531,1.16519,1.16527,0
2026-05-28 15:25:00+00:00,1.16527,1.16534,1.1652,1.16525,0
2026-05-28 15:26:00+00:00,1.16526,1.16536,1.16524,1.16533,0
2026-05-28 15:27:00+00:00,1.16532,1.16532,1.16518,1.16519,0
2026-05-28 15:28:00+00:00,1.16521,1.16546,1.16517,1.16532,0
2026-05-28 15:29:00+00:00,1.16531,1.16535,1.16526,1.16529,0
2026-05-28 15:30:00+00:00,1.16531,1.1654,1.16525,1.1653,0
2026-05-28 15:31:00+00:00,1.1653,1.16536,1.16525,1.16535,0
2026-05-28 15:32:00+00:00,1.16535,1.1654,1.1652,1.16539,0
2026-05-28 15:33:00+00:00,1.16537,1.16546,1.1653,1.16535,0
2026-05-28 15:34:00+00:00,1.16535,1.16541,1.16531,1.1654,0
2026-05-28 15:35:00+00:00,1.16539,1.16541,1.1653,1.1654,0
2026-05-28 15:36:00+00:00,1.16541,1.16567,1.1654,1.16561,0
2026-05-28 15:37:00+00:00,1.1656,1.1656,1.16522,1.16525,0
2026-05-28 15:38:00+00:00,1.16527,1.16527,1.16512,1.16514,0
2026-05-28 15:39:00+00:00,1.16513,1.16529,1.16513,1.16513,0
2026-05-28 15:40:00+00:00,1.16514,1.1652,1.16509,1.16514,0
2026-05-28 15:41:00+00:00,1.16514,1.16514,1.16498,1.16506,0
2026-05-28 15:42:00+00:00,1.16505,1.1652,1.16505,1.16507,0
2026-05-28 15:43:00+00:00,1.16506,1.16516,1.16506,1.16512,0
2026-05-28 15:44:00+00:00,1.16512,1.16519,1.16511,1.16511,0
2026-05-28 15:45:00+00:00,1.1651,1.16522,1.16505,1.16507,0
2026-05-28 15:46:00+00:00,1.16507,1.16524,1.16506,1.16522,0
2026-05-28 15:47:00+00:00,1.16523,1.16529,1.16519,1.16525,0
2026-05-28 15:48:00+00:00,1.16524,1.16524,1.16512,1.16513,0
2026-05-28 15:49:00+00:00,1.16513,1.16516,1.16509,1.16516,0
2026-05-28 15:50:00+00:00,1.16518,1.16526,1.16514,1.16515,0
2026-05-28 15:51:00+00:00,1.16514,1.16536,1.16514,1.16535,0
2026-05-28 15:52:00+00:00,1.16533,1.16533,1.16519,1.1652,0
2026-05-28 15:53:00+00:00,1.16521,1.16521,1.16509,1.16511,0
2026-05-28 15:54:00+00:00,1.16512,1.1652,1.1651,1.1652,0
2026-05-28 15:55:00+00:00,1.1652,1.16521,1.165,1.16501,0
2026-05-28 15:56:00+00:00,1.165,1.16523,1.165,1.16511,0
2026-05-28 15:57:00+00:00,1.16511,1.16511,1.165,1.16503,0
2026-05-28 15:58:00+00:00,1.16501,1.16503,1.1649,1.16494,0
2026-05-28 15:59:00+00:00,1.16491,1.16495,1.16477,1.1648,0
2026-05-28 16:00:00+00:00,1.1648,1.16495,1.1648,1.16487,0
2026-05-28 16:01:00+00:00,1.16488,1.16493,1.16477,1.16477,0
2026-05-28 16:02:00+00:00,1.16478,1.16485,1.16461,1.16462,0
2026-05-28 16:03:00+00:00,1.16463,1.16473,1.16454,1.1647,0
2026-05-28 16:04:00+00:00,1.1647,1.16485,1.16469,1.16484,0
2026-05-28 16:05:00+00:00,1.16485,1.16501,1.16485,1.16499,0
2026-05-28 16:06:00+00:00,1.165,1.16501,1.16489,1.16496,0
2026-05-28 16:07:00+00:00,1.16497,1.16501,1.16492,1.165,0
2026-05-28 16:08:00+00:00,1.165,1.16506,1.16498,1.16502,0
2026-05-28 16:09:00+00:00,1.16499,1.16501,1.16492,1.16496,0
2026-05-28 16:10:00+00:00,1.16497,1.16501,1.16495,1.16501,0
2026-05-28 16:11:00+00:00,1.16503,1.16504,1.16494,1.16496,0
2026-05-28 16:12:00+00:00,1.16497,1.16497,1.16487,1.16488,0
2026-05-28 16:13:00+00:00,1.16489,1.16492,1.16477,1.16484,0
2026-05-28 16:14:00+00:00,1.16485,1.16503,1.16485,1.16503,0
2026-05-28 16:15:00+00:00,1.16505,1.16512,1.16493,1.16508,0
2026-05-28 16:16:00+00:00,1.16506,1.16525,1.16506,1.16525,0
2026-05-28 16:17:00+00:00,1.16525,1.16525,1.16515,1.16522,0
2026-05-28 16:18:00+00:00,1.16524,1.16549,1.16522,1.16544,0
2026-05-28 16:19:00+00:00,1.16545,1.16545,1.1653,1.16536,0
2026-05-28 16:20:00+00:00,1.16535,1.1654,1.16524,1.16538,0
2026-05-28 16:21:00+00:00,1.16539,1.16548,1.16538,1.16547,0
2026-05-28 16:22:00+00:00,1.16548,1.16551,1.1654,1.16543,0
2026-05-28 16:23:00+00:00,1.16543,1.16551,1.16543,1.16549,0
2026-05-28 16:24:00+00:00,1.16547,1.1661,1.16547,1.16575,0
2026-05-28 16:25:00+00:00,1.16574,1.16579,1.16563,1.16563,0
2026-05-28 16:26:00+00:00,1.16564,1.16572,1.16559,1.1657,0
2026-05-28 16:27:00+00:00,1.16569,1.16573,1.16564,1.16566,0
2026-05-28 16:28:00+00:00,1.16565,1.1658,1.16565,1.16574,0
2026-05-28 16:29:00+00:00,1.16576,1.1658,1.16569,1.16571,0
2026-05-28 16:30:00+00:00,1.16571,1.16575,1.1656,1.16574,0
2026-05-28 16:31:00+00:00,1.16574,1.16576,1.16563,1.16565,0
2026-05-28 16:32:00+00:00,1.16566,1.16572,1.16561,1.16572,0
2026-05-28 16:33:00+00:00,1.16572,1.16575,1.16565,1.16574,0
2026-05-28 16:34:00+00:00,1.16572,1.16584,1.16568,1.16583,0
2026-05-28 16:35:00+00:00,1.16586,1.16595,1.16586,1.16592,0
2026-05-28 16:36:00+00:00,1.16591,1.16592,1.16566,1.16566,0
2026-05-28 16:37:00+00:00,1.16566,1.16581,1.16561,1.16564,0
2026-05-28 16:38:00+00:00,1.16561,1.16566,1.16547,1.16547,0
2026-05-28 16:39:00+00:00,1.16549,1.16553,1.16543,1.16543,0
2026-05-28 16:40:00+00:00,1.16545,1.16549,1.16538,1.16546,0
2026-05-28 16:41:00+00:00,1.16546,1.16565,1.16545,1.16564,0
2026-05-28 16:42:00+00:00,1.16563,1.16567,1.1656,1.16567,0
2026-05-28 16:43:00+00:00,1.16567,1.16578,1.16561,1.16563,0
2026-05-28 16:44:00+00:00,1.16561,1.16568,1.16558,1.16562,0
2026-05-28 16:45:00+00:00,1.16563,1.16585,1.16563,1.16577,0
2026-05-28 16:46:00+00:00,1.16578,1.16578,1.16569,1.16577,0
2026-05-28 16:47:00+00:00,1.16577,1.16577,1.16563,1.16563,0
2026-05-28 16:48:00+00:00,1.16566,1.16571,1.16562,1.16565,0
2026-05-28 16:49:00+00:00,1.16565,1.1657,1.16555,1.16556,0
2026-05-28 16:50:00+00:00,1.16557,1.16569,1.16547,1.16549,0
2026-05-28 16:51:00+00:00,1.16547,1.16552,1.16543,1.16546,0
2026-05-28 16:52:00+00:00,1.16547,1.16549,1.16543,1.16549,0
2026-05-28 16:53:00+00:00,1.16549,1.16558,1.16534,1.16537,0
2026-05-28 16:54:00+00:00,1.16537,1.16554,1.16537,1.1655,0
2026-05-28 16:55:00+00:00,1.16551,1.16573,1.16551,1.16573,0
2026-05-28 16:56:00+00:00,1.16573,1.16587,1.1657,1.16585,0
2026-05-28 16:57:00+00:00,1.16584,1.16588,1.16569,1.16572,0
2026-05-28 16:58:00+00:00,1.16571,1.16573,1.16564,1.16565,0
2026-05-28 16:59:00+00:00,1.16567,1.16572,1.16566,1.16567,0
2026-05-28 17:00:00+00:00,1.16568,1.16573,1.16559,1.16561,0
2026-05-28 17:01:00+00:00,1.16561,1.16569,1.16561,1.16567,0
2026-05-28 17:02:00+00:00,1.16568,1.16569,1.16552,1.16556,0
2026-05-28 17:03:00+00:00,1.16556,1.16567,1.16554,1.16566,0
2026-05-28 17:04:00+00:00,1.16565,1.16569,1.16562,1.16565,0
2026-05-28 17:05:00+00:00,1.16565,1.16565,1.16536,1.16541,0
2026-05-28 17:06:00+00:00,1.1654,1.16544,1.16534,1.16538,0
2026-05-28 17:07:00+00:00,1.16538,1.16539,1.16532,1.16539,0
2026-05-28 17:08:00+00:00,1.16538,1.16543,1.16533,1.1654,0
2026-05-28 17:09:00+00:00,1.16541,1.16558,1.16539,1.16556,0
2026-05-28 17:10:00+00:00,1.16557,1.16559,1.16554,1.16558,0
2026-05-28 17:11:00+00:00,1.16556,1.16556,1.16535,1.16552,0
2026-05-28 17:12:00+00:00,1.16553,1.16556,1.16543,1.16547,0
2026-05-28 17:13:00+00:00,1.16546,1.1655,1.16542,1.16546,0
2026-05-28 17:14:00+00:00,1.16544,1.16548,1.16544,1.16548,0
2026-05-28 17:15:00+00:00,1.16547,1.16548,1.16535,1.16536,0
2026-05-28 17:16:00+00:00,1.16535,1.16544,1.16535,1.1654,0
2026-05-28 17:17:00+00:00,1.16541,1.16547,1.1654,1.16545,0
2026-05-28 17:18:00+00:00,1.16545,1.16545,1.16538,1.16539,0
2026-05-28 17:19:00+00:00,1.16539,1.16543,1.16536,1.16536,0
2026-05-28 17:20:00+00:00,1.16536,1.1654,1.16532,1.16533,0
2026-05-28 17:21:00+00:00,1.16536,1.16536,1.16527,1.16535,0
2026-05-28 17:22:00+00:00,1.16535,1.1654,1.16534,1.16539,0
2026-05-28 17:23:00+00:00,1.16539,1.16539,1.16527,1.16534,0
2026-05-28 17:24:00+00:00,1.16534,1.1654,1.16532,1.16533,0
2026-05-28 17:25:00+00:00,1.16533,1.16533,1.16523,1.16524,0
2026-05-28 17:26:00+00:00,1.16524,1.1653,1.16524,1.16524,0
2026-05-28 17:27:00+00:00,1.16526,1.16529,1.16519,1.16522,0
2026-05-28 17:28:00+00:00,1.16524,1.16524,1.1652,1.1652,0
2026-05-28 17:29:00+00:00,1.16521,1.16521,1.16508,1.16509,0
2026-05-28 17:30:00+00:00,1.16511,1.16519,1.1651,1.16514,0
2026-05-28 17:31:00+00:00,1.16516,1.16531,1.16516,1.16531,0
2026-05-28 17:32:00+00:00,1.16531,1.16535,1.16527,1.16529,0
2026-05-28 17:33:00+00:00,1.1653,1.16538,1.1653,1.16536,0
2026-05-28 17:34:00+00:00,1.16534,1.16534,1.16529,1.16533,0
2026-05-28 17:35:00+00:00,1.1653,1.16536,1.16524,1.16525,0
2026-05-28 17:36:00+00:00,1.16525,1.16525,1.16517,1.16518,0
2026-05-28 17:37:00+00:00,1.1652,1.16524,1.16518,1.1652,0
2026-05-28 17:38:00+00:00,1.16519,1.16524,1.16519,1.16519,0
2026-05-28 17:39:00+00:00,1.16516,1.16522,1.16512,1.16522,0
2026-05-28 17:40:00+00:00,1.16524,1.16528,1.16522,1.16524,0
2026-05-28 17:41:00+00:00,1.16524,1.16525,1.16517,1.16517,0
2026-05-28 17:42:00+00:00,1.16519,1.16521,1.16518,1.1652,0
2026-05-28 17:43:00+00:00,1.16519,1.16524,1.16518,1.16518,0
2026-05-28 17:44:00+00:00,1.16519,1.1652,1.16509,1.16512,0
2026-05-28 17:45:00+00:00,1.16513,1.1652,1.16513,1.1652,0
2026-05-28 17:46:00+00:00,1.16521,1.16525,1.16518,1.1652,0
2026-05-28 17:47:00+00:00,1.1652,1.16525,1.16515,1.16517,0
2026-05-28 17:48:00+00:00,1.16518,1.16519,1.16517,1.16518,0
2026-05-28 17:49:00+00:00,1.16516,1.16518,1.16513,1.16518,0
2026-05-28 17:50:00+00:00,1.1652,1.1653,1.16513,1.16524,0
2026-05-28 17:51:00+00:00,1.16525,1.16529,1.16514,1.16514,0
2026-05-28 17:52:00+00:00,1.16515,1.16524,1.16514,1.1652,0
2026-05-28 17:53:00+00:00,1.16522,1.16525,1.16517,1.16519,0
2026-05-28 17:54:00+00:00,1.16519,1.16526,1.16517,1.16525,0
2026-05-28 17:55:00+00:00,1.16525,1.16533,1.16524,1.16532,0
2026-05-28 17:56:00+00:00,1.16532,1.16543,1.16531,1.1654,0
2026-05-28 17:57:00+00:00,1.1654,1.1654,1.16523,1.16528,0
2026-05-28 17:58:00+00:00,1.1653,1.16531,1.16526,1.16529,0
2026-05-28 17:59:00+00:00,1.1653,1.16536,1.1653,1.16533,0
2026-05-28 18:00:00+00:00,1.16531,1.16535,1.16524,1.16529,0
2026-05-28 18:01:00+00:00,1.16528,1.16534,1.16527,1.16534,0
2026-05-28 18:02:00+00:00,1.16534,1.16544,1.16534,1.1654,0
2026-05-28 18:03:00+00:00,1.16542,1.16548,1.16541,1.16545,0
2026-05-28 18:04:00+00:00,1.16542,1.16546,1.16534,1.16535,0
2026-05-28 18:05:00+00:00,1.16533,1.16543,1.16528,1.16531,0
2026-05-28 18:06:00+00:00,1.16531,1.16534,1.16525,1.16534,0
2026-05-28 18:07:00+00:00,1.16534,1.16535,1.16529,1.16533,0
2026-05-28 18:08:00+00:00,1.16532,1.16535,1.16528,1.16533,0
2026-05-28 18:09:00+00:00,1.1653,1.16539,1.16529,1.16535,0
2026-05-28 18:10:00+00:00,1.16533,1.16533,1.16517,1.16519,0
2026-05-28 18:11:00+00:00,1.16517,1.16522,1.16499,1.16508,0
2026-05-28 18:12:00+00:00,1.16508,1.16514,1.16507,1.16513,0
2026-05-28 18:13:00+00:00,1.16515,1.16523,1.16515,1.16516,0
2026-05-28 18:14:00+00:00,1.16515,1.16521,1.16509,1.16521,0
2026-05-28 18:15:00+00:00,1.16519,1.16529,1.16508,1.16524,0
2026-05-28 18:16:00+00:00,1.16524,1.16549,1.16522,1.16543,0
2026-05-28 18:17:00+00:00,1.16543,1.16552,1.16517,1.16529,0
2026-05-28 18:18:00+00:00,1.16528,1.16541,1.16517,1.16528,0
2026-05-28 18:19:00+00:00,1.16528,1.16537,1.16527,1.16536,0
2026-05-28 18:20:00+00:00,1.16536,1.16539,1.16485,1.16495,0
2026-05-28 18:21:00+00:00,1.16493,1.16494,1.16487,1.16493,0
2026-05-28 18:22:00+00:00,1.16491,1.16517,1.16491,1.16509,0
2026-05-28 18:23:00+00:00,1.1651,1.1651,1.165,1.16505,0
2026-05-28 18:24:00+00:00,1.16507,1.16518,1.16505,1.16507,0
2026-05-28 18:25:00+00:00,1.16505,1.16506,1.16498,1.16498,0
2026-05-28 18:26:00+00:00,1.16497,1.16505,1.16495,1.16501,0
2026-05-28 18:27:00+00:00,1.16501,1.16505,1.16494,1.16494,0
2026-05-28 18:28:00+00:00,1.16498,1.16506,1.16485,1.16487,0
2026-05-28 18:29:00+00:00,1.16487,1.16492,1.16483,1.1649,0
2026-05-28 18:30:00+00:00,1.16489,1.16492,1.16479,1.1648,0
2026-05-28 18:31:00+00:00,1.16481,1.16483,1.16476,1.16481,0
2026-05-28 18:32:00+00:00,1.16482,1.16482,1.16472,1.16479,0
2026-05-28 18:33:00+00:00,1.16479,1.1648,1.16475,1.16476,0
2026-05-28 18:34:00+00:00,1.16476,1.16477,1.1647,1.16474,0
2026-05-28 18:35:00+00:00,1.16475,1.16476,1.16468,1.16476,0
2026-05-28 18:36:00+00:00,1.16477,1.1648,1.16468,1.1648,0
2026-05-28 18:37:00+00:00,1.16476,1.16484,1.16472,1.16483,0
2026-05-28 18:38:00+00:00,1.16484,1.16486,1.16469,1.1647,0
2026-05-28 18:39:00+00:00,1.16473,1.16474,1.16469,1.1647,0
2026-05-28 18:40:00+00:00,1.1647,1.16471,1.16465,1.1647,0
2026-05-28 18:41:00+00:00,1.16471,1.16475,1.1647,1.16474,0
2026-05-28 18:42:00+00:00,1.16474,1.16474,1.16465,1.16467,0
2026-05-28 18:43:00+00:00,1.16466,1.16475,1.16465,1.16473,0
2026-05-28 18:44:00+00:00,1.16475,1.16478,1.16469,1.16473,0
2026-05-28 18:45:00+00:00,1.16475,1.16475,1.16472,1.16475,0
2026-05-28 18:46:00+00:00,1.16477,1.1648,1.16476,1.16479,0
2026-05-28 18:47:00+00:00,1.1648,1.16481,1.16478,1.16478,0
2026-05-28 18:48:00+00:00,1.16479,1.16483,1.16477,1.1648,0
2026-05-28 18:49:00+00:00,1.16478,1.16484,1.16478,1.16483,0
2026-05-28 18:50:00+00:00,1.16483,1.16489,1.16481,1.16487,0
2026-05-28 18:51:00+00:00,1.16487,1.16489,1.16481,1.16481,0
2026-05-28 18:52:00+00:00,1.16482,1.16488,1.1648,1.16486,0
2026-05-28 18:53:00+00:00,1.16488,1.16497,1.16488,1.16496,0
2026-05-28 18:54:00+00:00,1.16496,1.16501,1.16495,1.16498,0
2026-05-28 18:55:00+00:00,1.16498,1.16498,1.16494,1.16495,0
2026-05-28 18:56:00+00:00,1.16496,1.16497,1.16493,1.16494,0
2026-05-28 18:57:00+00:00,1.16494,1.165,1.16493,1.16493,0
2026-05-28 18:58:00+00:00,1.16493,1.16493,1.16484,1.16488,0
2026-05-28 18:59:00+00:00,1.16488,1.16488,1.16476,1.16479,0
2026-05-28 19:00:00+00:00,1.16478,1.16478,1.16464,1.16472,0
2026-05-28 19:01:00+00:00,1.16471,1.1648,1.16469,1.16477,0
2026-05-28 19:02:00+00:00,1.16474,1.1649,1.16474,1.16489,0
2026-05-28 19:03:00+00:00,1.16491,1.16491,1.16479,1.16482,0
2026-05-28 19:04:00+00:00,1.1648,1.16481,1.16477,1.1648,0
2026-05-28 19:05:00+00:00,1.1648,1.16482,1.16473,1.16473,0
2026-05-28 19:06:00+00:00,1.16472,1.16476,1.16472,1.16473,0
2026-05-28 19:07:00+00:00,1.16471,1.16472,1.16463,1.16466,0
2026-05-28 19:08:00+00:00,1.16468,1.16473,1.16462,1.16467,0
2026-05-28 19:09:00+00:00,1.16468,1.16469,1.16465,1.16467,0
2026-05-28 19:10:00+00:00,1.16468,1.16483,1.16468,1.16479,0
2026-05-28 19:11:00+00:00,1.16477,1.16479,1.16475,1.16478,0
2026-05-28 19:12:00+00:00,1.16477,1.16478,1.16465,1.16469,0
2026-05-28 19:13:00+00:00,1.16467,1.16473,1.16464,1.16471,0
2026-05-28 19:14:00+00:00,1.16472,1.16473,1.16468,1.1647,0
2026-05-28 19:15:00+00:00,1.16472,1.16473,1.16469,1.16471,0
2026-05-28 19:16:00+00:00,1.16471,1.16474,1.1647,1.16473,0
2026-05-28 19:17:00+00:00,1.16475,1.1648,1.16475,1.1648,0
2026-05-28 19:18:00+00:00,1.16479,1.1648,1.16478,1.16479,0
2026-05-28 19:19:00+00:00,1.16477,1.16482,1.16477,1.16481,0
2026-05-28 19:20:00+00:00,1.16482,1.16485,1.16479,1.16479,0
2026-05-28 19:21:00+00:00,1.1648,1.16481,1.16477,1.16477,0
2026-05-28 19:22:00+00:00,1.16479,1.16481,1.16478,1.1648,0
2026-05-28 19:23:00+00:00,1.1648,1.16481,1.16478,1.16479,0
2026-05-28 19:24:00+00:00,1.16478,1.1648,1.16478,1.16478,0
2026-05-28 19:25:00+00:00,1.16479,1.16483,1.16479,1.16482,0
2026-05-28 19:26:00+00:00,1.16482,1.16483,1.1648,1.16482,0
2026-05-28 19:27:00+00:00,1.16482,1.16484,1.16479,1.16484,0
2026-05-28 19:28:00+00:00,1.16483,1.16483,1.16478,1.16482,0
2026-05-28 19:29:00+00:00,1.16483,1.1649,1.1648,1.16488,0
2026-05-28 19:30:00+00:00,1.16488,1.165,1.16488,1.16495,0
2026-05-28 19:31:00+00:00,1.16494,1.16496,1.1649,1.16495,0
2026-05-28 19:32:00+00:00,1.16496,1.16503,1.16496,1.16496,0
2026-05-28 19:33:00+00:00,1.16497,1.16504,1.16497,1.16504,0
2026-05-28 19:34:00+00:00,1.16504,1.16505,1.165,1.16502,0
2026-05-28 19:35:00+00:00,1.16502,1.16506,1.16502,1.16506,0
2026-05-28 19:36:00+00:00,1.16504,1.16507,1.165,1.16505,0
2026-05-28 19:37:00+00:00,1.16507,1.16508,1.16504,1.16506,0
2026-05-28 19:38:00+00:00,1.16508,1.16508,1.16499,1.16503,0
2026-05-28 19:39:00+00:00,1.16503,1.16511,1.165,1.16508,0
2026-05-28 19:40:00+00:00,1.16506,1.16506,1.16495,1.16495,0
2026-05-28 19:41:00+00:00,1.16495,1.16503,1.16491,1.16498,0
2026-05-28 19:42:00+00:00,1.16498,1.165,1.16494,1.16495,0
2026-05-28 19:43:00+00:00,1.16495,1.16501,1.16494,1.16497,0
2026-05-28 19:44:00+00:00,1.16498,1.16501,1.16497,1.16499,0
2026-05-28 19:45:00+00:00,1.16497,1.16499,1.16493,1.16498,0
2026-05-28 19:46:00+00:00,1.16497,1.16502,1.16496,1.165,0
2026-05-28 19:47:00+00:00,1.16499,1.16504,1.16498,1.16504,0
2026-05-28 19:48:00+00:00,1.16503,1.16508,1.165,1.16507,0
2026-05-28 19:49:00+00:00,1.16506,1.16514,1.16506,1.16513,0
2026-05-28 19:50:00+00:00,1.1651,1.1651,1.16505,1.1651,0
2026-05-28 19:51:00+00:00,1.16509,1.1651,1.16502,1.16502,0
2026-05-28 19:52:00+00:00,1.16501,1.16501,1.1649,1.16494,0
2026-05-28 19:53:00+00:00,1.16494,1.16499,1.16494,1.16496,0
2026-05-28 19:54:00+00:00,1.16497,1.16504,1.16497,1.16503,0
2026-05-28 19:55:00+00:00,1.16502,1.16503,1.16473,1.16476,0
2026-05-28 19:56:00+00:00,1.16476,1.16484,1.16476,1.16481,0
2026-05-28 19:57:00+00:00,1.16479,1.16479,1.16467,1.16468,0
2026-05-28 19:58:00+00:00,1.16471,1.16479,1.16471,1.16475,0
2026-05-28 19:59:00+00:00,1.16475,1.16478,1.16472,1.16476,0
2026-05-28 20:00:00+00:00,1.16476,1.16477,1.16465,1.16468,0
2026-05-28 20:01:00+00:00,1.16469,1.16473,1.16466,1.16471,0
2026-05-28 20:02:00+00:00,1.16472,1.16475,1.16468,1.16468,0
2026-05-28 20:03:00+00:00,1.1647,1.16474,1.16463,1.16463,0
2026-05-28 20:04:00+00:00,1.16462,1.16462,1.16449,1.1645,0
2026-05-28 20:05:00+00:00,1.16451,1.16453,1.16448,1.16452,0
2026-05-28 20:06:00+00:00,1.16452,1.1646,1.16452,1.16458,0
2026-05-28 20:07:00+00:00,1.1646,1.16475,1.16459,1.16474,0
2026-05-28 20:08:00+00:00,1.16473,1.16481,1.16473,1.16476,0
2026-05-28 20:09:00+00:00,1.16475,1.16476,1.16472,1.16475,0
2026-05-28 20:10:00+00:00,1.16475,1.16475,1.1647,1.1647,0
2026-05-28 20:11:00+00:00,1.16473,1.16475,1.1647,1.16471,0
2026-05-28 20:12:00+00:00,1.1647,1.16471,1.16465,1.16467,0
2026-05-28 20:13:00+00:00,1.16466,1.1647,1.16464,1.16468,0
2026-05-28 20:14:00+00:00,1.16469,1.16474,1.16469,1.1647,0
2026-05-28 20:15:00+00:00,1.16472,1.16474,1.16468,1.16472,0
2026-05-28 20:16:00+00:00,1.16472,1.16476,1.16469,1.16473,0
2026-05-28 20:17:00+00:00,1.16473,1.16477,1.1647,1.16476,0
2026-05-28 20:18:00+00:00,1.16476,1.16476,1.16472,1.16476,0
2026-05-28 20:19:00+00:00,1.16476,1.16477,1.16472,1.16472,0
2026-05-28 20:20:00+00:00,1.16473,1.16476,1.16473,1.16476,0
2026-05-28 20:21:00+00:00,1.16474,1.16476,1.16473,1.16473,0
2026-05-28 20:22:00+00:00,1.1647,1.1647,1.16467,1.16467,0
2026-05-28 20:23:00+00:00,1.16469,1.16474,1.16464,1.16464,0
2026-05-28 20:24:00+00:00,1.16463,1.16464,1.16462,1.16463,0
2026-05-28 20:25:00+00:00,1.16462,1.16464,1.16462,1.16462,0
2026-05-28 20:26:00+00:00,1.16463,1.16464,1.1646,1.16464,0
2026-05-28 20:27:00+00:00,1.16465,1.16467,1.16464,1.16466,0
2026-05-28 20:28:00+00:00,1.16466,1.16472,1.16466,1.16471,0
2026-05-28 20:29:00+00:00,1.16471,1.16471,1.16464,1.16465,0
2026-05-28 20:30:00+00:00,1.16465,1.1647,1.16463,1.16469,0
2026-05-28 20:31:00+00:00,1.16471,1.16475,1.16471,1.16473,0
2026-05-28 20:32:00+00:00,1.16473,1.1648,1.16471,1.1648,0
2026-05-28 20:33:00+00:00,1.1648,1.16481,1.16479,1.16481,0
2026-05-28 20:34:00+00:00,1.16481,1.16482,1.1648,1.16482,0
2026-05-28 20:35:00+00:00,1.16481,1.16482,1.16481,1.16482,0
2026-05-28 20:36:00+00:00,1.16481,1.16482,1.16477,1.16477,0
2026-05-28 20:37:00+00:00,1.16476,1.16478,1.16472,1.16475,0
2026-05-28 20:38:00+00:00,1.16474,1.16478,1.16474,1.16478,0
2026-05-28 20:39:00+00:00,1.16478,1.16481,1.16478,1.1648,0
2026-05-28 20:40:00+00:00,1.1648,1.1648,1.16479,1.1648,0
2026-05-28 20:41:00+00:00,1.1648,1.1648,1.16478,1.1648,0
2026-05-28 20:42:00+00:00,1.16481,1.16481,1.16478,1.16478,0
2026-05-28 20:43:00+00:00,1.16479,1.1648,1.16477,1.16477,0
2026-05-28 20:44:00+00:00,1.16479,1.16479,1.16476,1.16476,0
2026-05-28 20:45:00+00:00,1.16475,1.1648,1.16475,1.16479,0
2026-05-28 20:46:00+00:00,1.1648,1.16481,1.16479,1.16481,0
2026-05-28 20:47:00+00:00,1.16479,1.1648,1.16478,1.1648,0
2026-05-28 20:48:00+00:00,1.16479,1.1648,1.16479,1.1648,0
2026-05-28 20:49:00+00:00,1.16482,1.16486,1.16482,1.16482,0
2026-05-28 20:50:00+00:00,1.16481,1.16483,1.1648,1.1648,0
2026-05-28 20:51:00+00:00,1.1648,1.1649,1.16479,1.1649,0
2026-05-28 20:52:00+00:00,1.16491,1.16491,1.16489,1.16489,0
2026-05-28 20:53:00+00:00,1.16491,1.16492,1.16491,1.16492,0
2026-05-28 20:54:00+00:00,1.16491,1.16491,1.1649,1.1649,0
2026-05-28 20:55:00+00:00,1.16492,1.16492,1.16484,1.16485,0
2026-05-28 20:56:00+00:00,1.16484,1.16486,1.16484,1.16484,0
2026-05-28 20:57:00+00:00,1.16485,1.16497,1.16484,1.16496,0
2026-05-28 20:58:00+00:00,1.16495,1.16497,1.16492,1.16494,0
2026-05-28 20:59:00+00:00,1.16494,1.16509,1.16488,1.16508,0
2026-05-28 21:00:00+00:00,1.16495,1.16495,1.16491,1.16493,0
2026-05-28 21:01:00+00:00,1.16486,1.16486,1.16485,1.16485,0
2026-05-28 21:02:00+00:00,1.16485,1.16485,1.16485,1.16485,0
2026-05-28 21:03:00+00:00,1.1648,1.16481,1.1648,1.16481,0
2026-05-28 21:04:00+00:00,1.1648,1.16481,1.1648,1.1648,0
2026-05-28 21:05:00+00:00,1.16497,1.16497,1.16484,1.16484,0
2026-05-28 21:06:00+00:00,1.16485,1.16485,1.16485,1.16485,0
2026-05-28 21:07:00+00:00,1.16501,1.16512,1.16489,1.16489,0
2026-05-28 21:08:00+00:00,1.16488,1.16503,1.16481,1.165,0
2026-05-28 21:09:00+00:00,1.16499,1.16512,1.16498,1.16498,0
2026-05-28 21:10:00+00:00,1.165,1.16512,1.16498,1.1651,0
2026-05-28 21:11:00+00:00,1.16511,1.16515,1.16511,1.16515,0
2026-05-28 21:12:00+00:00,1.16513,1.16516,1.16505,1.16506,0
2026-05-28 21:13:00+00:00,1.16509,1.16523,1.16505,1.16505,0
2026-05-28 21:14:00+00:00,1.16508,1.1651,1.16503,1.16503,0
2026-05-28 21:15:00+00:00,1.16502,1.16503,1.16498,1.16498,0
2026-05-28 21:16:00+00:00,1.165,1.16514,1.16498,1.16508,0
2026-05-28 21:17:00+00:00,1.16508,1.16512,1.165,1.16505,0
2026-05-28 21:18:00+00:00,1.16504,1.16508,1.16502,1.16505,0
2026-05-28 21:19:00+00:00,1.16508,1.16508,1.16503,1.16507,0
2026-05-28 21:20:00+00:00,1.16508,1.16509,1.16503,1.16505,0
2026-05-28 21:21:00+00:00,1.16504,1.16505,1.165,1.16502,0
2026-05-28 21:22:00+00:00,1.16502,1.16502,1.165,1.16502,0
2026-05-28 21:23:00+00:00,1.16502,1.16502,1.165,1.16502,0
2026-05-28 21:24:00+00:00,1.16501,1.16502,1.165,1.16501,0
2026-05-28 21:25:00+00:00,1.16501,1.16502,1.165,1.16502,0
2026-05-28 21:26:00+00:00,1.16501,1.16503,1.165,1.16503,0
2026-05-28 21:27:00+00:00,1.16504,1.16504,1.165,1.16502,0
2026-05-28 21:28:00+00:00,1.16501,1.16505,1.16501,1.16503,0
2026-05-28 21:29:00+00:00,1.16505,1.16508,1.16503,1.16506,0
2026-05-28 21:30:00+00:00,1.16507,1.16507,1.16504,1.16504,0
2026-05-28 21:31:00+00:00,1.16506,1.16508,1.16501,1.16503,0
2026-05-28 21:32:00+00:00,1.16506,1.16508,1.16501,1.16505,0
2026-05-28 21:33:00+00:00,1.16506,1.16507,1.16501,1.16501,0
2026-05-28 21:34:00+00:00,1.16502,1.16507,1.16501,1.16503,0
2026-05-28 21:35:00+00:00,1.16502,1.1651,1.16501,1.16502,0
2026-05-28 21:36:00+00:00,1.16501,1.16504,1.16501,1.16502,0
2026-05-28 21:37:00+00:00,1.16501,1.16503,1.16501,1.16501,0
2026-05-28 21:38:00+00:00,1.16502,1.16504,1.16501,1.16501,0
2026-05-28 21:39:00+00:00,1.16501,1.16503,1.16501,1.16501,0
2026-05-28 21:40:00+00:00,1.16502,1.16503,1.16501,1.16502,0
2026-05-28 21:41:00+00:00,1.16501,1.16503,1.16501,1.16501,0
2026-05-28 21:42:00+00:00,1.16503,1.16508,1.16501,1.16506,0
2026-05-28 21:43:00+00:00,1.16506,1.16509,1.16503,1.16508,0
2026-05-28 21:44:00+00:00,1.16509,1.16511,1.16503,1.16503,0
2026-05-28 21:45:00+00:00,1.16506,1.1651,1.16502,1.16508,0
2026-05-28 21:46:00+00:00,1.16509,1.1651,1.16502,1.16504,0
2026-05-28 21:47:00+00:00,1.16503,1.16507,1.16502,1.16507,0
2026-05-28 21:48:00+00:00,1.16508,1.16508,1.16503,1.16504,0
2026-05-28 21:49:00+00:00,1.16505,1.1651,1.165,1.16508,0
2026-05-28 21:50:00+00:00,1.16509,1.16511,1.16503,1.16506,0
2026-05-28 21:51:00+00:00,1.16506,1.16509,1.16504,1.16506,0
2026-05-28 21:52:00+00:00,1.16504,1.16508,1.16503,1.16507,0
2026-05-28 21:53:00+00:00,1.16509,1.16509,1.16503,1.16506,0
2026-05-28 21:54:00+00:00,1.16507,1.16508,1.16501,1.16507,0
2026-05-28 21:55:00+00:00,1.16506,1.16508,1.16499,1.16502,0
2026-05-28 21:56:00+00:00,1.16501,1.16506,1.16501,1.16504,0
2026-05-28 21:57:00+00:00,1.16503,1.16505,1.16501,1.16505,0
2026-05-28 21:58:00+00:00,1.16503,1.16503,1.16502,1.16503,0
2026-05-28 21:59:00+00:00,1.16501,1.16508,1.16501,1.16508,0
2026-05-28 22:00:00+00:00,1.16508,1.16516,1.16508,1.16511,0
2026-05-28 22:01:00+00:00,1.1651,1.16511,1.16509,1.16511,0
2026-05-28 22:02:00+00:00,1.16511,1.16513,1.1651,1.16513,0
2026-05-28 22:03:00+00:00,1.16513,1.16513,1.16507,1.16511,0
2026-05-28 22:04:00+00:00,1.16511,1.16515,1.1651,1.16511,0
2026-05-28 22:05:00+00:00,1.1651,1.16516,1.1651,1.16511,0
2026-05-28 22:06:00+00:00,1.1651,1.16512,1.16506,1.16506,0
2026-05-28 22:07:00+00:00,1.16505,1.16511,1.16503,1.16503,0
2026-05-28 22:08:00+00:00,1.16507,1.16508,1.16502,1.16503,0
2026-05-28 22:09:00+00:00,1.16507,1.16511,1.16505,1.16507,0
2026-05-28 22:10:00+00:00,1.16505,1.16509,1.16503,1.16506,0
2026-05-28 22:11:00+00:00,1.16509,1.16515,1.16507,1.16513,0
2026-05-28 22:12:00+00:00,1.16514,1.16514,1.16514,1.16514,0
2026-05-28 22:13:00+00:00,1.16516,1.16516,1.16515,1.16515,0
2026-05-28 22:14:00+00:00,1.16517,1.16519,1.16517,1.16517,0
2026-05-28 22:15:00+00:00,1.16517,1.16517,1.16514,1.16514,0
2026-05-28 22:16:00+00:00,1.16515,1.16515,1.16513,1.16513,0
2026-05-28 22:17:00+00:00,1.16513,1.16515,1.16512,1.16512,0
2026-05-28 22:18:00+00:00,1.16513,1.16513,1.16513,1.16513,0
2026-05-28 22:19:00+00:00,1.16513,1.16513,1.16513,1.16513,0
2026-05-28 22:20:00+00:00,1.16512,1.16513,1.16511,1.16511,0
2026-05-28 22:21:00+00:00,1.16512,1.16519,1.16512,1.16516,0
2026-05-28 22:22:00+00:00,1.16518,1.16518,1.16518,1.16518,0
2026-05-28 22:23:00+00:00,1.16518,1.1652,1.16518,1.16518,0
2026-05-28 22:24:00+00:00,1.16516,1.16516,1.16514,1.16514,0
2026-05-28 22:25:00+00:00,1.16513,1.16513,1.16513,1.16513,0
2026-05-28 22:26:00+00:00,1.16515,1.16515,1.16515,1.16515,0
2026-05-28 22:27:00+00:00,1.16512,1.16513,1.16512,1.16513,0
2026-05-28 22:28:00+00:00,1.16513,1.16513,1.16511,1.16512,0
2026-05-28 22:29:00+00:00,1.16511,1.16513,1.16511,1.16513,0
2026-05-28 22:30:00+00:00,1.16513,1.16513,1.16502,1.16504,0
2026-05-28 22:31:00+00:00,1.16503,1.16503,1.16503,1.16503,0
2026-05-28 22:32:00+00:00,1.16504,1.16504,1.16501,1.16501,0
2026-05-28 22:33:00+00:00,1.16503,1.16508,1.16503,1.16508,0
2026-05-28 22:34:00+00:00,1.16507,1.16509,1.16504,1.16509,0
2026-05-28 22:35:00+00:00,1.16506,1.16508,1.16506,1.16508,0
2026-05-28 22:36:00+00:00,1.16505,1.16505,1.16503,1.16504,0
2026-05-28 22:37:00+00:00,1.16505,1.16507,1.16504,1.16507,0
2026-05-28 22:38:00+00:00,1.16504,1.16506,1.16502,1.16504,0
2026-05-28 22:39:00+00:00,1.16505,1.1651,1.16505,1.16507,0
2026-05-28 22:40:00+00:00,1.16504,1.16505,1.16504,1.16504,0
2026-05-28 22:41:00+00:00,1.16506,1.16506,1.16504,1.16504,0
2026-05-28 22:42:00+00:00,1.16507,1.16507,1.16502,1.16502,0
2026-05-28 22:43:00+00:00,1.16503,1.16503,1.16503,1.16503,0
2026-05-28 22:44:00+00:00,1.16503,1.16507,1.16503,1.16506,0
2026-05-28 22:45:00+00:00,1.16505,1.16505,1.16505,1.16505,0
2026-05-28 22:46:00+00:00,1.16505,1.16505,1.16505,1.16505,0
2026-05-28 22:47:00+00:00,1.16504,1.16504,1.16503,1.16504,0
2026-05-28 22:48:00+00:00,1.16504,1.16505,1.16504,1.16505,0
2026-05-28 22:49:00+00:00,1.16503,1.16505,1.16497,1.165,0
2026-05-28 22:50:00+00:00,1.16501,1.16505,1.16501,1.16505,0
2026-05-28 22:51:00+00:00,1.16505,1.16505,1.16505,1.16505,0
2026-05-28 22:52:00+00:00,1.16505,1.16505,1.16505,1.16505,0
2026-05-28 22:53:00+00:00,1.16505,1.16505,1.16505,1.16505,0
2026-05-28 22:54:00+00:00,1.16507,1.16511,1.16507,1.16511,0
2026-05-28 22:55:00+00:00,1.16511,1.16514,1.16511,1.16513,0
2026-05-28 22:56:00+00:00,1.16513,1.16513,1.16507,1.16507,0
2026-05-28 22:57:00+00:00,1.16509,1.16509,1.16505,1.16505,0
2026-05-28 22:58:00+00:00,1.16507,1.16507,1.16499,1.16499,0
2026-05-28 22:59:00+00:00,1.16499,1.165,1.16499,1.16499,0
2026-05-28 23:00:00+00:00,1.16499,1.16519,1.16499,1.16519,0
2026-05-28 23:01:00+00:00,1.1652,1.16528,1.1652,1.16522,0
2026-05-28 23:02:00+00:00,1.16522,1.16525,1.16515,1.16518,0
2026-05-28 23:03:00+00:00,1.16518,1.16521,1.16516,1.16517,0
2026-05-28 23:04:00+00:00,1.16519,1.16521,1.16517,1.16518,0
2026-05-28 23:05:00+00:00,1.16518,1.16518,1.16516,1.16516,0
2026-05-28 23:06:00+00:00,1.16517,1.16518,1.16512,1.16515,0
2026-05-28 23:07:00+00:00,1.16515,1.16515,1.16512,1.16512,0
2026-05-28 23:08:00+00:00,1.16513,1.16516,1.16513,1.16514,0
2026-05-28 23:09:00+00:00,1.16514,1.16514,1.16511,1.16511,0
2026-05-28 23:10:00+00:00,1.16512,1.16518,1.16512,1.16518,0
2026-05-28 23:11:00+00:00,1.16515,1.16515,1.16513,1.16513,0
2026-05-28 23:12:00+00:00,1.16514,1.16514,1.16514,1.16514,0
2026-05-28 23:13:00+00:00,1.16514,1.16515,1.16514,1.16515,0
2026-05-28 23:14:00+00:00,1.16515,1.16515,1.16515,1.16515,0
2026-05-28 23:15:00+00:00,1.16516,1.16516,1.16515,1.16515,0
2026-05-28 23:16:00+00:00,1.16513,1.16515,1.16513,1.16515,0
2026-05-28 23:17:00+00:00,1.16517,1.1652,1.16517,1.16517,0
2026-05-28 23:18:00+00:00,1.16517,1.16517,1.16514,1.16515,0
2026-05-28 23:19:00+00:00,1.16515,1.16515,1.16513,1.16513,0
2026-05-28 23:20:00+00:00,1.16511,1.16511,1.16511,1.16511,0
2026-05-28 23:21:00+00:00,1.16515,1.16515,1.16515,1.16515,0
2026-05-28 23:22:00+00:00,1.16515,1.16515,1.16515,1.16515,0
2026-05-28 23:23:00+00:00,1.16515,1.16516,1.16515,1.16516,0
2026-05-28 23:24:00+00:00,1.16515,1.16516,1.16514,1.16515,0
2026-05-28 23:25:00+00:00,1.16514,1.16517,1.16514,1.16517,0
2026-05-28 23:26:00+00:00,1.16517,1.16517,1.16514,1.16514,0
2026-05-28 23:27:00+00:00,1.16515,1.16515,1.16514,1.16514,0
2026-05-28 23:28:00+00:00,1.16514,1.16514,1.16514,1.16514,0
2026-05-28 23:29:00+00:00,1.16514,1.16514,1.16514,1.16514,0
2026-05-28 23:30:00+00:00,1.16514,1.16514,1.16507,1.1651,0
2026-05-28 23:31:00+00:00,1.16509,1.16514,1.16507,1.16507,0
2026-05-28 23:32:00+00:00,1.16508,1.1651,1.16507,1.16508,0
2026-05-28 23:33:00+00:00,1.16508,1.16508,1.16507,1.16508,0
2026-05-28 23:34:00+00:00,1.16506,1.16511,1.16506,1.16511,0
2026-05-28 23:35:00+00:00,1.16511,1.16511,1.1651,1.1651,0
2026-05-28 23:36:00+00:00,1.1651,1.1651,1.1651,1.1651,0
2026-05-28 23:37:00+00:00,1.16515,1.16515,1.16514,1.16515,0
2026-05-28 23:38:00+00:00,1.16515,1.16523,1.16514,1.16522,0
2026-05-28 23:39:00+00:00,1.16524,1.16524,1.16516,1.16516,0
2026-05-28 23:40:00+00:00,1.16518,1.16519,1.16512,1.16513,0
2026-05-28 23:41:00+00:00,1.16513,1.16516,1.16513,1.16514,0
2026-05-28 23:42:00+00:00,1.16514,1.16514,1.16512,1.16512,0
2026-05-28 23:43:00+00:00,1.16512,1.16512,1.16512,1.16512,0
2026-05-28 23:44:00+00:00,1.16514,1.16515,1.16511,1.16515,0
2026-05-28 23:45:00+00:00,1.16514,1.16518,1.16513,1.16517,0
2026-05-28 23:46:00+00:00,1.16517,1.16517,1.16514,1.16515,0
2026-05-28 23:47:00+00:00,1.16514,1.1652,1.16514,1.1652,0
2026-05-28 23:48:00+00:00,1.16519,1.1652,1.16519,1.1652,0
2026-05-28 23:49:00+00:00,1.16519,1.16521,1.16519,1.16521,0
2026-05-28 23:50:00+00:00,1.16519,1.16519,1.16515,1.16515,0
2026-05-28 23:51:00+00:00,1.16517,1.1653,1.16517,1.16527,0
2026-05-28 23:52:00+00:00,1.16528,1.16529,1.16525,1.16525,0
2026-05-28 23:53:00+00:00,1.16525,1.16526,1.16521,1.16521,0
2026-05-28 23:54:00+00:00,1.16521,1.16523,1.16521,1.16523,0
2026-05-28 23:55:00+00:00,1.16523,1.16523,1.16516,1.16518,0
2026-05-28 23:56:00+00:00,1.1652,1.16523,1.16519,1.16519,0
2026-05-28 23:57:00+00:00,1.16519,1.1652,1.16519,1.1652,0
2026-05-28 23:58:00+00:00,1.1652,1.16523,1.1652,1.16522,0
2026-05-28 23:59:00+00:00,1.16522,1.16525,1.16522,1.16523,0
2026-05-29 00:00:00+00:00,1.16523,1.16535,1.1652,1.1653,0
2026-05-29 00:01:00+00:00,1.1653,1.16535,1.16528,1.16528,0
2026-05-29 00:02:00+00:00,1.16526,1.1653,1.16521,1.16524,0
2026-05-29 00:03:00+00:00,1.16522,1.16534,1.16522,1.16528,0
2026-05-29 00:04:00+00:00,1.16526,1.16541,1.16526,1.16539,0
2026-05-29 00:05:00+00:00,1.16539,1.16545,1.16539,1.16545,0
2026-05-29 00:06:00+00:00,1.16544,1.16544,1.16539,1.16543,0
2026-05-29 00:07:00+00:00,1.16542,1.16542,1.16534,1.16539,0
2026-05-29 00:08:00+00:00,1.16537,1.16537,1.16535,1.16535,0
2026-05-29 00:09:00+00:00,1.16534,1.16534,1.16525,1.16525,0
2026-05-29 00:10:00+00:00,1.16526,1.16532,1.16521,1.16526,0
2026-05-29 00:11:00+00:00,1.16528,1.16531,1.16527,1.16528,0
2026-05-29 00:12:00+00:00,1.16529,1.16535,1.16526,1.16534,0
2026-05-29 00:13:00+00:00,1.16534,1.16535,1.1653,1.16534,0
2026-05-29 00:14:00+00:00,1.16534,1.16534,1.16532,1.16532,0
2026-05-29 00:15:00+00:00,1.1653,1.1653,1.16522,1.16526,0
2026-05-29 00:16:00+00:00,1.16526,1.16537,1.16526,1.16534,0
2026-05-29 00:17:00+00:00,1.16534,1.16535,1.16529,1.16529,0
2026-05-29 00:18:00+00:00,1.1653,1.16537,1.1653,1.16537,0
2026-05-29 00:19:00+00:00,1.16539,1.16541,1.16538,1.16541,0
2026-05-29 00:20:00+00:00,1.1654,1.16556,1.1654,1.16548,0
2026-05-29 00:21:00+00:00,1.16546,1.16547,1.16543,1.16545,0
2026-05-29 00:22:00+00:00,1.16549,1.16549,1.16542,1.16545,0
2026-05-29 00:23:00+00:00,1.16545,1.16545,1.16544,1.16544,0
2026-05-29 00:24:00+00:00,1.16544,1.16544,1.1654,1.1654,0
2026-05-29 00:25:00+00:00,1.1654,1.1654,1.16534,1.16539,0
2026-05-29 00:26:00+00:00,1.16539,1.1655,1.16537,1.16548,0
2026-05-29 00:27:00+00:00,1.16546,1.16547,1.16541,1.16545,0
2026-05-29 00:28:00+00:00,1.16545,1.16545,1.16535,1.16538,0
2026-05-29 00:29:00+00:00,1.16537,1.16537,1.16537,1.16537,0
2026-05-29 00:30:00+00:00,1.16537,1.16537,1.16532,1.16534,0
2026-05-29 00:31:00+00:00,1.16532,1.16532,1.16524,1.16524,0
2026-05-29 00:32:00+00:00,1.16526,1.16526,1.16519,1.1652,0
2026-05-29 00:33:00+00:00,1.16523,1.16524,1.16519,1.16523,0
2026-05-29 00:34:00+00:00,1.16521,1.16521,1.16499,1.16499,0
2026-05-29 00:35:00+00:00,1.165,1.16509,1.165,1.16507,0
2026-05-29 00:36:00+00:00,1.16506,1.16507,1.16502,1.16505,0
2026-05-29 00:37:00+00:00,1.16506,1.16507,1.16503,1.16503,0
2026-05-29 00:38:00+00:00,1.16505,1.16506,1.16497,1.16497,0
2026-05-29 00:39:00+00:00,1.16498,1.16505,1.16496,1.16501,0
2026-05-29 00:40:00+00:00,1.16502,1.16503,1.165,1.165,0
2026-05-29 00:41:00+00:00,1.16501,1.16502,1.16497,1.16502,0
2026-05-29 00:42:00+00:00,1.16501,1.1651,1.165,1.16508,0
2026-05-29 00:43:00+00:00,1.1651,1.16513,1.16508,1.16513,0
2026-05-29 00:44:00+00:00,1.16514,1.16516,1.16512,1.16515,0
2026-05-29 00:45:00+00:00,1.16514,1.16514,1.16506,1.16509,0
2026-05-29 00:46:00+00:00,1.16509,1.16511,1.16507,1.16511,0
2026-05-29 00:47:00+00:00,1.1651,1.1651,1.16504,1.16506,0
2026-05-29 00:48:00+00:00,1.16508,1.16511,1.16508,1.16509,0
2026-05-29 00:49:00+00:00,1.16511,1.16515,1.1651,1.16511,0
2026-05-29 00:50:00+00:00,1.16512,1.16516,1.1651,1.16511,0
2026-05-29 00:51:00+00:00,1.1651,1.16513,1.16506,1.16513,0
2026-05-29 00:52:00+00:00,1.16514,1.16519,1.16512,1.16513,0
2026-05-29 00:53:00+00:00,1.16514,1.16515,1.16508,1.16512,0
2026-05-29 00:54:00+00:00,1.16512,1.16513,1.16498,1.16499,0
2026-05-29 00:55:00+00:00,1.165,1.165,1.1648,1.1648,0
2026-05-29 00:56:00+00:00,1.1648,1.16482,1.16479,1.16481,0
2026-05-29 00:57:00+00:00,1.1648,1.1648,1.16473,1.16475,0
2026-05-29 00:58:00+00:00,1.16477,1.16482,1.16472,1.1648,0
2026-05-29 00:59:00+00:00,1.1648,1.16488,1.16479,1.16486,0
2026-05-29 01:00:00+00:00,1.16488,1.165,1.16488,1.16494,0
2026-05-29 01:01:00+00:00,1.16493,1.165,1.16491,1.16491,0
2026-05-29 01:02:00+00:00,1.16493,1.16495,1.16486,1.16488,0
2026-05-29 01:03:00+00:00,1.16487,1.16488,1.16477,1.16484,0
2026-05-29 01:04:00+00:00,1.16484,1.16491,1.16484,1.16491,0
2026-05-29 01:05:00+00:00,1.16491,1.16499,1.1649,1.16497,0
2026-05-29 01:06:00+00:00,1.16499,1.16502,1.16495,1.16501,0
2026-05-29 01:07:00+00:00,1.16502,1.16502,1.16494,1.16495,0
2026-05-29 01:08:00+00:00,1.16496,1.16516,1.16495,1.16516,0
2026-05-29 01:09:00+00:00,1.16517,1.16538,1.16517,1.16535,0
2026-05-29 01:10:00+00:00,1.16536,1.1655,1.16534,1.16538,0
2026-05-29 01:11:00+00:00,1.16539,1.16544,1.16536,1.16539,0
2026-05-29 01:12:00+00:00,1.16539,1.16557,1.16539,1.16554,0
2026-05-29 01:13:00+00:00,1.16553,1.16555,1.16549,1.16549,0
2026-05-29 01:14:00+00:00,1.1655,1.16552,1.16545,1.16549,0
2026-05-29 01:15:00+00:00,1.1655,1.16561,1.16548,1.16558,0
2026-05-29 01:16:00+00:00,1.16559,1.16562,1.16552,1.16556,0
2026-05-29 01:17:00+00:00,1.16554,1.16554,1.16544,1.16551,0
2026-05-29 01:18:00+00:00,1.16549,1.16559,1.16541,1.16555,0
2026-05-29 01:19:00+00:00,1.16555,1.16559,1.16552,1.16555,0
2026-05-29 01:20:00+00:00,1.16555,1.1656,1.16552,1.16559,0
2026-05-29 01:21:00+00:00,1.16559,1.16563,1.16557,1.16557,0
2026-05-29 01:22:00+00:00,1.16559,1.16562,1.16554,1.16554,0
2026-05-29 01:23:00+00:00,1.16553,1.1656,1.16548,1.16553,0
2026-05-29 01:24:00+00:00,1.16554,1.16555,1.16549,1.16551,0
2026-05-29 01:25:00+00:00,1.16552,1.16553,1.16546,1.16549,0
2026-05-29 01:26:00+00:00,1.16548,1.16552,1.16547,1.1655,0
2026-05-29 01:27:00+00:00,1.1655,1.16556,1.1655,1.16556,0
2026-05-29 01:28:00+00:00,1.16556,1.16556,1.16541,1.16541,0
2026-05-29 01:29:00+00:00,1.16545,1.16546,1.16536,1.16538,0
2026-05-29 01:30:00+00:00,1.16538,1.16538,1.16524,1.1653,0
2026-05-29 01:31:00+00:00,1.16529,1.16529,1.16526,1.16527,0
2026-05-29 01:32:00+00:00,1.16527,1.16534,1.16523,1.16528,0
2026-05-29 01:33:00+00:00,1.16528,1.16531,1.16521,1.16521,0
2026-05-29 01:34:00+00:00,1.16521,1.16521,1.16514,1.16514,0
2026-05-29 01:35:00+00:00,1.16515,1.1652,1.16514,1.16515,0
2026-05-29 01:36:00+00:00,1.16515,1.16517,1.16508,1.16508,0
2026-05-29 01:37:00+00:00,1.16509,1.16512,1.16508,1.16509,0
2026-05-29 01:38:00+00:00,1.16509,1.1651,1.16507,1.16508,0
2026-05-29 01:39:00+00:00,1.16506,1.16506,1.16494,1.16499,0
2026-05-29 01:40:00+00:00,1.165,1.16505,1.165,1.16504,0
2026-05-29 01:41:00+00:00,1.16502,1.16509,1.16502,1.16504,0
2026-05-29 01:42:00+00:00,1.16501,1.16511,1.16491,1.16511,0
2026-05-29 01:43:00+00:00,1.16512,1.16512,1.16499,1.165,0
2026-05-29 01:44:00+00:00,1.16499,1.16499,1.16492,1.16494,0
2026-05-29 01:45:00+00:00,1.16492,1.16493,1.16478,1.16483,0
2026-05-29 01:46:00+00:00,1.16485,1.16485,1.16466,1.16469,0
2026-05-29 01:47:00+00:00,1.1647,1.16472,1.16462,1.16462,0
2026-05-29 01:48:00+00:00,1.16464,1.16472,1.16458,1.16464,0
2026-05-29 01:49:00+00:00,1.16465,1.16467,1.16454,1.16467,0
2026-05-29 01:50:00+00:00,1.16466,1.16466,1.16458,1.1646,0
2026-05-29 01:51:00+00:00,1.16462,1.16475,1.1646,1.16469,0
2026-05-29 01:52:00+00:00,1.16468,1.16468,1.16458,1.16458,0
2026-05-29 01:53:00+00:00,1.16459,1.1646,1.16454,1.16454,0
2026-05-29 01:54:00+00:00,1.16455,1.16457,1.16453,1.16455,0
2026-05-29 01:55:00+00:00,1.16454,1.16468,1.1645,1.1645,0
2026-05-29 01:56:00+00:00,1.16453,1.16454,1.16434,1.16439,0
2026-05-29 01:57:00+00:00,1.1644,1.16446,1.16437,1.16439,0
2026-05-29 01:58:00+00:00,1.16439,1.1644,1.16432,1.16437,0
2026-05-29 01:59:00+00:00,1.16437,1.1645,1.16435,1.16446,0
2026-05-29 02:00:00+00:00,1.16446,1.16458,1.16446,1.16449,0
2026-05-29 02:01:00+00:00,1.16449,1.16455,1.16443,1.16445,0
2026-05-29 02:02:00+00:00,1.16444,1.1645,1.16434,1.16444,0
2026-05-29 02:03:00+00:00,1.16446,1.16449,1.1644,1.16444,0
2026-05-29 02:04:00+00:00,1.16444,1.16446,1.16441,1.16444,0
2026-05-29 02:05:00+00:00,1.16442,1.16461,1.16434,1.1646,0
2026-05-29 02:06:00+00:00,1.16461,1.16461,1.16445,1.16445,0
2026-05-29 02:07:00+00:00,1.16443,1.16445,1.16439,1.16444,0
2026-05-29 02:08:00+00:00,1.16444,1.16447,1.16441,1.16446,0
2026-05-29 02:09:00+00:00,1.16445,1.16448,1.16443,1.16443,0
2026-05-29 02:10:00+00:00,1.16442,1.16461,1.1644,1.16455,0
2026-05-29 02:11:00+00:00,1.16454,1.16464,1.16454,1.16464,0
2026-05-29 02:12:00+00:00,1.16464,1.16467,1.16463,1.16464,0
2026-05-29 02:13:00+00:00,1.16466,1.16466,1.16464,1.16466,0
2026-05-29 02:14:00+00:00,1.16466,1.16474,1.16466,1.16471,0
2026-05-29 02:15:00+00:00,1.16471,1.16473,1.16469,1.16469,0
2026-05-29 02:16:00+00:00,1.16471,1.16472,1.16467,1.1647,0
2026-05-29 02:17:00+00:00,1.16472,1.16475,1.1647,1.16475,0
2026-05-29 02:18:00+00:00,1.16476,1.16476,1.16468,1.1647,0
2026-05-29 02:19:00+00:00,1.16471,1.16471,1.16466,1.16466,0
2026-05-29 02:20:00+00:00,1.16466,1.16472,1.16465,1.16466,0
2026-05-29 02:21:00+00:00,1.16467,1.1647,1.16467,1.16469,0
2026-05-29 02:22:00+00:00,1.16469,1.16478,1.16469,1.16476,0
2026-05-29 02:23:00+00:00,1.16475,1.16476,1.16465,1.1647,0
2026-05-29 02:24:00+00:00,1.16471,1.16471,1.16466,1.16466,0
2026-05-29 02:25:00+00:00,1.16467,1.16467,1.16463,1.16463,0
2026-05-29 02:26:00+00:00,1.16463,1.16464,1.16459,1.16459,0
2026-05-29 02:27:00+00:00,1.16459,1.16461,1.16456,1.1646,0
2026-05-29 02:28:00+00:00,1.16462,1.16464,1.16461,1.16462,0
2026-05-29 02:29:00+00:00,1.16462,1.16465,1.16462,1.16464,0
2026-05-29 02:30:00+00:00,1.16464,1.16464,1.1646,1.1646,0
2026-05-29 02:31:00+00:00,1.1646,1.16461,1.16458,1.16458,0
2026-05-29 02:32:00+00:00,1.16459,1.16472,1.16457,1.1647,0
2026-05-29 02:33:00+00:00,1.16472,1.16475,1.16467,1.16471,0
2026-05-29 02:34:00+00:00,1.16469,1.16474,1.16469,1.16474,0
2026-05-29 02:35:00+00:00,1.16474,1.16474,1.1647,1.1647,0
2026-05-29 02:36:00+00:00,1.16472,1.16472,1.16468,1.1647,0
2026-05-29 02:37:00+00:00,1.16468,1.16472,1.16468,1.16472,0
2026-05-29 02:38:00+00:00,1.16473,1.16481,1.16473,1.16481,0
2026-05-29 02:39:00+00:00,1.16481,1.16481,1.1648,1.16481,0
2026-05-29 02:40:00+00:00,1.16484,1.16486,1.16484,1.16485,0
2026-05-29 02:41:00+00:00,1.16487,1.16491,1.16487,1.16487,0
2026-05-29 02:42:00+00:00,1.16485,1.16491,1.16485,1.1649,0
2026-05-29 02:43:00+00:00,1.16491,1.16491,1.16485,1.16485,0
2026-05-29 02:44:00+00:00,1.16486,1.16487,1.16481,1.16485,0
2026-05-29 02:45:00+00:00,1.16485,1.16491,1.16485,1.1649,0
2026-05-29 02:46:00+00:00,1.16489,1.1649,1.16485,1.16488,0
2026-05-29 02:47:00+00:00,1.16488,1.16488,1.1648,1.1648,0
2026-05-29 02:48:00+00:00,1.1648,1.1648,1.16475,1.1648,0
2026-05-29 02:49:00+00:00,1.1648,1.1648,1.16476,1.16476,0
2026-05-29 02:50:00+00:00,1.16474,1.16477,1.16474,1.16474,0
2026-05-29 02:51:00+00:00,1.16474,1.16474,1.1647,1.1647,0
2026-05-29 02:52:00+00:00,1.16469,1.1647,1.16466,1.1647,0
2026-05-29 02:53:00+00:00,1.1647,1.1647,1.16465,1.16465,0
2026-05-29 02:54:00+00:00,1.16465,1.16465,1.16457,1.16458,0
2026-05-29 02:55:00+00:00,1.16458,1.16459,1.16452,1.16456,0
2026-05-29 02:56:00+00:00,1.16455,1.16457,1.16454,1.16457,0
2026-05-29 02:57:00+00:00,1.16456,1.16461,1.16455,1.16456,0
2026-05-29 02:58:00+00:00,1.16455,1.16455,1.16448,1.16448,0
2026-05-29 02:59:00+00:00,1.16448,1.16452,1.16448,1.16448,0
2026-05-29 03:00:00+00:00,1.16449,1.16451,1.1644,1.16446,0
2026-05-29 03:01:00+00:00,1.16445,1.16445,1.16439,1.1644,0
2026-05-29 03:02:00+00:00,1.16438,1.1644,1.16421,1.16421,0
2026-05-29 03:03:00+00:00,1.1642,1.16427,1.16419,1.16425,0
2026-05-29 03:04:00+00:00,1.16424,1.16436,1.16424,1.16433,0
2026-05-29 03:05:00+00:00,1.16436,1.16437,1.16424,1.16424,0
2026-05-29 03:06:00+00:00,1.16423,1.16427,1.16423,1.16426,0
2026-05-29 03:07:00+00:00,1.16425,1.1643,1.16419,1.16429,0
2026-05-29 03:08:00+00:00,1.16429,1.16429,1.16422,1.16422,0
2026-05-29 03:09:00+00:00,1.16421,1.16422,1.16414,1.16414,0
2026-05-29 03:10:00+00:00,1.16413,1.16415,1.16403,1.16404,0
2026-05-29 03:11:00+00:00,1.16405,1.16405,1.16401,1.16403,0
2026-05-29 03:12:00+00:00,1.16402,1.1641,1.16402,1.16407,0
2026-05-29 03:13:00+00:00,1.16405,1.16415,1.16404,1.16409,0
2026-05-29 03:14:00+00:00,1.16411,1.16411,1.16406,1.16408,0
2026-05-29 03:15:00+00:00,1.16409,1.16409,1.16405,1.16407,0
2026-05-29 03:16:00+00:00,1.16407,1.16408,1.16406,1.16407,0
2026-05-29 03:17:00+00:00,1.16405,1.16406,1.164,1.164,0
2026-05-29 03:18:00+00:00,1.16399,1.16411,1.16397,1.16411,0
2026-05-29 03:19:00+00:00,1.16409,1.1641,1.164,1.16405,0
2026-05-29 03:20:00+00:00,1.16403,1.16412,1.16403,1.16407,0
2026-05-29 03:21:00+00:00,1.16405,1.16411,1.16405,1.16409,0
2026-05-29 03:22:00+00:00,1.16407,1.1641,1.16403,1.16407,0
2026-05-29 03:23:00+00:00,1.16407,1.16412,1.16405,1.16411,0
2026-05-29 03:24:00+00:00,1.16412,1.16416,1.16409,1.1641,0
2026-05-29 03:25:00+00:00,1.1641,1.1641,1.16398,1.16403,0
2026-05-29 03:26:00+00:00,1.16404,1.16411,1.16403,1.16411,0
2026-05-29 03:27:00+00:00,1.1641,1.16411,1.16398,1.16399,0
2026-05-29 03:28:00+00:00,1.16398,1.16401,1.16395,1.164,0
2026-05-29 03:29:00+00:00,1.16401,1.16409,1.164,1.16409,0
2026-05-29 03:30:00+00:00,1.1641,1.16411,1.16404,1.16405,0
2026-05-29 03:31:00+00:00,1.16404,1.1641,1.16404,1.16409,0
2026-05-29 03:32:00+00:00,1.16411,1.16412,1.16401,1.16401,0
2026-05-29 03:33:00+00:00,1.16402,1.16402,1.164,1.16401,0
2026-05-29 03:34:00+00:00,1.16402,1.16404,1.16395,1.16398,0
2026-05-29 03:35:00+00:00,1.16398,1.16401,1.16394,1.16395,0
2026-05-29 03:36:00+00:00,1.16396,1.16396,1.16383,1.16385,0
2026-05-29 03:37:00+00:00,1.16386,1.16386,1.1637,1.16373,0
2026-05-29 03:38:00+00:00,1.16374,1.16374,1.16363,1.16363,0
2026-05-29 03:39:00+00:00,1.16365,1.16374,1.16363,1.16372,0
2026-05-29 03:40:00+00:00,1.16373,1.16373,1.16364,1.16364,0
2026-05-29 03:41:00+00:00,1.16363,1.16365,1.16362,1.16364,0
2026-05-29 03:42:00+00:00,1.16367,1.1637,1.16366,1.16368,0
2026-05-29 03:43:00+00:00,1.16367,1.16375,1.16367,1.16372,0
2026-05-29 03:44:00+00:00,1.16372,1.16384,1.16371,1.16383,0
2026-05-29 03:45:00+00:00,1.16384,1.16384,1.16378,1.16378,0
2026-05-29 03:46:00+00:00,1.16376,1.16385,1.16375,1.16385,0
2026-05-29 03:47:00+00:00,1.16383,1.16389,1.16382,1.16386,0
2026-05-29 03:48:00+00:00,1.16386,1.1639,1.16385,1.16389,0
2026-05-29 03:49:00+00:00,1.16389,1.16389,1.16374,1.16375,0
2026-05-29 03:50:00+00:00,1.16374,1.16375,1.16371,1.16374,0
2026-05-29 03:51:00+00:00,1.16373,1.16377,1.1637,1.16376,0
2026-05-29 03:52:00+00:00,1.16377,1.16379,1.16364,1.16369,0
2026-05-29 03:53:00+00:00,1.1637,1.16375,1.16369,1.16372,0
2026-05-29 03:54:00+00:00,1.16373,1.16375,1.16371,1.16371,0
2026-05-29 03:55:00+00:00,1.1637,1.16375,1.1637,1.16374,0
2026-05-29 03:56:00+00:00,1.16372,1.16374,1.16367,1.16369,0
2026-05-29 03:57:00+00:00,1.1637,1.1637,1.16363,1.16364,0
2026-05-29 03:58:00+00:00,1.16362,1.16371,1.16358,1.16371,0
2026-05-29 03:59:00+00:00,1.16369,1.16372,1.16367,1.16371,0
2026-05-29 04:00:00+00:00,1.16371,1.16384,1.16367,1.16383,0
2026-05-29 04:01:00+00:00,1.16385,1.16387,1.16377,1.16379,0
2026-05-29 04:02:00+00:00,1.1638,1.16389,1.16379,1.16387,0
2026-05-29 04:03:00+00:00,1.16388,1.16389,1.16387,1.16387,0
2026-05-29 04:04:00+00:00,1.16386,1.1639,1.16383,1.16388,0
2026-05-29 04:05:00+00:00,1.16387,1.16387,1.16382,1.16384,0
2026-05-29 04:06:00+00:00,1.16381,1.16385,1.16378,1.16382,0
2026-05-29 04:07:00+00:00,1.16383,1.16385,1.16383,1.16384,0
2026-05-29 04:08:00+00:00,1.16387,1.1639,1.16387,1.16388,0
2026-05-29 04:09:00+00:00,1.16389,1.16391,1.16385,1.16388,0
2026-05-29 04:10:00+00:00,1.16389,1.1639,1.16388,1.16389,0
2026-05-29 04:11:00+00:00,1.1639,1.16391,1.16384,1.16384,0
2026-05-29 04:12:00+00:00,1.16387,1.16387,1.16384,1.16385,0
2026-05-29 04:13:00+00:00,1.16386,1.16386,1.16382,1.16384,0
2026-05-29 04:14:00+00:00,1.16383,1.16383,1.16375,1.16376,0
2026-05-29 04:15:00+00:00,1.16377,1.1638,1.16374,1.16378,0
2026-05-29 04:16:00+00:00,1.16377,1.16377,1.1637,1.16371,0
2026-05-29 04:17:00+00:00,1.16372,1.16373,1.16359,1.1636,0
2026-05-29 04:18:00+00:00,1.16361,1.16364,1.16357,1.16363,0
2026-05-29 04:19:00+00:00,1.16362,1.16367,1.16362,1.16366,0
2026-05-29 04:20:00+00:00,1.16365,1.16367,1.16363,1.16363,0
2026-05-29 04:21:00+00:00,1.16365,1.16368,1.16358,1.16363,0
2026-05-29 04:22:00+00:00,1.16362,1.16362,1.16358,1.16361,0
2026-05-29 04:23:00+00:00,1.16359,1.16365,1.16359,1.16365,0
2026-05-29 04:24:00+00:00,1.16365,1.16369,1.16364,1.16365,0
2026-05-29 04:25:00+00:00,1.16365,1.16368,1.16364,1.16364,0
2026-05-29 04:26:00+00:00,1.16366,1.16366,1.16358,1.1636,0
2026-05-29 04:27:00+00:00,1.1636,1.1636,1.16354,1.16359,0
2026-05-29 04:28:00+00:00,1.16358,1.16359,1.16355,1.16355,0
2026-05-29 04:29:00+00:00,1.16357,1.1636,1.16355,1.16357,0
2026-05-29 04:30:00+00:00,1.16358,1.16359,1.16353,1.16353,0
2026-05-29 04:31:00+00:00,1.16353,1.16355,1.16342,1.16349,0
2026-05-29 04:32:00+00:00,1.1635,1.16351,1.16348,1.16348,0
2026-05-29 04:33:00+00:00,1.16349,1.16349,1.16348,1.16349,0
2026-05-29 04:34:00+00:00,1.16347,1.1635,1.16342,1.16342,0
2026-05-29 04:35:00+00:00,1.16345,1.16353,1.16343,1.16345,0
2026-05-29 04:36:00+00:00,1.16344,1.16346,1.16341,1.16346,0
2026-05-29 04:37:00+00:00,1.16345,1.16349,1.16345,1.16348,0
2026-05-29 04:38:00+00:00,1.16348,1.16351,1.16347,1.1635,0
2026-05-29 04:39:00+00:00,1.16351,1.16358,1.16351,1.16358,0
2026-05-29 04:40:00+00:00,1.1636,1.16367,1.16358,1.16363,0
2026-05-29 04:41:00+00:00,1.16364,1.16367,1.16364,1.16365,0
2026-05-29 04:42:00+00:00,1.16365,1.16371,1.16365,1.16371,0
2026-05-29 04:43:00+00:00,1.16373,1.16389,1.16373,1.16388,0
2026-05-29 04:44:00+00:00,1.16389,1.16392,1.16384,1.16388,0
2026-05-29 04:45:00+00:00,1.16386,1.16387,1.16386,1.16386,0
2026-05-29 04:46:00+00:00,1.16387,1.16387,1.16383,1.16384,0
2026-05-29 04:47:00+00:00,1.16386,1.16386,1.16385,1.16386,0
2026-05-29 04:48:00+00:00,1.16383,1.1639,1.16379,1.16387,0
2026-05-29 04:49:00+00:00,1.16387,1.16387,1.1638,1.1638,0
2026-05-29 04:50:00+00:00,1.16379,1.1638,1.1637,1.1637,0
2026-05-29 04:51:00+00:00,1.16371,1.16375,1.16369,1.16369,0
2026-05-29 04:52:00+00:00,1.1637,1.16372,1.16369,1.16369,0
2026-05-29 04:53:00+00:00,1.16373,1.16382,1.16373,1.16382,0
2026-05-29 04:54:00+00:00,1.16384,1.16384,1.16383,1.16383,0
2026-05-29 04:55:00+00:00,1.16384,1.16384,1.16377,1.16378,0
2026-05-29 04:56:00+00:00,1.16376,1.16387,1.16374,1.16385,0
2026-05-29 04:57:00+00:00,1.16385,1.16388,1.16382,1.16386,0
2026-05-29 04:58:00+00:00,1.16385,1.16385,1.16384,1.16385,0
2026-05-29 04:59:00+00:00,1.16384,1.1639,1.16384,1.16389,0
2026-05-29 05:00:00+00:00,1.1639,1.16393,1.16383,1.16385,0
2026-05-29 05:01:00+00:00,1.16387,1.1639,1.16385,1.16386,0
2026-05-29 05:02:00+00:00,1.16386,1.16386,1.16381,1.16386,0
2026-05-29 05:03:00+00:00,1.16385,1.16385,1.1638,1.16385,0
2026-05-29 05:04:00+00:00,1.16384,1.16389,1.16382,1.16384,0
2026-05-29 05:05:00+00:00,1.16382,1.16389,1.16382,1.16387,0
2026-05-29 05:06:00+00:00,1.16389,1.1639,1.16384,1.16387,0
2026-05-29 05:07:00+00:00,1.16389,1.16393,1.16389,1.16392,0
2026-05-29 05:08:00+00:00,1.16395,1.16401,1.16395,1.16399,0
2026-05-29 05:09:00+00:00,1.164,1.16409,1.16398,1.16405,0
2026-05-29 05:10:00+00:00,1.16403,1.16409,1.16403,1.16408,0
2026-05-29 05:11:00+00:00,1.16408,1.16415,1.16408,1.16414,0
2026-05-29 05:12:00+00:00,1.16413,1.16419,1.16412,1.16413,0
2026-05-29 05:13:00+00:00,1.16413,1.16417,1.16409,1.16414,0
2026-05-29 05:14:00+00:00,1.16416,1.16425,1.16416,1.16422,0
2026-05-29 05:15:00+00:00,1.16421,1.16422,1.16418,1.1642,0
2026-05-29 05:16:00+00:00,1.1642,1.1642,1.16418,1.16418,0
2026-05-29 05:17:00+00:00,1.16416,1.1642,1.16415,1.16419,0
2026-05-29 05:18:00+00:00,1.1642,1.16431,1.1642,1.1643,0
2026-05-29 05:19:00+00:00,1.16431,1.16435,1.16427,1.16435,0
2026-05-29 05:20:00+00:00,1.16435,1.16435,1.16428,1.16429,0
2026-05-29 05:21:00+00:00,1.16429,1.1643,1.16429,1.16429,0
2026-05-29 05:22:00+00:00,1.1643,1.1643,1.16426,1.16429,0
2026-05-29 05:23:00+00:00,1.16429,1.16429,1.1642,1.1642,0
2026-05-29 05:24:00+00:00,1.16422,1.16423,1.16417,1.1642,0
2026-05-29 05:25:00+00:00,1.16421,1.16422,1.16421,1.16422,0
2026-05-29 05:26:00+00:00,1.16421,1.16426,1.16421,1.16421,0
2026-05-29 05:27:00+00:00,1.1642,1.16422,1.16415,1.16415,0
2026-05-29 05:28:00+00:00,1.16419,1.1642,1.16413,1.16416,0
2026-05-29 05:29:00+00:00,1.16417,1.16417,1.16412,1.16413,0
2026-05-29 05:30:00+00:00,1.16414,1.16418,1.16412,1.16414,0
2026-05-29 05:31:00+00:00,1.16414,1.16416,1.1641,1.1641,0
2026-05-29 05:32:00+00:00,1.1641,1.16416,1.1641,1.16415,0
2026-05-29 05:33:00+00:00,1.16416,1.16417,1.16415,1.16415,0
2026-05-29 05:34:00+00:00,1.16418,1.16423,1.16415,1.16415,0
2026-05-29 05:35:00+00:00,1.16416,1.16416,1.164,1.164,0
2026-05-29 05:36:00+00:00,1.16397,1.16407,1.16395,1.16407,0
2026-05-29 05:37:00+00:00,1.16408,1.16409,1.16408,1.16408,0
2026-05-29 05:38:00+00:00,1.16408,1.16408,1.16403,1.16403,0
2026-05-29 05:39:00+00:00,1.16404,1.16404,1.16398,1.164,0
2026-05-29 05:40:00+00:00,1.16398,1.16404,1.16397,1.16402,0
2026-05-29 05:41:00+00:00,1.16402,1.16402,1.16396,1.16398,0
2026-05-29 05:42:00+00:00,1.16396,1.16406,1.16396,1.16404,0
2026-05-29 05:43:00+00:00,1.16404,1.16405,1.16398,1.16398,0
2026-05-29 05:44:00+00:00,1.16397,1.16404,1.16397,1.16399,0
2026-05-29 05:45:00+00:00,1.164,1.16405,1.16398,1.16404,0
2026-05-29 05:46:00+00:00,1.16404,1.16405,1.164,1.164,0
2026-05-29 05:47:00+00:00,1.16399,1.16405,1.16399,1.164,0
2026-05-29 05:48:00+00:00,1.16399,1.164,1.16397,1.16398,0
2026-05-29 05:49:00+00:00,1.16398,1.164,1.16396,1.164,0
2026-05-29 05:50:00+00:00,1.16399,1.16401,1.16395,1.16401,0
2026-05-29 05:51:00+00:00,1.16401,1.16411,1.16401,1.16411,0
2026-05-29 05:52:00+00:00,1.1641,1.16415,1.1641,1.16414,0
2026-05-29 05:53:00+00:00,1.16414,1.16414,1.1641,1.16412,0
2026-05-29 05:54:00+00:00,1.16411,1.16411,1.16407,1.1641,0
2026-05-29 05:55:00+00:00,1.1641,1.16425,1.1641,1.1642,0
2026-05-29 05:56:00+00:00,1.16421,1.16427,1.1642,1.16425,0
2026-05-29 05:57:00+00:00,1.16425,1.16425,1.16414,1.16418,0
2026-05-29 05:58:00+00:00,1.1642,1.1642,1.16416,1.16419,0
2026-05-29 05:59:00+00:00,1.16421,1.16421,1.16417,1.16421,0
2026-05-29 06:00:00+00:00,1.16421,1.16438,1.16421,1.16437,0
2026-05-29 06:01:00+00:00,1.16438,1.16441,1.16436,1.16439,0
2026-05-29 06:02:00+00:00,1.1644,1.16449,1.16436,1.16447,0
2026-05-29 06:03:00+00:00,1.16448,1.1645,1.1644,1.1644,0
2026-05-29 06:04:00+00:00,1.1644,1.16446,1.16433,1.16442,0
2026-05-29 06:05:00+00:00,1.16442,1.16449,1.16441,1.16442,0
2026-05-29 06:06:00+00:00,1.16443,1.16445,1.16437,1.16445,0
2026-05-29 06:07:00+00:00,1.16447,1.16458,1.16446,1.16456,0
2026-05-29 06:08:00+00:00,1.16456,1.16461,1.16453,1.16455,0
2026-05-29 06:09:00+00:00,1.16455,1.16455,1.16446,1.16447,0
2026-05-29 06:10:00+00:00,1.16447,1.16456,1.16447,1.16453,0
2026-05-29 06:11:00+00:00,1.16455,1.16458,1.16451,1.16456,0
2026-05-29 06:12:00+00:00,1.16453,1.16462,1.16453,1.16462,0
2026-05-29 06:13:00+00:00,1.16462,1.16462,1.16455,1.16461,0
2026-05-29 06:14:00+00:00,1.16458,1.16478,1.16458,1.16478,0
2026-05-29 06:15:00+00:00,1.16476,1.16477,1.1646,1.16461,0
2026-05-29 06:16:00+00:00,1.16464,1.16468,1.16462,1.16465,0
2026-05-29 06:17:00+00:00,1.16463,1.16467,1.16463,1.16465,0
2026-05-29 06:18:00+00:00,1.16464,1.16468,1.16463,1.16468,0
2026-05-29 06:19:00+00:00,1.16465,1.1647,1.16463,1.16465,0
2026-05-29 06:20:00+00:00,1.16464,1.16467,1.16461,1.16467,0
2026-05-29 06:21:00+00:00,1.16466,1.16466,1.16455,1.16458,0
2026-05-29 06:22:00+00:00,1.16458,1.16475,1.16456,1.1647,0
2026-05-29 06:23:00+00:00,1.16468,1.16474,1.16466,1.16474,0
2026-05-29 06:24:00+00:00,1.16475,1.16476,1.16467,1.16469,0
2026-05-29 06:25:00+00:00,1.16471,1.16475,1.16459,1.16459,0
2026-05-29 06:26:00+00:00,1.1646,1.1646,1.1645,1.16456,0
2026-05-29 06:27:00+00:00,1.16456,1.16464,1.16456,1.16462,0
2026-05-29 06:28:00+00:00,1.16463,1.16469,1.16457,1.16459,0
2026-05-29 06:29:00+00:00,1.16457,1.16459,1.16454,1.16455,0
2026-05-29 06:30:00+00:00,1.16455,1.16471,1.1645,1.1647,0
2026-05-29 06:31:00+00:00,1.16471,1.16492,1.16471,1.16491,0
2026-05-29 06:32:00+00:00,1.16491,1.16501,1.16483,1.16486,0
2026-05-29 06:33:00+00:00,1.16483,1.16486,1.16474,1.16486,0
2026-05-29 06:34:00+00:00,1.16486,1.16489,1.16475,1.16476,0
2026-05-29 06:35:00+00:00,1.16476,1.16482,1.16475,1.16476,0
2026-05-29 06:36:00+00:00,1.16475,1.16481,1.16469,1.16473,0
2026-05-29 06:37:00+00:00,1.16474,1.1648,1.1647,1.1648,0
2026-05-29 06:38:00+00:00,1.16481,1.16491,1.1648,1.16483,0
2026-05-29 06:39:00+00:00,1.16481,1.16492,1.16481,1.16492,0
2026-05-29 06:40:00+00:00,1.16491,1.16491,1.16477,1.16479,0
2026-05-29 06:41:00+00:00,1.16479,1.16487,1.16473,1.1648,0
2026-05-29 06:42:00+00:00,1.16482,1.16494,1.16482,1.16488,0
2026-05-29 06:43:00+00:00,1.1649,1.16493,1.16482,1.16483,0
2026-05-29 06:44:00+00:00,1.16483,1.16493,1.16481,1.16492,0
2026-05-29 06:45:00+00:00,1.16492,1.16494,1.16486,1.16489,0
2026-05-29 06:46:00+00:00,1.1649,1.16508,1.1649,1.16508,0
2026-05-29 06:47:00+00:00,1.16508,1.16526,1.16508,1.16513,0
2026-05-29 06:48:00+00:00,1.16515,1.16517,1.16502,1.16509,0
2026-05-29 06:49:00+00:00,1.16511,1.16515,1.16506,1.16506,0
2026-05-29 06:50:00+00:00,1.16506,1.16507,1.16493,1.16503,0
2026-05-29 06:51:00+00:00,1.16504,1.16509,1.16498,1.16503,0
2026-05-29 06:52:00+00:00,1.16502,1.16505,1.165,1.16501,0
2026-05-29 06:53:00+00:00,1.16502,1.16505,1.16501,1.16503,0
2026-05-29 06:54:00+00:00,1.16504,1.1651,1.16501,1.16506,0
2026-05-29 06:55:00+00:00,1.16506,1.16524,1.16506,1.16523,0
2026-05-29 06:56:00+00:00,1.16525,1.1653,1.16521,1.16523,0
2026-05-29 06:57:00+00:00,1.16523,1.1653,1.16521,1.1653,0
2026-05-29 06:58:00+00:00,1.1653,1.1654,1.1653,1.16539,0
2026-05-29 06:59:00+00:00,1.16541,1.16543,1.16532,1.16532,0
2026-05-29 07:00:00+00:00,1.16531,1.16532,1.16509,1.16513,0
2026-05-29 07:01:00+00:00,1.16513,1.16518,1.16509,1.1651,0
2026-05-29 07:02:00+00:00,1.1651,1.16519,1.16501,1.16516,0
2026-05-29 07:03:00+00:00,1.16515,1.16525,1.16514,1.16515,0
2026-05-29 07:04:00+00:00,1.16517,1.1652,1.16507,1.1651,0
2026-05-29 07:05:00+00:00,1.16509,1.16523,1.16507,1.16523,0
2026-05-29 07:06:00+00:00,1.16522,1.16523,1.1651,1.16519,0
2026-05-29 07:07:00+00:00,1.1652,1.16529,1.16519,1.1652,0
2026-05-29 07:08:00+00:00,1.16518,1.16521,1.16501,1.16503,0
2026-05-29 07:09:00+00:00,1.16502,1.16511,1.16494,1.16499,0
2026-05-29 07:10:00+00:00,1.16502,1.16511,1.16499,1.165,0
2026-05-29 07:11:00+00:00,1.16499,1.16505,1.16498,1.16504,0
2026-05-29 07:12:00+00:00,1.16505,1.16516,1.16494,1.165,0
2026-05-29 07:13:00+00:00,1.165,1.165,1.16493,1.16494,0
2026-05-29 07:14:00+00:00,1.16495,1.16497,1.16483,1.16491,0
2026-05-29 07:15:00+00:00,1.1649,1.1649,1.16475,1.16484,0
2026-05-29 07:16:00+00:00,1.16484,1.16486,1.16479,1.16484,0
2026-05-29 07:17:00+00:00,1.16482,1.16498,1.16482,1.16496,0
2026-05-29 07:18:00+00:00,1.16496,1.16505,1.16488,1.1649,0
2026-05-29 07:19:00+00:00,1.16492,1.16495,1.16485,1.16495,0
2026-05-29 07:20:00+00:00,1.16496,1.165,1.16492,1.16499,0
2026-05-29 07:21:00+00:00,1.16499,1.16499,1.16492,1.16493,0
2026-05-29 07:22:00+00:00,1.16492,1.16493,1.16479,1.16481,0
2026-05-29 07:23:00+00:00,1.16481,1.16485,1.1646,1.16461,0
2026-05-29 07:24:00+00:00,1.16461,1.16461,1.16436,1.16438,0
2026-05-29 07:25:00+00:00,1.16436,1.16436,1.16417,1.16419,0
2026-05-29 07:26:00+00:00,1.16421,1.16425,1.16413,1.16423,0
2026-05-29 07:27:00+00:00,1.16423,1.16431,1.1642,1.16424,0
2026-05-29 07:28:00+00:00,1.16423,1.16433,1.1642,1.1643,0
2026-05-29 07:29:00+00:00,1.16431,1.16441,1.16431,1.16435,0
2026-05-29 07:30:00+00:00,1.16436,1.16436,1.16408,1.16412,0
2026-05-29 07:31:00+00:00,1.16411,1.16422,1.16408,1.1642,0
2026-05-29 07:32:00+00:00,1.16419,1.16436,1.16419,1.16434,0
2026-05-29 07:33:00+00:00,1.16433,1.16436,1.16425,1.1643,0
2026-05-29 07:34:00+00:00,1.1643,1.16443,1.16429,1.16441,0
2026-05-29 07:35:00+00:00,1.16442,1.16444,1.16432,1.16436,0
2026-05-29 07:36:00+00:00,1.16438,1.1644,1.16405,1.16411,0
2026-05-29 07:37:00+00:00,1.16413,1.16429,1.1641,1.16413,0
2026-05-29 07:38:00+00:00,1.16411,1.16415,1.16408,1.16409,0
2026-05-29 07:39:00+00:00,1.16407,1.16407,1.1638,1.16381,0
2026-05-29 07:40:00+00:00,1.16379,1.16389,1.16379,1.16386,0
2026-05-29 07:41:00+00:00,1.16385,1.16395,1.16378,1.16394,0
2026-05-29 07:42:00+00:00,1.16395,1.16397,1.16391,1.16393,0
2026-05-29 07:43:00+00:00,1.16395,1.16411,1.16394,1.16405,0
2026-05-29 07:44:00+00:00,1.16407,1.16435,1.16407,1.16432,0
2026-05-29 07:45:00+00:00,1.16432,1.16446,1.16432,1.16446,0
2026-05-29 07:46:00+00:00,1.16445,1.16446,1.16428,1.1643,0
2026-05-29 07:47:00+00:00,1.16431,1.16431,1.16422,1.16428,0
2026-05-29 07:48:00+00:00,1.16426,1.16426,1.16404,1.16409,0
2026-05-29 07:49:00+00:00,1.16409,1.1641,1.164,1.16404,0
2026-05-29 07:50:00+00:00,1.16403,1.16425,1.16403,1.16422,0
2026-05-29 07:51:00+00:00,1.16421,1.16422,1.16416,1.16418,0
2026-05-29 07:52:00+00:00,1.16417,1.16417,1.16409,1.16409,0
2026-05-29 07:53:00+00:00,1.16409,1.16409,1.16399,1.164,0
2026-05-29 07:54:00+00:00,1.164,1.16403,1.16396,1.16401,0
2026-05-29 07:55:00+00:00,1.16403,1.16422,1.16402,1.16411,0
2026-05-29 07:56:00+00:00,1.16411,1.16422,1.16402,1.1642,0
2026-05-29 07:57:00+00:00,1.16421,1.16421,1.16408,1.1641,0
2026-05-29 07:58:00+00:00,1.16416,1.16425,1.16413,1.16421,0
2026-05-29 07:59:00+00:00,1.1642,1.16423,1.16416,1.16417,0
2026-05-29 08:00:00+00:00,1.16416,1.16417,1.16358,1.16361,0
2026-05-29 08:01:00+00:00,1.16361,1.16378,1.16352,1.16376,0
2026-05-29 08:02:00+00:00,1.16376,1.16392,1.16366,1.1637,0
2026-05-29 08:03:00+00:00,1.1637,1.16386,1.1637,1.16371,0
2026-05-29 08:04:00+00:00,1.1637,1.16372,1.16357,1.16364,0
2026-05-29 08:05:00+00:00,1.16366,1.16376,1.16363,1.16369,0
2026-05-29 08:06:00+00:00,1.1637,1.16371,1.1635,1.16354,0
2026-05-29 08:07:00+00:00,1.16353,1.16357,1.1634,1.1634,0
2026-05-29 08:08:00+00:00,1.16341,1.16356,1.1634,1.16345,0
2026-05-29 08:09:00+00:00,1.16344,1.16356,1.16341,1.16348,0
2026-05-29 08:10:00+00:00,1.16348,1.16352,1.16346,1.16347,0
2026-05-29 08:11:00+00:00,1.16347,1.16354,1.16345,1.16352,0
2026-05-29 08:12:00+00:00,1.16352,1.16357,1.16349,1.16356,0
2026-05-29 08:13:00+00:00,1.16355,1.16356,1.16345,1.1635,0
2026-05-29 08:14:00+00:00,1.1635,1.16352,1.16348,1.16349,0
2026-05-29 08:15:00+00:00,1.1635,1.16353,1.16337,1.1634,0
2026-05-29 08:16:00+00:00,1.16343,1.16365,1.1634,1.1636,0
2026-05-29 08:17:00+00:00,1.16362,1.16368,1.16354,1.16354,0
2026-05-29 08:18:00+00:00,1.16354,1.16362,1.16354,1.16359,0
2026-05-29 08:19:00+00:00,1.1636,1.16366,1.16355,1.16363,0
2026-05-29 08:20:00+00:00,1.16363,1.16365,1.16356,1.16357,0
2026-05-29 08:21:00+00:00,1.16357,1.16363,1.16347,1.16361,0
2026-05-29 08:22:00+00:00,1.16363,1.16366,1.1636,1.16365,0
2026-05-29 08:23:00+00:00,1.16364,1.1637,1.16362,1.16365,0
2026-05-29 08:24:00+00:00,1.16365,1.1637,1.16361,1.16364,0
2026-05-29 08:25:00+00:00,1.16365,1.16372,1.16365,1.16369,0
2026-05-29 08:26:00+00:00,1.16368,1.16368,1.16349,1.16365,0
2026-05-29 08:27:00+00:00,1.16366,1.16382,1.16366,1.16375,0
2026-05-29 08:28:00+00:00,1.16377,1.1638,1.16371,1.16376,0
2026-05-29 08:29:00+00:00,1.16377,1.1639,1.16376,1.16389,0
2026-05-29 08:30:00+00:00,1.16388,1.16393,1.16378,1.16378,0
2026-05-29 08:31:00+00:00,1.16379,1.16387,1.16372,1.16386,0
2026-05-29 08:32:00+00:00,1.16386,1.16397,1.16384,1.16385,0
2026-05-29 08:33:00+00:00,1.16385,1.16388,1.16378,1.1638,0
2026-05-29 08:34:00+00:00,1.16381,1.1639,1.16381,1.16385,0
2026-05-29 08:35:00+00:00,1.16386,1.16392,1.16384,1.16385,0
2026-05-29 08:36:00+00:00,1.16385,1.16388,1.16375,1.1638,0
2026-05-29 08:37:00+00:00,1.16379,1.16385,1.16375,1.16375,0
2026-05-29 08:38:00+00:00,1.16376,1.16376,1.16359,1.16362,0
2026-05-29 08:39:00+00:00,1.16362,1.16369,1.16356,1.16369,0
2026-05-29 08:40:00+00:00,1.1637,1.16374,1.16363,1.16363,0
2026-05-29 08:41:00+00:00,1.16365,1.16381,1.16364,1.1638,0
2026-05-29 08:42:00+00:00,1.16381,1.16381,1.16369,1.1637,0
2026-05-29 08:43:00+00:00,1.16371,1.16371,1.1636,1.16363,0
2026-05-29 08:44:00+00:00,1.16364,1.16373,1.16362,1.16373,0
2026-05-29 08:45:00+00:00,1.16372,1.16372,1.16349,1.16353,0
2026-05-29 08:46:00+00:00,1.16353,1.16353,1.16338,1.16339,0
2026-05-29 08:47:00+00:00,1.16339,1.16343,1.16335,1.16341,0
2026-05-29 08:48:00+00:00,1.16343,1.16345,1.16335,1.16337,0
2026-05-29 08:49:00+00:00,1.16336,1.16336,1.16313,1.16313,0
2026-05-29 08:50:00+00:00,1.16314,1.16316,1.16273,1.16274,0
2026-05-29 08:51:00+00:00,1.16276,1.163,1.16273,1.16289,0
2026-05-29 08:52:00+00:00,1.16289,1.163,1.16282,1.16299,0
2026-05-29 08:53:00+00:00,1.16301,1.16304,1.16287,1.16291,0
2026-05-29 08:54:00+00:00,1.1629,1.16299,1.16274,1.16274,0
2026-05-29 08:55:00+00:00,1.16276,1.1628,1.16256,1.16257,0
2026-05-29 08:56:00+00:00,1.16258,1.16261,1.1625,1.16256,0
2026-05-29 08:57:00+00:00,1.16257,1.16259,1.16249,1.16252,0
2026-05-29 08:58:00+00:00,1.16253,1.16267,1.16248,1.16261,0
2026-05-29 08:59:00+00:00,1.16262,1.16282,1.16258,1.1628,0
2026-05-29 09:00:00+00:00,1.16281,1.16285,1.16274,1.16275,0
2026-05-29 09:01:00+00:00,1.16275,1.16286,1.16266,1.16285,0
2026-05-29 09:02:00+00:00,1.16285,1.16294,1.16283,1.16293,0
2026-05-29 09:03:00+00:00,1.16294,1.16325,1.16289,1.16325,0
2026-05-29 09:04:00+00:00,1.16325,1.16328,1.16318,1.16326,0
2026-05-29 09:05:00+00:00,1.16325,1.16332,1.16325,1.16331,0
2026-05-29 09:06:00+00:00,1.16331,1.16336,1.16325,1.16332,0
2026-05-29 09:07:00+00:00,1.16332,1.16344,1.16327,1.16337,0
2026-05-29 09:08:00+00:00,1.16337,1.16337,1.16327,1.16329,0
2026-05-29 09:09:00+00:00,1.16329,1.16338,1.16328,1.1633,0
2026-05-29 09:10:00+00:00,1.16329,1.16351,1.16329,1.16346,0
2026-05-29 09:11:00+00:00,1.16347,1.16351,1.16342,1.16348,0
2026-05-29 09:12:00+00:00,1.16347,1.16349,1.16335,1.16341,0
2026-05-29 09:13:00+00:00,1.16341,1.16353,1.16341,1.16348,0
2026-05-29 09:14:00+00:00,1.16349,1.16363,1.16348,1.16362,0
2026-05-29 09:15:00+00:00,1.16361,1.16361,1.16348,1.16355,0
2026-05-29 09:16:00+00:00,1.16355,1.16364,1.16354,1.16364,0
2026-05-29 09:17:00+00:00,1.16365,1.16374,1.16365,1.16371,0
2026-05-29 09:18:00+00:00,1.1637,1.16381,1.16369,1.16378,0
2026-05-29 09:19:00+00:00,1.16379,1.16385,1.16361,1.16365,0
2026-05-29 09:20:00+00:00,1.16364,1.16364,1.1635,1.1635,0
2026-05-29 09:21:00+00:00,1.16348,1.1636,1.16341,1.16347,0
2026-05-29 09:22:00+00:00,1.16348,1.16352,1.16343,1.16343,0
2026-05-29 09:23:00+00:00,1.16344,1.16349,1.1634,1.16347,0
2026-05-29 09:24:00+00:00,1.16348,1.1635,1.16344,1.16348,0
2026-05-29 09:25:00+00:00,1.16347,1.16359,1.16347,1.16357,0
2026-05-29 09:26:00+00:00,1.16356,1.16357,1.16351,1.16351,0
2026-05-29 09:27:00+00:00,1.16355,1.1636,1.1635,1.16353,0
2026-05-29 09:28:00+00:00,1.16352,1.16359,1.16352,1.16355,0
2026-05-29 09:29:00+00:00,1.16354,1.16371,1.16354,1.16364,0
2026-05-29 09:30:00+00:00,1.16364,1.16371,1.16363,1.16365,0
2026-05-29 09:31:00+00:00,1.16365,1.16371,1.16358,1.1636,0
2026-05-29 09:32:00+00:00,1.16361,1.16361,1.16346,1.16346,0
2026-05-29 09:33:00+00:00,1.16347,1.16347,1.16341,1.16343,0
2026-05-29 09:34:00+00:00,1.16342,1.16349,1.16337,1.16346,0
2026-05-29 09:35:00+00:00,1.16345,1.16348,1.16341,1.16343,0
2026-05-29 09:36:00+00:00,1.16343,1.16346,1.1633,1.16337,0
2026-05-29 09:37:00+00:00,1.16339,1.16346,1.16338,1.16346,0
2026-05-29 09:38:00+00:00,1.16345,1.16349,1.16339,1.16346,0
2026-05-29 09:39:00+00:00,1.16346,1.16351,1.16342,1.16349,0
2026-05-29 09:40:00+00:00,1.1635,1.1635,1.16344,1.16348,0
2026-05-29 09:41:00+00:00,1.16348,1.16348,1.16339,1.16346,0
2026-05-29 09:42:00+00:00,1.16346,1.1635,1.16344,1.16348,0
2026-05-29 09:43:00+00:00,1.1635,1.16362,1.16348,1.16361,0
2026-05-29 09:44:00+00:00,1.16362,1.16368,1.16359,1.16368,0
2026-05-29 09:45:00+00:00,1.16366,1.16379,1.16365,1.16378,0
2026-05-29 09:46:00+00:00,1.16377,1.16381,1.16376,1.16376,0
2026-05-29 09:47:00+00:00,1.16375,1.16384,1.16375,1.16383,0
2026-05-29 09:48:00+00:00,1.16383,1.16383,1.16372,1.16377,0
2026-05-29 09:49:00+00:00,1.16375,1.16382,1.16375,1.16381,0
2026-05-29 09:50:00+00:00,1.16383,1.1639,1.16381,1.16389,0
2026-05-29 09:51:00+00:00,1.1639,1.1639,1.1638,1.16386,0
2026-05-29 09:52:00+00:00,1.16386,1.16393,1.16383,1.16392,0
2026-05-29 09:53:00+00:00,1.16391,1.16392,1.16386,1.16387,0
2026-05-29 09:54:00+00:00,1.16386,1.16396,1.16383,1.16396,0
2026-05-29 09:55:00+00:00,1.16397,1.16398,1.16393,1.16398,0
2026-05-29 09:56:00+00:00,1.16398,1.16402,1.16388,1.16392,0
2026-05-29 09:57:00+00:00,1.16391,1.16406,1.16391,1.16406,0
2026-05-29 09:58:00+00:00,1.16404,1.1642,1.16404,1.1642,0
2026-05-29 09:59:00+00:00,1.16421,1.16427,1.16412,1.16416,0
2026-05-29 10:00:00+00:00,1.16414,1.16414,1.16393,1.16393,0
2026-05-29 10:01:00+00:00,1.16394,1.16395,1.16378,1.16383,0
2026-05-29 10:02:00+00:00,1.16385,1.16387,1.16379,1.1638,0
2026-05-29 10:03:00+00:00,1.16379,1.16394,1.16379,1.16389,0
2026-05-29 10:04:00+00:00,1.16388,1.16391,1.16383,1.16386,0
2026-05-29 10:05:00+00:00,1.16386,1.16393,1.16386,1.1639,0
2026-05-29 10:06:00+00:00,1.16388,1.16402,1.16388,1.16401,0
2026-05-29 10:07:00+00:00,1.164,1.16402,1.16396,1.16402,0
2026-05-29 10:08:00+00:00,1.16403,1.16428,1.16403,1.16426,0
2026-05-29 10:09:00+00:00,1.16425,1.16428,1.16424,1.16426,0
2026-05-29 10:10:00+00:00,1.16425,1.16451,1.16425,1.16437,0
2026-05-29 10:11:00+00:00,1.16435,1.16439,1.16431,1.16438,0
2026-05-29 10:12:00+00:00,1.16437,1.1644,1.16428,1.16429,0
2026-05-29 10:13:00+00:00,1.16429,1.16442,1.16428,1.1644,0
2026-05-29 10:14:00+00:00,1.16439,1.16451,1.16439,1.16449,0
2026-05-29 10:15:00+00:00,1.16449,1.1645,1.16431,1.16431,0
2026-05-29 10:16:00+00:00,1.16431,1.16431,1.16415,1.1642,0
2026-05-29 10:17:00+00:00,1.16421,1.16422,1.16404,1.16404,0
2026-05-29 10:18:00+00:00,1.16405,1.16426,1.16405,1.16423,0
2026-05-29 10:19:00+00:00,1.16424,1.16427,1.16417,1.16417,0
2026-05-29 10:20:00+00:00,1.16419,1.16428,1.16416,1.16422,0
2026-05-29 10:21:00+00:00,1.16422,1.16424,1.16418,1.16421,0
2026-05-29 10:22:00+00:00,1.16421,1.16424,1.16409,1.16422,0
2026-05-29 10:23:00+00:00,1.16422,1.16426,1.16419,1.16419,0
2026-05-29 10:24:00+00:00,1.16418,1.16418,1.1641,1.1641,0
2026-05-29 10:25:00+00:00,1.16411,1.16412,1.16408,1.16411,0
2026-05-29 10:26:00+00:00,1.16411,1.16412,1.16403,1.16403,0
2026-05-29 10:27:00+00:00,1.16402,1.16412,1.164,1.16409,0
2026-05-29 10:28:00+00:00,1.1641,1.16412,1.16408,1.1641,0
2026-05-29 10:29:00+00:00,1.1641,1.16428,1.1641,1.16424,0
2026-05-29 10:30:00+00:00,1.16426,1.16431,1.16423,1.16425,0
2026-05-29 10:31:00+00:00,1.16427,1.16431,1.16425,1.16425,0
2026-05-29 10:32:00+00:00,1.16424,1.16429,1.16419,1.16421,0
2026-05-29 10:33:00+00:00,1.1642,1.16425,1.16419,1.16424,0
2026-05-29 10:34:00+00:00,1.16425,1.16431,1.1642,1.16427,0
2026-05-29 10:35:00+00:00,1.16428,1.16429,1.16424,1.16427,0
2026-05-29 10:36:00+00:00,1.16428,1.16439,1.16425,1.16435,0
2026-05-29 10:37:00+00:00,1.16436,1.16443,1.16432,1.1644,0
2026-05-29 10:38:00+00:00,1.1644,1.1644,1.16431,1.16431,0
2026-05-29 10:39:00+00:00,1.16432,1.16433,1.16429,1.16432,0
2026-05-29 10:40:00+00:00,1.16433,1.16433,1.16425,1.16428,0
2026-05-29 10:41:00+00:00,1.16427,1.1643,1.16421,1.16424,0
2026-05-29 10:42:00+00:00,1.16423,1.16424,1.16413,1.16414,0
2026-05-29 10:43:00+00:00,1.16415,1.16419,1.16414,1.16419,0
2026-05-29 10:44:00+00:00,1.1642,1.16426,1.16412,1.16425,0
2026-05-29 10:45:00+00:00,1.16425,1.16441,1.16423,1.16438,0
2026-05-29 10:46:00+00:00,1.16438,1.16438,1.16429,1.16429,0
2026-05-29 10:47:00+00:00,1.1643,1.16432,1.16421,1.16425,0
2026-05-29 10:48:00+00:00,1.16424,1.16426,1.16421,1.16424,0
2026-05-29 10:49:00+00:00,1.16423,1.16426,1.1642,1.16421,0
2026-05-29 10:50:00+00:00,1.16422,1.16428,1.16421,1.16421,0
2026-05-29 10:51:00+00:00,1.16421,1.16421,1.16408,1.16408,0
2026-05-29 10:52:00+00:00,1.16408,1.16416,1.16407,1.16414,0
2026-05-29 10:53:00+00:00,1.16413,1.16416,1.1641,1.1641,0
2026-05-29 10:54:00+00:00,1.16411,1.1642,1.16411,1.16416,0
2026-05-29 10:55:00+00:00,1.16416,1.16419,1.16413,1.16418,0
2026-05-29 10:56:00+00:00,1.16417,1.16432,1.16417,1.16427,0
2026-05-29 10:57:00+00:00,1.16427,1.16427,1.16411,1.16418,0
2026-05-29 10:58:00+00:00,1.16419,1.16432,1.16419,1.16431,0
2026-05-29 10:59:00+00:00,1.1643,1.16438,1.16427,1.16429,0
2026-05-29 11:00:00+00:00,1.16429,1.1644,1.16422,1.16437,0
2026-05-29 11:01:00+00:00,1.16437,1.16442,1.16433,1.16435,0
2026-05-29 11:02:00+00:00,1.16434,1.16436,1.16429,1.16429,0
2026-05-29 11:03:00+00:00,1.16429,1.16445,1.16429,1.16445,0
2026-05-29 11:04:00+00:00,1.16441,1.16446,1.16436,1.16442,0
2026-05-29 11:05:00+00:00,1.16441,1.16445,1.16429,1.1643,0
2026-05-29 11:06:00+00:00,1.16432,1.16448,1.16431,1.16448,0
2026-05-29 11:07:00+00:00,1.16448,1.16448,1.16437,1.1644,0
2026-05-29 11:08:00+00:00,1.16441,1.16443,1.16437,1.16439,0
2026-05-29 11:09:00+00:00,1.16438,1.16439,1.16424,1.16425,0
2026-05-29 11:10:00+00:00,1.16426,1.16426,1.16409,1.16424,0
2026-05-29 11:11:00+00:00,1.16425,1.16432,1.16419,1.16424,0
2026-05-29 11:12:00+00:00,1.16423,1.16425,1.16414,1.16417,0
2026-05-29 11:13:00+00:00,1.16419,1.16424,1.16416,1.16421,0
2026-05-29 11:14:00+00:00,1.16421,1.16425,1.1642,1.16422,0
2026-05-29 11:15:00+00:00,1.16423,1.16427,1.16423,1.16424,0
2026-05-29 11:16:00+00:00,1.16425,1.16432,1.16424,1.1643,0
2026-05-29 11:17:00+00:00,1.1643,1.16431,1.16423,1.16423,0
2026-05-29 11:18:00+00:00,1.16424,1.16428,1.16411,1.16414,0
2026-05-29 11:19:00+00:00,1.16415,1.16423,1.16415,1.1642,0
2026-05-29 11:20:00+00:00,1.16419,1.16422,1.16409,1.16419,0
2026-05-29 11:21:00+00:00,1.16419,1.16419,1.16408,1.16409,0
2026-05-29 11:22:00+00:00,1.1641,1.16412,1.16402,1.16409,0
2026-05-29 11:23:00+00:00,1.16409,1.16412,1.16398,1.16399,0
2026-05-29 11:24:00+00:00,1.164,1.16415,1.16399,1.16412,0
2026-05-29 11:25:00+00:00,1.16412,1.16421,1.16412,1.1642,0
2026-05-29 11:26:00+00:00,1.16417,1.16418,1.16408,1.16414,0
2026-05-29 11:27:00+00:00,1.16417,1.16421,1.16416,1.1642,0
2026-05-29 11:28:00+00:00,1.16419,1.16421,1.16414,1.1642,0
2026-05-29 11:29:00+00:00,1.16425,1.16435,1.16425,1.16434,0
2026-05-29 11:30:00+00:00,1.16431,1.16431,1.16405,1.1641,0
2026-05-29 11:31:00+00:00,1.1641,1.16425,1.1641,1.16416,0
2026-05-29 11:32:00+00:00,1.16415,1.16417,1.16413,1.16415,0
2026-05-29 11:33:00+00:00,1.16413,1.16418,1.16409,1.16418,0
2026-05-29 11:34:00+00:00,1.16417,1.16421,1.16409,1.1641,0
2026-05-29 11:35:00+00:00,1.16409,1.16426,1.16408,1.16426,0
2026-05-29 11:36:00+00:00,1.16425,1.1644,1.16425,1.16438,0
2026-05-29 11:37:00+00:00,1.16439,1.16451,1.16439,1.16445,0
2026-05-29 11:38:00+00:00,1.16447,1.16456,1.16441,1.16456,0
2026-05-29 11:39:00+00:00,1.16455,1.16461,1.16449,1.16459,0
2026-05-29 11:40:00+00:00,1.16461,1.16468,1.1646,1.16464,0
2026-05-29 11:41:00+00:00,1.16466,1.16466,1.16458,1.16459,0
2026-05-29 11:42:00+00:00,1.16461,1.16467,1.1646,1.16467,0
2026-05-29 11:43:00+00:00,1.16466,1.16466,1.16453,1.16454,0
2026-05-29 11:44:00+00:00,1.16455,1.16461,1.16453,1.16456,0
2026-05-29 11:45:00+00:00,1.16456,1.16466,1.16456,1.16466,0
2026-05-29 11:46:00+00:00,1.16467,1.16472,1.16464,1.16466,0
2026-05-29 11:47:00+00:00,1.16466,1.16467,1.16459,1.16462,0
2026-05-29 11:48:00+00:00,1.16462,1.16463,1.16454,1.16458,0
2026-05-29 11:49:00+00:00,1.16459,1.1646,1.16449,1.1645,0
2026-05-29 11:50:00+00:00,1.16449,1.16452,1.16441,1.16445,0
2026-05-29 11:51:00+00:00,1.16445,1.16456,1.16443,1.16456,0
2026-05-29 11:52:00+00:00,1.16455,1.16456,1.16418,1.1642,0
2026-05-29 11:53:00+00:00,1.16416,1.16456,1.16412,1.16455,0
2026-05-29 11:54:00+00:00,1.16455,1.16456,1.16444,1.16444,0
2026-05-29 11:55:00+00:00,1.16442,1.16455,1.16436,1.16451,0
2026-05-29 11:56:00+00:00,1.1645,1.16463,1.1645,1.16455,0
2026-05-29 11:57:00+00:00,1.16455,1.16464,1.16444,1.16463,0
2026-05-29 11:58:00+00:00,1.16464,1.16481,1.16464,1.16473,0
2026-05-29 11:59:00+00:00,1.16472,1.1648,1.16471,1.16475,0
2026-05-29 12:00:00+00:00,1.16475,1.16486,1.16463,1.16481,0
2026-05-29 12:01:00+00:00,1.16482,1.16482,1.16456,1.1646,0
2026-05-29 12:02:00+00:00,1.1646,1.16466,1.16458,1.16459,0
2026-05-29 12:03:00+00:00,1.1646,1.16462,1.16449,1.16449,0
2026-05-29 12:04:00+00:00,1.16448,1.16457,1.16444,1.16445,0
2026-05-29 12:05:00+00:00,1.16444,1.16445,1.16436,1.16444,0
2026-05-29 12:06:00+00:00,1.16444,1.16452,1.16441,1.16449,0
2026-05-29 12:07:00+00:00,1.16449,1.16454,1.16442,1.16444,0
2026-05-29 12:08:00+00:00,1.16443,1.16456,1.16443,1.16455,0
2026-05-29 12:09:00+00:00,1.16455,1.16461,1.16431,1.16436,0
2026-05-29 12:10:00+00:00,1.16435,1.16454,1.16435,1.1644,0
2026-05-29 12:11:00+00:00,1.16439,1.16445,1.16436,1.16441,0
2026-05-29 12:12:00+00:00,1.16442,1.16445,1.1643,1.1643,0
2026-05-29 12:13:00+00:00,1.1643,1.1646,1.1643,1.16458,0
2026-05-29 12:14:00+00:00,1.1646,1.1647,1.16456,1.16458,0
2026-05-29 12:15:00+00:00,1.16456,1.16467,1.16452,1.16463,0
2026-05-29 12:16:00+00:00,1.16462,1.16462,1.16455,1.16461,0
2026-05-29 12:17:00+00:00,1.16461,1.16463,1.16458,1.16459,0
2026-05-29 12:18:00+00:00,1.1646,1.1647,1.16457,1.1646,0
2026-05-29 12:19:00+00:00,1.16459,1.16467,1.16459,1.16465,0
2026-05-29 12:20:00+00:00,1.16464,1.16465,1.16457,1.1646,0
2026-05-29 12:21:00+00:00,1.16459,1.16459,1.16452,1.16456,0
2026-05-29 12:22:00+00:00,1.16458,1.16459,1.16452,1.16457,0
2026-05-29 12:23:00+00:00,1.16459,1.16462,1.16452,1.16462,0
2026-05-29 12:24:00+00:00,1.16462,1.16462,1.16455,1.16457,0
2026-05-29 12:25:00+00:00,1.16455,1.16457,1.16438,1.16451,0
2026-05-29 12:26:00+00:00,1.16453,1.16462,1.16453,1.16461,0
2026-05-29 12:27:00+00:00,1.16462,1.16466,1.1646,1.16466,0
2026-05-29 12:28:00+00:00,1.16468,1.16471,1.16466,1.16466,0
2026-05-29 12:29:00+00:00,1.16465,1.16465,1.16458,1.16463,0
2026-05-29 12:30:00+00:00,1.16465,1.16465,1.16454,1.16465,0
2026-05-29 12:31:00+00:00,1.16463,1.16463,1.1645,1.16455,0
2026-05-29 12:32:00+00:00,1.16454,1.16454,1.16447,1.16449,0
2026-05-29 12:33:00+00:00,1.16447,1.16452,1.16413,1.1645,0
2026-05-29 12:34:00+00:00,1.1645,1.16461,1.16439,1.16445,0
2026-05-29 12:35:00+00:00,1.16446,1.16453,1.16442,1.1645,0
2026-05-29 12:36:00+00:00,1.16448,1.16458,1.16444,1.16456,0
2026-05-29 12:37:00+00:00,1.16457,1.1647,1.16457,1.1646,0
2026-05-29 12:38:00+00:00,1.16461,1.16466,1.16456,1.16458,0
2026-05-29 12:39:00+00:00,1.16457,1.16457,1.16444,1.16445,0
2026-05-29 12:40:00+00:00,1.16446,1.16453,1.16443,1.16451,0
2026-05-29 12:41:00+00:00,1.16449,1.16455,1.16447,1.1645,0
2026-05-29 12:42:00+00:00,1.16452,1.16457,1.16448,1.16457,0
2026-05-29 12:43:00+00:00,1.16454,1.16454,1.16443,1.16453,0
2026-05-29 12:44:00+00:00,1.16454,1.16456,1.16445,1.16451,0
2026-05-29 12:45:00+00:00,1.1645,1.16452,1.16441,1.16445,0
2026-05-29 12:46:00+00:00,1.16442,1.16456,1.16438,1.16453,0
2026-05-29 12:47:00+00:00,1.16454,1.16459,1.16448,1.16456,0
2026-05-29 12:48:00+00:00,1.16455,1.16456,1.1645,1.16454,0
2026-05-29 12:49:00+00:00,1.16455,1.16461,1.16453,1.16458,0
2026-05-29 12:50:00+00:00,1.16458,1.16459,1.16454,1.16457,0
2026-05-29 12:51:00+00:00,1.16456,1.16462,1.16453,1.16454,0
2026-05-29 12:52:00+00:00,1.16455,1.16474,1.16449,1.16449,0
2026-05-29 12:53:00+00:00,1.1645,1.16455,1.16448,1.16453,0
2026-05-29 12:54:00+00:00,1.16452,1.16462,1.16448,1.16454,0
2026-05-29 12:55:00+00:00,1.16454,1.16458,1.1645,1.16451,0
2026-05-29 12:56:00+00:00,1.16452,1.16456,1.16452,1.16454,0
2026-05-29 12:57:00+00:00,1.16455,1.16471,1.16455,1.16466,0
2026-05-29 12:58:00+00:00,1.16467,1.16475,1.16463,1.16475,0
2026-05-29 12:59:00+00:00,1.16477,1.1649,1.16476,1.16488,0
2026-05-29 13:00:00+00:00,1.1649,1.16493,1.16469,1.1647,0
2026-05-29 13:01:00+00:00,1.16469,1.16479,1.16463,1.16478,0
2026-05-29 13:02:00+00:00,1.16477,1.16481,1.1647,1.1647,0
2026-05-29 13:03:00+00:00,1.16473,1.16479,1.16468,1.16471,0
2026-05-29 13:04:00+00:00,1.16472,1.16489,1.16472,1.16489,0
2026-05-29 13:05:00+00:00,1.16489,1.16491,1.16476,1.16477,0
2026-05-29 13:06:00+00:00,1.16478,1.16481,1.16465,1.1647,0
2026-05-29 13:07:00+00:00,1.16471,1.16479,1.16464,1.16474,0
2026-05-29 13:08:00+00:00,1.16474,1.16477,1.16469,1.16474,0
2026-05-29 13:09:00+00:00,1.16474,1.16475,1.16466,1.16467,0
2026-05-29 13:10:00+00:00,1.1647,1.16473,1.16464,1.1647,0
2026-05-29 13:11:00+00:00,1.1647,1.16475,1.16466,1.16474,0
2026-05-29 13:12:00+00:00,1.16475,1.16483,1.16474,1.1648,0
2026-05-29 13:13:00+00:00,1.16481,1.16489,1.16478,1.16478,0
2026-05-29 13:14:00+00:00,1.16478,1.16479,1.16471,1.16473,0
2026-05-29 13:15:00+00:00,1.16473,1.16489,1.16472,1.16488,0
2026-05-29 13:16:00+00:00,1.16488,1.165,1.16485,1.16495,0
2026-05-29 13:17:00+00:00,1.16494,1.165,1.16492,1.16496,0
2026-05-29 13:18:00+00:00,1.16495,1.16501,1.16492,1.16494,0
2026-05-29 13:19:00+00:00,1.16492,1.16499,1.16489,1.16497,0
2026-05-29 13:20:00+00:00,1.16498,1.16501,1.1649,1.16497,0
2026-05-29 13:21:00+00:00,1.16498,1.16531,1.16498,1.16527,0
2026-05-29 13:22:00+00:00,1.16527,1.16527,1.16505,1.16505,0
2026-05-29 13:23:00+00:00,1.16506,1.16512,1.16495,1.16498,0
2026-05-29 13:24:00+00:00,1.16499,1.165,1.16482,1.16489,0
2026-05-29 13:25:00+00:00,1.16489,1.16505,1.16488,1.16504,0
2026-05-29 13:26:00+00:00,1.16501,1.16501,1.16494,1.16501,0
2026-05-29 13:27:00+00:00,1.16502,1.16503,1.16494,1.16494,0
2026-05-29 13:28:00+00:00,1.16494,1.16495,1.16486,1.16491,0
2026-05-29 13:29:00+00:00,1.16491,1.16498,1.16489,1.16498,0
2026-05-29 13:30:00+00:00,1.16496,1.16505,1.16491,1.16501,0
2026-05-29 13:31:00+00:00,1.16501,1.16511,1.16499,1.16503,0
2026-05-29 13:32:00+00:00,1.16501,1.1651,1.16494,1.16504,0
2026-05-29 13:33:00+00:00,1.16504,1.1652,1.16499,1.1652,0
2026-05-29 13:34:00+00:00,1.16519,1.16521,1.16504,1.16515,0
2026-05-29 13:35:00+00:00,1.16513,1.16515,1.165,1.16514,0
2026-05-29 13:36:00+00:00,1.16513,1.16515,1.16502,1.16505,0
2026-05-29 13:37:00+00:00,1.16504,1.16514,1.16504,1.16508,0
2026-05-29 13:38:00+00:00,1.16509,1.1651,1.16508,1.16509,0
2026-05-29 13:39:00+00:00,1.16507,1.16507,1.1649,1.16492,0
2026-05-29 13:40:00+00:00,1.16491,1.16505,1.16491,1.16505,0
2026-05-29 13:41:00+00:00,1.16503,1.16511,1.165,1.16502,0
2026-05-29 13:42:00+00:00,1.16503,1.16503,1.16479,1.16484,0
2026-05-29 13:43:00+00:00,1.16484,1.16497,1.16481,1.16487,0
2026-05-29 13:44:00+00:00,1.16489,1.16508,1.16488,1.16507,0
2026-05-29 13:45:00+00:00,1.16507,1.1651,1.16494,1.16506,0
2026-05-29 13:46:00+00:00,1.16504,1.16511,1.16495,1.16495,0
2026-05-29 13:47:00+00:00,1.165,1.165,1.16481,1.16481,0
2026-05-29 13:48:00+00:00,1.16484,1.16496,1.16484,1.16495,0
2026-05-29 13:49:00+00:00,1.16495,1.16495,1.16485,1.16489,0
2026-05-29 13:50:00+00:00,1.1649,1.1649,1.16483,1.16488,0
2026-05-29 13:51:00+00:00,1.1649,1.16492,1.1646,1.16465,0
2026-05-29 13:52:00+00:00,1.16463,1.16463,1.16448,1.16461,0
2026-05-29 13:53:00+00:00,1.16461,1.16465,1.16456,1.16461,0
2026-05-29 13:54:00+00:00,1.16461,1.16485,1.16461,1.16472,0
2026-05-29 13:55:00+00:00,1.16472,1.16473,1.16465,1.1647,0
2026-05-29 13:56:00+00:00,1.16474,1.16475,1.16465,1.16473,0
2026-05-29 13:57:00+00:00,1.16472,1.16489,1.16466,1.16485,0
2026-05-29 13:58:00+00:00,1.16485,1.16497,1.16485,1.16492,0
2026-05-29 13:59:00+00:00,1.1649,1.1649,1.1647,1.16471,0
2026-05-29 14:00:00+00:00,1.16473,1.16477,1.16453,1.16475,0
2026-05-29 14:01:00+00:00,1.16476,1.16491,1.16472,1.16489,0
2026-05-29 14:02:00+00:00,1.16487,1.16497,1.16481,1.16485,0
2026-05-29 14:03:00+00:00,1.16486,1.16492,1.16482,1.1649,0
2026-05-29 14:04:00+00:00,1.16488,1.16496,1.16486,1.16492,0
2026-05-29 14:05:00+00:00,1.16492,1.16498,1.16488,1.16492,0
2026-05-29 14:06:00+00:00,1.16491,1.16508,1.16487,1.16507,0
2026-05-29 14:07:00+00:00,1.16507,1.16507,1.16495,1.16505,0
2026-05-29 14:08:00+00:00,1.16506,1.16506,1.1649,1.16494,0
2026-05-29 14:09:00+00:00,1.16494,1.16501,1.1649,1.165,0
2026-05-29 14:10:00+00:00,1.16499,1.16501,1.16487,1.16487,0
2026-05-29 14:11:00+00:00,1.16488,1.16506,1.16487,1.16505,0
2026-05-29 14:12:00+00:00,1.16504,1.16506,1.1649,1.16492,0
2026-05-29 14:13:00+00:00,1.16491,1.16491,1.16464,1.16468,0
2026-05-29 14:14:00+00:00,1.16467,1.16472,1.16433,1.16434,0
2026-05-29 14:15:00+00:00,1.16434,1.16436,1.16423,1.16426,0
2026-05-29 14:16:00+00:00,1.16425,1.16441,1.16422,1.1644,0
2026-05-29 14:17:00+00:00,1.16439,1.16447,1.16437,1.16446,0
2026-05-29 14:18:00+00:00,1.16444,1.16446,1.1643,1.16432,0
2026-05-29 14:19:00+00:00,1.1643,1.16434,1.16418,1.16419,0
2026-05-29 14:20:00+00:00,1.1642,1.1644,1.16418,1.16437,0
2026-05-29 14:21:00+00:00,1.16439,1.16447,1.16435,1.16445,0
2026-05-29 14:22:00+00:00,1.16446,1.1645,1.16443,1.16445,0
2026-05-29 14:23:00+00:00,1.16444,1.16452,1.16439,1.16447,0
2026-05-29 14:24:00+00:00,1.16447,1.16452,1.16435,1.16435,0
2026-05-29 14:25:00+00:00,1.16435,1.16446,1.16432,1.16444,0
2026-05-29 14:26:00+00:00,1.16445,1.16447,1.1644,1.1644,0
2026-05-29 14:27:00+00:00,1.16439,1.16446,1.16436,1.16445,0
2026-05-29 14:28:00+00:00,1.16447,1.16459,1.16443,1.16451,0
2026-05-29 14:29:00+00:00,1.16451,1.1646,1.16448,1.16459,0
2026-05-29 14:30:00+00:00,1.16459,1.16463,1.16453,1.16455,0
2026-05-29 14:31:00+00:00,1.16454,1.16463,1.16452,1.16459,0
2026-05-29 14:32:00+00:00,1.16459,1.16463,1.1645,1.16463,0
2026-05-29 14:33:00+00:00,1.16462,1.16479,1.16456,1.1646,0
2026-05-29 14:34:00+00:00,1.16459,1.16476,1.16458,1.1647,0
2026-05-29 14:35:00+00:00,1.16468,1.16478,1.16464,1.16468,0
2026-05-29 14:36:00+00:00,1.1647,1.16472,1.1645,1.16461,0
2026-05-29 14:37:00+00:00,1.16463,1.16465,1.16411,1.16414,0
2026-05-29 14:38:00+00:00,1.16414,1.16423,1.16412,1.1642,0
2026-05-29 14:39:00+00:00,1.16419,1.16427,1.16403,1.16412,0
2026-05-29 14:40:00+00:00,1.16413,1.16431,1.16413,1.16418,0
2026-05-29 14:41:00+00:00,1.16419,1.16454,1.16418,1.16453,0
2026-05-29 14:42:00+00:00,1.1645,1.16461,1.16449,1.16451,0
2026-05-29 14:43:00+00:00,1.16452,1.16452,1.1644,1.16448,0
2026-05-29 14:44:00+00:00,1.16448,1.1648,1.16441,1.16475,0
2026-05-29 14:45:00+00:00,1.16475,1.16481,1.16467,1.16481,0
2026-05-29 14:46:00+00:00,1.16482,1.16503,1.1648,1.165,0
2026-05-29 14:47:00+00:00,1.165,1.16509,1.16496,1.16501,0
2026-05-29 14:48:00+00:00,1.16503,1.16511,1.16491,1.16505,0
2026-05-29 14:49:00+00:00,1.16506,1.16546,1.16501,1.16538,0
2026-05-29 14:50:00+00:00,1.16537,1.16572,1.16537,1.16555,0
2026-05-29 14:51:00+00:00,1.16554,1.16656,1.16545,1.16601,0
2026-05-29 14:52:00+00:00,1.16604,1.16662,1.16602,1.16653,0
2026-05-29 14:53:00+00:00,1.16656,1.16672,1.16648,1.16654,0
2026-05-29 14:54:00+00:00,1.16656,1.16666,1.16641,1.16663,0
2026-05-29 14:55:00+00:00,1.16662,1.16746,1.16658,1.16737,0
2026-05-29 14:56:00+00:00,1.16738,1.1674,1.16719,1.16725,0
2026-05-29 14:57:00+00:00,1.16726,1.16726,1.16686,1.16718,0
2026-05-29 14:58:00+00:00,1.16715,1.16717,1.16678,1.16691,0
2026-05-29 14:59:00+00:00,1.1669,1.16711,1.16686,1.16686,0
2026-05-29 15:00:00+00:00,1.16685,1.16695,1.16673,1.16684,0
2026-05-29 15:01:00+00:00,1.16683,1.16716,1.1668,1.1671,0
2026-05-29 15:02:00+00:00,1.16712,1.16719,1.16683,1.16717,0
2026-05-29 15:03:00+00:00,1.16716,1.16731,1.16703,1.16725,0
2026-05-29 15:04:00+00:00,1.16723,1.16725,1.16695,1.16701,0
2026-05-29 15:05:00+00:00,1.16702,1.16705,1.16676,1.1669,0
2026-05-29 15:06:00+00:00,1.16688,1.16706,1.16686,1.16706,0
2026-05-29 15:07:00+00:00,1.16707,1.16725,1.16705,1.1672,0
2026-05-29 15:08:00+00:00,1.16719,1.16741,1.16716,1.1674,0
2026-05-29 15:09:00+00:00,1.1674,1.16745,1.16734,1.16742,0
2026-05-29 15:10:00+00:00,1.1674,1.16753,1.16729,1.16739,0
2026-05-29 15:11:00+00:00,1.16739,1.16763,1.16734,1.16752,0
2026-05-29 15:12:00+00:00,1.16754,1.16761,1.16749,1.16757,0
2026-05-29 15:13:00+00:00,1.16756,1.16771,1.16749,1.16769,0
2026-05-29 15:14:00+00:00,1.16769,1.16778,1.16758,1.16764,0
2026-05-29 15:15:00+00:00,1.16764,1.16766,1.16741,1.16752,0
2026-05-29 15:16:00+00:00,1.16751,1.16773,1.16751,1.16765,0
2026-05-29 15:17:00+00:00,1.16766,1.16772,1.16752,1.16758,0
2026-05-29 15:18:00+00:00,1.16756,1.16775,1.16756,1.16768,0
2026-05-29 15:19:00+00:00,1.16767,1.16771,1.16759,1.16762,0
2026-05-29 15:20:00+00:00,1.16762,1.16766,1.16752,1.16761,0
2026-05-29 15:21:00+00:00,1.1676,1.16769,1.16752,1.16767,0
2026-05-29 15:22:00+00:00,1.16766,1.16773,1.16763,1.16771,0
2026-05-29 15:23:00+00:00,1.1677,1.16813,1.16768,1.16809,0
2026-05-29 15:24:00+00:00,1.1681,1.16819,1.16787,1.1679,0
2026-05-29 15:25:00+00:00,1.1679,1.1679,1.16763,1.1677,0
2026-05-29 15:26:00+00:00,1.16769,1.16777,1.16761,1.16765,0
2026-05-29 15:27:00+00:00,1.16764,1.16764,1.16739,1.16743,0
2026-05-29 15:28:00+00:00,1.16744,1.1676,1.1674,1.16759,0
2026-05-29 15:29:00+00:00,1.16759,1.16769,1.1675,1.1675,0
2026-05-29 15:30:00+00:00,1.16752,1.16774,1.16751,1.16774,0
2026-05-29 15:31:00+00:00,1.16774,1.16792,1.16769,1.16789,0
2026-05-29 15:32:00+00:00,1.16788,1.16829,1.16782,1.16829,0
2026-05-29 15:33:00+00:00,1.16827,1.16857,1.16825,1.16854,0
2026-05-29 15:34:00+00:00,1.16852,1.16853,1.16813,1.16814,0
2026-05-29 15:35:00+00:00,1.16815,1.16819,1.16793,1.16809,0
2026-05-29 15:36:00+00:00,1.16807,1.16831,1.16804,1.16831,0
2026-05-29 15:37:00+00:00,1.1683,1.1683,1.1678,1.16788,0
2026-05-29 15:38:00+00:00,1.16788,1.1681,1.16786,1.1681,0
2026-05-29 15:39:00+00:00,1.16809,1.16812,1.16802,1.1681,0
2026-05-29 15:40:00+00:00,1.16812,1.16812,1.16785,1.16811,0
2026-05-29 15:41:00+00:00,1.16808,1.16826,1.16765,1.16774,0
2026-05-29 15:42:00+00:00,1.16773,1.16779,1.16761,1.16767,0
2026-05-29 15:43:00+00:00,1.16768,1.16769,1.16743,1.16751,0
2026-05-29 15:44:00+00:00,1.16752,1.16763,1.16741,1.16761,0
2026-05-29 15:45:00+00:00,1.1676,1.16801,1.16757,1.16801,0
2026-05-29 15:46:00+00:00,1.16801,1.16803,1.1678,1.16789,0
2026-05-29 15:47:00+00:00,1.16788,1.16788,1.16765,1.16779,0
2026-05-29 15:48:00+00:00,1.1678,1.1679,1.16771,1.16787,0
2026-05-29 15:49:00+00:00,1.16787,1.16803,1.16787,1.16794,0
2026-05-29 15:50:00+00:00,1.16794,1.16801,1.16782,1.16796,0
2026-05-29 15:51:00+00:00,1.16798,1.16803,1.1679,1.16795,0
2026-05-29 15:52:00+00:00,1.16795,1.16796,1.16771,1.16775,0
2026-05-29 15:53:00+00:00,1.16774,1.16785,1.16771,1.16777,0
2026-05-29 15:54:00+00:00,1.16778,1.16796,1.16778,1.16789,0
2026-05-29 15:55:00+00:00,1.16787,1.16795,1.16785,1.16788,0
2026-05-29 15:56:00+00:00,1.16788,1.16791,1.16782,1.16788,0
2026-05-29 15:57:00+00:00,1.1679,1.16791,1.16783,1.16785,0
2026-05-29 15:58:00+00:00,1.16786,1.16791,1.16778,1.16779,0
2026-05-29 15:59:00+00:00,1.16778,1.16781,1.16773,1.1678,0
2026-05-29 16:00:00+00:00,1.1678,1.16791,1.16772,1.16778,0
2026-05-29 16:01:00+00:00,1.16778,1.16785,1.16766,1.1677,0
2026-05-29 16:02:00+00:00,1.1677,1.16781,1.16761,1.16779,0
2026-05-29 16:03:00+00:00,1.16779,1.16781,1.16763,1.16764,0
2026-05-29 16:04:00+00:00,1.16766,1.16769,1.16751,1.16751,0
2026-05-29 16:05:00+00:00,1.1675,1.16751,1.16738,1.16746,0
2026-05-29 16:06:00+00:00,1.16746,1.16747,1.16732,1.16744,0
2026-05-29 16:07:00+00:00,1.16744,1.16749,1.1673,1.16731,0
2026-05-29 16:08:00+00:00,1.1673,1.1673,1.16713,1.16717,0
2026-05-29 16:09:00+00:00,1.16718,1.16729,1.16713,1.16717,0
2026-05-29 16:10:00+00:00,1.16718,1.1672,1.1671,1.16711,0
2026-05-29 16:11:00+00:00,1.16713,1.16715,1.1671,1.16713,0
2026-05-29 16:12:00+00:00,1.16712,1.16714,1.16701,1.16707,0
2026-05-29 16:13:00+00:00,1.16709,1.1671,1.16695,1.16702,0
2026-05-29 16:14:00+00:00,1.16701,1.16701,1.16696,1.16696,0
2026-05-29 16:15:00+00:00,1.16693,1.16697,1.16687,1.16692,0
2026-05-29 16:16:00+00:00,1.16694,1.16708,1.16694,1.16707,0
2026-05-29 16:17:00+00:00,1.16706,1.1671,1.16699,1.16703,0
2026-05-29 16:18:00+00:00,1.16701,1.16703,1.16682,1.16686,0
2026-05-29 16:19:00+00:00,1.16686,1.1669,1.16676,1.16681,0
2026-05-29 16:20:00+00:00,1.16679,1.16686,1.16678,1.16685,0
2026-05-29 16:21:00+00:00,1.16683,1.16689,1.16679,1.16684,0
2026-05-29 16:22:00+00:00,1.16683,1.16694,1.1668,1.16693,0
2026-05-29 16:23:00+00:00,1.16694,1.16704,1.16692,1.16692,0
2026-05-29 16:24:00+00:00,1.16694,1.167,1.16689,1.16693,0
2026-05-29 16:25:00+00:00,1.16691,1.16707,1.16691,1.16699,0
2026-05-29 16:26:00+00:00,1.167,1.16703,1.16693,1.16698,0
2026-05-29 16:27:00+00:00,1.167,1.167,1.16685,1.16685,0
2026-05-29 16:28:00+00:00,1.16685,1.16697,1.16685,1.16696,0
2026-05-29 16:29:00+00:00,1.16697,1.16701,1.16693,1.16697,0
2026-05-29 16:30:00+00:00,1.16698,1.16698,1.16668,1.16676,0
2026-05-29 16:31:00+00:00,1.16676,1.16714,1.16666,1.16703,0
2026-05-29 16:32:00+00:00,1.16705,1.1671,1.16698,1.16705,0
2026-05-29 16:33:00+00:00,1.16707,1.16716,1.16707,1.16716,0
2026-05-29 16:34:00+00:00,1.16717,1.16729,1.16713,1.16719,0
2026-05-29 16:35:00+00:00,1.16719,1.16722,1.16714,1.1672,0
2026-05-29 16:36:00+00:00,1.16719,1.16727,1.16717,1.16726,0
2026-05-29 16:37:00+00:00,1.16728,1.16745,1.1672,1.16724,0
2026-05-29 16:38:00+00:00,1.16726,1.16734,1.16724,1.16725,0
2026-05-29 16:39:00+00:00,1.16725,1.16732,1.16723,1.16726,0
2026-05-29 16:40:00+00:00,1.16727,1.16735,1.16723,1.1673,0
2026-05-29 16:41:00+00:00,1.16731,1.16734,1.16725,1.16728,0
2026-05-29 16:42:00+00:00,1.16728,1.16728,1.16716,1.16719,0
2026-05-29 16:43:00+00:00,1.16718,1.16719,1.16711,1.16712,0
2026-05-29 16:44:00+00:00,1.16712,1.16716,1.16706,1.16708,0
2026-05-29 16:45:00+00:00,1.16708,1.16711,1.16699,1.16704,0
2026-05-29 16:46:00+00:00,1.16705,1.16711,1.167,1.167,0
2026-05-29 16:47:00+00:00,1.16702,1.16709,1.16689,1.16709,0
2026-05-29 16:48:00+00:00,1.1671,1.16716,1.16707,1.16716,0
2026-05-29 16:49:00+00:00,1.16715,1.16716,1.16705,1.1671,0
2026-05-29 16:50:00+00:00,1.1671,1.16711,1.16703,1.16711,0
2026-05-29 16:51:00+00:00,1.16711,1.16713,1.16703,1.16703,0
2026-05-29 16:52:00+00:00,1.16701,1.16702,1.16692,1.16695,0
2026-05-29 16:53:00+00:00,1.16694,1.16702,1.16694,1.16702,0
2026-05-29 16:54:00+00:00,1.167,1.1671,1.167,1.1671,0
2026-05-29 16:55:00+00:00,1.16709,1.16711,1.16705,1.16705,0
2026-05-29 16:56:00+00:00,1.16706,1.16709,1.16691,1.16702,0
2026-05-29 16:57:00+00:00,1.16701,1.16702,1.16695,1.16701,0
2026-05-29 16:58:00+00:00,1.167,1.16713,1.16697,1.1671,0
2026-05-29 16:59:00+00:00,1.16708,1.16722,1.16708,1.1672,0
2026-05-29 17:00:00+00:00,1.16719,1.16726,1.16716,1.16716,0
2026-05-29 17:01:00+00:00,1.16716,1.16726,1.16715,1.16723,0
2026-05-29 17:02:00+00:00,1.16724,1.16724,1.16712,1.16716,0
2026-05-29 17:03:00+00:00,1.16714,1.16721,1.16711,1.16719,0
2026-05-29 17:04:00+00:00,1.1672,1.16721,1.16715,1.16719,0
2026-05-29 17:05:00+00:00,1.1672,1.16723,1.1672,1.16722,0
2026-05-29 17:06:00+00:00,1.16723,1.16727,1.16721,1.16727,0
2026-05-29 17:07:00+00:00,1.16727,1.16733,1.16724,1.16727,0
2026-05-29 17:08:00+00:00,1.1673,1.16732,1.16715,1.16717,0
2026-05-29 17:09:00+00:00,1.16715,1.16717,1.16699,1.16702,0
2026-05-29 17:10:00+00:00,1.16703,1.1671,1.16702,1.16706,0
2026-05-29 17:11:00+00:00,1.16703,1.16706,1.16697,1.16705,0
2026-05-29 17:12:00+00:00,1.16706,1.16712,1.16694,1.16695,0
2026-05-29 17:13:00+00:00,1.16696,1.16698,1.16691,1.16697,0
2026-05-29 17:14:00+00:00,1.16695,1.16698,1.16687,1.16691,0
2026-05-29 17:15:00+00:00,1.16691,1.16698,1.16691,1.16694,0
2026-05-29 17:16:00+00:00,1.16693,1.16697,1.16691,1.16697,0
2026-05-29 17:17:00+00:00,1.16697,1.167,1.16692,1.16695,0
2026-05-29 17:18:00+00:00,1.16695,1.16703,1.16695,1.167,0
2026-05-29 17:19:00+00:00,1.167,1.16703,1.16681,1.16682,0
2026-05-29 17:20:00+00:00,1.16682,1.16683,1.16673,1.16676,0
2026-05-29 17:21:00+00:00,1.16675,1.16677,1.16659,1.16661,0
2026-05-29 17:22:00+00:00,1.16664,1.16671,1.16661,1.16667,0
2026-05-29 17:23:00+00:00,1.16663,1.16668,1.16658,1.16667,0
2026-05-29 17:24:00+00:00,1.16668,1.16684,1.16663,1.16676,0
2026-05-29 17:25:00+00:00,1.16677,1.16683,1.16672,1.16677,0
2026-05-29 17:26:00+00:00,1.16675,1.16675,1.16669,1.1667,0
2026-05-29 17:27:00+00:00,1.1667,1.16677,1.16665,1.16672,0
2026-05-29 17:28:00+00:00,1.16674,1.16679,1.16674,1.16676,0
2026-05-29 17:29:00+00:00,1.16677,1.1668,1.16676,1.16678,0
2026-05-29 17:30:00+00:00,1.16677,1.16682,1.16667,1.16667,0
2026-05-29 17:31:00+00:00,1.16667,1.1667,1.16663,1.16667,0
2026-05-29 17:32:00+00:00,1.16666,1.16677,1.16664,1.16675,0
2026-05-29 17:33:00+00:00,1.16676,1.16679,1.1667,1.16671,0
2026-05-29 17:34:00+00:00,1.16671,1.16678,1.16668,1.16677,0
2026-05-29 17:35:00+00:00,1.16678,1.16681,1.16661,1.16664,0
2026-05-29 17:36:00+00:00,1.16666,1.16668,1.16663,1.16667,0
2026-05-29 17:37:00+00:00,1.16665,1.16668,1.16662,1.16664,0
2026-05-29 17:38:00+00:00,1.16665,1.1667,1.16664,1.16665,0
2026-05-29 17:39:00+00:00,1.16662,1.16662,1.1665,1.16651,0
2026-05-29 17:40:00+00:00,1.16652,1.16654,1.16641,1.16652,0
2026-05-29 17:41:00+00:00,1.16651,1.16656,1.16651,1.16653,0
2026-05-29 17:42:00+00:00,1.16652,1.16653,1.16648,1.16649,0
2026-05-29 17:43:00+00:00,1.16649,1.16649,1.16635,1.16636,0
2026-05-29 17:44:00+00:00,1.16638,1.16645,1.16631,1.16644,0
2026-05-29 17:45:00+00:00,1.16645,1.16646,1.16634,1.16636,0
2026-05-29 17:46:00+00:00,1.16638,1.16644,1.16636,1.1664,0
2026-05-29 17:47:00+00:00,1.16641,1.16644,1.16636,1.16637,0
2026-05-29 17:48:00+00:00,1.16637,1.16652,1.16635,1.16652,0
2026-05-29 17:49:00+00:00,1.1665,1.16655,1.16647,1.16649,0
2026-05-29 17:50:00+00:00,1.1665,1.16651,1.16647,1.16648,0
2026-05-29 17:51:00+00:00,1.16649,1.16651,1.16648,1.1665,0
2026-05-29 17:52:00+00:00,1.1665,1.1665,1.1664,1.1664,0
2026-05-29 17:53:00+00:00,1.16642,1.16642,1.16629,1.16629,0
2026-05-29 17:54:00+00:00,1.16628,1.16631,1.16625,1.1663,0
2026-05-29 17:55:00+00:00,1.16628,1.16636,1.16621,1.16631,0
2026-05-29 17:56:00+00:00,1.1663,1.16642,1.1663,1.16632,0
2026-05-29 17:57:00+00:00,1.16634,1.16646,1.16631,1.16639,0
2026-05-29 17:58:00+00:00,1.16637,1.16645,1.16636,1.16637,0
2026-05-29 17:59:00+00:00,1.16638,1.16638,1.16621,1.16621,0
2026-05-29 18:00:00+00:00,1.16621,1.16624,1.16614,1.16618,0
2026-05-29 18:01:00+00:00,1.16618,1.16624,1.16615,1.16621,0
2026-05-29 18:02:00+00:00,1.1662,1.16628,1.16616,1.16625,0
2026-05-29 18:03:00+00:00,1.16626,1.16629,1.16619,1.16628,0
2026-05-29 18:04:00+00:00,1.16627,1.1663,1.16623,1.16625,0
2026-05-29 18:05:00+00:00,1.16626,1.16626,1.1662,1.16621,0
2026-05-29 18:06:00+00:00,1.16621,1.16623,1.16618,1.16621,0
2026-05-29 18:07:00+00:00,1.16621,1.1663,1.1662,1.1663,0
2026-05-29 18:08:00+00:00,1.16629,1.1663,1.16623,1.16626,0
2026-05-29 18:09:00+00:00,1.16628,1.16631,1.16622,1.1663,0
2026-05-29 18:10:00+00:00,1.16631,1.16634,1.16626,1.16627,0
2026-05-29 18:11:00+00:00,1.16627,1.1664,1.16626,1.1664,0
2026-05-29 18:12:00+00:00,1.1664,1.1664,1.16631,1.16635,0
2026-05-29 18:13:00+00:00,1.16633,1.16636,1.16629,1.16635,0
2026-05-29 18:14:00+00:00,1.16635,1.1664,1.16634,1.1664,0
2026-05-29 18:15:00+00:00,1.16641,1.16647,1.1664,1.16644,0
2026-05-29 18:16:00+00:00,1.16645,1.16645,1.16635,1.16636,0
2026-05-29 18:17:00+00:00,1.16638,1.16638,1.16629,1.16634,0
2026-05-29 18:18:00+00:00,1.16632,1.16642,1.16623,1.16634,0
2026-05-29 18:19:00+00:00,1.16634,1.16652,1.16634,1.16648,0
2026-05-29 18:20:00+00:00,1.16651,1.16659,1.16638,1.16641,0
2026-05-29 18:21:00+00:00,1.16641,1.16642,1.16637,1.16642,0
2026-05-29 18:22:00+00:00,1.16644,1.16644,1.16635,1.16641,0
2026-05-29 18:23:00+00:00,1.16643,1.16643,1.16633,1.16636,0
2026-05-29 18:24:00+00:00,1.16635,1.16636,1.16625,1.16627,0
2026-05-29 18:25:00+00:00,1.16626,1.16635,1.16625,1.1663,0
2026-05-29 18:26:00+00:00,1.16629,1.16645,1.16628,1.16642,0
2026-05-29 18:27:00+00:00,1.16641,1.16651,1.1664,1.16651,0
2026-05-29 18:28:00+00:00,1.1665,1.1665,1.16635,1.16639,0
2026-05-29 18:29:00+00:00,1.16637,1.16647,1.16637,1.16645,0
2026-05-29 18:30:00+00:00,1.16644,1.16655,1.16644,1.16649,0
2026-05-29 18:31:00+00:00,1.1665,1.16662,1.1665,1.16662,0
2026-05-29 18:32:00+00:00,1.1666,1.16661,1.16656,1.16658,0
2026-05-29 18:33:00+00:00,1.16657,1.16666,1.16656,1.16664,0
2026-05-29 18:34:00+00:00,1.16666,1.16671,1.16665,1.16669,0
2026-05-29 18:35:00+00:00,1.16668,1.16671,1.1666,1.1666,0
2026-05-29 18:36:00+00:00,1.16661,1.16667,1.16661,1.16665,0
2026-05-29 18:37:00+00:00,1.16665,1.16671,1.16665,1.16669,0
2026-05-29 18:38:00+00:00,1.16666,1.16675,1.16666,1.16675,0
2026-05-29 18:39:00+00:00,1.16675,1.16685,1.16674,1.16681,0
2026-05-29 18:40:00+00:00,1.16681,1.16682,1.16678,1.16679,0
2026-05-29 18:41:00+00:00,1.16678,1.16678,1.1667,1.16673,0
2026-05-29 18:42:00+00:00,1.16673,1.16674,1.16652,1.16652,0
2026-05-29 18:43:00+00:00,1.16651,1.16657,1.16651,1.16652,0
2026-05-29 18:44:00+00:00,1.1665,1.16652,1.16646,1.16652,0
2026-05-29 18:45:00+00:00,1.16652,1.16652,1.16605,1.16616,0
2026-05-29 18:46:00+00:00,1.16618,1.16635,1.16614,1.16635,0
2026-05-29 18:47:00+00:00,1.16635,1.1665,1.16635,1.16648,0
2026-05-29 18:48:00+00:00,1.1665,1.16652,1.16641,1.16642,0
2026-05-29 18:49:00+00:00,1.16643,1.1665,1.16639,1.1664,0
2026-05-29 18:50:00+00:00,1.16639,1.16654,1.16639,1.16654,0
2026-05-29 18:51:00+00:00,1.16655,1.16655,1.16646,1.1665,0
2026-05-29 18:52:00+00:00,1.16648,1.16654,1.16647,1.1665,0
2026-05-29 18:53:00+00:00,1.16651,1.16663,1.16651,1.16663,0
2026-05-29 18:54:00+00:00,1.16665,1.16667,1.1666,1.16667,0
2026-05-29 18:55:00+00:00,1.16664,1.16672,1.16657,1.1667,0
2026-05-29 18:56:00+00:00,1.16671,1.16677,1.16669,1.16672,0
2026-05-29 18:57:00+00:00,1.16673,1.16676,1.16665,1.16671,0
2026-05-29 18:58:00+00:00,1.16669,1.16669,1.1666,1.16665,0
2026-05-29 18:59:00+00:00,1.16666,1.16666,1.16641,1.16641,0
2026-05-29 19:00:00+00:00,1.16641,1.16656,1.16641,1.16651,0
2026-05-29 19:01:00+00:00,1.16652,1.16661,1.1665,1.16661,0
2026-05-29 19:02:00+00:00,1.1666,1.16671,1.16655,1.16662,0
2026-05-29 19:03:00+00:00,1.16663,1.1667,1.1666,1.1667,0
2026-05-29 19:04:00+00:00,1.16668,1.16672,1.16662,1.16662,0
2026-05-29 19:05:00+00:00,1.1666,1.16673,1.1666,1.16672,0
2026-05-29 19:06:00+00:00,1.16673,1.16676,1.16671,1.16674,0
2026-05-29 19:07:00+00:00,1.16674,1.16685,1.16674,1.16682,0
2026-05-29 19:08:00+00:00,1.1668,1.16684,1.16677,1.1668,0
2026-05-29 19:09:00+00:00,1.16678,1.16689,1.16677,1.16689,0
2026-05-29 19:10:00+00:00,1.16689,1.1669,1.1668,1.16684,0
2026-05-29 19:11:00+00:00,1.16685,1.16691,1.1668,1.1669,0
2026-05-29 19:12:00+00:00,1.16688,1.16688,1.1668,1.16681,0
2026-05-29 19:13:00+00:00,1.16683,1.16683,1.16679,1.1668,0
2026-05-29 19:14:00+00:00,1.16682,1.16682,1.16676,1.16679,0
2026-05-29 19:15:00+00:00,1.16677,1.16681,1.16675,1.1668,0
2026-05-29 19:16:00+00:00,1.1668,1.16685,1.1668,1.16685,0
2026-05-29 19:17:00+00:00,1.16684,1.16687,1.16674,1.16675,0
2026-05-29 19:18:00+00:00,1.16677,1.16683,1.16676,1.16679,0
2026-05-29 19:19:00+00:00,1.1668,1.1668,1.16675,1.16675,0
2026-05-29 19:20:00+00:00,1.16675,1.16684,1.16675,1.1668,0
2026-05-29 19:21:00+00:00,1.16681,1.16694,1.16681,1.16688,0
2026-05-29 19:22:00+00:00,1.16689,1.1669,1.16686,1.1669,0
2026-05-29 19:23:00+00:00,1.16691,1.16691,1.16682,1.16682,0
2026-05-29 19:24:00+00:00,1.16685,1.16685,1.16669,1.16671,0
2026-05-29 19:25:00+00:00,1.1667,1.1667,1.16656,1.16656,0
2026-05-29 19:26:00+00:00,1.16656,1.16664,1.16654,1.16662,0
2026-05-29 19:27:00+00:00,1.16662,1.16668,1.1666,1.16668,0
2026-05-29 19:28:00+00:00,1.16667,1.16668,1.1666,1.16661,0
2026-05-29 19:29:00+00:00,1.1666,1.16679,1.1666,1.16678,0
2026-05-29 19:30:00+00:00,1.1668,1.16686,1.16676,1.16681,0
2026-05-29 19:31:00+00:00,1.16681,1.16687,1.16677,1.16684,0
2026-05-29 19:32:00+00:00,1.16685,1.16685,1.16674,1.16679,0
2026-05-29 19:33:00+00:00,1.1668,1.1668,1.16676,1.16678,0
2026-05-29 19:34:00+00:00,1.16676,1.1668,1.16676,1.1668,0
2026-05-29 19:35:00+00:00,1.16682,1.16687,1.16678,1.16685,0
2026-05-29 19:36:00+00:00,1.16685,1.16687,1.16679,1.1668,0
2026-05-29 19:37:00+00:00,1.1668,1.1668,1.16667,1.16667,0
2026-05-29 19:38:00+00:00,1.16669,1.1667,1.16664,1.16664,0
2026-05-29 19:39:00+00:00,1.16665,1.16671,1.16665,1.16671,0
2026-05-29 19:40:00+00:00,1.16671,1.16676,1.1667,1.16673,0
2026-05-29 19:41:00+00:00,1.16672,1.1668,1.16671,1.16676,0
2026-05-29 19:42:00+00:00,1.16678,1.16682,1.16675,1.16676,0
2026-05-29 19:43:00+00:00,1.16675,1.16678,1.16672,1.16676,0
2026-05-29 19:44:00+00:00,1.16674,1.16679,1.16671,1.16675,0
2026-05-29 19:45:00+00:00,1.16677,1.16679,1.16656,1.16663,0
2026-05-29 19:46:00+00:00,1.16664,1.16664,1.16652,1.16658,0
2026-05-29 19:47:00+00:00,1.16657,1.16669,1.16656,1.16667,0
2026-05-29 19:48:00+00:00,1.16667,1.16671,1.16661,1.1667,0
2026-05-29 19:49:00+00:00,1.16668,1.1667,1.16664,1.16669,0
2026-05-29 19:50:00+00:00,1.16668,1.16674,1.16664,1.1667,0
2026-05-29 19:51:00+00:00,1.16672,1.16673,1.16654,1.1666,0
2026-05-29 19:52:00+00:00,1.1666,1.16663,1.16656,1.16659,0
2026-05-29 19:53:00+00:00,1.1666,1.16668,1.16653,1.16658,0
2026-05-29 19:54:00+00:00,1.16656,1.1666,1.16655,1.16656,0
2026-05-29 19:55:00+00:00,1.16658,1.16668,1.16658,1.16659,0
2026-05-29 19:56:00+00:00,1.16656,1.16657,1.1665,1.16654,0
2026-05-29 19:57:00+00:00,1.16655,1.16655,1.16646,1.16648,0
2026-05-29 19:58:00+00:00,1.16646,1.16647,1.16636,1.16642,0
2026-05-29 19:59:00+00:00,1.16644,1.16647,1.16638,1.16646,0
2026-05-29 20:00:00+00:00,1.16645,1.16649,1.16636,1.16637,0
2026-05-29 20:01:00+00:00,1.16637,1.16641,1.16631,1.16636,0
2026-05-29 20:02:00+00:00,1.16635,1.16636,1.16626,1.16628,0
2026-05-29 20:03:00+00:00,1.1663,1.16631,1.16627,1.16629,0
2026-05-29 20:04:00+00:00,1.16626,1.16632,1.16625,1.16631,0
2026-05-29 20:05:00+00:00,1.1663,1.16631,1.16624,1.16625,0
2026-05-29 20:06:00+00:00,1.16627,1.16632,1.16622,1.16631,0
2026-05-29 20:07:00+00:00,1.16633,1.1664,1.16633,1.16638,0
2026-05-29 20:08:00+00:00,1.16638,1.16642,1.16635,1.1664,0
2026-05-29 20:09:00+00:00,1.16639,1.16641,1.16635,1.16638,0
2026-05-29 20:10:00+00:00,1.1664,1.16641,1.16624,1.16627,0
2026-05-29 20:11:00+00:00,1.16625,1.16625,1.16619,1.1662,0
2026-05-29 20:12:00+00:00,1.16618,1.16621,1.16616,1.1662,0
2026-05-29 20:13:00+00:00,1.1662,1.16625,1.1662,1.16625,0
2026-05-29 20:14:00+00:00,1.16623,1.1663,1.16622,1.1663,0
2026-05-29 20:15:00+00:00,1.16629,1.16629,1.16619,1.16619,0
2026-05-29 20:16:00+00:00,1.1662,1.16621,1.16614,1.16614,0
2026-05-29 20:17:00+00:00,1.16614,1.16614,1.16608,1.1661,0
2026-05-29 20:18:00+00:00,1.16609,1.1661,1.16608,1.1661,0
2026-05-29 20:19:00+00:00,1.16611,1.16611,1.16609,1.1661,0
2026-05-29 20:20:00+00:00,1.16611,1.16611,1.16609,1.16611,0
2026-05-29 20:21:00+00:00,1.16612,1.16615,1.16609,1.16609,0
2026-05-29 20:22:00+00:00,1.1661,1.16614,1.1661,1.16612,0
2026-05-29 20:23:00+00:00,1.16613,1.16613,1.16609,1.1661,0
2026-05-29 20:24:00+00:00,1.1661,1.16616,1.16606,1.16613,0
2026-05-29 20:25:00+00:00,1.16613,1.16615,1.1661,1.16611,0
2026-05-29 20:26:00+00:00,1.16611,1.16614,1.16611,1.16614,0
2026-05-29 20:27:00+00:00,1.16613,1.16613,1.16609,1.1661,0
2026-05-29 20:28:00+00:00,1.1661,1.16615,1.1661,1.16615,0
2026-05-29 20:29:00+00:00,1.16615,1.16616,1.16611,1.16612,0
2026-05-29 20:30:00+00:00,1.16611,1.16611,1.16608,1.1661,0
2026-05-29 20:31:00+00:00,1.16608,1.1661,1.16604,1.16608,0
2026-05-29 20:32:00+00:00,1.1661,1.16614,1.16608,1.16614,0
2026-05-29 20:33:00+00:00,1.16613,1.16615,1.16609,1.16609,0
2026-05-29 20:34:00+00:00,1.16611,1.16615,1.16608,1.16614,0
2026-05-29 20:35:00+00:00,1.16614,1.16621,1.16611,1.16617,0
2026-05-29 20:36:00+00:00,1.16615,1.16617,1.16615,1.16617,0
2026-05-29 20:37:00+00:00,1.16614,1.16615,1.1661,1.1661,0
2026-05-29 20:38:00+00:00,1.1661,1.1661,1.16609,1.16609,0
2026-05-29 20:39:00+00:00,1.16613,1.16614,1.16605,1.16605,0
2026-05-29 20:40:00+00:00,1.16605,1.16609,1.16602,1.16608,0
2026-05-29 20:41:00+00:00,1.16607,1.16609,1.16605,1.16609,0
2026-05-29 20:42:00+00:00,1.16609,1.16613,1.16609,1.16613,0
2026-05-29 20:43:00+00:00,1.16612,1.16614,1.1661,1.16614,0
2026-05-29 20:44:00+00:00,1.16614,1.16623,1.16608,1.16619,0
2026-05-29 20:45:00+00:00,1.16619,1.16619,1.16607,1.1661,0
2026-05-29 20:46:00+00:00,1.1661,1.16611,1.16604,1.16606,0
2026-05-29 20:47:00+00:00,1.16609,1.16611,1.16607,1.16609,0
2026-05-29 20:48:00+00:00,1.16609,1.16609,1.16601,1.16605,0
2026-05-29 20:49:00+00:00,1.16603,1.16612,1.16601,1.16605,0
2026-05-29 20:50:00+00:00,1.16605,1.16614,1.16605,1.16611,0
2026-05-29 20:51:00+00:00,1.16608,1.1661,1.16604,1.16604,0
2026-05-29 20:52:00+00:00,1.16603,1.16603,1.16596,1.16601,0
2026-05-29 20:53:00+00:00,1.16599,1.16601,1.16596,1.16596,0
2026-05-29 20:54:00+00:00,1.16597,1.16599,1.16593,1.16593,0
2026-05-29 20:55:00+00:00,1.16598,1.16598,1.16584,1.16588,0
2026-05-29 20:56:00+00:00,1.16587,1.16595,1.16586,1.1659,0
2026-05-29 20:57:00+00:00,1.16592,1.16598,1.1659,1.16596,0
2026-05-29 20:58:00+00:00,1.16594,1.16613,1.16594,1.16607,0
2026-05-29 20:59:00+00:00,1.16607,1.16609,1.16546,1.16546,0
2026-05-29 21:00:00+00:00,1.16546,1.16546,1.16546,1.16546,0
2026-05-29 21:01:00+00:00,1.16546,1.16546,1.16546,1.16546,0
2026-05-29 21:02:00+00:00,1.16546,1.16546,1.16546,1.16546,0
2026-05-29 21:03:00+00:00,1.16546,1.16546,1.16546,1.16546,0
2026-05-29 21:04:00+00:00,1.16546,1.16546,1.16546,1.16546,0
2026-05-29 21:05:00+00:00,1.16546,1.16546,1.16546,1.16546,0
2026-05-29 21:06:00+00:00,1.16546,1.16546,1.16546,1.16546,0
2026-05-29 21:07:00+00:00,1.16546,1.16546,1.16546,1.16546,0
2026-05-29 21:08:00+00:00,1.16546,1.16546,1.16546,1.16546,0
2026-05-29 21:09:00+00:00,1.16546,1.16546,1.16546,1.16546,0
2026-05-29 21:10:00+00:00,1.16546,1.16546,1.16546,1.16546,0
2026-05-29 21:11:00+00:00,1.16546,1.16546,1.16546,1.16546,0
2026-05-29 21:12:00+00:00,1.16546,1.16546,1.16546,1.16546,0
2026-05-29 21:13:00+00:00,1.16546,1.16546,1.16546,1.16546,0
2026-05-29 21:14:00+00:00,1.16546,1.16546,1.16546,1.16546,0
2026-05-29 21:15:00+00:00,1.16546,1.16546,1.16546,1.16546,0
2026-05-29 21:16:00+00:00,1.16546,1.16546,1.16546,1.16546,0
2026-05-29 21:17:00+00:00,1.16546,1.16546,1.16546,1.16546,0
2026-05-29 21:18:00+00:00,1.16546,1.16546,1.16546,1.16546,0
2026-05-29 21:19:00+00:00,1.16546,1.16546,1.16546,1.16546,0
2026-05-29 21:20:00+00:00,1.16546,1.16546,1.16546,1.16546,0
2026-05-29 21:21:00+00:00,1.16546,1.16546,1.16546,1.16546,0
2026-05-29 21:22:00+00:00,1.16546,1.16546,1.16546,1.16546,0
2026-05-29 21:23:00+00:00,1.16546,1.16546,1.16546,1.16546,0
2026-05-29 21:24:00+00:00,1.16546,1.16546,1.16546,1.16546,0
2026-05-29 21:25:00+00:00,1.16546,1.16546,1.16546,1.16546,0
2026-05-29 21:26:00+00:00,1.16546,1.16546,1.16546,1.16546,0
2026-05-29 21:27:00+00:00,1.16546,1.16546,1.16546,1.16546,0
2026-05-29 21:28:00+00:00,1.16546,1.16546,1.16546,1.16546,0
2026-05-29 21:29:00+00:00,1.16546,1.16546,1.16546,1.16546,0
2026-05-29 21:30:00+00:00,1.16546,1.16546,1.16546,1.16546,0
2026-05-29 21:31:00+00:00,1.16546,1.16546,1.16546,1.16546,0
2026-05-29 21:32:00+00:00,1.16546,1.16546,1.16546,1.16546,0
2026-05-29 21:33:00+00:00,1.16546,1.16546,1.16546,1.16546,0
2026-05-29 21:34:00+00:00,1.16546,1.16546,1.16546,1.16546,0
2026-05-29 21:35:00+00:00,1.16546,1.16546,1.16546,1.16546,0
2026-05-29 21:36:00+00:00,1.16546,1.16546,1.16546,1.16546,0
2026-05-29 21:37:00+00:00,1.16546,1.16546,1.16546,1.16546,0
2026-05-29 21:38:00+00:00,1.16546,1.16546,1.16546,1.16546,0
2026-05-29 21:39:00+00:00,1.16546,1.16546,1.16546,1.16546,0
2026-05-29 21:40:00+00:00,1.16546,1.16546,1.16546,1.16546,0
2026-05-29 21:41:00+00:00,1.16546,1.16546,1.16546,1.16546,0
2026-05-29 21:42:00+00:00,1.16546,1.16546,1.16546,1.16546,0
2026-05-29 21:43:00+00:00,1.16546,1.16546,1.16546,1.16546,0
2026-05-29 21:44:00+00:00,1.16546,1.16546,1.16546,1.16546,0
2026-05-29 21:45:00+00:00,1.16546,1.16546,1.16546,1.16546,0
2026-05-29 21:46:00+00:00,1.16546,1.16546,1.16546,1.16546,0
2026-05-29 21:47:00+00:00,1.16546,1.16546,1.16546,1.16546,0
2026-05-29 21:48:00+00:00,1.16546,1.16546,1.16546,1.16546,0
2026-05-29 21:49:00+00:00,1.16546,1.16546,1.16546,1.16546,0
2026-05-29 21:50:00+00:00,1.16546,1.16546,1.16546,1.16546,0
2026-05-29 21:51:00+00:00,1.16546,1.16546,1.16546,1.16546,0
2026-05-29 21:52:00+00:00,1.16546,1.16546,1.16546,1.16546,0
2026-05-29 21:53:00+00:00,1.16546,1.16546,1.16546,1.16546,0
2026-05-29 21:54:00+00:00,1.16546,1.16546,1.16546,1.16546,0
2026-05-29 21:55:00+00:00,1.16546,1.16546,1.16546,1.16546,0
2026-05-29 21:56:00+00:00,1.16546,1.16546,1.16546,1.16546,0
2026-05-29 21:57:00+00:00,1.16546,1.16546,1.16546,1.16546,0
2026-05-29 21:58:00+00:00,1.16546,1.16546,1.16546,1.16546,0
2026-05-29 21:59:00+00:00,1.16546,1.16546,1.16546,1.16546,0
2026-05-29 22:00:00+00:00,1.16546,1.16546,1.16546,1.16546,0
2026-05-29 22:01:00+00:00,1.16546,1.16546,1.16546,1.16546,0
2026-05-29 22:02:00+00:00,1.16546,1.16546,1.16546,1.16546,0
2026-05-29 22:03:00+00:00,1.16546,1.16546,1.16546,1.16546,0
2026-05-29 22:04:00+00:00,1.16546,1.16546,1.16546,1.16546,0
2026-05-29 22:05:00+00:00,1.16546,1.16546,1.16546,1.16546,0
2026-05-29 22:06:00+00:00,1.16546,1.16546,1.16546,1.16546,0
2026-05-29 22:07:00+00:00,1.16546,1.16546,1.16546,1.16546,0
2026-05-29 22:08:00+00:00,1.16546,1.16546,1.16546,1.16546,0
2026-05-29 22:09:00+00:00,1.16546,1.16546,1.16546,1.16546,0
2026-05-29 22:10:00+00:00,1.16546,1.16546,1.16546,1.16546,0
2026-05-29 22:11:00+00:00,1.16546,1.16546,1.16546,1.16546,0
2026-05-29 22:12:00+00:00,1.16546,1.16546,1.16546,1.16546,0
2026-05-29 22:13:00+00:00,1.16546,1.16546,1.16546,1.16546,0
2026-05-29 22:14:00+00:00,1.16546,1.16546,1.16546,1.16546,0
2026-05-29 22:15:00+00:00,1.16546,1.16546,1.16546,1.16546,0
2026-05-29 22:16:00+00:00,1.16546,1.16546,1.16546,1.16546,0
2026-05-29 22:17:00+00:00,1.16546,1.16546,1.16546,1.16546,0
2026-05-29 22:18:00+00:00,1.16546,1.16546,1.16546,1.16546,0
2026-05-29 22:19:00+00:00,1.16546,1.16546,1.16546,1.16546,0
2026-05-29 22:20:00+00:00,1.16546,1.16546,1.16546,1.16546,0
2026-05-29 22:21:00+00:00,1.16546,1.16546,1.16546,1.16546,0
2026-05-29 22:22:00+00:00,1.16546,1.16546,1.16546,1.16546,0
2026-05-29 22:23:00+00:00,1.16546,1.16546,1.16546,1.16546,0
2026-05-29 22:24:00+00:00,1.16546,1.16546,1.16546,1.16546,0
2026-05-29 22:25:00+00:00,1.16546,1.16546,1.16546,1.16546,0
2026-05-29 22:26:00+00:00,1.16546,1.16546,1.16546,1.16546,0
2026-05-29 22:27:00+00:00,1.16546,1.16546,1.16546,1.16546,0
2026-05-29 22:28:00+00:00,1.16546,1.16546,1.16546,1.16546,0
2026-05-29 22:29:00+00:00,1.16546,1.16546,1.16546,1.16546,0
2026-05-29 22:30:00+00:00,1.16546,1.16546,1.16546,1.16546,0
2026-05-29 22:31:00+00:00,1.16546,1.16546,1.16546,1.16546,0
2026-05-29 22:32:00+00:00,1.16546,1.16546,1.16546,1.16546,0
2026-05-29 22:33:00+00:00,1.16546,1.16546,1.16546,1.16546,0
2026-05-29 22:34:00+00:00,1.16546,1.16546,1.16546,1.16546,0
2026-05-29 22:35:00+00:00,1.16546,1.16546,1.16546,1.16546,0
2026-05-29 22:36:00+00:00,1.16546,1.16546,1.16546,1.16546,0
2026-05-29 22:37:00+00:00,1.16546,1.16546,1.16546,1.16546,0
2026-05-29 22:38:00+00:00,1.16546,1.16546,1.16546,1.16546,0
2026-05-29 22:39:00+00:00,1.16546,1.16546,1.16546,1.16546,0
2026-05-29 22:40:00+00:00,1.16546,1.16546,1.16546,1.16546,0
2026-05-29 22:41:00+00:00,1.16546,1.16546,1.16546,1.16546,0
2026-05-29 22:42:00+00:00,1.16546,1.16546,1.16546,1.16546,0
2026-05-29 22:43:00+00:00,1.16546,1.16546,1.16546,1.16546,0
2026-05-29 22:44:00+00:00,1.16546,1.16546,1.16546,1.16546,0
2026-05-29 22:45:00+00:00,1.16546,1.16546,1.16546,1.16546,0
2026-05-29 22:46:00+00:00,1.16546,1.16546,1.16546,1.16546,0
2026-05-29 22:47:00+00:00,1.16546,1.16546,1.16546,1.16546,0
2026-05-29 22:48:00+00:00,1.16546,1.16546,1.16546,1.16546,0
2026-05-29 22:49:00+00:00,1.16546,1.16546,1.16546,1.16546,0
2026-05-29 22:50:00+00:00,1.16546,1.16546,1.16546,1.16546,0
2026-05-29 22:51:00+00:00,1.16546,1.16546,1.16546,1.16546,0
2026-05-29 22:52:00+00:00,1.16546,1.16546,1.16546,1.16546,0
2026-05-29 22:53:00+00:00,1.16546,1.16546,1.16546,1.16546,0
2026-05-29 22:54:00+00:00,1.16546,1.16546,1.16546,1.16546,0
2026-05-29 22:55:00+00:00,1.16546,1.16546,1.16546,1.16546,0
2026-05-29 22:56:00+00:00,1.16546,1.16546,1.16546,1.16546,0
2026-05-29 22:57:00+00:00,1.16546,1.16546,1.16546,1.16546,0
2026-05-29 22:58:00+00:00,1.16546,1.16546,1.16546,1.16546,0
2026-05-29 22:59:00+00:00,1.16546,1.16546,1.16546,1.16546,0
2026-05-29 23:00:00+00:00,1.16546,1.16546,1.16546,1.16546,0
2026-05-29 23:01:00+00:00,1.16546,1.16546,1.16546,1.16546,0
2026-05-29 23:02:00+00:00,1.16546,1.16546,1.16546,1.16546,0
2026-05-29 23:03:00+00:00,1.16546,1.16546,1.16546,1.16546,0
2026-05-29 23:04:00+00:00,1.16546,1.16546,1.16546,1.16546,0
2026-05-29 23:05:00+00:00,1.16546,1.16546,1.16546,1.16546,0
2026-05-29 23:06:00+00:00,1.16546,1.16546,1.16546,1.16546,0
2026-05-29 23:07:00+00:00,1.16546,1.16546,1.16546,1.16546,0
2026-05-29 23:08:00+00:00,1.16546,1.16546,1.16546,1.16546,0
2026-05-29 23:09:00+00:00,1.16546,1.16546,1.16546,1.16546,0
2026-05-29 23:10:00+00:00,1.16546,1.16546,1.16546,1.16546,0
2026-05-29 23:11:00+00:00,1.16546,1.16546,1.16546,1.16546,0
2026-05-29 23:12:00+00:00,1.16546,1.16546,1.16546,1.16546,0
2026-05-29 23:13:00+00:00,1.16546,1.16546,1.16546,1.16546,0
2026-05-29 23:14:00+00:00,1.16546,1.16546,1.16546,1.16546,0
2026-05-29 23:15:00+00:00,1.16546,1.16546,1.16546,1.16546,0
2026-05-29 23:16:00+00:00,1.16546,1.16546,1.16546,1.16546,0
2026-05-29 23:17:00+00:00,1.16546,1.16546,1.16546,1.16546,0
2026-05-29 23:18:00+00:00,1.16546,1.16546,1.16546,1.16546,0
2026-05-29 23:19:00+00:00,1.16546,1.16546,1.16546,1.16546,0
2026-05-29 23:20:00+00:00,1.16546,1.16546,1.16546,1.16546,0
2026-05-29 23:21:00+00:00,1.16546,1.16546,1.16546,1.16546,0
2026-05-29 23:22:00+00:00,1.16546,1.16546,1.16546,1.16546,0
2026-05-29 23:23:00+00:00,1.16546,1.16546,1.16546,1.16546,0
2026-05-29 23:24:00+00:00,1.16546,1.16546,1.16546,1.16546,0
2026-05-29 23:25:00+00:00,1.16546,1.16546,1.16546,1.16546,0
2026-05-29 23:26:00+00:00,1.16546,1.16546,1.16546,1.16546,0
2026-05-29 23:27:00+00:00,1.16546,1.16546,1.16546,1.16546,0
2026-05-29 23:28:00+00:00,1.16546,1.16546,1.16546,1.16546,0
2026-05-29 23:29:00+00:00,1.16546,1.16546,1.16546,1.16546,0
2026-05-29 23:30:00+00:00,1.16546,1.16546,1.16546,1.16546,0
2026-05-29 23:31:00+00:00,1.16546,1.16546,1.16546,1.16546,0
2026-05-29 23:32:00+00:00,1.16546,1.16546,1.16546,1.16546,0
2026-05-29 23:33:00+00:00,1.16546,1.16546,1.16546,1.16546,0
2026-05-29 23:34:00+00:00,1.16546,1.16546,1.16546,1.16546,0
2026-05-29 23:35:00+00:00,1.16546,1.16546,1.16546,1.16546,0
2026-05-29 23:36:00+00:00,1.16546,1.16546,1.16546,1.16546,0
2026-05-29 23:37:00+00:00,1.16546,1.16546,1.16546,1.16546,0
2026-05-29 23:38:00+00:00,1.16546,1.16546,1.16546,1.16546,0
2026-05-29 23:39:00+00:00,1.16546,1.16546,1.16546,1.16546,0
2026-05-29 23:40:00+00:00,1.16546,1.16546,1.16546,1.16546,0
2026-05-29 23:41:00+00:00,1.16546,1.16546,1.16546,1.16546,0
2026-05-29 23:42:00+00:00,1.16546,1.16546,1.16546,1.16546,0
2026-05-29 23:43:00+00:00,1.16546,1.16546,1.16546,1.16546,0
2026-05-29 23:44:00+00:00,1.16546,1.16546,1.16546,1.16546,0
2026-05-29 23:45:00+00:00,1.16546,1.16546,1.16546,1.16546,0
2026-05-29 23:46:00+00:00,1.16546,1.16546,1.16546,1.16546,0
2026-05-29 23:47:00+00:00,1.16546,1.16546,1.16546,1.16546,0
2026-05-29 23:48:00+00:00,1.16546,1.16546,1.16546,1.16546,0
2026-05-29 23:49:00+00:00,1.16546,1.16546,1.16546,1.16546,0
2026-05-29 23:50:00+00:00,1.16546,1.16546,1.16546,1.16546,0
2026-05-29 23:51:00+00:00,1.16546,1.16546,1.16546,1.16546,0
2026-05-29 23:52:00+00:00,1.16546,1.16546,1.16546,1.16546,0
2026-05-29 23:53:00+00:00,1.16546,1.16546,1.16546,1.16546,0
2026-05-29 23:54:00+00:00,1.16546,1.16546,1.16546,1.16546,0
2026-05-29 23:55:00+00:00,1.16546,1.16546,1.16546,1.16546,0
2026-05-29 23:56:00+00:00,1.16546,1.16546,1.16546,1.16546,0
2026-05-29 23:57:00+00:00,1.16546,1.16546,1.16546,1.16546,0
2026-05-29 23:58:00+00:00,1.16546,1.16546,1.16546,1.16546,0
2026-05-29 23:59:00+00:00,1.16546,1.16546,1.16546,1.16546,0
2026-05-30 00:00:00+00:00,1.16546,1.16546,1.16546,1.16546,0
2026-05-30 00:01:00+00:00,1.16546,1.16546,1.16546,1.16546,0
2026-05-30 00:02:00+00:00,1.16546,1.16546,1.16546,1.16546,0
2026-05-30 00:03:00+00:00,1.16546,1.16546,1.16546,1.16546,0
2026-05-30 00:04:00+00:00,1.16546,1.16546,1.16546,1.16546,0
2026-05-30 00:05:00+00:00,1.16546,1.16546,1.16546,1.16546,0
2026-05-30 00:06:00+00:00,1.16546,1.16546,1.16546,1.16546,0
2026-05-30 00:07:00+00:00,1.16546,1.16546,1.16546,1.16546,0
2026-05-30 00:08:00+00:00,1.16546,1.16546,1.16546,1.16546,0
2026-05-30 00:09:00+00:00,1.16546,1.16546,1.16546,1.16546,0
2026-05-30 00:10:00+00:00,1.16546,1.16546,1.16546,1.16546,0
2026-05-30 00:11:00+00:00,1.16546,1.16546,1.16546,1.16546,0
2026-05-30 00:12:00+00:00,1.16546,1.16546,1.16546,1.16546,0
2026-05-30 00:13:00+00:00,1.16546,1.16546,1.16546,1.16546,0
2026-05-30 00:14:00+00:00,1.16546,1.16546,1.16546,1.16546,0
2026-05-30 00:15:00+00:00,1.16546,1.16546,1.16546,1.16546,0
2026-05-30 00:16:00+00:00,1.16546,1.16546,1.16546,1.16546,0
2026-05-30 00:17:00+00:00,1.16546,1.16546,1.16546,1.16546,0
2026-05-30 00:18:00+00:00,1.16546,1.16546,1.16546,1.16546,0
2026-05-30 00:19:00+00:00,1.16546,1.16546,1.16546,1.16546,0
2026-05-30 00:20:00+00:00,1.16546,1.16546,1.16546,1.16546,0
2026-05-30 00:21:00+00:00,1.16546,1.16546,1.16546,1.16546,0
2026-05-30 00:22:00+00:00,1.16546,1.16546,1.16546,1.16546,0
2026-05-30 00:23:00+00:00,1.16546,1.16546,1.16546,1.16546,0
2026-05-30 00:24:00+00:00,1.16546,1.16546,1.16546,1.16546,0
2026-05-30 00:25:00+00:00,1.16546,1.16546,1.16546,1.16546,0
2026-05-30 00:26:00+00:00,1.16546,1.16546,1.16546,1.16546,0
2026-05-30 00:27:00+00:00,1.16546,1.16546,1.16546,1.16546,0
2026-05-30 00:28:00+00:00,1.16546,1.16546,1.16546,1.16546,0
2026-05-30 00:29:00+00:00,1.16546,1.16546,1.16546,1.16546,0
2026-05-30 00:30:00+00:00,1.16546,1.16546,1.16546,1.16546,0
2026-05-30 00:31:00+00:00,1.16546,1.16546,1.16546,1.16546,0
2026-05-30 00:32:00+00:00,1.16546,1.16546,1.16546,1.16546,0
2026-05-30 00:33:00+00:00,1.16546,1.16546,1.16546,1.16546,0
2026-05-30 00:34:00+00:00,1.16546,1.16546,1.16546,1.16546,0
2026-05-30 00:35:00+00:00,1.16546,1.16546,1.16546,1.16546,0
2026-05-30 00:36:00+00:00,1.16546,1.16546,1.16546,1.16546,0
2026-05-30 00:37:00+00:00,1.16546,1.16546,1.16546,1.16546,0
2026-05-30 00:38:00+00:00,1.16546,1.16546,1.16546,1.16546,0
2026-05-30 00:39:00+00:00,1.16546,1.16546,1.16546,1.16546,0
2026-05-30 00:40:00+00:00,1.16546,1.16546,1.16546,1.16546,0
2026-05-30 00:41:00+00:00,1.16546,1.16546,1.16546,1.16546,0
2026-05-30 00:42:00+00:00,1.16546,1.16546,1.16546,1.16546,0
2026-05-30 00:43:00+00:00,1.16546,1.16546,1.16546,1.16546,0
2026-05-30 00:44:00+00:00,1.16546,1.16546,1.16546,1.16546,0
2026-05-30 00:45:00+00:00,1.16546,1.16546,1.16546,1.16546,0
2026-05-30 00:46:00+00:00,1.16546,1.16546,1.16546,1.16546,0
2026-05-30 00:47:00+00:00,1.16546,1.16546,1.16546,1.16546,0
2026-05-30 00:48:00+00:00,1.16546,1.16546,1.16546,1.16546,0
2026-05-30 00:49:00+00:00,1.16546,1.16546,1.16546,1.16546,0
2026-05-30 00:50:00+00:00,1.16546,1.16546,1.16546,1.16546,0
2026-05-30 00:51:00+00:00,1.16546,1.16546,1.16546,1.16546,0
2026-05-30 00:52:00+00:00,1.16546,1.16546,1.16546,1.16546,0
2026-05-30 00:53:00+00:00,1.16546,1.16546,1.16546,1.16546,0
2026-05-30 00:54:00+00:00,1.16546,1.16546,1.16546,1.16546,0
2026-05-30 00:55:00+00:00,1.16546,1.16546,1.16546,1.16546,0
2026-05-30 00:56:00+00:00,1.16546,1.16546,1.16546,1.16546,0
2026-05-30 00:57:00+00:00,1.16546,1.16546,1.16546,1.16546,0
2026-05-30 00:58:00+00:00,1.16546,1.16546,1.16546,1.16546,0
2026-05-30 00:59:00+00:00,1.16546,1.16546,1.16546,1.16546,0
2026-05-30 01:00:00+00:00,1.16546,1.16546,1.16546,1.16546,0
2026-05-30 01:01:00+00:00,1.16546,1.16546,1.16546,1.16546,0
2026-05-30 01:02:00+00:00,1.16546,1.16546,1.16546,1.16546,0
2026-05-30 01:03:00+00:00,1.16546,1.16546,1.16546,1.16546,0
2026-05-30 01:04:00+00:00,1.16546,1.16546,1.16546,1.16546,0
2026-05-30 01:05:00+00:00,1.16546,1.16546,1.16546,1.16546,0
2026-05-30 01:06:00+00:00,1.16546,1.16546,1.16546,1.16546,0
2026-05-30 01:07:00+00:00,1.16546,1.16546,1.16546,1.16546,0
2026-05-30 01:08:00+00:00,1.16546,1.16546,1.16546,1.16546,0
2026-05-30 01:09:00+00:00,1.16546,1.16546,1.16546,1.16546,0
2026-05-30 01:10:00+00:00,1.16546,1.16546,1.16546,1.16546,0
2026-05-30 01:11:00+00:00,1.16546,1.16546,1.16546,1.16546,0
2026-05-30 01:12:00+00:00,1.16546,1.16546,1.16546,1.16546,0
2026-05-30 01:13:00+00:00,1.16546,1.16546,1.16546,1.16546,0
2026-05-30 01:14:00+00:00,1.16546,1.16546,1.16546,1.16546,0
2026-05-30 01:15:00+00:00,1.16546,1.16546,1.16546,1.16546,0
2026-05-30 01:16:00+00:00,1.16546,1.16546,1.16546,1.16546,0
2026-05-30 01:17:00+00:00,1.16546,1.16546,1.16546,1.16546,0
2026-05-30 01:18:00+00:00,1.16546,1.16546,1.16546,1.16546,0
2026-05-30 01:19:00+00:00,1.16546,1.16546,1.16546,1.16546,0
2026-05-30 01:20:00+00:00,1.16546,1.16546,1.16546,1.16546,0
2026-05-30 01:21:00+00:00,1.16546,1.16546,1.16546,1.16546,0
2026-05-30 01:22:00+00:00,1.16546,1.16546,1.16546,1.16546,0
2026-05-30 01:23:00+00:00,1.16546,1.16546,1.16546,1.16546,0
2026-05-30 01:24:00+00:00,1.16546,1.16546,1.16546,1.16546,0
2026-05-30 01:25:00+00:00,1.16546,1.16546,1.16546,1.16546,0
2026-05-30 01:26:00+00:00,1.16546,1.16546,1.16546,1.16546,0
2026-05-30 01:27:00+00:00,1.16546,1.16546,1.16546,1.16546,0
2026-05-30 01:28:00+00:00,1.16546,1.16546,1.16546,1.16546,0
2026-05-30 01:29:00+00:00,1.16546,1.16546,1.16546,1.16546,0
2026-05-30 01:30:00+00:00,1.16546,1.16546,1.16546,1.16546,0
2026-05-30 01:31:00+00:00,1.16546,1.16546,1.16546,1.16546,0
2026-05-30 01:32:00+00:00,1.16546,1.16546,1.16546,1.16546,0
2026-05-30 01:33:00+00:00,1.16546,1.16546,1.16546,1.16546,0
2026-05-30 01:34:00+00:00,1.16546,1.16546,1.16546,1.16546,0
2026-05-30 01:35:00+00:00,1.16546,1.16546,1.16546,1.16546,0
2026-05-30 01:36:00+00:00,1.16546,1.16546,1.16546,1.16546,0
2026-05-30 01:37:00+00:00,1.16546,1.16546,1.16546,1.16546,0
2026-05-30 01:38:00+00:00,1.16546,1.16546,1.16546,1.16546,0
2026-05-30 01:39:00+00:00,1.16546,1.16546,1.16546,1.16546,0
2026-05-30 01:40:00+00:00,1.16546,1.16546,1.16546,1.16546,0
2026-05-30 01:41:00+00:00,1.16546,1.16546,1.16546,1.16546,0
2026-05-30 01:42:00+00:00,1.16546,1.16546,1.16546,1.16546,0
2026-05-30 01:43:00+00:00,1.16546,1.16546,1.16546,1.16546,0
2026-05-30 01:44:00+00:00,1.16546,1.16546,1.16546,1.16546,0
2026-05-30 01:45:00+00:00,1.16546,1.16546,1.16546,1.16546,0
2026-05-30 01:46:00+00:00,1.16546,1.16546,1.16546,1.16546,0
2026-05-30 01:47:00+00:00,1.16546,1.16546,1.16546,1.16546,0
2026-05-30 01:48:00+00:00,1.16546,1.16546,1.16546,1.16546,0
2026-05-30 01:49:00+00:00,1.16546,1.16546,1.16546,1.16546,0
2026-05-30 01:50:00+00:00,1.16546,1.16546,1.16546,1.16546,0
2026-05-30 01:51:00+00:00,1.16546,1.16546,1.16546,1.16546,0
2026-05-30 01:52:00+00:00,1.16546,1.16546,1.16546,1.16546,0
2026-05-30 01:53:00+00:00,1.16546,1.16546,1.16546,1.16546,0
2026-05-30 01:54:00+00:00,1.16546,1.16546,1.16546,1.16546,0
2026-05-30 01:55:00+00:00,1.16546,1.16546,1.16546,1.16546,0
2026-05-30 01:56:00+00:00,1.16546,1.16546,1.16546,1.16546,0
2026-05-30 01:57:00+00:00,1.16546,1.16546,1.16546,1.16546,0
2026-05-30 01:58:00+00:00,1.16546,1.16546,1.16546,1.16546,0
2026-05-30 01:59:00+00:00,1.16546,1.16546,1.16546,1.16546,0
2026-05-30 02:00:00+00:00,1.16546,1.16546,1.16546,1.16546,0
2026-05-30 02:01:00+00:00,1.16546,1.16546,1.16546,1.16546,0
2026-05-30 02:02:00+00:00,1.16546,1.16546,1.16546,1.16546,0
2026-05-30 02:03:00+00:00,1.16546,1.16546,1.16546,1.16546,0
2026-05-30 02:04:00+00:00,1.16546,1.16546,1.16546,1.16546,0
2026-05-30 02:05:00+00:00,1.16546,1.16546,1.16546,1.16546,0
2026-05-30 02:06:00+00:00,1.16546,1.16546,1.16546,1.16546,0
2026-05-30 02:07:00+00:00,1.16546,1.16546,1.16546,1.16546,0
2026-05-30 02:08:00+00:00,1.16546,1.16546,1.16546,1.16546,0
2026-05-30 02:09:00+00:00,1.16546,1.16546,1.16546,1.16546,0
2026-05-30 02:10:00+00:00,1.16546,1.16546,1.16546,1.16546,0
2026-05-30 02:11:00+00:00,1.16546,1.16546,1.16546,1.16546,0
2026-05-30 02:12:00+00:00,1.16546,1.16546,1.16546,1.16546,0
2026-05-30 02:13:00+00:00,1.16546,1.16546,1.16546,1.16546,0
2026-05-30 02:14:00+00:00,1.16546,1.16546,1.16546,1.16546,0
2026-05-30 02:15:00+00:00,1.16546,1.16546,1.16546,1.16546,0
2026-05-30 02:16:00+00:00,1.16546,1.16546,1.16546,1.16546,0
2026-05-30 02:17:00+00:00,1.16546,1.16546,1.16546,1.16546,0
2026-05-30 02:18:00+00:00,1.16546,1.16546,1.16546,1.16546,0
2026-05-30 02:19:00+00:00,1.16546,1.16546,1.16546,1.16546,0
2026-05-30 02:20:00+00:00,1.16546,1.16546,1.16546,1.16546,0
2026-05-30 02:21:00+00:00,1.16546,1.16546,1.16546,1.16546,0
2026-05-30 02:22:00+00:00,1.16546,1.16546,1.16546,1.16546,0
2026-05-30 02:23:00+00:00,1.16546,1.16546,1.16546,1.16546,0
2026-05-30 02:24:00+00:00,1.16546,1.16546,1.16546,1.16546,0
2026-05-30 02:25:00+00:00,1.16546,1.16546,1.16546,1.16546,0
2026-05-30 02:26:00+00:00,1.16546,1.16546,1.16546,1.16546,0
2026-05-30 02:27:00+00:00,1.16546,1.16546,1.16546,1.16546,0
2026-05-30 02:28:00+00:00,1.16546,1.16546,1.16546,1.16546,0
2026-05-30 02:29:00+00:00,1.16546,1.16546,1.16546,1.16546,0
2026-05-30 02:30:00+00:00,1.16546,1.16546,1.16546,1.16546,0
2026-05-30 02:31:00+00:00,1.16546,1.16546,1.16546,1.16546,0
2026-05-30 02:32:00+00:00,1.16546,1.16546,1.16546,1.16546,0
2026-05-30 02:33:00+00:00,1.16546,1.16546,1.16546,1.16546,0
2026-05-30 02:34:00+00:00,1.16546,1.16546,1.16546,1.16546,0
2026-05-30 02:35:00+00:00,1.16546,1.16546,1.16546,1.16546,0
2026-05-30 02:36:00+00:00,1.16546,1.16546,1.16546,1.16546,0
2026-05-30 02:37:00+00:00,1.16546,1.16546,1.16546,1.16546,0
2026-05-30 02:38:00+00:00,1.16546,1.16546,1.16546,1.16546,0
2026-05-30 02:39:00+00:00,1.16546,1.16546,1.16546,1.16546,0
2026-05-30 02:40:00+00:00,1.16546,1.16546,1.16546,1.16546,0
2026-05-30 02:41:00+00:00,1.16546,1.16546,1.16546,1.16546,0
2026-05-30 02:42:00+00:00,1.16546,1.16546,1.16546,1.16546,0
2026-05-30 02:43:00+00:00,1.16546,1.16546,1.16546,1.16546,0
2026-05-30 02:44:00+00:00,1.16546,1.16546,1.16546,1.16546,0
2026-05-30 02:45:00+00:00,1.16546,1.16546,1.16546,1.16546,0
2026-05-30 02:46:00+00:00,1.16546,1.16546,1.16546,1.16546,0
2026-05-30 02:47:00+00:00,1.16546,1.16546,1.16546,1.16546,0
2026-05-30 02:48:00+00:00,1.16546,1.16546,1.16546,1.16546,0
2026-05-30 02:49:00+00:00,1.16546,1.16546,1.16546,1.16546,0
2026-05-30 02:50:00+00:00,1.16546,1.16546,1.16546,1.16546,0
2026-05-30 02:51:00+00:00,1.16546,1.16546,1.16546,1.16546,0
2026-05-30 02:52:00+00:00,1.16546,1.16546,1.16546,1.16546,0
2026-05-30 02:53:00+00:00,1.16546,1.16546,1.16546,1.16546,0
2026-05-30 02:54:00+00:00,1.16546,1.16546,1.16546,1.16546,0
2026-05-30 02:55:00+00:00,1.16546,1.16546,1.16546,1.16546,0
2026-05-30 02:56:00+00:00,1.16546,1.16546,1.16546,1.16546,0
2026-05-30 02:57:00+00:00,1.16546,1.16546,1.16546,1.16546,0
2026-05-30 02:58:00+00:00,1.16546,1.16546,1.16546,1.16546,0
2026-05-30 02:59:00+00:00,1.16546,1.16546,1.16546,1.16546,0
2026-05-30 03:00:00+00:00,1.16546,1.16546,1.16546,1.16546,0
2026-05-30 03:01:00+00:00,1.16546,1.16546,1.16546,1.16546,0
2026-05-30 03:02:00+00:00,1.16546,1.16546,1.16546,1.16546,0
2026-05-30 03:03:00+00:00,1.16546,1.16546,1.16546,1.16546,0
2026-05-30 03:04:00+00:00,1.16546,1.16546,1.16546,1.16546,0
2026-05-30 03:05:00+00:00,1.16546,1.16546,1.16546,1.16546,0
2026-05-30 03:06:00+00:00,1.16546,1.16546,1.16546,1.16546,0
2026-05-30 03:07:00+00:00,1.16546,1.16546,1.16546,1.16546,0
2026-05-30 03:08:00+00:00,1.16546,1.16546,1.16546,1.16546,0
2026-05-30 03:09:00+00:00,1.16546,1.16546,1.16546,1.16546,0
2026-05-30 03:10:00+00:00,1.16546,1.16546,1.16546,1.16546,0
2026-05-30 03:11:00+00:00,1.16546,1.16546,1.16546,1.16546,0
2026-05-30 03:12:00+00:00,1.16546,1.16546,1.16546,1.16546,0
2026-05-30 03:13:00+00:00,1.16546,1.16546,1.16546,1.16546,0
2026-05-30 03:14:00+00:00,1.16546,1.16546,1.16546,1.16546,0
2026-05-30 03:15:00+00:00,1.16546,1.16546,1.16546,1.16546,0
2026-05-30 03:16:00+00:00,1.16546,1.16546,1.16546,1.16546,0
2026-05-30 03:17:00+00:00,1.16546,1.16546,1.16546,1.16546,0
2026-05-30 03:18:00+00:00,1.16546,1.16546,1.16546,1.16546,0
2026-05-30 03:19:00+00:00,1.16546,1.16546,1.16546,1.16546,0
2026-05-30 03:20:00+00:00,1.16546,1.16546,1.16546,1.16546,0
2026-05-30 03:21:00+00:00,1.16546,1.16546,1.16546,1.16546,0
2026-05-30 03:22:00+00:00,1.16546,1.16546,1.16546,1.16546,0
2026-05-30 03:23:00+00:00,1.16546,1.16546,1.16546,1.16546,0
2026-05-30 03:24:00+00:00,1.16546,1.16546,1.16546,1.16546,0
2026-05-30 03:25:00+00:00,1.16546,1.16546,1.16546,1.16546,0
2026-05-30 03:26:00+00:00,1.16546,1.16546,1.16546,1.16546,0
2026-05-30 03:27:00+00:00,1.16546,1.16546,1.16546,1.16546,0
2026-05-30 03:28:00+00:00,1.16546,1.16546,1.16546,1.16546,0
2026-05-30 03:29:00+00:00,1.16546,1.16546,1.16546,1.16546,0
2026-05-30 03:30:00+00:00,1.16546,1.16546,1.16546,1.16546,0
2026-05-30 03:31:00+00:00,1.16546,1.16546,1.16546,1.16546,0
2026-05-30 03:32:00+00:00,1.16546,1.16546,1.16546,1.16546,0
2026-05-30 03:33:00+00:00,1.16546,1.16546,1.16546,1.16546,0
2026-05-30 03:34:00+00:00,1.16546,1.16546,1.16546,1.16546,0
2026-05-30 03:35:00+00:00,1.16546,1.16546,1.16546,1.16546,0
2026-05-30 03:36:00+00:00,1.16546,1.16546,1.16546,1.16546,0
2026-05-30 03:37:00+00:00,1.16546,1.16546,1.16546,1.16546,0
2026-05-30 03:38:00+00:00,1.16546,1.16546,1.16546,1.16546,0
2026-05-30 03:39:00+00:00,1.16546,1.16546,1.16546,1.16546,0
2026-05-30 03:40:00+00:00,1.16546,1.16546,1.16546,1.16546,0
2026-05-30 03:41:00+00:00,1.16546,1.16546,1.16546,1.16546,0
2026-05-30 03:42:00+00:00,1.16546,1.16546,1.16546,1.16546,0
2026-05-30 03:43:00+00:00,1.16546,1.16546,1.16546,1.16546,0
2026-05-30 03:44:00+00:00,1.16546,1.16546,1.16546,1.16546,0
2026-05-30 03:45:00+00:00,1.16546,1.16546,1.16546,1.16546,0
2026-05-30 03:46:00+00:00,1.16546,1.16546,1.16546,1.16546,0
2026-05-30 03:47:00+00:00,1.16546,1.16546,1.16546,1.16546,0
2026-05-30 03:48:00+00:00,1.16546,1.16546,1.16546,1.16546,0
2026-05-30 03:49:00+00:00,1.16546,1.16546,1.16546,1.16546,0
2026-05-30 03:50:00+00:00,1.16546,1.16546,1.16546,1.16546,0
2026-05-30 03:51:00+00:00,1.16546,1.16546,1.16546,1.16546,0
2026-05-30 03:52:00+00:00,1.16546,1.16546,1.16546,1.16546,0
2026-05-30 03:53:00+00:00,1.16546,1.16546,1.16546,1.16546,0
2026-05-30 03:54:00+00:00,1.16546,1.16546,1.16546,1.16546,0
2026-05-30 03:55:00+00:00,1.16546,1.16546,1.16546,1.16546,0
2026-05-30 03:56:00+00:00,1.16546,1.16546,1.16546,1.16546,0
2026-05-30 03:57:00+00:00,1.16546,1.16546,1.16546,1.16546,0
2026-05-30 03:58:00+00:00,1.16546,1.16546,1.16546,1.16546,0
2026-05-30 03:59:00+00:00,1.16546,1.16546,1.16546,1.16546,0
2026-05-30 04:00:00+00:00,1.16546,1.16546,1.16546,1.16546,0
2026-05-30 04:01:00+00:00,1.16546,1.16546,1.16546,1.16546,0
2026-05-30 04:02:00+00:00,1.16546,1.16546,1.16546,1.16546,0
2026-05-30 04:03:00+00:00,1.16546,1.16546,1.16546,1.16546,0
2026-05-30 04:04:00+00:00,1.16546,1.16546,1.16546,1.16546,0
2026-05-30 04:05:00+00:00,1.16546,1.16546,1.16546,1.16546,0
2026-05-30 04:06:00+00:00,1.16546,1.16546,1.16546,1.16546,0
2026-05-30 04:07:00+00:00,1.16546,1.16546,1.16546,1.16546,0
2026-05-30 04:08:00+00:00,1.16546,1.16546,1.16546,1.16546,0
2026-05-30 04:09:00+00:00,1.16546,1.16546,1.16546,1.16546,0
2026-05-30 04:10:00+00:00,1.16546,1.16546,1.16546,1.16546,0
2026-05-30 04:11:00+00:00,1.16546,1.16546,1.16546,1.16546,0
2026-05-30 04:12:00+00:00,1.16546,1.16546,1.16546,1.16546,0
2026-05-30 04:13:00+00:00,1.16546,1.16546,1.16546,1.16546,0
2026-05-30 04:14:00+00:00,1.16546,1.16546,1.16546,1.16546,0
2026-05-30 04:15:00+00:00,1.16546,1.16546,1.16546,1.16546,0
2026-05-30 04:16:00+00:00,1.16546,1.16546,1.16546,1.16546,0
2026-05-30 04:17:00+00:00,1.16546,1.16546,1.16546,1.16546,0
2026-05-30 04:18:00+00:00,1.16546,1.16546,1.16546,1.16546,0
2026-05-30 04:19:00+00:00,1.16546,1.16546,1.16546,1.16546,0
2026-05-30 04:20:00+00:00,1.16546,1.16546,1.16546,1.16546,0
2026-05-30 04:21:00+00:00,1.16546,1.16546,1.16546,1.16546,0
2026-05-30 04:22:00+00:00,1.16546,1.16546,1.16546,1.16546,0
2026-05-30 04:23:00+00:00,1.16546,1.16546,1.16546,1.16546,0
2026-05-30 04:24:00+00:00,1.16546,1.16546,1.16546,1.16546,0
2026-05-30 04:25:00+00:00,1.16546,1.16546,1.16546,1.16546,0
2026-05-30 04:26:00+00:00,1.16546,1.16546,1.16546,1.16546,0
2026-05-30 04:27:00+00:00,1.16546,1.16546,1.16546,1.16546,0
2026-05-30 04:28:00+00:00,1.16546,1.16546,1.16546,1.16546,0
2026-05-30 04:29:00+00:00,1.16546,1.16546,1.16546,1.16546,0
2026-05-30 04:30:00+00:00,1.16546,1.16546,1.16546,1.16546,0
2026-05-30 04:31:00+00:00,1.16546,1.16546,1.16546,1.16546,0
2026-05-30 04:32:00+00:00,1.16546,1.16546,1.16546,1.16546,0
2026-05-30 04:33:00+00:00,1.16546,1.16546,1.16546,1.16546,0
2026-05-30 04:34:00+00:00,1.16546,1.16546,1.16546,1.16546,0
2026-05-30 04:35:00+00:00,1.16546,1.16546,1.16546,1.16546,0
2026-05-30 04:36:00+00:00,1.16546,1.16546,1.16546,1.16546,0
2026-05-30 04:37:00+00:00,1.16546,1.16546,1.16546,1.16546,0
2026-05-30 04:38:00+00:00,1.16546,1.16546,1.16546,1.16546,0
2026-05-30 04:39:00+00:00,1.16546,1.16546,1.16546,1.16546,0
2026-05-30 04:40:00+00:00,1.16546,1.16546,1.16546,1.16546,0
2026-05-30 04:41:00+00:00,1.16546,1.16546,1.16546,1.16546,0
2026-05-30 04:42:00+00:00,1.16546,1.16546,1.16546,1.16546,0
2026-05-30 04:43:00+00:00,1.16546,1.16546,1.16546,1.16546,0
2026-05-30 04:44:00+00:00,1.16546,1.16546,1.16546,1.16546,0
2026-05-30 04:45:00+00:00,1.16546,1.16546,1.16546,1.16546,0
2026-05-30 04:46:00+00:00,1.16546,1.16546,1.16546,1.16546,0
2026-05-30 04:47:00+00:00,1.16546,1.16546,1.16546,1.16546,0
2026-05-30 04:48:00+00:00,1.16546,1.16546,1.16546,1.16546,0
2026-05-30 04:49:00+00:00,1.16546,1.16546,1.16546,1.16546,0
2026-05-30 04:50:00+00:00,1.16546,1.16546,1.16546,1.16546,0
2026-05-30 04:51:00+00:00,1.16546,1.16546,1.16546,1.16546,0
2026-05-30 04:52:00+00:00,1.16546,1.16546,1.16546,1.16546,0
2026-05-30 04:53:00+00:00,1.16546,1.16546,1.16546,1.16546,0
2026-05-30 04:54:00+00:00,1.16546,1.16546,1.16546,1.16546,0
2026-05-30 04:55:00+00:00,1.16546,1.16546,1.16546,1.16546,0
2026-05-30 04:56:00+00:00,1.16546,1.16546,1.16546,1.16546,0
2026-05-30 04:57:00+00:00,1.16546,1.16546,1.16546,1.16546,0
2026-05-30 04:58:00+00:00,1.16546,1.16546,1.16546,1.16546,0
2026-05-30 04:59:00+00:00,1.16546,1.16546,1.16546,1.16546,0
2026-05-30 05:00:00+00:00,1.16546,1.16546,1.16546,1.16546,0
2026-05-30 05:01:00+00:00,1.16546,1.16546,1.16546,1.16546,0
2026-05-30 05:02:00+00:00,1.16546,1.16546,1.16546,1.16546,0
2026-05-30 05:03:00+00:00,1.16546,1.16546,1.16546,1.16546,0
2026-05-30 05:04:00+00:00,1.16546,1.16546,1.16546,1.16546,0
2026-05-30 05:05:00+00:00,1.16546,1.16546,1.16546,1.16546,0
2026-05-30 05:06:00+00:00,1.16546,1.16546,1.16546,1.16546,0
2026-05-30 05:07:00+00:00,1.16546,1.16546,1.16546,1.16546,0
2026-05-30 05:08:00+00:00,1.16546,1.16546,1.16546,1.16546,0
2026-05-30 05:09:00+00:00,1.16546,1.16546,1.16546,1.16546,0
2026-05-30 05:10:00+00:00,1.16546,1.16546,1.16546,1.16546,0
2026-05-30 05:11:00+00:00,1.16546,1.16546,1.16546,1.16546,0
2026-05-30 05:12:00+00:00,1.16546,1.16546,1.16546,1.16546,0
2026-05-30 05:13:00+00:00,1.16546,1.16546,1.16546,1.16546,0
2026-05-30 05:14:00+00:00,1.16546,1.16546,1.16546,1.16546,0
2026-05-30 05:15:00+00:00,1.16546,1.16546,1.16546,1.16546,0
2026-05-30 05:16:00+00:00,1.16546,1.16546,1.16546,1.16546,0
2026-05-30 05:17:00+00:00,1.16546,1.16546,1.16546,1.16546,0
2026-05-30 05:18:00+00:00,1.16546,1.16546,1.16546,1.16546,0
2026-05-30 05:19:00+00:00,1.16546,1.16546,1.16546,1.16546,0
2026-05-30 05:20:00+00:00,1.16546,1.16546,1.16546,1.16546,0
2026-05-30 05:21:00+00:00,1.16546,1.16546,1.16546,1.16546,0
2026-05-30 05:22:00+00:00,1.16546,1.16546,1.16546,1.16546,0
2026-05-30 05:23:00+00:00,1.16546,1.16546,1.16546,1.16546,0
2026-05-30 05:24:00+00:00,1.16546,1.16546,1.16546,1.16546,0
2026-05-30 05:25:00+00:00,1.16546,1.16546,1.16546,1.16546,0
2026-05-30 05:26:00+00:00,1.16546,1.16546,1.16546,1.16546,0
2026-05-30 05:27:00+00:00,1.16546,1.16546,1.16546,1.16546,0
2026-05-30 05:28:00+00:00,1.16546,1.16546,1.16546,1.16546,0
2026-05-30 05:29:00+00:00,1.16546,1.16546,1.16546,1.16546,0
2026-05-30 05:30:00+00:00,1.16546,1.16546,1.16546,1.16546,0
2026-05-30 05:31:00+00:00,1.16546,1.16546,1.16546,1.16546,0
2026-05-30 05:32:00+00:00,1.16546,1.16546,1.16546,1.16546,0
2026-05-30 05:33:00+00:00,1.16546,1.16546,1.16546,1.16546,0
2026-05-30 05:34:00+00:00,1.16546,1.16546,1.16546,1.16546,0
2026-05-30 05:35:00+00:00,1.16546,1.16546,1.16546,1.16546,0
2026-05-30 05:36:00+00:00,1.16546,1.16546,1.16546,1.16546,0
2026-05-30 05:37:00+00:00,1.16546,1.16546,1.16546,1.16546,0
2026-05-30 05:38:00+00:00,1.16546,1.16546,1.16546,1.16546,0
2026-05-30 05:39:00+00:00,1.16546,1.16546,1.16546,1.16546,0
2026-05-30 05:40:00+00:00,1.16546,1.16546,1.16546,1.16546,0
2026-05-30 05:41:00+00:00,1.16546,1.16546,1.16546,1.16546,0
2026-05-30 05:42:00+00:00,1.16546,1.16546,1.16546,1.16546,0
2026-05-30 05:43:00+00:00,1.16546,1.16546,1.16546,1.16546,0
2026-05-30 05:44:00+00:00,1.16546,1.16546,1.16546,1.16546,0
2026-05-30 05:45:00+00:00,1.16546,1.16546,1.16546,1.16546,0
2026-05-30 05:46:00+00:00,1.16546,1.16546,1.16546,1.16546,0
2026-05-30 05:47:00+00:00,1.16546,1.16546,1.16546,1.16546,0
2026-05-30 05:48:00+00:00,1.16546,1.16546,1.16546,1.16546,0
2026-05-30 05:49:00+00:00,1.16546,1.16546,1.16546,1.16546,0
2026-05-30 05:50:00+00:00,1.16546,1.16546,1.16546,1.16546,0
2026-05-30 05:51:00+00:00,1.16546,1.16546,1.16546,1.16546,0
2026-05-30 05:52:00+00:00,1.16546,1.16546,1.16546,1.16546,0
2026-05-30 05:53:00+00:00,1.16546,1.16546,1.16546,1.16546,0
2026-05-30 05:54:00+00:00,1.16546,1.16546,1.16546,1.16546,0
2026-05-30 05:55:00+00:00,1.16546,1.16546,1.16546,1.16546,0
2026-05-30 05:56:00+00:00,1.16546,1.16546,1.16546,1.16546,0
2026-05-30 05:57:00+00:00,1.16546,1.16546,1.16546,1.16546,0
2026-05-30 05:58:00+00:00,1.16546,1.16546,1.16546,1.16546,0
2026-05-30 05:59:00+00:00,1.16546,1.16546,1.16546,1.16546,0
2026-05-30 06:00:00+00:00,1.16546,1.16546,1.16546,1.16546,0
2026-05-30 06:01:00+00:00,1.16546,1.16546,1.16546,1.16546,0
2026-05-30 06:02:00+00:00,1.16546,1.16546,1.16546,1.16546,0
2026-05-30 06:03:00+00:00,1.16546,1.16546,1.16546,1.16546,0
2026-05-30 06:04:00+00:00,1.16546,1.16546,1.16546,1.16546,0
2026-05-30 06:05:00+00:00,1.16546,1.16546,1.16546,1.16546,0
2026-05-30 06:06:00+00:00,1.16546,1.16546,1.16546,1.16546,0
2026-05-30 06:07:00+00:00,1.16546,1.16546,1.16546,1.16546,0
2026-05-30 06:08:00+00:00,1.16546,1.16546,1.16546,1.16546,0
2026-05-30 06:09:00+00:00,1.16546,1.16546,1.16546,1.16546,0
2026-05-30 06:10:00+00:00,1.16546,1.16546,1.16546,1.16546,0
2026-05-30 06:11:00+00:00,1.16546,1.16546,1.16546,1.16546,0
2026-05-30 06:12:00+00:00,1.16546,1.16546,1.16546,1.16546,0
2026-05-30 06:13:00+00:00,1.16546,1.16546,1.16546,1.16546,0
2026-05-30 06:14:00+00:00,1.16546,1.16546,1.16546,1.16546,0
2026-05-30 06:15:00+00:00,1.16546,1.16546,1.16546,1.16546,0
2026-05-30 06:16:00+00:00,1.16546,1.16546,1.16546,1.16546,0
2026-05-30 06:17:00+00:00,1.16546,1.16546,1.16546,1.16546,0
2026-05-30 06:18:00+00:00,1.16546,1.16546,1.16546,1.16546,0
2026-05-30 06:19:00+00:00,1.16546,1.16546,1.16546,1.16546,0
2026-05-30 06:20:00+00:00,1.16546,1.16546,1.16546,1.16546,0
2026-05-30 06:21:00+00:00,1.16546,1.16546,1.16546,1.16546,0
2026-05-30 06:22:00+00:00,1.16546,1.16546,1.16546,1.16546,0
2026-05-30 06:23:00+00:00,1.16546,1.16546,1.16546,1.16546,0
2026-05-30 06:24:00+00:00,1.16546,1.16546,1.16546,1.16546,0
2026-05-30 06:25:00+00:00,1.16546,1.16546,1.16546,1.16546,0
2026-05-30 06:26:00+00:00,1.16546,1.16546,1.16546,1.16546,0
2026-05-30 06:27:00+00:00,1.16546,1.16546,1.16546,1.16546,0
2026-05-30 06:28:00+00:00,1.16546,1.16546,1.16546,1.16546,0
2026-05-30 06:29:00+00:00,1.16546,1.16546,1.16546,1.16546,0
2026-05-30 06:30:00+00:00,1.16546,1.16546,1.16546,1.16546,0
2026-05-30 06:31:00+00:00,1.16546,1.16546,1.16546,1.16546,0
2026-05-30 06:32:00+00:00,1.16546,1.16546,1.16546,1.16546,0
2026-05-30 06:33:00+00:00,1.16546,1.16546,1.16546,1.16546,0
2026-05-30 06:34:00+00:00,1.16546,1.16546,1.16546,1.16546,0
2026-05-30 06:35:00+00:00,1.16546,1.16546,1.16546,1.16546,0
2026-05-30 06:36:00+00:00,1.16546,1.16546,1.16546,1.16546,0
2026-05-30 06:37:00+00:00,1.16546,1.16546,1.16546,1.16546,0
2026-05-30 06:38:00+00:00,1.16546,1.16546,1.16546,1.16546,0
2026-05-30 06:39:00+00:00,1.16546,1.16546,1.16546,1.16546,0
2026-05-30 06:40:00+00:00,1.16546,1.16546,1.16546,1.16546,0
2026-05-30 06:41:00+00:00,1.16546,1.16546,1.16546,1.16546,0
2026-05-30 06:42:00+00:00,1.16546,1.16546,1.16546,1.16546,0
2026-05-30 06:43:00+00:00,1.16546,1.16546,1.16546,1.16546,0
2026-05-30 06:44:00+00:00,1.16546,1.16546,1.16546,1.16546,0
2026-05-30 06:45:00+00:00,1.16546,1.16546,1.16546,1.16546,0
2026-05-30 06:46:00+00:00,1.16546,1.16546,1.16546,1.16546,0
2026-05-30 06:47:00+00:00,1.16546,1.16546,1.16546,1.16546,0
2026-05-30 06:48:00+00:00,1.16546,1.16546,1.16546,1.16546,0
2026-05-30 06:49:00+00:00,1.16546,1.16546,1.16546,1.16546,0
2026-05-30 06:50:00+00:00,1.16546,1.16546,1.16546,1.16546,0
2026-05-30 06:51:00+00:00,1.16546,1.16546,1.16546,1.16546,0
2026-05-30 06:52:00+00:00,1.16546,1.16546,1.16546,1.16546,0
2026-05-30 06:53:00+00:00,1.16546,1.16546,1.16546,1.16546,0
2026-05-30 06:54:00+00:00,1.16546,1.16546,1.16546,1.16546,0
2026-05-30 06:55:00+00:00,1.16546,1.16546,1.16546,1.16546,0
2026-05-30 06:56:00+00:00,1.16546,1.16546,1.16546,1.16546,0
2026-05-30 06:57:00+00:00,1.16546,1.16546,1.16546,1.16546,0
2026-05-30 06:58:00+00:00,1.16546,1.16546,1.16546,1.16546,0
2026-05-30 06:59:00+00:00,1.16546,1.16546,1.16546,1.16546,0
2026-05-30 07:00:00+00:00,1.16546,1.16546,1.16546,1.16546,0
2026-05-30 07:01:00+00:00,1.16546,1.16546,1.16546,1.16546,0
2026-05-30 07:02:00+00:00,1.16546,1.16546,1.16546,1.16546,0
2026-05-30 07:03:00+00:00,1.16546,1.16546,1.16546,1.16546,0
2026-05-30 07:04:00+00:00,1.16546,1.16546,1.16546,1.16546,0
2026-05-30 07:05:00+00:00,1.16546,1.16546,1.16546,1.16546,0
2026-05-30 07:06:00+00:00,1.16546,1.16546,1.16546,1.16546,0
2026-05-30 07:07:00+00:00,1.16546,1.16546,1.16546,1.16546,0
2026-05-30 07:08:00+00:00,1.16546,1.16546,1.16546,1.16546,0
2026-05-30 07:09:00+00:00,1.16546,1.16546,1.16546,1.16546,0
2026-05-30 07:10:00+00:00,1.16546,1.16546,1.16546,1.16546,0
2026-05-30 07:11:00+00:00,1.16546,1.16546,1.16546,1.16546,0
2026-05-30 07:12:00+00:00,1.16546,1.16546,1.16546,1.16546,0
2026-05-30 07:13:00+00:00,1.16546,1.16546,1.16546,1.16546,0
2026-05-30 07:14:00+00:00,1.16546,1.16546,1.16546,1.16546,0
2026-05-30 07:15:00+00:00,1.16546,1.16546,1.16546,1.16546,0
2026-05-30 07:16:00+00:00,1.16546,1.16546,1.16546,1.16546,0
2026-05-30 07:17:00+00:00,1.16546,1.16546,1.16546,1.16546,0
2026-05-30 07:18:00+00:00,1.16546,1.16546,1.16546,1.16546,0
2026-05-30 07:19:00+00:00,1.16546,1.16546,1.16546,1.16546,0
2026-05-30 07:20:00+00:00,1.16546,1.16546,1.16546,1.16546,0
2026-05-30 07:21:00+00:00,1.16546,1.16546,1.16546,1.16546,0
2026-05-30 07:22:00+00:00,1.16546,1.16546,1.16546,1.16546,0
2026-05-30 07:23:00+00:00,1.16546,1.16546,1.16546,1.16546,0
2026-05-30 07:24:00+00:00,1.16546,1.16546,1.16546,1.16546,0
2026-05-30 07:25:00+00:00,1.16546,1.16546,1.16546,1.16546,0
2026-05-30 07:26:00+00:00,1.16546,1.16546,1.16546,1.16546,0
2026-05-30 07:27:00+00:00,1.16546,1.16546,1.16546,1.16546,0
2026-05-30 07:28:00+00:00,1.16546,1.16546,1.16546,1.16546,0
2026-05-30 07:29:00+00:00,1.16546,1.16546,1.16546,1.16546,0
2026-05-30 07:30:00+00:00,1.16546,1.16546,1.16546,1.16546,0
2026-05-30 07:31:00+00:00,1.16546,1.16546,1.16546,1.16546,0
2026-05-30 07:32:00+00:00,1.16546,1.16546,1.16546,1.16546,0
2026-05-30 07:33:00+00:00,1.16546,1.16546,1.16546,1.16546,0
2026-05-30 07:34:00+00:00,1.16546,1.16546,1.16546,1.16546,0
2026-05-30 07:35:00+00:00,1.16546,1.16546,1.16546,1.16546,0
2026-05-30 07:36:00+00:00,1.16546,1.16546,1.16546,1.16546,0
2026-05-30 07:37:00+00:00,1.16546,1.16546,1.16546,1.16546,0
2026-05-30 07:38:00+00:00,1.16546,1.16546,1.16546,1.16546,0
2026-05-30 07:39:00+00:00,1.16546,1.16546,1.16546,1.16546,0
2026-05-30 07:40:00+00:00,1.16546,1.16546,1.16546,1.16546,0
2026-05-30 07:41:00+00:00,1.16546,1.16546,1.16546,1.16546,0
2026-05-30 07:42:00+00:00,1.16546,1.16546,1.16546,1.16546,0
2026-05-30 07:43:00+00:00,1.16546,1.16546,1.16546,1.16546,0
2026-05-30 07:44:00+00:00,1.16546,1.16546,1.16546,1.16546,0
2026-05-30 07:45:00+00:00,1.16546,1.16546,1.16546,1.16546,0
2026-05-30 07:46:00+00:00,1.16546,1.16546,1.16546,1.16546,0
2026-05-30 07:47:00+00:00,1.16546,1.16546,1.16546,1.16546,0
2026-05-30 07:48:00+00:00,1.16546,1.16546,1.16546,1.16546,0
2026-05-30 07:49:00+00:00,1.16546,1.16546,1.16546,1.16546,0
2026-05-30 07:50:00+00:00,1.16546,1.16546,1.16546,1.16546,0
2026-05-30 07:51:00+00:00,1.16546,1.16546,1.16546,1.16546,0
2026-05-30 07:52:00+00:00,1.16546,1.16546,1.16546,1.16546,0
2026-05-30 07:53:00+00:00,1.16546,1.16546,1.16546,1.16546,0
2026-05-30 07:54:00+00:00,1.16546,1.16546,1.16546,1.16546,0
2026-05-30 07:55:00+00:00,1.16546,1.16546,1.16546,1.16546,0
2026-05-30 07:56:00+00:00,1.16546,1.16546,1.16546,1.16546,0
2026-05-30 07:57:00+00:00,1.16546,1.16546,1.16546,1.16546,0
2026-05-30 07:58:00+00:00,1.16546,1.16546,1.16546,1.16546,0
2026-05-30 07:59:00+00:00,1.16546,1.16546,1.16546,1.16546,0
2026-05-30 08:00:00+00:00,1.16546,1.16546,1.16546,1.16546,0
2026-05-30 08:01:00+00:00,1.16546,1.16546,1.16546,1.16546,0
2026-05-30 08:02:00+00:00,1.16546,1.16546,1.16546,1.16546,0
2026-05-30 08:03:00+00:00,1.16546,1.16546,1.16546,1.16546,0
2026-05-30 08:04:00+00:00,1.16546,1.16546,1.16546,1.16546,0
2026-05-30 08:05:00+00:00,1.16546,1.16546,1.16546,1.16546,0
2026-05-30 08:06:00+00:00,1.16546,1.16546,1.16546,1.16546,0
2026-05-30 08:07:00+00:00,1.16546,1.16546,1.16546,1.16546,0
2026-05-30 08:08:00+00:00,1.16546,1.16546,1.16546,1.16546,0
2026-05-30 08:09:00+00:00,1.16546,1.16546,1.16546,1.16546,0
2026-05-30 08:10:00+00:00,1.16546,1.16546,1.16546,1.16546,0
2026-05-30 08:11:00+00:00,1.16546,1.16546,1.16546,1.16546,0
2026-05-30 08:12:00+00:00,1.16546,1.16546,1.16546,1.16546,0
2026-05-30 08:13:00+00:00,1.16546,1.16546,1.16546,1.16546,0
2026-05-30 08:14:00+00:00,1.16546,1.16546,1.16546,1.16546,0
2026-05-30 08:15:00+00:00,1.16546,1.16546,1.16546,1.16546,0
2026-05-30 08:16:00+00:00,1.16546,1.16546,1.16546,1.16546,0
2026-05-30 08:17:00+00:00,1.16546,1.16546,1.16546,1.16546,0
2026-05-30 08:18:00+00:00,1.16546,1.16546,1.16546,1.16546,0
2026-05-30 08:19:00+00:00,1.16546,1.16546,1.16546,1.16546,0
2026-05-30 08:20:00+00:00,1.16546,1.16546,1.16546,1.16546,0
2026-05-30 08:21:00+00:00,1.16546,1.16546,1.16546,1.16546,0
2026-05-30 08:22:00+00:00,1.16546,1.16546,1.16546,1.16546,0
2026-05-30 08:23:00+00:00,1.16546,1.16546,1.16546,1.16546,0
2026-05-30 08:24:00+00:00,1.16546,1.16546,1.16546,1.16546,0
2026-05-30 08:25:00+00:00,1.16546,1.16546,1.16546,1.16546,0
2026-05-30 08:26:00+00:00,1.16546,1.16546,1.16546,1.16546,0
2026-05-30 08:27:00+00:00,1.16546,1.16546,1.16546,1.16546,0
2026-05-30 08:28:00+00:00,1.16546,1.16546,1.16546,1.16546,0
2026-05-30 08:29:00+00:00,1.16546,1.16546,1.16546,1.16546,0
2026-05-30 08:30:00+00:00,1.16546,1.16546,1.16546,1.16546,0
2026-05-30 08:31:00+00:00,1.16546,1.16546,1.16546,1.16546,0
2026-05-30 08:32:00+00:00,1.16546,1.16546,1.16546,1.16546,0
2026-05-30 08:33:00+00:00,1.16546,1.16546,1.16546,1.16546,0
2026-05-30 08:34:00+00:00,1.16546,1.16546,1.16546,1.16546,0
2026-05-30 08:35:00+00:00,1.16546,1.16546,1.16546,1.16546,0
2026-05-30 08:36:00+00:00,1.16546,1.16546,1.16546,1.16546,0
2026-05-30 08:37:00+00:00,1.16546,1.16546,1.16546,1.16546,0
2026-05-30 08:38:00+00:00,1.16546,1.16546,1.16546,1.16546,0
2026-05-30 08:39:00+00:00,1.16546,1.16546,1.16546,1.16546,0
2026-05-30 08:40:00+00:00,1.16546,1.16546,1.16546,1.16546,0
2026-05-30 08:41:00+00:00,1.16546,1.16546,1.16546,1.16546,0
2026-05-30 08:42:00+00:00,1.16546,1.16546,1.16546,1.16546,0
2026-05-30 08:43:00+00:00,1.16546,1.16546,1.16546,1.16546,0
2026-05-30 08:44:00+00:00,1.16546,1.16546,1.16546,1.16546,0
2026-05-30 08:45:00+00:00,1.16546,1.16546,1.16546,1.16546,0
2026-05-30 08:46:00+00:00,1.16546,1.16546,1.16546,1.16546,0
2026-05-30 08:47:00+00:00,1.16546,1.16546,1.16546,1.16546,0
2026-05-30 08:48:00+00:00,1.16546,1.16546,1.16546,1.16546,0
2026-05-30 08:49:00+00:00,1.16546,1.16546,1.16546,1.16546,0
2026-05-30 08:50:00+00:00,1.16546,1.16546,1.16546,1.16546,0
2026-05-30 08:51:00+00:00,1.16546,1.16546,1.16546,1.16546,0
2026-05-30 08:52:00+00:00,1.16546,1.16546,1.16546,1.16546,0
2026-05-30 08:53:00+00:00,1.16546,1.16546,1.16546,1.16546,0
2026-05-30 08:54:00+00:00,1.16546,1.16546,1.16546,1.16546,0
2026-05-30 08:55:00+00:00,1.16546,1.16546,1.16546,1.16546,0
2026-05-30 08:56:00+00:00,1.16546,1.16546,1.16546,1.16546,0
2026-05-30 08:57:00+00:00,1.16546,1.16546,1.16546,1.16546,0
2026-05-30 08:58:00+00:00,1.16546,1.16546,1.16546,1.16546,0
2026-05-30 08:59:00+00:00,1.16546,1.16546,1.16546,1.16546,0
2026-05-30 09:00:00+00:00,1.16546,1.16546,1.16546,1.16546,0
2026-05-30 09:01:00+00:00,1.16546,1.16546,1.16546,1.16546,0
2026-05-30 09:02:00+00:00,1.16546,1.16546,1.16546,1.16546,0
2026-05-30 09:03:00+00:00,1.16546,1.16546,1.16546,1.16546,0
2026-05-30 09:04:00+00:00,1.16546,1.16546,1.16546,1.16546,0
2026-05-30 09:05:00+00:00,1.16546,1.16546,1.16546,1.16546,0
2026-05-30 09:06:00+00:00,1.16546,1.16546,1.16546,1.16546,0
2026-05-30 09:07:00+00:00,1.16546,1.16546,1.16546,1.16546,0
2026-05-30 09:08:00+00:00,1.16546,1.16546,1.16546,1.16546,0
2026-05-30 09:09:00+00:00,1.16546,1.16546,1.16546,1.16546,0
2026-05-30 09:10:00+00:00,1.16546,1.16546,1.16546,1.16546,0
2026-05-30 09:11:00+00:00,1.16546,1.16546,1.16546,1.16546,0
2026-05-30 09:12:00+00:00,1.16546,1.16546,1.16546,1.16546,0
2026-05-30 09:13:00+00:00,1.16546,1.16546,1.16546,1.16546,0
2026-05-30 09:14:00+00:00,1.16546,1.16546,1.16546,1.16546,0
2026-05-30 09:15:00+00:00,1.16546,1.16546,1.16546,1.16546,0
2026-05-30 09:16:00+00:00,1.16546,1.16546,1.16546,1.16546,0
2026-05-30 09:17:00+00:00,1.16546,1.16546,1.16546,1.16546,0
2026-05-30 09:18:00+00:00,1.16546,1.16546,1.16546,1.16546,0
2026-05-30 09:19:00+00:00,1.16546,1.16546,1.16546,1.16546,0
2026-05-30 09:20:00+00:00,1.16546,1.16546,1.16546,1.16546,0
2026-05-30 09:21:00+00:00,1.16546,1.16546,1.16546,1.16546,0
2026-05-30 09:22:00+00:00,1.16546,1.16546,1.16546,1.16546,0
2026-05-30 09:23:00+00:00,1.16546,1.16546,1.16546,1.16546,0
2026-05-30 09:24:00+00:00,1.16546,1.16546,1.16546,1.16546,0
2026-05-30 09:25:00+00:00,1.16546,1.16546,1.16546,1.16546,0
2026-05-30 09:26:00+00:00,1.16546,1.16546,1.16546,1.16546,0
2026-05-30 09:27:00+00:00,1.16546,1.16546,1.16546,1.16546,0
2026-05-30 09:28:00+00:00,1.16546,1.16546,1.16546,1.16546,0
2026-05-30 09:29:00+00:00,1.16546,1.16546,1.16546,1.16546,0
2026-05-30 09:30:00+00:00,1.16546,1.16546,1.16546,1.16546,0
2026-05-30 09:31:00+00:00,1.16546,1.16546,1.16546,1.16546,0
2026-05-30 09:32:00+00:00,1.16546,1.16546,1.16546,1.16546,0
2026-05-30 09:33:00+00:00,1.16546,1.16546,1.16546,1.16546,0
2026-05-30 09:34:00+00:00,1.16546,1.16546,1.16546,1.16546,0
2026-05-30 09:35:00+00:00,1.16546,1.16546,1.16546,1.16546,0
2026-05-30 09:36:00+00:00,1.16546,1.16546,1.16546,1.16546,0
2026-05-30 09:37:00+00:00,1.16546,1.16546,1.16546,1.16546,0
2026-05-30 09:38:00+00:00,1.16546,1.16546,1.16546,1.16546,0
2026-05-30 09:39:00+00:00,1.16546,1.16546,1.16546,1.16546,0
2026-05-30 09:40:00+00:00,1.16546,1.16546,1.16546,1.16546,0
2026-05-30 09:41:00+00:00,1.16546,1.16546,1.16546,1.16546,0
2026-05-30 09:42:00+00:00,1.16546,1.16546,1.16546,1.16546,0
2026-05-30 09:43:00+00:00,1.16546,1.16546,1.16546,1.16546,0
2026-05-30 09:44:00+00:00,1.16546,1.16546,1.16546,1.16546,0
2026-05-30 09:45:00+00:00,1.16546,1.16546,1.16546,1.16546,0
2026-05-30 09:46:00+00:00,1.16546,1.16546,1.16546,1.16546,0
2026-05-30 09:47:00+00:00,1.16546,1.16546,1.16546,1.16546,0
2026-05-30 09:48:00+00:00,1.16546,1.16546,1.16546,1.16546,0
2026-05-30 09:49:00+00:00,1.16546,1.16546,1.16546,1.16546,0
2026-05-30 09:50:00+00:00,1.16546,1.16546,1.16546,1.16546,0
2026-05-30 09:51:00+00:00,1.16546,1.16546,1.16546,1.16546,0
2026-05-30 09:52:00+00:00,1.16546,1.16546,1.16546,1.16546,0
2026-05-30 09:53:00+00:00,1.16546,1.16546,1.16546,1.16546,0
2026-05-30 09:54:00+00:00,1.16546,1.16546,1.16546,1.16546,0
2026-05-30 09:55:00+00:00,1.16546,1.16546,1.16546,1.16546,0
2026-05-30 09:56:00+00:00,1.16546,1.16546,1.16546,1.16546,0
2026-05-30 09:57:00+00:00,1.16546,1.16546,1.16546,1.16546,0
2026-05-30 09:58:00+00:00,1.16546,1.16546,1.16546,1.16546,0
2026-05-30 09:59:00+00:00,1.16546,1.16546,1.16546,1.16546,0
2026-05-30 10:00:00+00:00,1.16546,1.16546,1.16546,1.16546,0
2026-05-30 10:01:00+00:00,1.16546,1.16546,1.16546,1.16546,0
2026-05-30 10:02:00+00:00,1.16546,1.16546,1.16546,1.16546,0
2026-05-30 10:03:00+00:00,1.16546,1.16546,1.16546,1.16546,0
2026-05-30 10:04:00+00:00,1.16546,1.16546,1.16546,1.16546,0
2026-05-30 10:05:00+00:00,1.16546,1.16546,1.16546,1.16546,0
2026-05-30 10:06:00+00:00,1.16546,1.16546,1.16546,1.16546,0
2026-05-30 10:07:00+00:00,1.16546,1.16546,1.16546,1.16546,0
2026-05-30 10:08:00+00:00,1.16546,1.16546,1.16546,1.16546,0
2026-05-30 10:09:00+00:00,1.16546,1.16546,1.16546,1.16546,0
2026-05-30 10:10:00+00:00,1.16546,1.16546,1.16546,1.16546,0
2026-05-30 10:11:00+00:00,1.16546,1.16546,1.16546,1.16546,0
2026-05-30 10:12:00+00:00,1.16546,1.16546,1.16546,1.16546,0
2026-05-30 10:13:00+00:00,1.16546,1.16546,1.16546,1.16546,0
2026-05-30 10:14:00+00:00,1.16546,1.16546,1.16546,1.16546,0
2026-05-30 10:15:00+00:00,1.16546,1.16546,1.16546,1.16546,0
2026-05-30 10:16:00+00:00,1.16546,1.16546,1.16546,1.16546,0
2026-05-30 10:17:00+00:00,1.16546,1.16546,1.16546,1.16546,0
2026-05-30 10:18:00+00:00,1.16546,1.16546,1.16546,1.16546,0
2026-05-30 10:19:00+00:00,1.16546,1.16546,1.16546,1.16546,0
2026-05-30 10:20:00+00:00,1.16546,1.16546,1.16546,1.16546,0
2026-05-30 10:21:00+00:00,1.16546,1.16546,1.16546,1.16546,0
2026-05-30 10:22:00+00:00,1.16546,1.16546,1.16546,1.16546,0
2026-05-30 10:23:00+00:00,1.16546,1.16546,1.16546,1.16546,0
2026-05-30 10:24:00+00:00,1.16546,1.16546,1.16546,1.16546,0
2026-05-30 10:25:00+00:00,1.16546,1.16546,1.16546,1.16546,0
2026-05-30 10:26:00+00:00,1.16546,1.16546,1.16546,1.16546,0
2026-05-30 10:27:00+00:00,1.16546,1.16546,1.16546,1.16546,0
2026-05-30 10:28:00+00:00,1.16546,1.16546,1.16546,1.16546,0
2026-05-30 10:29:00+00:00,1.16546,1.16546,1.16546,1.16546,0
2026-05-30 10:30:00+00:00,1.16546,1.16546,1.16546,1.16546,0
2026-05-30 10:31:00+00:00,1.16546,1.16546,1.16546,1.16546,0
2026-05-30 10:32:00+00:00,1.16546,1.16546,1.16546,1.16546,0
2026-05-30 10:33:00+00:00,1.16546,1.16546,1.16546,1.16546,0
2026-05-30 10:34:00+00:00,1.16546,1.16546,1.16546,1.16546,0
2026-05-30 10:35:00+00:00,1.16546,1.16546,1.16546,1.16546,0
2026-05-30 10:36:00+00:00,1.16546,1.16546,1.16546,1.16546,0
2026-05-30 10:37:00+00:00,1.16546,1.16546,1.16546,1.16546,0
2026-05-30 10:38:00+00:00,1.16546,1.16546,1.16546,1.16546,0
2026-05-30 10:39:00+00:00,1.16546,1.16546,1.16546,1.16546,0
2026-05-30 10:40:00+00:00,1.16546,1.16546,1.16546,1.16546,0
2026-05-30 10:41:00+00:00,1.16546,1.16546,1.16546,1.16546,0
2026-05-30 10:42:00+00:00,1.16546,1.16546,1.16546,1.16546,0
2026-05-30 10:43:00+00:00,1.16546,1.16546,1.16546,1.16546,0
2026-05-30 10:44:00+00:00,1.16546,1.16546,1.16546,1.16546,0
2026-05-30 10:45:00+00:00,1.16546,1.16546,1.16546,1.16546,0
2026-05-30 10:46:00+00:00,1.16546,1.16546,1.16546,1.16546,0
2026-05-30 10:47:00+00:00,1.16546,1.16546,1.16546,1.16546,0
2026-05-30 10:48:00+00:00,1.16546,1.16546,1.16546,1.16546,0
2026-05-30 10:49:00+00:00,1.16546,1.16546,1.16546,1.16546,0
2026-05-30 10:50:00+00:00,1.16546,1.16546,1.16546,1.16546,0
2026-05-30 10:51:00+00:00,1.16546,1.16546,1.16546,1.16546,0
2026-05-30 10:52:00+00:00,1.16546,1.16546,1.16546,1.16546,0
2026-05-30 10:53:00+00:00,1.16546,1.16546,1.16546,1.16546,0
2026-05-30 10:54:00+00:00,1.16546,1.16546,1.16546,1.16546,0
2026-05-30 10:55:00+00:00,1.16546,1.16546,1.16546,1.16546,0
2026-05-30 10:56:00+00:00,1.16546,1.16546,1.16546,1.16546,0
2026-05-30 10:57:00+00:00,1.16546,1.16546,1.16546,1.16546,0
2026-05-30 10:58:00+00:00,1.16546,1.16546,1.16546,1.16546,0
2026-05-30 10:59:00+00:00,1.16546,1.16546,1.16546,1.16546,0
2026-05-30 11:00:00+00:00,1.16546,1.16546,1.16546,1.16546,0
2026-05-30 11:01:00+00:00,1.16546,1.16546,1.16546,1.16546,0
2026-05-30 11:02:00+00:00,1.16546,1.16546,1.16546,1.16546,0
2026-05-30 11:03:00+00:00,1.16546,1.16546,1.16546,1.16546,0
2026-05-30 11:04:00+00:00,1.16546,1.16546,1.16546,1.16546,0
2026-05-30 11:05:00+00:00,1.16546,1.16546,1.16546,1.16546,0
2026-05-30 11:06:00+00:00,1.16546,1.16546,1.16546,1.16546,0
2026-05-30 11:07:00+00:00,1.16546,1.16546,1.16546,1.16546,0
2026-05-30 11:08:00+00:00,1.16546,1.16546,1.16546,1.16546,0
2026-05-30 11:09:00+00:00,1.16546,1.16546,1.16546,1.16546,0
2026-05-30 11:10:00+00:00,1.16546,1.16546,1.16546,1.16546,0
2026-05-30 11:11:00+00:00,1.16546,1.16546,1.16546,1.16546,0
2026-05-30 11:12:00+00:00,1.16546,1.16546,1.16546,1.16546,0
2026-05-30 11:13:00+00:00,1.16546,1.16546,1.16546,1.16546,0
2026-05-30 11:14:00+00:00,1.16546,1.16546,1.16546,1.16546,0
2026-05-30 11:15:00+00:00,1.16546,1.16546,1.16546,1.16546,0
2026-05-30 11:16:00+00:00,1.16546,1.16546,1.16546,1.16546,0
2026-05-30 11:17:00+00:00,1.16546,1.16546,1.16546,1.16546,0
2026-05-30 11:18:00+00:00,1.16546,1.16546,1.16546,1.16546,0
2026-05-30 11:19:00+00:00,1.16546,1.16546,1.16546,1.16546,0
2026-05-30 11:20:00+00:00,1.16546,1.16546,1.16546,1.16546,0
2026-05-30 11:21:00+00:00,1.16546,1.16546,1.16546,1.16546,0
2026-05-30 11:22:00+00:00,1.16546,1.16546,1.16546,1.16546,0
2026-05-30 11:23:00+00:00,1.16546,1.16546,1.16546,1.16546,0
2026-05-30 11:24:00+00:00,1.16546,1.16546,1.16546,1.16546,0
2026-05-30 11:25:00+00:00,1.16546,1.16546,1.16546,1.16546,0
2026-05-30 11:26:00+00:00,1.16546,1.16546,1.16546,1.16546,0
2026-05-30 11:27:00+00:00,1.16546,1.16546,1.16546,1.16546,0
2026-05-30 11:28:00+00:00,1.16546,1.16546,1.16546,1.16546,0
2026-05-30 11:29:00+00:00,1.16546,1.16546,1.16546,1.16546,0
2026-05-30 11:30:00+00:00,1.16546,1.16546,1.16546,1.16546,0
2026-05-30 11:31:00+00:00,1.16546,1.16546,1.16546,1.16546,0
2026-05-30 11:32:00+00:00,1.16546,1.16546,1.16546,1.16546,0
2026-05-30 11:33:00+00:00,1.16546,1.16546,1.16546,1.16546,0
2026-05-30 11:34:00+00:00,1.16546,1.16546,1.16546,1.16546,0
2026-05-30 11:35:00+00:00,1.16546,1.16546,1.16546,1.16546,0
2026-05-30 11:36:00+00:00,1.16546,1.16546,1.16546,1.16546,0
2026-05-30 11:37:00+00:00,1.16546,1.16546,1.16546,1.16546,0
2026-05-30 11:38:00+00:00,1.16546,1.16546,1.16546,1.16546,0
2026-05-30 11:39:00+00:00,1.16546,1.16546,1.16546,1.16546,0
2026-05-30 11:40:00+00:00,1.16546,1.16546,1.16546,1.16546,0
2026-05-30 11:41:00+00:00,1.16546,1.16546,1.16546,1.16546,0
2026-05-30 11:42:00+00:00,1.16546,1.16546,1.16546,1.16546,0
2026-05-30 11:43:00+00:00,1.16546,1.16546,1.16546,1.16546,0
2026-05-30 11:44:00+00:00,1.16546,1.16546,1.16546,1.16546,0
2026-05-30 11:45:00+00:00,1.16546,1.16546,1.16546,1.16546,0
2026-05-30 11:46:00+00:00,1.16546,1.16546,1.16546,1.16546,0
2026-05-30 11:47:00+00:00,1.16546,1.16546,1.16546,1.16546,0
2026-05-30 11:48:00+00:00,1.16546,1.16546,1.16546,1.16546,0
2026-05-30 11:49:00+00:00,1.16546,1.16546,1.16546,1.16546,0
2026-05-30 11:50:00+00:00,1.16546,1.16546,1.16546,1.16546,0
2026-05-30 11:51:00+00:00,1.16546,1.16546,1.16546,1.16546,0
2026-05-30 11:52:00+00:00,1.16546,1.16546,1.16546,1.16546,0
2026-05-30 11:53:00+00:00,1.16546,1.16546,1.16546,1.16546,0
2026-05-30 11:54:00+00:00,1.16546,1.16546,1.16546,1.16546,0
2026-05-30 11:55:00+00:00,1.16546,1.16546,1.16546,1.16546,0
2026-05-30 11:56:00+00:00,1.16546,1.16546,1.16546,1.16546,0
2026-05-30 11:57:00+00:00,1.16546,1.16546,1.16546,1.16546,0
2026-05-30 11:58:00+00:00,1.16546,1.16546,1.16546,1.16546,0
2026-05-30 11:59:00+00:00,1.16546,1.16546,1.16546,1.16546,0
2026-05-30 12:00:00+00:00,1.16546,1.16546,1.16546,1.16546,0
2026-05-30 12:01:00+00:00,1.16546,1.16546,1.16546,1.16546,0
2026-05-30 12:02:00+00:00,1.16546,1.16546,1.16546,1.16546,0
2026-05-30 12:03:00+00:00,1.16546,1.16546,1.16546,1.16546,0
2026-05-30 12:04:00+00:00,1.16546,1.16546,1.16546,1.16546,0
2026-05-30 12:05:00+00:00,1.16546,1.16546,1.16546,1.16546,0
2026-05-30 12:06:00+00:00,1.16546,1.16546,1.16546,1.16546,0
2026-05-30 12:07:00+00:00,1.16546,1.16546,1.16546,1.16546,0
2026-05-30 12:08:00+00:00,1.16546,1.16546,1.16546,1.16546,0
2026-05-30 12:09:00+00:00,1.16546,1.16546,1.16546,1.16546,0
2026-05-30 12:10:00+00:00,1.16546,1.16546,1.16546,1.16546,0
2026-05-30 12:11:00+00:00,1.16546,1.16546,1.16546,1.16546,0
2026-05-30 12:12:00+00:00,1.16546,1.16546,1.16546,1.16546,0
2026-05-30 12:13:00+00:00,1.16546,1.16546,1.16546,1.16546,0
2026-05-30 12:14:00+00:00,1.16546,1.16546,1.16546,1.16546,0
2026-05-30 12:15:00+00:00,1.16546,1.16546,1.16546,1.16546,0
2026-05-30 12:16:00+00:00,1.16546,1.16546,1.16546,1.16546,0
2026-05-30 12:17:00+00:00,1.16546,1.16546,1.16546,1.16546,0
2026-05-30 12:18:00+00:00,1.16546,1.16546,1.16546,1.16546,0
2026-05-30 12:19:00+00:00,1.16546,1.16546,1.16546,1.16546,0
2026-05-30 12:20:00+00:00,1.16546,1.16546,1.16546,1.16546,0
2026-05-30 12:21:00+00:00,1.16546,1.16546,1.16546,1.16546,0
2026-05-30 12:22:00+00:00,1.16546,1.16546,1.16546,1.16546,0
2026-05-30 12:23:00+00:00,1.16546,1.16546,1.16546,1.16546,0
2026-05-30 12:24:00+00:00,1.16546,1.16546,1.16546,1.16546,0
2026-05-30 12:25:00+00:00,1.16546,1.16546,1.16546,1.16546,0
2026-05-30 12:26:00+00:00,1.16546,1.16546,1.16546,1.16546,0
2026-05-30 12:27:00+00:00,1.16546,1.16546,1.16546,1.16546,0
2026-05-30 12:28:00+00:00,1.16546,1.16546,1.16546,1.16546,0
2026-05-30 12:29:00+00:00,1.16546,1.16546,1.16546,1.16546,0
2026-05-30 12:30:00+00:00,1.16546,1.16546,1.16546,1.16546,0
2026-05-30 12:31:00+00:00,1.16546,1.16546,1.16546,1.16546,0
2026-05-30 12:32:00+00:00,1.16546,1.16546,1.16546,1.16546,0
2026-05-30 12:33:00+00:00,1.16546,1.16546,1.16546,1.16546,0
2026-05-30 12:34:00+00:00,1.16546,1.16546,1.16546,1.16546,0
2026-05-30 12:35:00+00:00,1.16546,1.16546,1.16546,1.16546,0
2026-05-30 12:36:00+00:00,1.16546,1.16546,1.16546,1.16546,0
2026-05-30 12:37:00+00:00,1.16546,1.16546,1.16546,1.16546,0
2026-05-30 12:38:00+00:00,1.16546,1.16546,1.16546,1.16546,0
2026-05-30 12:39:00+00:00,1.16546,1.16546,1.16546,1.16546,0
2026-05-30 12:40:00+00:00,1.16546,1.16546,1.16546,1.16546,0
2026-05-30 12:41:00+00:00,1.16546,1.16546,1.16546,1.16546,0
2026-05-30 12:42:00+00:00,1.16546,1.16546,1.16546,1.16546,0
2026-05-30 12:43:00+00:00,1.16546,1.16546,1.16546,1.16546,0
2026-05-30 12:44:00+00:00,1.16546,1.16546,1.16546,1.16546,0
2026-05-30 12:45:00+00:00,1.16546,1.16546,1.16546,1.16546,0
2026-05-30 12:46:00+00:00,1.16546,1.16546,1.16546,1.16546,0
2026-05-30 12:47:00+00:00,1.16546,1.16546,1.16546,1.16546,0
2026-05-30 12:48:00+00:00,1.16546,1.16546,1.16546,1.16546,0
2026-05-30 12:49:00+00:00,1.16546,1.16546,1.16546,1.16546,0
2026-05-30 12:50:00+00:00,1.16546,1.16546,1.16546,1.16546,0
2026-05-30 12:51:00+00:00,1.16546,1.16546,1.16546,1.16546,0
2026-05-30 12:52:00+00:00,1.16546,1.16546,1.16546,1.16546,0
2026-05-30 12:53:00+00:00,1.16546,1.16546,1.16546,1.16546,0
2026-05-30 12:54:00+00:00,1.16546,1.16546,1.16546,1.16546,0
2026-05-30 12:55:00+00:00,1.16546,1.16546,1.16546,1.16546,0
2026-05-30 12:56:00+00:00,1.16546,1.16546,1.16546,1.16546,0
2026-05-30 12:57:00+00:00,1.16546,1.16546,1.16546,1.16546,0
2026-05-30 12:58:00+00:00,1.16546,1.16546,1.16546,1.16546,0
2026-05-30 12:59:00+00:00,1.16546,1.16546,1.16546,1.16546,0
2026-05-30 13:00:00+00:00,1.16546,1.16546,1.16546,1.16546,0
2026-05-30 13:01:00+00:00,1.16546,1.16546,1.16546,1.16546,0
2026-05-30 13:02:00+00:00,1.16546,1.16546,1.16546,1.16546,0
2026-05-30 13:03:00+00:00,1.16546,1.16546,1.16546,1.16546,0
2026-05-30 13:04:00+00:00,1.16546,1.16546,1.16546,1.16546,0
2026-05-30 13:05:00+00:00,1.16546,1.16546,1.16546,1.16546,0
2026-05-30 13:06:00+00:00,1.16546,1.16546,1.16546,1.16546,0
2026-05-30 13:07:00+00:00,1.16546,1.16546,1.16546,1.16546,0
2026-05-30 13:08:00+00:00,1.16546,1.16546,1.16546,1.16546,0
2026-05-30 13:09:00+00:00,1.16546,1.16546,1.16546,1.16546,0
2026-05-30 13:10:00+00:00,1.16546,1.16546,1.16546,1.16546,0
2026-05-30 13:11:00+00:00,1.16546,1.16546,1.16546,1.16546,0
2026-05-30 13:12:00+00:00,1.16546,1.16546,1.16546,1.16546,0
2026-05-30 13:13:00+00:00,1.16546,1.16546,1.16546,1.16546,0
2026-05-30 13:14:00+00:00,1.16546,1.16546,1.16546,1.16546,0
2026-05-30 13:15:00+00:00,1.16546,1.16546,1.16546,1.16546,0
2026-05-30 13:16:00+00:00,1.16546,1.16546,1.16546,1.16546,0
2026-05-30 13:17:00+00:00,1.16546,1.16546,1.16546,1.16546,0
2026-05-30 13:18:00+00:00,1.16546,1.16546,1.16546,1.16546,0
2026-05-30 13:19:00+00:00,1.16546,1.16546,1.16546,1.16546,0
2026-05-30 13:20:00+00:00,1.16546,1.16546,1.16546,1.16546,0
2026-05-30 13:21:00+00:00,1.16546,1.16546,1.16546,1.16546,0
2026-05-30 13:22:00+00:00,1.16546,1.16546,1.16546,1.16546,0
2026-05-30 13:23:00+00:00,1.16546,1.16546,1.16546,1.16546,0
2026-05-30 13:24:00+00:00,1.16546,1.16546,1.16546,1.16546,0
2026-05-30 13:25:00+00:00,1.16546,1.16546,1.16546,1.16546,0
2026-05-30 13:26:00+00:00,1.16546,1.16546,1.16546,1.16546,0
2026-05-30 13:27:00+00:00,1.16546,1.16546,1.16546,1.16546,0
2026-05-30 13:28:00+00:00,1.16546,1.16546,1.16546,1.16546,0
2026-05-30 13:29:00+00:00,1.16546,1.16546,1.16546,1.16546,0
2026-05-30 13:30:00+00:00,1.16546,1.16546,1.16546,1.16546,0
2026-05-30 13:31:00+00:00,1.16546,1.16546,1.16546,1.16546,0
2026-05-30 13:32:00+00:00,1.16546,1.16546,1.16546,1.16546,0
2026-05-30 13:33:00+00:00,1.16546,1.16546,1.16546,1.16546,0
2026-05-30 13:34:00+00:00,1.16546,1.16546,1.16546,1.16546,0
2026-05-30 13:35:00+00:00,1.16546,1.16546,1.16546,1.16546,0
2026-05-30 13:36:00+00:00,1.16546,1.16546,1.16546,1.16546,0
2026-05-30 13:37:00+00:00,1.16546,1.16546,1.16546,1.16546,0
2026-05-30 13:38:00+00:00,1.16546,1.16546,1.16546,1.16546,0
2026-05-30 13:39:00+00:00,1.16546,1.16546,1.16546,1.16546,0
2026-05-30 13:40:00+00:00,1.16546,1.16546,1.16546,1.16546,0
2026-05-30 13:41:00+00:00,1.16546,1.16546,1.16546,1.16546,0
2026-05-30 13:42:00+00:00,1.16546,1.16546,1.16546,1.16546,0
2026-05-30 13:43:00+00:00,1.16546,1.16546,1.16546,1.16546,0
2026-05-30 13:44:00+00:00,1.16546,1.16546,1.16546,1.16546,0
2026-05-30 13:45:00+00:00,1.16546,1.16546,1.16546,1.16546,0
2026-05-30 13:46:00+00:00,1.16546,1.16546,1.16546,1.16546,0
2026-05-30 13:47:00+00:00,1.16546,1.16546,1.16546,1.16546,0
2026-05-30 13:48:00+00:00,1.16546,1.16546,1.16546,1.16546,0
2026-05-30 13:49:00+00:00,1.16546,1.16546,1.16546,1.16546,0
2026-05-30 13:50:00+00:00,1.16546,1.16546,1.16546,1.16546,0
2026-05-30 13:51:00+00:00,1.16546,1.16546,1.16546,1.16546,0
2026-05-30 13:52:00+00:00,1.16546,1.16546,1.16546,1.16546,0
2026-05-30 13:53:00+00:00,1.16546,1.16546,1.16546,1.16546,0
2026-05-30 13:54:00+00:00,1.16546,1.16546,1.16546,1.16546,0
2026-05-30 13:55:00+00:00,1.16546,1.16546,1.16546,1.16546,0
2026-05-30 13:56:00+00:00,1.16546,1.16546,1.16546,1.16546,0
2026-05-30 13:57:00+00:00,1.16546,1.16546,1.16546,1.16546,0
2026-05-30 13:58:00+00:00,1.16546,1.16546,1.16546,1.16546,0
2026-05-30 13:59:00+00:00,1.16546,1.16546,1.16546,1.16546,0
2026-05-30 14:00:00+00:00,1.16546,1.16546,1.16546,1.16546,0
2026-05-30 14:01:00+00:00,1.16546,1.16546,1.16546,1.16546,0
2026-05-30 14:02:00+00:00,1.16546,1.16546,1.16546,1.16546,0
2026-05-30 14:03:00+00:00,1.16546,1.16546,1.16546,1.16546,0
2026-05-30 14:04:00+00:00,1.16546,1.16546,1.16546,1.16546,0
2026-05-30 14:05:00+00:00,1.16546,1.16546,1.16546,1.16546,0
2026-05-30 14:06:00+00:00,1.16546,1.16546,1.16546,1.16546,0
2026-05-30 14:07:00+00:00,1.16546,1.16546,1.16546,1.16546,0
2026-05-30 14:08:00+00:00,1.16546,1.16546,1.16546,1.16546,0
2026-05-30 14:09:00+00:00,1.16546,1.16546,1.16546,1.16546,0
2026-05-30 14:10:00+00:00,1.16546,1.16546,1.16546,1.16546,0
2026-05-30 14:11:00+00:00,1.16546,1.16546,1.16546,1.16546,0
2026-05-30 14:12:00+00:00,1.16546,1.16546,1.16546,1.16546,0
2026-05-30 14:13:00+00:00,1.16546,1.16546,1.16546,1.16546,0
2026-05-30 14:14:00+00:00,1.16546,1.16546,1.16546,1.16546,0
2026-05-30 14:15:00+00:00,1.16546,1.16546,1.16546,1.16546,0
2026-05-30 14:16:00+00:00,1.16546,1.16546,1.16546,1.16546,0
2026-05-30 14:17:00+00:00,1.16546,1.16546,1.16546,1.16546,0
2026-05-30 14:18:00+00:00,1.16546,1.16546,1.16546,1.16546,0
2026-05-30 14:19:00+00:00,1.16546,1.16546,1.16546,1.16546,0
2026-05-30 14:20:00+00:00,1.16546,1.16546,1.16546,1.16546,0
2026-05-30 14:21:00+00:00,1.16546,1.16546,1.16546,1.16546,0
2026-05-30 14:22:00+00:00,1.16546,1.16546,1.16546,1.16546,0
2026-05-30 14:23:00+00:00,1.16546,1.16546,1.16546,1.16546,0
2026-05-30 14:24:00+00:00,1.16546,1.16546,1.16546,1.16546,0
2026-05-30 14:25:00+00:00,1.16546,1.16546,1.16546,1.16546,0
2026-05-30 14:26:00+00:00,1.16546,1.16546,1.16546,1.16546,0
2026-05-30 14:27:00+00:00,1.16546,1.16546,1.16546,1.16546,0
2026-05-30 14:28:00+00:00,1.16546,1.16546,1.16546,1.16546,0
2026-05-30 14:29:00+00:00,1.16546,1.16546,1.16546,1.16546,0
2026-05-30 14:30:00+00:00,1.16546,1.16546,1.16546,1.16546,0
2026-05-30 14:31:00+00:00,1.16546,1.16546,1.16546,1.16546,0
2026-05-30 14:32:00+00:00,1.16546,1.16546,1.16546,1.16546,0
2026-05-30 14:33:00+00:00,1.16546,1.16546,1.16546,1.16546,0
2026-05-30 14:34:00+00:00,1.16546,1.16546,1.16546,1.16546,0
2026-05-30 14:35:00+00:00,1.16546,1.16546,1.16546,1.16546,0
2026-05-30 14:36:00+00:00,1.16546,1.16546,1.16546,1.16546,0
2026-05-30 14:37:00+00:00,1.16546,1.16546,1.16546,1.16546,0
2026-05-30 14:38:00+00:00,1.16546,1.16546,1.16546,1.16546,0
2026-05-30 14:39:00+00:00,1.16546,1.16546,1.16546,1.16546,0
2026-05-30 14:40:00+00:00,1.16546,1.16546,1.16546,1.16546,0
2026-05-30 14:41:00+00:00,1.16546,1.16546,1.16546,1.16546,0
2026-05-30 14:42:00+00:00,1.16546,1.16546,1.16546,1.16546,0
2026-05-30 14:43:00+00:00,1.16546,1.16546,1.16546,1.16546,0
2026-05-30 14:44:00+00:00,1.16546,1.16546,1.16546,1.16546,0
2026-05-30 14:45:00+00:00,1.16546,1.16546,1.16546,1.16546,0
2026-05-30 14:46:00+00:00,1.16546,1.16546,1.16546,1.16546,0
2026-05-30 14:47:00+00:00,1.16546,1.16546,1.16546,1.16546,0
2026-05-30 14:48:00+00:00,1.16546,1.16546,1.16546,1.16546,0
2026-05-30 14:49:00+00:00,1.16546,1.16546,1.16546,1.16546,0
2026-05-30 14:50:00+00:00,1.16546,1.16546,1.16546,1.16546,0
2026-05-30 14:51:00+00:00,1.16546,1.16546,1.16546,1.16546,0
2026-05-30 14:52:00+00:00,1.16546,1.16546,1.16546,1.16546,0
2026-05-30 14:53:00+00:00,1.16546,1.16546,1.16546,1.16546,0
2026-05-30 14:54:00+00:00,1.16546,1.16546,1.16546,1.16546,0
2026-05-30 14:55:00+00:00,1.16546,1.16546,1.16546,1.16546,0
2026-05-30 14:56:00+00:00,1.16546,1.16546,1.16546,1.16546,0
2026-05-30 14:57:00+00:00,1.16546,1.16546,1.16546,1.16546,0
2026-05-30 14:58:00+00:00,1.16546,1.16546,1.16546,1.16546,0
2026-05-30 14:59:00+00:00,1.16546,1.16546,1.16546,1.16546,0
2026-05-30 15:00:00+00:00,1.16546,1.16546,1.16546,1.16546,0
2026-05-30 15:01:00+00:00,1.16546,1.16546,1.16546,1.16546,0
2026-05-30 15:02:00+00:00,1.16546,1.16546,1.16546,1.16546,0
2026-05-30 15:03:00+00:00,1.16546,1.16546,1.16546,1.16546,0
2026-05-30 15:04:00+00:00,1.16546,1.16546,1.16546,1.16546,0
2026-05-30 15:05:00+00:00,1.16546,1.16546,1.16546,1.16546,0
2026-05-30 15:06:00+00:00,1.16546,1.16546,1.16546,1.16546,0
2026-05-30 15:07:00+00:00,1.16546,1.16546,1.16546,1.16546,0
2026-05-30 15:08:00+00:00,1.16546,1.16546,1.16546,1.16546,0
2026-05-30 15:09:00+00:00,1.16546,1.16546,1.16546,1.16546,0
2026-05-30 15:10:00+00:00,1.16546,1.16546,1.16546,1.16546,0
2026-05-30 15:11:00+00:00,1.16546,1.16546,1.16546,1.16546,0
2026-05-30 15:12:00+00:00,1.16546,1.16546,1.16546,1.16546,0
2026-05-30 15:13:00+00:00,1.16546,1.16546,1.16546,1.16546,0
2026-05-30 15:14:00+00:00,1.16546,1.16546,1.16546,1.16546,0
2026-05-30 15:15:00+00:00,1.16546,1.16546,1.16546,1.16546,0
2026-05-30 15:16:00+00:00,1.16546,1.16546,1.16546,1.16546,0
2026-05-30 15:17:00+00:00,1.16546,1.16546,1.16546,1.16546,0
2026-05-30 15:18:00+00:00,1.16546,1.16546,1.16546,1.16546,0
2026-05-30 15:19:00+00:00,1.16546,1.16546,1.16546,1.16546,0
2026-05-30 15:20:00+00:00,1.16546,1.16546,1.16546,1.16546,0
2026-05-30 15:21:00+00:00,1.16546,1.16546,1.16546,1.16546,0
2026-05-30 15:22:00+00:00,1.16546,1.16546,1.16546,1.16546,0
2026-05-30 15:23:00+00:00,1.16546,1.16546,1.16546,1.16546,0
2026-05-30 15:24:00+00:00,1.16546,1.16546,1.16546,1.16546,0
2026-05-30 15:25:00+00:00,1.16546,1.16546,1.16546,1.16546,0
2026-05-30 15:26:00+00:00,1.16546,1.16546,1.16546,1.16546,0
2026-05-30 15:27:00+00:00,1.16546,1.16546,1.16546,1.16546,0
2026-05-30 15:28:00+00:00,1.16546,1.16546,1.16546,1.16546,0
2026-05-30 15:29:00+00:00,1.16546,1.16546,1.16546,1.16546,0
2026-05-30 15:30:00+00:00,1.16546,1.16546,1.16546,1.16546,0
2026-05-30 15:31:00+00:00,1.16546,1.16546,1.16546,1.16546,0
2026-05-30 15:32:00+00:00,1.16546,1.16546,1.16546,1.16546,0
2026-05-30 15:33:00+00:00,1.16546,1.16546,1.16546,1.16546,0
2026-05-30 15:34:00+00:00,1.16546,1.16546,1.16546,1.16546,0
2026-05-30 15:35:00+00:00,1.16546,1.16546,1.16546,1.16546,0
2026-05-30 15:36:00+00:00,1.16546,1.16546,1.16546,1.16546,0
2026-05-30 15:37:00+00:00,1.16546,1.16546,1.16546,1.16546,0
2026-05-30 15:38:00+00:00,1.16546,1.16546,1.16546,1.16546,0
2026-05-30 15:39:00+00:00,1.16546,1.16546,1.16546,1.16546,0
2026-05-30 15:40:00+00:00,1.16546,1.16546,1.16546,1.16546,0
2026-05-30 15:41:00+00:00,1.16546,1.16546,1.16546,1.16546,0
2026-05-30 15:42:00+00:00,1.16546,1.16546,1.16546,1.16546,0
2026-05-30 15:43:00+00:00,1.16546,1.16546,1.16546,1.16546,0
2026-05-30 15:44:00+00:00,1.16546,1.16546,1.16546,1.16546,0
2026-05-30 15:45:00+00:00,1.16546,1.16546,1.16546,1.16546,0
2026-05-30 15:46:00+00:00,1.16546,1.16546,1.16546,1.16546,0
2026-05-30 15:47:00+00:00,1.16546,1.16546,1.16546,1.16546,0
2026-05-30 15:48:00+00:00,1.16546,1.16546,1.16546,1.16546,0
2026-05-30 15:49:00+00:00,1.16546,1.16546,1.16546,1.16546,0
2026-05-30 15:50:00+00:00,1.16546,1.16546,1.16546,1.16546,0
2026-05-30 15:51:00+00:00,1.16546,1.16546,1.16546,1.16546,0
2026-05-30 15:52:00+00:00,1.16546,1.16546,1.16546,1.16546,0
2026-05-30 15:53:00+00:00,1.16546,1.16546,1.16546,1.16546,0
2026-05-30 15:54:00+00:00,1.16546,1.16546,1.16546,1.16546,0
2026-05-30 15:55:00+00:00,1.16546,1.16546,1.16546,1.16546,0
2026-05-30 15:56:00+00:00,1.16546,1.16546,1.16546,1.16546,0
2026-05-30 15:57:00+00:00,1.16546,1.16546,1.16546,1.16546,0
2026-05-30 15:58:00+00:00,1.16546,1.16546,1.16546,1.16546,0
2026-05-30 15:59:00+00:00,1.16546,1.16546,1.16546,1.16546,0
2026-05-30 16:00:00+00:00,1.16546,1.16546,1.16546,1.16546,0
2026-05-30 16:01:00+00:00,1.16546,1.16546,1.16546,1.16546,0
2026-05-30 16:02:00+00:00,1.16546,1.16546,1.16546,1.16546,0
2026-05-30 16:03:00+00:00,1.16546,1.16546,1.16546,1.16546,0
2026-05-30 16:04:00+00:00,1.16546,1.16546,1.16546,1.16546,0
2026-05-30 16:05:00+00:00,1.16546,1.16546,1.16546,1.16546,0
2026-05-30 16:06:00+00:00,1.16546,1.16546,1.16546,1.16546,0
2026-05-30 16:07:00+00:00,1.16546,1.16546,1.16546,1.16546,0
2026-05-30 16:08:00+00:00,1.16546,1.16546,1.16546,1.16546,0
2026-05-30 16:09:00+00:00,1.16546,1.16546,1.16546,1.16546,0
2026-05-30 16:10:00+00:00,1.16546,1.16546,1.16546,1.16546,0
2026-05-30 16:11:00+00:00,1.16546,1.16546,1.16546,1.16546,0
2026-05-30 16:12:00+00:00,1.16546,1.16546,1.16546,1.16546,0
2026-05-30 16:13:00+00:00,1.16546,1.16546,1.16546,1.16546,0
2026-05-30 16:14:00+00:00,1.16546,1.16546,1.16546,1.16546,0
2026-05-30 16:15:00+00:00,1.16546,1.16546,1.16546,1.16546,0
2026-05-30 16:16:00+00:00,1.16546,1.16546,1.16546,1.16546,0
2026-05-30 16:17:00+00:00,1.16546,1.16546,1.16546,1.16546,0
2026-05-30 16:18:00+00:00,1.16546,1.16546,1.16546,1.16546,0
2026-05-30 16:19:00+00:00,1.16546,1.16546,1.16546,1.16546,0
2026-05-30 16:20:00+00:00,1.16546,1.16546,1.16546,1.16546,0
2026-05-30 16:21:00+00:00,1.16546,1.16546,1.16546,1.16546,0
2026-05-30 16:22:00+00:00,1.16546,1.16546,1.16546,1.16546,0
2026-05-30 16:23:00+00:00,1.16546,1.16546,1.16546,1.16546,0
2026-05-30 16:24:00+00:00,1.16546,1.16546,1.16546,1.16546,0
2026-05-30 16:25:00+00:00,1.16546,1.16546,1.16546,1.16546,0
2026-05-30 16:26:00+00:00,1.16546,1.16546,1.16546,1.16546,0
2026-05-30 16:27:00+00:00,1.16546,1.16546,1.16546,1.16546,0
2026-05-30 16:28:00+00:00,1.16546,1.16546,1.16546,1.16546,0
2026-05-30 16:29:00+00:00,1.16546,1.16546,1.16546,1.16546,0
2026-05-30 16:30:00+00:00,1.16546,1.16546,1.16546,1.16546,0
2026-05-30 16:31:00+00:00,1.16546,1.16546,1.16546,1.16546,0
2026-05-30 16:32:00+00:00,1.16546,1.16546,1.16546,1.16546,0
2026-05-30 16:33:00+00:00,1.16546,1.16546,1.16546,1.16546,0
2026-05-30 16:34:00+00:00,1.16546,1.16546,1.16546,1.16546,0
2026-05-30 16:35:00+00:00,1.16546,1.16546,1.16546,1.16546,0
2026-05-30 16:36:00+00:00,1.16546,1.16546,1.16546,1.16546,0
2026-05-30 16:37:00+00:00,1.16546,1.16546,1.16546,1.16546,0
2026-05-30 16:38:00+00:00,1.16546,1.16546,1.16546,1.16546,0
2026-05-30 16:39:00+00:00,1.16546,1.16546,1.16546,1.16546,0
2026-05-30 16:40:00+00:00,1.16546,1.16546,1.16546,1.16546,0
2026-05-30 16:41:00+00:00,1.16546,1.16546,1.16546,1.16546,0
2026-05-30 16:42:00+00:00,1.16546,1.16546,1.16546,1.16546,0
2026-05-30 16:43:00+00:00,1.16546,1.16546,1.16546,1.16546,0
2026-05-30 16:44:00+00:00,1.16546,1.16546,1.16546,1.16546,0
2026-05-30 16:45:00+00:00,1.16546,1.16546,1.16546,1.16546,0
2026-05-30 16:46:00+00:00,1.16546,1.16546,1.16546,1.16546,0
2026-05-30 16:47:00+00:00,1.16546,1.16546,1.16546,1.16546,0
2026-05-30 16:48:00+00:00,1.16546,1.16546,1.16546,1.16546,0
2026-05-30 16:49:00+00:00,1.16546,1.16546,1.16546,1.16546,0
2026-05-30 16:50:00+00:00,1.16546,1.16546,1.16546,1.16546,0
2026-05-30 16:51:00+00:00,1.16546,1.16546,1.16546,1.16546,0
2026-05-30 16:52:00+00:00,1.16546,1.16546,1.16546,1.16546,0
2026-05-30 16:53:00+00:00,1.16546,1.16546,1.16546,1.16546,0
2026-05-30 16:54:00+00:00,1.16546,1.16546,1.16546,1.16546,0
2026-05-30 16:55:00+00:00,1.16546,1.16546,1.16546,1.16546,0
2026-05-30 16:56:00+00:00,1.16546,1.16546,1.16546,1.16546,0
2026-05-30 16:57:00+00:00,1.16546,1.16546,1.16546,1.16546,0
2026-05-30 16:58:00+00:00,1.16546,1.16546,1.16546,1.16546,0
2026-05-30 16:59:00+00:00,1.16546,1.16546,1.16546,1.16546,0
2026-05-30 17:00:00+00:00,1.16546,1.16546,1.16546,1.16546,0
2026-05-30 17:01:00+00:00,1.16546,1.16546,1.16546,1.16546,0
2026-05-30 17:02:00+00:00,1.16546,1.16546,1.16546,1.16546,0
2026-05-30 17:03:00+00:00,1.16546,1.16546,1.16546,1.16546,0
2026-05-30 17:04:00+00:00,1.16546,1.16546,1.16546,1.16546,0
2026-05-30 17:05:00+00:00,1.16546,1.16546,1.16546,1.16546,0
2026-05-30 17:06:00+00:00,1.16546,1.16546,1.16546,1.16546,0
2026-05-30 17:07:00+00:00,1.16546,1.16546,1.16546,1.16546,0
2026-05-30 17:08:00+00:00,1.16546,1.16546,1.16546,1.16546,0
2026-05-30 17:09:00+00:00,1.16546,1.16546,1.16546,1.16546,0
2026-05-30 17:10:00+00:00,1.16546,1.16546,1.16546,1.16546,0
2026-05-30 17:11:00+00:00,1.16546,1.16546,1.16546,1.16546,0
2026-05-30 17:12:00+00:00,1.16546,1.16546,1.16546,1.16546,0
2026-05-30 17:13:00+00:00,1.16546,1.16546,1.16546,1.16546,0
2026-05-30 17:14:00+00:00,1.16546,1.16546,1.16546,1.16546,0
2026-05-30 17:15:00+00:00,1.16546,1.16546,1.16546,1.16546,0
2026-05-30 17:16:00+00:00,1.16546,1.16546,1.16546,1.16546,0
2026-05-30 17:17:00+00:00,1.16546,1.16546,1.16546,1.16546,0
2026-05-30 17:18:00+00:00,1.16546,1.16546,1.16546,1.16546,0
2026-05-30 17:19:00+00:00,1.16546,1.16546,1.16546,1.16546,0
2026-05-30 17:20:00+00:00,1.16546,1.16546,1.16546,1.16546,0
2026-05-30 17:21:00+00:00,1.16546,1.16546,1.16546,1.16546,0
2026-05-30 17:22:00+00:00,1.16546,1.16546,1.16546,1.16546,0
2026-05-30 17:23:00+00:00,1.16546,1.16546,1.16546,1.16546,0
2026-05-30 17:24:00+00:00,1.16546,1.16546,1.16546,1.16546,0
2026-05-30 17:25:00+00:00,1.16546,1.16546,1.16546,1.16546,0
2026-05-30 17:26:00+00:00,1.16546,1.16546,1.16546,1.16546,0
2026-05-30 17:27:00+00:00,1.16546,1.16546,1.16546,1.16546,0
2026-05-30 17:28:00+00:00,1.16546,1.16546,1.16546,1.16546,0
2026-05-30 17:29:00+00:00,1.16546,1.16546,1.16546,1.16546,0
2026-05-30 17:30:00+00:00,1.16546,1.16546,1.16546,1.16546,0
2026-05-30 17:31:00+00:00,1.16546,1.16546,1.16546,1.16546,0
2026-05-30 17:32:00+00:00,1.16546,1.16546,1.16546,1.16546,0
2026-05-30 17:33:00+00:00,1.16546,1.16546,1.16546,1.16546,0
2026-05-30 17:34:00+00:00,1.16546,1.16546,1.16546,1.16546,0
2026-05-30 17:35:00+00:00,1.16546,1.16546,1.16546,1.16546,0
2026-05-30 17:36:00+00:00,1.16546,1.16546,1.16546,1.16546,0
2026-05-30 17:37:00+00:00,1.16546,1.16546,1.16546,1.16546,0
2026-05-30 17:38:00+00:00,1.16546,1.16546,1.16546,1.16546,0
2026-05-30 17:39:00+00:00,1.16546,1.16546,1.16546,1.16546,0
2026-05-30 17:40:00+00:00,1.16546,1.16546,1.16546,1.16546,0
2026-05-30 17:41:00+00:00,1.16546,1.16546,1.16546,1.16546,0
2026-05-30 17:42:00+00:00,1.16546,1.16546,1.16546,1.16546,0
2026-05-30 17:43:00+00:00,1.16546,1.16546,1.16546,1.16546,0
2026-05-30 17:44:00+00:00,1.16546,1.16546,1.16546,1.16546,0
2026-05-30 17:45:00+00:00,1.16546,1.16546,1.16546,1.16546,0
2026-05-30 17:46:00+00:00,1.16546,1.16546,1.16546,1.16546,0
2026-05-30 17:47:00+00:00,1.16546,1.16546,1.16546,1.16546,0
2026-05-30 17:48:00+00:00,1.16546,1.16546,1.16546,1.16546,0
2026-05-30 17:49:00+00:00,1.16546,1.16546,1.16546,1.16546,0
2026-05-30 17:50:00+00:00,1.16546,1.16546,1.16546,1.16546,0
2026-05-30 17:51:00+00:00,1.16546,1.16546,1.16546,1.16546,0
2026-05-30 17:52:00+00:00,1.16546,1.16546,1.16546,1.16546,0
2026-05-30 17:53:00+00:00,1.16546,1.16546,1.16546,1.16546,0
2026-05-30 17:54:00+00:00,1.16546,1.16546,1.16546,1.16546,0
2026-05-30 17:55:00+00:00,1.16546,1.16546,1.16546,1.16546,0
2026-05-30 17:56:00+00:00,1.16546,1.16546,1.16546,1.16546,0
2026-05-30 17:57:00+00:00,1.16546,1.16546,1.16546,1.16546,0
2026-05-30 17:58:00+00:00,1.16546,1.16546,1.16546,1.16546,0
2026-05-30 17:59:00+00:00,1.16546,1.16546,1.16546,1.16546,0
2026-05-30 18:00:00+00:00,1.16546,1.16546,1.16546,1.16546,0
2026-05-30 18:01:00+00:00,1.16546,1.16546,1.16546,1.16546,0
2026-05-30 18:02:00+00:00,1.16546,1.16546,1.16546,1.16546,0
2026-05-30 18:03:00+00:00,1.16546,1.16546,1.16546,1.16546,0
2026-05-30 18:04:00+00:00,1.16546,1.16546,1.16546,1.16546,0
2026-05-30 18:05:00+00:00,1.16546,1.16546,1.16546,1.16546,0
2026-05-30 18:06:00+00:00,1.16546,1.16546,1.16546,1.16546,0
2026-05-30 18:07:00+00:00,1.16546,1.16546,1.16546,1.16546,0
2026-05-30 18:08:00+00:00,1.16546,1.16546,1.16546,1.16546,0
2026-05-30 18:09:00+00:00,1.16546,1.16546,1.16546,1.16546,0
2026-05-30 18:10:00+00:00,1.16546,1.16546,1.16546,1.16546,0
2026-05-30 18:11:00+00:00,1.16546,1.16546,1.16546,1.16546,0
2026-05-30 18:12:00+00:00,1.16546,1.16546,1.16546,1.16546,0
2026-05-30 18:13:00+00:00,1.16546,1.16546,1.16546,1.16546,0
2026-05-30 18:14:00+00:00,1.16546,1.16546,1.16546,1.16546,0
2026-05-30 18:15:00+00:00,1.16546,1.16546,1.16546,1.16546,0
2026-05-30 18:16:00+00:00,1.16546,1.16546,1.16546,1.16546,0
2026-05-30 18:17:00+00:00,1.16546,1.16546,1.16546,1.16546,0
2026-05-30 18:18:00+00:00,1.16546,1.16546,1.16546,1.16546,0
2026-05-30 18:19:00+00:00,1.16546,1.16546,1.16546,1.16546,0
2026-05-30 18:20:00+00:00,1.16546,1.16546,1.16546,1.16546,0
2026-05-30 18:21:00+00:00,1.16546,1.16546,1.16546,1.16546,0
2026-05-30 18:22:00+00:00,1.16546,1.16546,1.16546,1.16546,0
2026-05-30 18:23:00+00:00,1.16546,1.16546,1.16546,1.16546,0
2026-05-30 18:24:00+00:00,1.16546,1.16546,1.16546,1.16546,0
2026-05-30 18:25:00+00:00,1.16546,1.16546,1.16546,1.16546,0
2026-05-30 18:26:00+00:00,1.16546,1.16546,1.16546,1.16546,0
2026-05-30 18:27:00+00:00,1.16546,1.16546,1.16546,1.16546,0
2026-05-30 18:28:00+00:00,1.16546,1.16546,1.16546,1.16546,0
2026-05-30 18:29:00+00:00,1.16546,1.16546,1.16546,1.16546,0
2026-05-30 18:30:00+00:00,1.16546,1.16546,1.16546,1.16546,0
2026-05-30 18:31:00+00:00,1.16546,1.16546,1.16546,1.16546,0
2026-05-30 18:32:00+00:00,1.16546,1.16546,1.16546,1.16546,0
2026-05-30 18:33:00+00:00,1.16546,1.16546,1.16546,1.16546,0
2026-05-30 18:34:00+00:00,1.16546,1.16546,1.16546,1.16546,0
2026-05-30 18:35:00+00:00,1.16546,1.16546,1.16546,1.16546,0
2026-05-30 18:36:00+00:00,1.16546,1.16546,1.16546,1.16546,0
2026-05-30 18:37:00+00:00,1.16546,1.16546,1.16546,1.16546,0
2026-05-30 18:38:00+00:00,1.16546,1.16546,1.16546,1.16546,0
2026-05-30 18:39:00+00:00,1.16546,1.16546,1.16546,1.16546,0
2026-05-30 18:40:00+00:00,1.16546,1.16546,1.16546,1.16546,0
2026-05-30 18:41:00+00:00,1.16546,1.16546,1.16546,1.16546,0
2026-05-30 18:42:00+00:00,1.16546,1.16546,1.16546,1.16546,0
2026-05-30 18:43:00+00:00,1.16546,1.16546,1.16546,1.16546,0
2026-05-30 18:44:00+00:00,1.16546,1.16546,1.16546,1.16546,0
2026-05-30 18:45:00+00:00,1.16546,1.16546,1.16546,1.16546,0
2026-05-30 18:46:00+00:00,1.16546,1.16546,1.16546,1.16546,0
2026-05-30 18:47:00+00:00,1.16546,1.16546,1.16546,1.16546,0
2026-05-30 18:48:00+00:00,1.16546,1.16546,1.16546,1.16546,0
2026-05-30 18:49:00+00:00,1.16546,1.16546,1.16546,1.16546,0
2026-05-30 18:50:00+00:00,1.16546,1.16546,1.16546,1.16546,0
2026-05-30 18:51:00+00:00,1.16546,1.16546,1.16546,1.16546,0
2026-05-30 18:52:00+00:00,1.16546,1.16546,1.16546,1.16546,0
2026-05-30 18:53:00+00:00,1.16546,1.16546,1.16546,1.16546,0
2026-05-30 18:54:00+00:00,1.16546,1.16546,1.16546,1.16546,0
2026-05-30 18:55:00+00:00,1.16546,1.16546,1.16546,1.16546,0
2026-05-30 18:56:00+00:00,1.16546,1.16546,1.16546,1.16546,0
2026-05-30 18:57:00+00:00,1.16546,1.16546,1.16546,1.16546,0
2026-05-30 18:58:00+00:00,1.16546,1.16546,1.16546,1.16546,0
2026-05-30 18:59:00+00:00,1.16546,1.16546,1.16546,1.16546,0
2026-05-30 19:00:00+00:00,1.16546,1.16546,1.16546,1.16546,0
2026-05-30 19:01:00+00:00,1.16546,1.16546,1.16546,1.16546,0
2026-05-30 19:02:00+00:00,1.16546,1.16546,1.16546,1.16546,0
2026-05-30 19:03:00+00:00,1.16546,1.16546,1.16546,1.16546,0
2026-05-30 19:04:00+00:00,1.16546,1.16546,1.16546,1.16546,0
2026-05-30 19:05:00+00:00,1.16546,1.16546,1.16546,1.16546,0
2026-05-30 19:06:00+00:00,1.16546,1.16546,1.16546,1.16546,0
2026-05-30 19:07:00+00:00,1.16546,1.16546,1.16546,1.16546,0
2026-05-30 19:08:00+00:00,1.16546,1.16546,1.16546,1.16546,0
2026-05-30 19:09:00+00:00,1.16546,1.16546,1.16546,1.16546,0
2026-05-30 19:10:00+00:00,1.16546,1.16546,1.16546,1.16546,0
2026-05-30 19:11:00+00:00,1.16546,1.16546,1.16546,1.16546,0
2026-05-30 19:12:00+00:00,1.16546,1.16546,1.16546,1.16546,0
2026-05-30 19:13:00+00:00,1.16546,1.16546,1.16546,1.16546,0
2026-05-30 19:14:00+00:00,1.16546,1.16546,1.16546,1.16546,0
2026-05-30 19:15:00+00:00,1.16546,1.16546,1.16546,1.16546,0
2026-05-30 19:16:00+00:00,1.16546,1.16546,1.16546,1.16546,0
2026-05-30 19:17:00+00:00,1.16546,1.16546,1.16546,1.16546,0
2026-05-30 19:18:00+00:00,1.16546,1.16546,1.16546,1.16546,0
2026-05-30 19:19:00+00:00,1.16546,1.16546,1.16546,1.16546,0
2026-05-30 19:20:00+00:00,1.16546,1.16546,1.16546,1.16546,0
2026-05-30 19:21:00+00:00,1.16546,1.16546,1.16546,1.16546,0
2026-05-30 19:22:00+00:00,1.16546,1.16546,1.16546,1.16546,0
2026-05-30 19:23:00+00:00,1.16546,1.16546,1.16546,1.16546,0
2026-05-30 19:24:00+00:00,1.16546,1.16546,1.16546,1.16546,0
2026-05-30 19:25:00+00:00,1.16546,1.16546,1.16546,1.16546,0
2026-05-30 19:26:00+00:00,1.16546,1.16546,1.16546,1.16546,0
2026-05-30 19:27:00+00:00,1.16546,1.16546,1.16546,1.16546,0
2026-05-30 19:28:00+00:00,1.16546,1.16546,1.16546,1.16546,0
2026-05-30 19:29:00+00:00,1.16546,1.16546,1.16546,1.16546,0
2026-05-30 19:30:00+00:00,1.16546,1.16546,1.16546,1.16546,0
2026-05-30 19:31:00+00:00,1.16546,1.16546,1.16546,1.16546,0
2026-05-30 19:32:00+00:00,1.16546,1.16546,1.16546,1.16546,0
2026-05-30 19:33:00+00:00,1.16546,1.16546,1.16546,1.16546,0
2026-05-30 19:34:00+00:00,1.16546,1.16546,1.16546,1.16546,0
2026-05-30 19:35:00+00:00,1.16546,1.16546,1.16546,1.16546,0
2026-05-30 19:36:00+00:00,1.16546,1.16546,1.16546,1.16546,0
2026-05-30 19:37:00+00:00,1.16546,1.16546,1.16546,1.16546,0
2026-05-30 19:38:00+00:00,1.16546,1.16546,1.16546,1.16546,0
2026-05-30 19:39:00+00:00,1.16546,1.16546,1.16546,1.16546,0
2026-05-30 19:40:00+00:00,1.16546,1.16546,1.16546,1.16546,0
2026-05-30 19:41:00+00:00,1.16546,1.16546,1.16546,1.16546,0
2026-05-30 19:42:00+00:00,1.16546,1.16546,1.16546,1.16546,0
2026-05-30 19:43:00+00:00,1.16546,1.16546,1.16546,1.16546,0
2026-05-30 19:44:00+00:00,1.16546,1.16546,1.16546,1.16546,0
2026-05-30 19:45:00+00:00,1.16546,1.16546,1.16546,1.16546,0
2026-05-30 19:46:00+00:00,1.16546,1.16546,1.16546,1.16546,0
2026-05-30 19:47:00+00:00,1.16546,1.16546,1.16546,1.16546,0
2026-05-30 19:48:00+00:00,1.16546,1.16546,1.16546,1.16546,0
2026-05-30 19:49:00+00:00,1.16546,1.16546,1.16546,1.16546,0
2026-05-30 19:50:00+00:00,1.16546,1.16546,1.16546,1.16546,0
2026-05-30 19:51:00+00:00,1.16546,1.16546,1.16546,1.16546,0
2026-05-30 19:52:00+00:00,1.16546,1.16546,1.16546,1.16546,0
2026-05-30 19:53:00+00:00,1.16546,1.16546,1.16546,1.16546,0
2026-05-30 19:54:00+00:00,1.16546,1.16546,1.16546,1.16546,0
2026-05-30 19:55:00+00:00,1.16546,1.16546,1.16546,1.16546,0
2026-05-30 19:56:00+00:00,1.16546,1.16546,1.16546,1.16546,0
2026-05-30 19:57:00+00:00,1.16546,1.16546,1.16546,1.16546,0
2026-05-30 19:58:00+00:00,1.16546,1.16546,1.16546,1.16546,0
2026-05-30 19:59:00+00:00,1.16546,1.16546,1.16546,1.16546,0
2026-05-30 20:00:00+00:00,1.16546,1.16546,1.16546,1.16546,0
2026-05-30 20:01:00+00:00,1.16546,1.16546,1.16546,1.16546,0
2026-05-30 20:02:00+00:00,1.16546,1.16546,1.16546,1.16546,0
2026-05-30 20:03:00+00:00,1.16546,1.16546,1.16546,1.16546,0
2026-05-30 20:04:00+00:00,1.16546,1.16546,1.16546,1.16546,0
2026-05-30 20:05:00+00:00,1.16546,1.16546,1.16546,1.16546,0
2026-05-30 20:06:00+00:00,1.16546,1.16546,1.16546,1.16546,0
2026-05-30 20:07:00+00:00,1.16546,1.16546,1.16546,1.16546,0
2026-05-30 20:08:00+00:00,1.16546,1.16546,1.16546,1.16546,0
2026-05-30 20:09:00+00:00,1.16546,1.16546,1.16546,1.16546,0
2026-05-30 20:10:00+00:00,1.16546,1.16546,1.16546,1.16546,0
2026-05-30 20:11:00+00:00,1.16546,1.16546,1.16546,1.16546,0
2026-05-30 20:12:00+00:00,1.16546,1.16546,1.16546,1.16546,0
2026-05-30 20:13:00+00:00,1.16546,1.16546,1.16546,1.16546,0
2026-05-30 20:14:00+00:00,1.16546,1.16546,1.16546,1.16546,0
2026-05-30 20:15:00+00:00,1.16546,1.16546,1.16546,1.16546,0
2026-05-30 20:16:00+00:00,1.16546,1.16546,1.16546,1.16546,0
2026-05-30 20:17:00+00:00,1.16546,1.16546,1.16546,1.16546,0
2026-05-30 20:18:00+00:00,1.16546,1.16546,1.16546,1.16546,0
2026-05-30 20:19:00+00:00,1.16546,1.16546,1.16546,1.16546,0
2026-05-30 20:20:00+00:00,1.16546,1.16546,1.16546,1.16546,0
2026-05-30 20:21:00+00:00,1.16546,1.16546,1.16546,1.16546,0
2026-05-30 20:22:00+00:00,1.16546,1.16546,1.16546,1.16546,0
2026-05-30 20:23:00+00:00,1.16546,1.16546,1.16546,1.16546,0
2026-05-30 20:24:00+00:00,1.16546,1.16546,1.16546,1.16546,0
2026-05-30 20:25:00+00:00,1.16546,1.16546,1.16546,1.16546,0
2026-05-30 20:26:00+00:00,1.16546,1.16546,1.16546,1.16546,0
2026-05-30 20:27:00+00:00,1.16546,1.16546,1.16546,1.16546,0
2026-05-30 20:28:00+00:00,1.16546,1.16546,1.16546,1.16546,0
2026-05-30 20:29:00+00:00,1.16546,1.16546,1.16546,1.16546,0
2026-05-30 20:30:00+00:00,1.16546,1.16546,1.16546,1.16546,0
2026-05-30 20:31:00+00:00,1.16546,1.16546,1.16546,1.16546,0
2026-05-30 20:32:00+00:00,1.16546,1.16546,1.16546,1.16546,0
2026-05-30 20:33:00+00:00,1.16546,1.16546,1.16546,1.16546,0
2026-05-30 20:34:00+00:00,1.16546,1.16546,1.16546,1.16546,0
2026-05-30 20:35:00+00:00,1.16546,1.16546,1.16546,1.16546,0
2026-05-30 20:36:00+00:00,1.16546,1.16546,1.16546,1.16546,0
2026-05-30 20:37:00+00:00,1.16546,1.16546,1.16546,1.16546,0
2026-05-30 20:38:00+00:00,1.16546,1.16546,1.16546,1.16546,0
2026-05-30 20:39:00+00:00,1.16546,1.16546,1.16546,1.16546,0
2026-05-30 20:40:00+00:00,1.16546,1.16546,1.16546,1.16546,0
2026-05-30 20:41:00+00:00,1.16546,1.16546,1.16546,1.16546,0
2026-05-30 20:42:00+00:00,1.16546,1.16546,1.16546,1.16546,0
2026-05-30 20:43:00+00:00,1.16546,1.16546,1.16546,1.16546,0
2026-05-30 20:44:00+00:00,1.16546,1.16546,1.16546,1.16546,0
2026-05-30 20:45:00+00:00,1.16546,1.16546,1.16546,1.16546,0
2026-05-30 20:46:00+00:00,1.16546,1.16546,1.16546,1.16546,0
2026-05-30 20:47:00+00:00,1.16546,1.16546,1.16546,1.16546,0
2026-05-30 20:48:00+00:00,1.16546,1.16546,1.16546,1.16546,0
2026-05-30 20:49:00+00:00,1.16546,1.16546,1.16546,1.16546,0
2026-05-30 20:50:00+00:00,1.16546,1.16546,1.16546,1.16546,0
2026-05-30 20:51:00+00:00,1.16546,1.16546,1.16546,1.16546,0
2026-05-30 20:52:00+00:00,1.16546,1.16546,1.16546,1.16546,0
2026-05-30 20:53:00+00:00,1.16546,1.16546,1.16546,1.16546,0
2026-05-30 20:54:00+00:00,1.16546,1.16546,1.16546,1.16546,0
2026-05-30 20:55:00+00:00,1.16546,1.16546,1.16546,1.16546,0
2026-05-30 20:56:00+00:00,1.16546,1.16546,1.16546,1.16546,0
2026-05-30 20:57:00+00:00,1.16546,1.16546,1.16546,1.16546,0
2026-05-30 20:58:00+00:00,1.16546,1.16546,1.16546,1.16546,0
2026-05-30 20:59:00+00:00,1.16546,1.16546,1.16546,1.16546,0
2026-05-30 21:00:00+00:00,1.16546,1.16546,1.16546,1.16546,0
2026-05-30 21:01:00+00:00,1.16546,1.16546,1.16546,1.16546,0
2026-05-30 21:02:00+00:00,1.16546,1.16546,1.16546,1.16546,0
2026-05-30 21:03:00+00:00,1.16546,1.16546,1.16546,1.16546,0
2026-05-30 21:04:00+00:00,1.16546,1.16546,1.16546,1.16546,0
2026-05-30 21:05:00+00:00,1.16546,1.16546,1.16546,1.16546,0
2026-05-30 21:06:00+00:00,1.16546,1.16546,1.16546,1.16546,0
2026-05-30 21:07:00+00:00,1.16546,1.16546,1.16546,1.16546,0
2026-05-30 21:08:00+00:00,1.16546,1.16546,1.16546,1.16546,0
2026-05-30 21:09:00+00:00,1.16546,1.16546,1.16546,1.16546,0
2026-05-30 21:10:00+00:00,1.16546,1.16546,1.16546,1.16546,0
2026-05-30 21:11:00+00:00,1.16546,1.16546,1.16546,1.16546,0
2026-05-30 21:12:00+00:00,1.16546,1.16546,1.16546,1.16546,0
2026-05-30 21:13:00+00:00,1.16546,1.16546,1.16546,1.16546,0
2026-05-30 21:14:00+00:00,1.16546,1.16546,1.16546,1.16546,0
2026-05-30 21:15:00+00:00,1.16546,1.16546,1.16546,1.16546,0
2026-05-30 21:16:00+00:00,1.16546,1.16546,1.16546,1.16546,0
2026-05-30 21:17:00+00:00,1.16546,1.16546,1.16546,1.16546,0
2026-05-30 21:18:00+00:00,1.16546,1.16546,1.16546,1.16546,0
2026-05-30 21:19:00+00:00,1.16546,1.16546,1.16546,1.16546,0
2026-05-30 21:20:00+00:00,1.16546,1.16546,1.16546,1.16546,0
2026-05-30 21:21:00+00:00,1.16546,1.16546,1.16546,1.16546,0
2026-05-30 21:22:00+00:00,1.16546,1.16546,1.16546,1.16546,0
2026-05-30 21:23:00+00:00,1.16546,1.16546,1.16546,1.16546,0
2026-05-30 21:24:00+00:00,1.16546,1.16546,1.16546,1.16546,0
2026-05-30 21:25:00+00:00,1.16546,1.16546,1.16546,1.16546,0
2026-05-30 21:26:00+00:00,1.16546,1.16546,1.16546,1.16546,0
2026-05-30 21:27:00+00:00,1.16546,1.16546,1.16546,1.16546,0
2026-05-30 21:28:00+00:00,1.16546,1.16546,1.16546,1.16546,0
2026-05-30 21:29:00+00:00,1.16546,1.16546,1.16546,1.16546,0
2026-05-30 21:30:00+00:00,1.16546,1.16546,1.16546,1.16546,0
2026-05-30 21:31:00+00:00,1.16546,1.16546,1.16546,1.16546,0
2026-05-30 21:32:00+00:00,1.16546,1.16546,1.16546,1.16546,0
2026-05-30 21:33:00+00:00,1.16546,1.16546,1.16546,1.16546,0
2026-05-30 21:34:00+00:00,1.16546,1.16546,1.16546,1.16546,0
2026-05-30 21:35:00+00:00,1.16546,1.16546,1.16546,1.16546,0
2026-05-30 21:36:00+00:00,1.16546,1.16546,1.16546,1.16546,0
2026-05-30 21:37:00+00:00,1.16546,1.16546,1.16546,1.16546,0
2026-05-30 21:38:00+00:00,1.16546,1.16546,1.16546,1.16546,0
2026-05-30 21:39:00+00:00,1.16546,1.16546,1.16546,1.16546,0
2026-05-30 21:40:00+00:00,1.16546,1.16546,1.16546,1.16546,0
2026-05-30 21:41:00+00:00,1.16546,1.16546,1.16546,1.16546,0
2026-05-30 21:42:00+00:00,1.16546,1.16546,1.16546,1.16546,0
2026-05-30 21:43:00+00:00,1.16546,1.16546,1.16546,1.16546,0
2026-05-30 21:44:00+00:00,1.16546,1.16546,1.16546,1.16546,0
2026-05-30 21:45:00+00:00,1.16546,1.16546,1.16546,1.16546,0
2026-05-30 21:46:00+00:00,1.16546,1.16546,1.16546,1.16546,0
2026-05-30 21:47:00+00:00,1.16546,1.16546,1.16546,1.16546,0
2026-05-30 21:48:00+00:00,1.16546,1.16546,1.16546,1.16546,0
2026-05-30 21:49:00+00:00,1.16546,1.16546,1.16546,1.16546,0
2026-05-30 21:50:00+00:00,1.16546,1.16546,1.16546,1.16546,0
2026-05-30 21:51:00+00:00,1.16546,1.16546,1.16546,1.16546,0
2026-05-30 21:52:00+00:00,1.16546,1.16546,1.16546,1.16546,0
2026-05-30 21:53:00+00:00,1.16546,1.16546,1.16546,1.16546,0
2026-05-30 21:54:00+00:00,1.16546,1.16546,1.16546,1.16546,0
2026-05-30 21:55:00+00:00,1.16546,1.16546,1.16546,1.16546,0
2026-05-30 21:56:00+00:00,1.16546,1.16546,1.16546,1.16546,0
2026-05-30 21:57:00+00:00,1.16546,1.16546,1.16546,1.16546,0
2026-05-30 21:58:00+00:00,1.16546,1.16546,1.16546,1.16546,0
2026-05-30 21:59:00+00:00,1.16546,1.16546,1.16546,1.16546,0
2026-05-30 22:00:00+00:00,1.16546,1.16546,1.16546,1.16546,0
2026-05-30 22:01:00+00:00,1.16546,1.16546,1.16546,1.16546,0
2026-05-30 22:02:00+00:00,1.16546,1.16546,1.16546,1.16546,0
2026-05-30 22:03:00+00:00,1.16546,1.16546,1.16546,1.16546,0
2026-05-30 22:04:00+00:00,1.16546,1.16546,1.16546,1.16546,0
2026-05-30 22:05:00+00:00,1.16546,1.16546,1.16546,1.16546,0
2026-05-30 22:06:00+00:00,1.16546,1.16546,1.16546,1.16546,0
2026-05-30 22:07:00+00:00,1.16546,1.16546,1.16546,1.16546,0
2026-05-30 22:08:00+00:00,1.16546,1.16546,1.16546,1.16546,0
2026-05-30 22:09:00+00:00,1.16546,1.16546,1.16546,1.16546,0
2026-05-30 22:10:00+00:00,1.16546,1.16546,1.16546,1.16546,0
2026-05-30 22:11:00+00:00,1.16546,1.16546,1.16546,1.16546,0
2026-05-30 22:12:00+00:00,1.16546,1.16546,1.16546,1.16546,0
2026-05-30 22:13:00+00:00,1.16546,1.16546,1.16546,1.16546,0
2026-05-30 22:14:00+00:00,1.16546,1.16546,1.16546,1.16546,0
2026-05-30 22:15:00+00:00,1.16546,1.16546,1.16546,1.16546,0
2026-05-30 22:16:00+00:00,1.16546,1.16546,1.16546,1.16546,0
2026-05-30 22:17:00+00:00,1.16546,1.16546,1.16546,1.16546,0
2026-05-30 22:18:00+00:00,1.16546,1.16546,1.16546,1.16546,0
2026-05-30 22:19:00+00:00,1.16546,1.16546,1.16546,1.16546,0
2026-05-30 22:20:00+00:00,1.16546,1.16546,1.16546,1.16546,0
2026-05-30 22:21:00+00:00,1.16546,1.16546,1.16546,1.16546,0
2026-05-30 22:22:00+00:00,1.16546,1.16546,1.16546,1.16546,0
2026-05-30 22:23:00+00:00,1.16546,1.16546,1.16546,1.16546,0
2026-05-30 22:24:00+00:00,1.16546,1.16546,1.16546,1.16546,0
2026-05-30 22:25:00+00:00,1.16546,1.16546,1.16546,1.16546,0
2026-05-30 22:26:00+00:00,1.16546,1.16546,1.16546,1.16546,0
2026-05-30 22:27:00+00:00,1.16546,1.16546,1.16546,1.16546,0
2026-05-30 22:28:00+00:00,1.16546,1.16546,1.16546,1.16546,0
2026-05-30 22:29:00+00:00,1.16546,1.16546,1.16546,1.16546,0
2026-05-30 22:30:00+00:00,1.16546,1.16546,1.16546,1.16546,0
2026-05-30 22:31:00+00:00,1.16546,1.16546,1.16546,1.16546,0
2026-05-30 22:32:00+00:00,1.16546,1.16546,1.16546,1.16546,0
2026-05-30 22:33:00+00:00,1.16546,1.16546,1.16546,1.16546,0
2026-05-30 22:34:00+00:00,1.16546,1.16546,1.16546,1.16546,0
2026-05-30 22:35:00+00:00,1.16546,1.16546,1.16546,1.16546,0
2026-05-30 22:36:00+00:00,1.16546,1.16546,1.16546,1.16546,0
2026-05-30 22:37:00+00:00,1.16546,1.16546,1.16546,1.16546,0
2026-05-30 22:38:00+00:00,1.16546,1.16546,1.16546,1.16546,0
2026-05-30 22:39:00+00:00,1.16546,1.16546,1.16546,1.16546,0
2026-05-30 22:40:00+00:00,1.16546,1.16546,1.16546,1.16546,0
2026-05-30 22:41:00+00:00,1.16546,1.16546,1.16546,1.16546,0
2026-05-30 22:42:00+00:00,1.16546,1.16546,1.16546,1.16546,0
2026-05-30 22:43:00+00:00,1.16546,1.16546,1.16546,1.16546,0
2026-05-30 22:44:00+00:00,1.16546,1.16546,1.16546,1.16546,0
2026-05-30 22:45:00+00:00,1.16546,1.16546,1.16546,1.16546,0
2026-05-30 22:46:00+00:00,1.16546,1.16546,1.16546,1.16546,0
2026-05-30 22:47:00+00:00,1.16546,1.16546,1.16546,1.16546,0
2026-05-30 22:48:00+00:00,1.16546,1.16546,1.16546,1.16546,0
2026-05-30 22:49:00+00:00,1.16546,1.16546,1.16546,1.16546,0
2026-05-30 22:50:00+00:00,1.16546,1.16546,1.16546,1.16546,0
2026-05-30 22:51:00+00:00,1.16546,1.16546,1.16546,1.16546,0
2026-05-30 22:52:00+00:00,1.16546,1.16546,1.16546,1.16546,0
2026-05-30 22:53:00+00:00,1.16546,1.16546,1.16546,1.16546,0
2026-05-30 22:54:00+00:00,1.16546,1.16546,1.16546,1.16546,0
2026-05-30 22:55:00+00:00,1.16546,1.16546,1.16546,1.16546,0
2026-05-30 22:56:00+00:00,1.16546,1.16546,1.16546,1.16546,0
2026-05-30 22:57:00+00:00,1.16546,1.16546,1.16546,1.16546,0
2026-05-30 22:58:00+00:00,1.16546,1.16546,1.16546,1.16546,0
2026-05-30 22:59:00+00:00,1.16546,1.16546,1.16546,1.16546,0
2026-05-30 23:00:00+00:00,1.16546,1.16546,1.16546,1.16546,0
2026-05-30 23:01:00+00:00,1.16546,1.16546,1.16546,1.16546,0
2026-05-30 23:02:00+00:00,1.16546,1.16546,1.16546,1.16546,0
2026-05-30 23:03:00+00:00,1.16546,1.16546,1.16546,1.16546,0
2026-05-30 23:04:00+00:00,1.16546,1.16546,1.16546,1.16546,0
2026-05-30 23:05:00+00:00,1.16546,1.16546,1.16546,1.16546,0
2026-05-30 23:06:00+00:00,1.16546,1.16546,1.16546,1.16546,0
2026-05-30 23:07:00+00:00,1.16546,1.16546,1.16546,1.16546,0
2026-05-30 23:08:00+00:00,1.16546,1.16546,1.16546,1.16546,0
2026-05-30 23:09:00+00:00,1.16546,1.16546,1.16546,1.16546,0
2026-05-30 23:10:00+00:00,1.16546,1.16546,1.16546,1.16546,0
2026-05-30 23:11:00+00:00,1.16546,1.16546,1.16546,1.16546,0
2026-05-30 23:12:00+00:00,1.16546,1.16546,1.16546,1.16546,0
2026-05-30 23:13:00+00:00,1.16546,1.16546,1.16546,1.16546,0
2026-05-30 23:14:00+00:00,1.16546,1.16546,1.16546,1.16546,0
2026-05-30 23:15:00+00:00,1.16546,1.16546,1.16546,1.16546,0
2026-05-30 23:16:00+00:00,1.16546,1.16546,1.16546,1.16546,0
2026-05-30 23:17:00+00:00,1.16546,1.16546,1.16546,1.16546,0
2026-05-30 23:18:00+00:00,1.16546,1.16546,1.16546,1.16546,0
2026-05-30 23:19:00+00:00,1.16546,1.16546,1.16546,1.16546,0
2026-05-30 23:20:00+00:00,1.16546,1.16546,1.16546,1.16546,0
2026-05-30 23:21:00+00:00,1.16546,1.16546,1.16546,1.16546,0
2026-05-30 23:22:00+00:00,1.16546,1.16546,1.16546,1.16546,0
2026-05-30 23:23:00+00:00,1.16546,1.16546,1.16546,1.16546,0
2026-05-30 23:24:00+00:00,1.16546,1.16546,1.16546,1.16546,0
2026-05-30 23:25:00+00:00,1.16546,1.16546,1.16546,1.16546,0
2026-05-30 23:26:00+00:00,1.16546,1.16546,1.16546,1.16546,0
2026-05-30 23:27:00+00:00,1.16546,1.16546,1.16546,1.16546,0
2026-05-30 23:28:00+00:00,1.16546,1.16546,1.16546,1.16546,0
2026-05-30 23:29:00+00:00,1.16546,1.16546,1.16546,1.16546,0
2026-05-30 23:30:00+00:00,1.16546,1.16546,1.16546,1.16546,0
2026-05-30 23:31:00+00:00,1.16546,1.16546,1.16546,1.16546,0
2026-05-30 23:32:00+00:00,1.16546,1.16546,1.16546,1.16546,0
2026-05-30 23:33:00+00:00,1.16546,1.16546,1.16546,1.16546,0
2026-05-30 23:34:00+00:00,1.16546,1.16546,1.16546,1.16546,0
2026-05-30 23:35:00+00:00,1.16546,1.16546,1.16546,1.16546,0
2026-05-30 23:36:00+00:00,1.16546,1.16546,1.16546,1.16546,0
2026-05-30 23:37:00+00:00,1.16546,1.16546,1.16546,1.16546,0
2026-05-30 23:38:00+00:00,1.16546,1.16546,1.16546,1.16546,0
2026-05-30 23:39:00+00:00,1.16546,1.16546,1.16546,1.16546,0
2026-05-30 23:40:00+00:00,1.16546,1.16546,1.16546,1.16546,0
2026-05-30 23:41:00+00:00,1.16546,1.16546,1.16546,1.16546,0
2026-05-30 23:42:00+00:00,1.16546,1.16546,1.16546,1.16546,0
2026-05-30 23:43:00+00:00,1.16546,1.16546,1.16546,1.16546,0
2026-05-30 23:44:00+00:00,1.16546,1.16546,1.16546,1.16546,0
2026-05-30 23:45:00+00:00,1.16546,1.16546,1.16546,1.16546,0
2026-05-30 23:46:00+00:00,1.16546,1.16546,1.16546,1.16546,0
2026-05-30 23:47:00+00:00,1.16546,1.16546,1.16546,1.16546,0
2026-05-30 23:48:00+00:00,1.16546,1.16546,1.16546,1.16546,0
2026-05-30 23:49:00+00:00,1.16546,1.16546,1.16546,1.16546,0
2026-05-30 23:50:00+00:00,1.16546,1.16546,1.16546,1.16546,0
2026-05-30 23:51:00+00:00,1.16546,1.16546,1.16546,1.16546,0
2026-05-30 23:52:00+00:00,1.16546,1.16546,1.16546,1.16546,0
2026-05-30 23:53:00+00:00,1.16546,1.16546,1.16546,1.16546,0
2026-05-30 23:54:00+00:00,1.16546,1.16546,1.16546,1.16546,0
2026-05-30 23:55:00+00:00,1.16546,1.16546,1.16546,1.16546,0
2026-05-30 23:56:00+00:00,1.16546,1.16546,1.16546,1.16546,0
2026-05-30 23:57:00+00:00,1.16546,1.16546,1.16546,1.16546,0
2026-05-30 23:58:00+00:00,1.16546,1.16546,1.16546,1.16546,0
2026-05-30 23:59:00+00:00,1.16546,1.16546,1.16546,1.16546,0
2026-05-31 00:00:00+00:00,1.16546,1.16546,1.16546,1.16546,0
2026-05-31 00:01:00+00:00,1.16546,1.16546,1.16546,1.16546,0
2026-05-31 00:02:00+00:00,1.16546,1.16546,1.16546,1.16546,0
2026-05-31 00:03:00+00:00,1.16546,1.16546,1.16546,1.16546,0
2026-05-31 00:04:00+00:00,1.16546,1.16546,1.16546,1.16546,0
2026-05-31 00:05:00+00:00,1.16546,1.16546,1.16546,1.16546,0
2026-05-31 00:06:00+00:00,1.16546,1.16546,1.16546,1.16546,0
2026-05-31 00:07:00+00:00,1.16546,1.16546,1.16546,1.16546,0
2026-05-31 00:08:00+00:00,1.16546,1.16546,1.16546,1.16546,0
2026-05-31 00:09:00+00:00,1.16546,1.16546,1.16546,1.16546,0
2026-05-31 00:10:00+00:00,1.16546,1.16546,1.16546,1.16546,0
2026-05-31 00:11:00+00:00,1.16546,1.16546,1.16546,1.16546,0
2026-05-31 00:12:00+00:00,1.16546,1.16546,1.16546,1.16546,0
2026-05-31 00:13:00+00:00,1.16546,1.16546,1.16546,1.16546,0
2026-05-31 00:14:00+00:00,1.16546,1.16546,1.16546,1.16546,0
2026-05-31 00:15:00+00:00,1.16546,1.16546,1.16546,1.16546,0
2026-05-31 00:16:00+00:00,1.16546,1.16546,1.16546,1.16546,0
2026-05-31 00:17:00+00:00,1.16546,1.16546,1.16546,1.16546,0
2026-05-31 00:18:00+00:00,1.16546,1.16546,1.16546,1.16546,0
2026-05-31 00:19:00+00:00,1.16546,1.16546,1.16546,1.16546,0
2026-05-31 00:20:00+00:00,1.16546,1.16546,1.16546,1.16546,0
2026-05-31 00:21:00+00:00,1.16546,1.16546,1.16546,1.16546,0
2026-05-31 00:22:00+00:00,1.16546,1.16546,1.16546,1.16546,0
2026-05-31 00:23:00+00:00,1.16546,1.16546,1.16546,1.16546,0
2026-05-31 00:24:00+00:00,1.16546,1.16546,1.16546,1.16546,0
2026-05-31 00:25:00+00:00,1.16546,1.16546,1.16546,1.16546,0
2026-05-31 00:26:00+00:00,1.16546,1.16546,1.16546,1.16546,0
2026-05-31 00:27:00+00:00,1.16546,1.16546,1.16546,1.16546,0
2026-05-31 00:28:00+00:00,1.16546,1.16546,1.16546,1.16546,0
2026-05-31 00:29:00+00:00,1.16546,1.16546,1.16546,1.16546,0
2026-05-31 00:30:00+00:00,1.16546,1.16546,1.16546,1.16546,0
2026-05-31 00:31:00+00:00,1.16546,1.16546,1.16546,1.16546,0
2026-05-31 00:32:00+00:00,1.16546,1.16546,1.16546,1.16546,0
2026-05-31 00:33:00+00:00,1.16546,1.16546,1.16546,1.16546,0
2026-05-31 00:34:00+00:00,1.16546,1.16546,1.16546,1.16546,0
2026-05-31 00:35:00+00:00,1.16546,1.16546,1.16546,1.16546,0
2026-05-31 00:36:00+00:00,1.16546,1.16546,1.16546,1.16546,0
2026-05-31 00:37:00+00:00,1.16546,1.16546,1.16546,1.16546,0
2026-05-31 00:38:00+00:00,1.16546,1.16546,1.16546,1.16546,0
2026-05-31 00:39:00+00:00,1.16546,1.16546,1.16546,1.16546,0
2026-05-31 00:40:00+00:00,1.16546,1.16546,1.16546,1.16546,0
2026-05-31 00:41:00+00:00,1.16546,1.16546,1.16546,1.16546,0
2026-05-31 00:42:00+00:00,1.16546,1.16546,1.16546,1.16546,0
2026-05-31 00:43:00+00:00,1.16546,1.16546,1.16546,1.16546,0
2026-05-31 00:44:00+00:00,1.16546,1.16546,1.16546,1.16546,0
2026-05-31 00:45:00+00:00,1.16546,1.16546,1.16546,1.16546,0
2026-05-31 00:46:00+00:00,1.16546,1.16546,1.16546,1.16546,0
2026-05-31 00:47:00+00:00,1.16546,1.16546,1.16546,1.16546,0
2026-05-31 00:48:00+00:00,1.16546,1.16546,1.16546,1.16546,0
2026-05-31 00:49:00+00:00,1.16546,1.16546,1.16546,1.16546,0
2026-05-31 00:50:00+00:00,1.16546,1.16546,1.16546,1.16546,0
2026-05-31 00:51:00+00:00,1.16546,1.16546,1.16546,1.16546,0
2026-05-31 00:52:00+00:00,1.16546,1.16546,1.16546,1.16546,0
2026-05-31 00:53:00+00:00,1.16546,1.16546,1.16546,1.16546,0
2026-05-31 00:54:00+00:00,1.16546,1.16546,1.16546,1.16546,0
2026-05-31 00:55:00+00:00,1.16546,1.16546,1.16546,1.16546,0
2026-05-31 00:56:00+00:00,1.16546,1.16546,1.16546,1.16546,0
2026-05-31 00:57:00+00:00,1.16546,1.16546,1.16546,1.16546,0
2026-05-31 00:58:00+00:00,1.16546,1.16546,1.16546,1.16546,0
2026-05-31 00:59:00+00:00,1.16546,1.16546,1.16546,1.16546,0
2026-05-31 01:00:00+00:00,1.16546,1.16546,1.16546,1.16546,0
2026-05-31 01:01:00+00:00,1.16546,1.16546,1.16546,1.16546,0
2026-05-31 01:02:00+00:00,1.16546,1.16546,1.16546,1.16546,0
2026-05-31 01:03:00+00:00,1.16546,1.16546,1.16546,1.16546,0
2026-05-31 01:04:00+00:00,1.16546,1.16546,1.16546,1.16546,0
2026-05-31 01:05:00+00:00,1.16546,1.16546,1.16546,1.16546,0
2026-05-31 01:06:00+00:00,1.16546,1.16546,1.16546,1.16546,0
2026-05-31 01:07:00+00:00,1.16546,1.16546,1.16546,1.16546,0
2026-05-31 01:08:00+00:00,1.16546,1.16546,1.16546,1.16546,0
2026-05-31 01:09:00+00:00,1.16546,1.16546,1.16546,1.16546,0
2026-05-31 01:10:00+00:00,1.16546,1.16546,1.16546,1.16546,0
2026-05-31 01:11:00+00:00,1.16546,1.16546,1.16546,1.16546,0
2026-05-31 01:12:00+00:00,1.16546,1.16546,1.16546,1.16546,0
2026-05-31 01:13:00+00:00,1.16546,1.16546,1.16546,1.16546,0
2026-05-31 01:14:00+00:00,1.16546,1.16546,1.16546,1.16546,0
2026-05-31 01:15:00+00:00,1.16546,1.16546,1.16546,1.16546,0
2026-05-31 01:16:00+00:00,1.16546,1.16546,1.16546,1.16546,0
2026-05-31 01:17:00+00:00,1.16546,1.16546,1.16546,1.16546,0
2026-05-31 01:18:00+00:00,1.16546,1.16546,1.16546,1.16546,0
2026-05-31 01:19:00+00:00,1.16546,1.16546,1.16546,1.16546,0
2026-05-31 01:20:00+00:00,1.16546,1.16546,1.16546,1.16546,0
2026-05-31 01:21:00+00:00,1.16546,1.16546,1.16546,1.16546,0
2026-05-31 01:22:00+00:00,1.16546,1.16546,1.16546,1.16546,0
2026-05-31 01:23:00+00:00,1.16546,1.16546,1.16546,1.16546,0
2026-05-31 01:24:00+00:00,1.16546,1.16546,1.16546,1.16546,0
2026-05-31 01:25:00+00:00,1.16546,1.16546,1.16546,1.16546,0
2026-05-31 01:26:00+00:00,1.16546,1.16546,1.16546,1.16546,0
2026-05-31 01:27:00+00:00,1.16546,1.16546,1.16546,1.16546,0
2026-05-31 01:28:00+00:00,1.16546,1.16546,1.16546,1.16546,0
2026-05-31 01:29:00+00:00,1.16546,1.16546,1.16546,1.16546,0
2026-05-31 01:30:00+00:00,1.16546,1.16546,1.16546,1.16546,0
2026-05-31 01:31:00+00:00,1.16546,1.16546,1.16546,1.16546,0
2026-05-31 01:32:00+00:00,1.16546,1.16546,1.16546,1.16546,0
2026-05-31 01:33:00+00:00,1.16546,1.16546,1.16546,1.16546,0
2026-05-31 01:34:00+00:00,1.16546,1.16546,1.16546,1.16546,0
2026-05-31 01:35:00+00:00,1.16546,1.16546,1.16546,1.16546,0
2026-05-31 01:36:00+00:00,1.16546,1.16546,1.16546,1.16546,0
2026-05-31 01:37:00+00:00,1.16546,1.16546,1.16546,1.16546,0
2026-05-31 01:38:00+00:00,1.16546,1.16546,1.16546,1.16546,0
2026-05-31 01:39:00+00:00,1.16546,1.16546,1.16546,1.16546,0
2026-05-31 01:40:00+00:00,1.16546,1.16546,1.16546,1.16546,0
2026-05-31 01:41:00+00:00,1.16546,1.16546,1.16546,1.16546,0
2026-05-31 01:42:00+00:00,1.16546,1.16546,1.16546,1.16546,0
2026-05-31 01:43:00+00:00,1.16546,1.16546,1.16546,1.16546,0
2026-05-31 01:44:00+00:00,1.16546,1.16546,1.16546,1.16546,0
2026-05-31 01:45:00+00:00,1.16546,1.16546,1.16546,1.16546,0
2026-05-31 01:46:00+00:00,1.16546,1.16546,1.16546,1.16546,0
2026-05-31 01:47:00+00:00,1.16546,1.16546,1.16546,1.16546,0
2026-05-31 01:48:00+00:00,1.16546,1.16546,1.16546,1.16546,0
2026-05-31 01:49:00+00:00,1.16546,1.16546,1.16546,1.16546,0
2026-05-31 01:50:00+00:00,1.16546,1.16546,1.16546,1.16546,0
2026-05-31 01:51:00+00:00,1.16546,1.16546,1.16546,1.16546,0
2026-05-31 01:52:00+00:00,1.16546,1.16546,1.16546,1.16546,0
2026-05-31 01:53:00+00:00,1.16546,1.16546,1.16546,1.16546,0
2026-05-31 01:54:00+00:00,1.16546,1.16546,1.16546,1.16546,0
2026-05-31 01:55:00+00:00,1.16546,1.16546,1.16546,1.16546,0
2026-05-31 01:56:00+00:00,1.16546,1.16546,1.16546,1.16546,0
2026-05-31 01:57:00+00:00,1.16546,1.16546,1.16546,1.16546,0
2026-05-31 01:58:00+00:00,1.16546,1.16546,1.16546,1.16546,0
2026-05-31 01:59:00+00:00,1.16546,1.16546,1.16546,1.16546,0
2026-05-31 02:00:00+00:00,1.16546,1.16546,1.16546,1.16546,0
2026-05-31 02:01:00+00:00,1.16546,1.16546,1.16546,1.16546,0
2026-05-31 02:02:00+00:00,1.16546,1.16546,1.16546,1.16546,0
2026-05-31 02:03:00+00:00,1.16546,1.16546,1.16546,1.16546,0
2026-05-31 02:04:00+00:00,1.16546,1.16546,1.16546,1.16546,0
2026-05-31 02:05:00+00:00,1.16546,1.16546,1.16546,1.16546,0
2026-05-31 02:06:00+00:00,1.16546,1.16546,1.16546,1.16546,0
2026-05-31 02:07:00+00:00,1.16546,1.16546,1.16546,1.16546,0
2026-05-31 02:08:00+00:00,1.16546,1.16546,1.16546,1.16546,0
2026-05-31 02:09:00+00:00,1.16546,1.16546,1.16546,1.16546,0
2026-05-31 02:10:00+00:00,1.16546,1.16546,1.16546,1.16546,0
2026-05-31 02:11:00+00:00,1.16546,1.16546,1.16546,1.16546,0
2026-05-31 02:12:00+00:00,1.16546,1.16546,1.16546,1.16546,0
2026-05-31 02:13:00+00:00,1.16546,1.16546,1.16546,1.16546,0
2026-05-31 02:14:00+00:00,1.16546,1.16546,1.16546,1.16546,0
2026-05-31 02:15:00+00:00,1.16546,1.16546,1.16546,1.16546,0
2026-05-31 02:16:00+00:00,1.16546,1.16546,1.16546,1.16546,0
2026-05-31 02:17:00+00:00,1.16546,1.16546,1.16546,1.16546,0
2026-05-31 02:18:00+00:00,1.16546,1.16546,1.16546,1.16546,0
2026-05-31 02:19:00+00:00,1.16546,1.16546,1.16546,1.16546,0
2026-05-31 02:20:00+00:00,1.16546,1.16546,1.16546,1.16546,0
2026-05-31 02:21:00+00:00,1.16546,1.16546,1.16546,1.16546,0
2026-05-31 02:22:00+00:00,1.16546,1.16546,1.16546,1.16546,0
2026-05-31 02:23:00+00:00,1.16546,1.16546,1.16546,1.16546,0
2026-05-31 02:24:00+00:00,1.16546,1.16546,1.16546,1.16546,0
2026-05-31 02:25:00+00:00,1.16546,1.16546,1.16546,1.16546,0
2026-05-31 02:26:00+00:00,1.16546,1.16546,1.16546,1.16546,0
2026-05-31 02:27:00+00:00,1.16546,1.16546,1.16546,1.16546,0
2026-05-31 02:28:00+00:00,1.16546,1.16546,1.16546,1.16546,0
2026-05-31 02:29:00+00:00,1.16546,1.16546,1.16546,1.16546,0
2026-05-31 02:30:00+00:00,1.16546,1.16546,1.16546,1.16546,0
2026-05-31 02:31:00+00:00,1.16546,1.16546,1.16546,1.16546,0
2026-05-31 02:32:00+00:00,1.16546,1.16546,1.16546,1.16546,0
2026-05-31 02:33:00+00:00,1.16546,1.16546,1.16546,1.16546,0
2026-05-31 02:34:00+00:00,1.16546,1.16546,1.16546,1.16546,0
2026-05-31 02:35:00+00:00,1.16546,1.16546,1.16546,1.16546,0
2026-05-31 02:36:00+00:00,1.16546,1.16546,1.16546,1.16546,0
2026-05-31 02:37:00+00:00,1.16546,1.16546,1.16546,1.16546,0
2026-05-31 02:38:00+00:00,1.16546,1.16546,1.16546,1.16546,0
2026-05-31 02:39:00+00:00,1.16546,1.16546,1.16546,1.16546,0
2026-05-31 02:40:00+00:00,1.16546,1.16546,1.16546,1.16546,0
2026-05-31 02:41:00+00:00,1.16546,1.16546,1.16546,1.16546,0
2026-05-31 02:42:00+00:00,1.16546,1.16546,1.16546,1.16546,0
2026-05-31 02:43:00+00:00,1.16546,1.16546,1.16546,1.16546,0
2026-05-31 02:44:00+00:00,1.16546,1.16546,1.16546,1.16546,0
2026-05-31 02:45:00+00:00,1.16546,1.16546,1.16546,1.16546,0
2026-05-31 02:46:00+00:00,1.16546,1.16546,1.16546,1.16546,0
2026-05-31 02:47:00+00:00,1.16546,1.16546,1.16546,1.16546,0
2026-05-31 02:48:00+00:00,1.16546,1.16546,1.16546,1.16546,0
2026-05-31 02:49:00+00:00,1.16546,1.16546,1.16546,1.16546,0
2026-05-31 02:50:00+00:00,1.16546,1.16546,1.16546,1.16546,0
2026-05-31 02:51:00+00:00,1.16546,1.16546,1.16546,1.16546,0
2026-05-31 02:52:00+00:00,1.16546,1.16546,1.16546,1.16546,0
2026-05-31 02:53:00+00:00,1.16546,1.16546,1.16546,1.16546,0
2026-05-31 02:54:00+00:00,1.16546,1.16546,1.16546,1.16546,0
2026-05-31 02:55:00+00:00,1.16546,1.16546,1.16546,1.16546,0
2026-05-31 02:56:00+00:00,1.16546,1.16546,1.16546,1.16546,0
2026-05-31 02:57:00+00:00,1.16546,1.16546,1.16546,1.16546,0
2026-05-31 02:58:00+00:00,1.16546,1.16546,1.16546,1.16546,0
2026-05-31 02:59:00+00:00,1.16546,1.16546,1.16546,1.16546,0
2026-05-31 03:00:00+00:00,1.16546,1.16546,1.16546,1.16546,0
2026-05-31 03:01:00+00:00,1.16546,1.16546,1.16546,1.16546,0
2026-05-31 03:02:00+00:00,1.16546,1.16546,1.16546,1.16546,0
2026-05-31 03:03:00+00:00,1.16546,1.16546,1.16546,1.16546,0
2026-05-31 03:04:00+00:00,1.16546,1.16546,1.16546,1.16546,0
2026-05-31 03:05:00+00:00,1.16546,1.16546,1.16546,1.16546,0
2026-05-31 03:06:00+00:00,1.16546,1.16546,1.16546,1.16546,0
2026-05-31 03:07:00+00:00,1.16546,1.16546,1.16546,1.16546,0
2026-05-31 03:08:00+00:00,1.16546,1.16546,1.16546,1.16546,0
2026-05-31 03:09:00+00:00,1.16546,1.16546,1.16546,1.16546,0
2026-05-31 03:10:00+00:00,1.16546,1.16546,1.16546,1.16546,0
2026-05-31 03:11:00+00:00,1.16546,1.16546,1.16546,1.16546,0
2026-05-31 03:12:00+00:00,1.16546,1.16546,1.16546,1.16546,0
2026-05-31 03:13:00+00:00,1.16546,1.16546,1.16546,1.16546,0
2026-05-31 03:14:00+00:00,1.16546,1.16546,1.16546,1.16546,0
2026-05-31 03:15:00+00:00,1.16546,1.16546,1.16546,1.16546,0
2026-05-31 03:16:00+00:00,1.16546,1.16546,1.16546,1.16546,0
2026-05-31 03:17:00+00:00,1.16546,1.16546,1.16546,1.16546,0
2026-05-31 03:18:00+00:00,1.16546,1.16546,1.16546,1.16546,0
2026-05-31 03:19:00+00:00,1.16546,1.16546,1.16546,1.16546,0
2026-05-31 03:20:00+00:00,1.16546,1.16546,1.16546,1.16546,0
2026-05-31 03:21:00+00:00,1.16546,1.16546,1.16546,1.16546,0
2026-05-31 03:22:00+00:00,1.16546,1.16546,1.16546,1.16546,0
2026-05-31 03:23:00+00:00,1.16546,1.16546,1.16546,1.16546,0
2026-05-31 03:24:00+00:00,1.16546,1.16546,1.16546,1.16546,0
2026-05-31 03:25:00+00:00,1.16546,1.16546,1.16546,1.16546,0
2026-05-31 03:26:00+00:00,1.16546,1.16546,1.16546,1.16546,0
2026-05-31 03:27:00+00:00,1.16546,1.16546,1.16546,1.16546,0
2026-05-31 03:28:00+00:00,1.16546,1.16546,1.16546,1.16546,0
2026-05-31 03:29:00+00:00,1.16546,1.16546,1.16546,1.16546,0
2026-05-31 03:30:00+00:00,1.16546,1.16546,1.16546,1.16546,0
2026-05-31 03:31:00+00:00,1.16546,1.16546,1.16546,1.16546,0
2026-05-31 03:32:00+00:00,1.16546,1.16546,1.16546,1.16546,0
2026-05-31 03:33:00+00:00,1.16546,1.16546,1.16546,1.16546,0
2026-05-31 03:34:00+00:00,1.16546,1.16546,1.16546,1.16546,0
2026-05-31 03:35:00+00:00,1.16546,1.16546,1.16546,1.16546,0
2026-05-31 03:36:00+00:00,1.16546,1.16546,1.16546,1.16546,0
2026-05-31 03:37:00+00:00,1.16546,1.16546,1.16546,1.16546,0
2026-05-31 03:38:00+00:00,1.16546,1.16546,1.16546,1.16546,0
2026-05-31 03:39:00+00:00,1.16546,1.16546,1.16546,1.16546,0
2026-05-31 03:40:00+00:00,1.16546,1.16546,1.16546,1.16546,0
2026-05-31 03:41:00+00:00,1.16546,1.16546,1.16546,1.16546,0
2026-05-31 03:42:00+00:00,1.16546,1.16546,1.16546,1.16546,0
2026-05-31 03:43:00+00:00,1.16546,1.16546,1.16546,1.16546,0
2026-05-31 03:44:00+00:00,1.16546,1.16546,1.16546,1.16546,0
2026-05-31 03:45:00+00:00,1.16546,1.16546,1.16546,1.16546,0
2026-05-31 03:46:00+00:00,1.16546,1.16546,1.16546,1.16546,0
2026-05-31 03:47:00+00:00,1.16546,1.16546,1.16546,1.16546,0
2026-05-31 03:48:00+00:00,1.16546,1.16546,1.16546,1.16546,0
2026-05-31 03:49:00+00:00,1.16546,1.16546,1.16546,1.16546,0
2026-05-31 03:50:00+00:00,1.16546,1.16546,1.16546,1.16546,0
2026-05-31 03:51:00+00:00,1.16546,1.16546,1.16546,1.16546,0
2026-05-31 03:52:00+00:00,1.16546,1.16546,1.16546,1.16546,0
2026-05-31 03:53:00+00:00,1.16546,1.16546,1.16546,1.16546,0
2026-05-31 03:54:00+00:00,1.16546,1.16546,1.16546,1.16546,0
2026-05-31 03:55:00+00:00,1.16546,1.16546,1.16546,1.16546,0
2026-05-31 03:56:00+00:00,1.16546,1.16546,1.16546,1.16546,0
2026-05-31 03:57:00+00:00,1.16546,1.16546,1.16546,1.16546,0
2026-05-31 03:58:00+00:00,1.16546,1.16546,1.16546,1.16546,0
2026-05-31 03:59:00+00:00,1.16546,1.16546,1.16546,1.16546,0
2026-05-31 04:00:00+00:00,1.16546,1.16546,1.16546,1.16546,0
2026-05-31 04:01:00+00:00,1.16546,1.16546,1.16546,1.16546,0
2026-05-31 04:02:00+00:00,1.16546,1.16546,1.16546,1.16546,0
2026-05-31 04:03:00+00:00,1.16546,1.16546,1.16546,1.16546,0
2026-05-31 04:04:00+00:00,1.16546,1.16546,1.16546,1.16546,0
2026-05-31 04:05:00+00:00,1.16546,1.16546,1.16546,1.16546,0
2026-05-31 04:06:00+00:00,1.16546,1.16546,1.16546,1.16546,0
2026-05-31 04:07:00+00:00,1.16546,1.16546,1.16546,1.16546,0
2026-05-31 04:08:00+00:00,1.16546,1.16546,1.16546,1.16546,0
2026-05-31 04:09:00+00:00,1.16546,1.16546,1.16546,1.16546,0
2026-05-31 04:10:00+00:00,1.16546,1.16546,1.16546,1.16546,0
2026-05-31 04:11:00+00:00,1.16546,1.16546,1.16546,1.16546,0
2026-05-31 04:12:00+00:00,1.16546,1.16546,1.16546,1.16546,0
2026-05-31 04:13:00+00:00,1.16546,1.16546,1.16546,1.16546,0
2026-05-31 04:14:00+00:00,1.16546,1.16546,1.16546,1.16546,0
2026-05-31 04:15:00+00:00,1.16546,1.16546,1.16546,1.16546,0
2026-05-31 04:16:00+00:00,1.16546,1.16546,1.16546,1.16546,0
2026-05-31 04:17:00+00:00,1.16546,1.16546,1.16546,1.16546,0
2026-05-31 04:18:00+00:00,1.16546,1.16546,1.16546,1.16546,0
2026-05-31 04:19:00+00:00,1.16546,1.16546,1.16546,1.16546,0
2026-05-31 04:20:00+00:00,1.16546,1.16546,1.16546,1.16546,0
2026-05-31 04:21:00+00:00,1.16546,1.16546,1.16546,1.16546,0
2026-05-31 04:22:00+00:00,1.16546,1.16546,1.16546,1.16546,0
2026-05-31 04:23:00+00:00,1.16546,1.16546,1.16546,1.16546,0
2026-05-31 04:24:00+00:00,1.16546,1.16546,1.16546,1.16546,0
2026-05-31 04:25:00+00:00,1.16546,1.16546,1.16546,1.16546,0
2026-05-31 04:26:00+00:00,1.16546,1.16546,1.16546,1.16546,0
2026-05-31 04:27:00+00:00,1.16546,1.16546,1.16546,1.16546,0
2026-05-31 04:28:00+00:00,1.16546,1.16546,1.16546,1.16546,0
2026-05-31 04:29:00+00:00,1.16546,1.16546,1.16546,1.16546,0
2026-05-31 04:30:00+00:00,1.16546,1.16546,1.16546,1.16546,0
2026-05-31 04:31:00+00:00,1.16546,1.16546,1.16546,1.16546,0
2026-05-31 04:32:00+00:00,1.16546,1.16546,1.16546,1.16546,0
2026-05-31 04:33:00+00:00,1.16546,1.16546,1.16546,1.16546,0
2026-05-31 04:34:00+00:00,1.16546,1.16546,1.16546,1.16546,0
2026-05-31 04:35:00+00:00,1.16546,1.16546,1.16546,1.16546,0
2026-05-31 04:36:00+00:00,1.16546,1.16546,1.16546,1.16546,0
2026-05-31 04:37:00+00:00,1.16546,1.16546,1.16546,1.16546,0
2026-05-31 04:38:00+00:00,1.16546,1.16546,1.16546,1.16546,0
2026-05-31 04:39:00+00:00,1.16546,1.16546,1.16546,1.16546,0
2026-05-31 04:40:00+00:00,1.16546,1.16546,1.16546,1.16546,0
2026-05-31 04:41:00+00:00,1.16546,1.16546,1.16546,1.16546,0
2026-05-31 04:42:00+00:00,1.16546,1.16546,1.16546,1.16546,0
2026-05-31 04:43:00+00:00,1.16546,1.16546,1.16546,1.16546,0
2026-05-31 04:44:00+00:00,1.16546,1.16546,1.16546,1.16546,0
2026-05-31 04:45:00+00:00,1.16546,1.16546,1.16546,1.16546,0
2026-05-31 04:46:00+00:00,1.16546,1.16546,1.16546,1.16546,0
2026-05-31 04:47:00+00:00,1.16546,1.16546,1.16546,1.16546,0
2026-05-31 04:48:00+00:00,1.16546,1.16546,1.16546,1.16546,0
2026-05-31 04:49:00+00:00,1.16546,1.16546,1.16546,1.16546,0
2026-05-31 04:50:00+00:00,1.16546,1.16546,1.16546,1.16546,0
2026-05-31 04:51:00+00:00,1.16546,1.16546,1.16546,1.16546,0
2026-05-31 04:52:00+00:00,1.16546,1.16546,1.16546,1.16546,0
2026-05-31 04:53:00+00:00,1.16546,1.16546,1.16546,1.16546,0
2026-05-31 04:54:00+00:00,1.16546,1.16546,1.16546,1.16546,0
2026-05-31 04:55:00+00:00,1.16546,1.16546,1.16546,1.16546,0
2026-05-31 04:56:00+00:00,1.16546,1.16546,1.16546,1.16546,0
2026-05-31 04:57:00+00:00,1.16546,1.16546,1.16546,1.16546,0
2026-05-31 04:58:00+00:00,1.16546,1.16546,1.16546,1.16546,0
2026-05-31 04:59:00+00:00,1.16546,1.16546,1.16546,1.16546,0
2026-05-31 05:00:00+00:00,1.16546,1.16546,1.16546,1.16546,0
2026-05-31 05:01:00+00:00,1.16546,1.16546,1.16546,1.16546,0
2026-05-31 05:02:00+00:00,1.16546,1.16546,1.16546,1.16546,0
2026-05-31 05:03:00+00:00,1.16546,1.16546,1.16546,1.16546,0
2026-05-31 05:04:00+00:00,1.16546,1.16546,1.16546,1.16546,0
2026-05-31 05:05:00+00:00,1.16546,1.16546,1.16546,1.16546,0
2026-05-31 05:06:00+00:00,1.16546,1.16546,1.16546,1.16546,0
2026-05-31 05:07:00+00:00,1.16546,1.16546,1.16546,1.16546,0
2026-05-31 05:08:00+00:00,1.16546,1.16546,1.16546,1.16546,0
2026-05-31 05:09:00+00:00,1.16546,1.16546,1.16546,1.16546,0
2026-05-31 05:10:00+00:00,1.16546,1.16546,1.16546,1.16546,0
2026-05-31 05:11:00+00:00,1.16546,1.16546,1.16546,1.16546,0
2026-05-31 05:12:00+00:00,1.16546,1.16546,1.16546,1.16546,0
2026-05-31 05:13:00+00:00,1.16546,1.16546,1.16546,1.16546,0
2026-05-31 05:14:00+00:00,1.16546,1.16546,1.16546,1.16546,0
2026-05-31 05:15:00+00:00,1.16546,1.16546,1.16546,1.16546,0
2026-05-31 05:16:00+00:00,1.16546,1.16546,1.16546,1.16546,0
2026-05-31 05:17:00+00:00,1.16546,1.16546,1.16546,1.16546,0
2026-05-31 05:18:00+00:00,1.16546,1.16546,1.16546,1.16546,0
2026-05-31 05:19:00+00:00,1.16546,1.16546,1.16546,1.16546,0
2026-05-31 05:20:00+00:00,1.16546,1.16546,1.16546,1.16546,0
2026-05-31 05:21:00+00:00,1.16546,1.16546,1.16546,1.16546,0
2026-05-31 05:22:00+00:00,1.16546,1.16546,1.16546,1.16546,0
2026-05-31 05:23:00+00:00,1.16546,1.16546,1.16546,1.16546,0
2026-05-31 05:24:00+00:00,1.16546,1.16546,1.16546,1.16546,0
2026-05-31 05:25:00+00:00,1.16546,1.16546,1.16546,1.16546,0
2026-05-31 05:26:00+00:00,1.16546,1.16546,1.16546,1.16546,0
2026-05-31 05:27:00+00:00,1.16546,1.16546,1.16546,1.16546,0
2026-05-31 05:28:00+00:00,1.16546,1.16546,1.16546,1.16546,0
2026-05-31 05:29:00+00:00,1.16546,1.16546,1.16546,1.16546,0
2026-05-31 05:30:00+00:00,1.16546,1.16546,1.16546,1.16546,0
2026-05-31 05:31:00+00:00,1.16546,1.16546,1.16546,1.16546,0
2026-05-31 05:32:00+00:00,1.16546,1.16546,1.16546,1.16546,0
2026-05-31 05:33:00+00:00,1.16546,1.16546,1.16546,1.16546,0
2026-05-31 05:34:00+00:00,1.16546,1.16546,1.16546,1.16546,0
2026-05-31 05:35:00+00:00,1.16546,1.16546,1.16546,1.16546,0
2026-05-31 05:36:00+00:00,1.16546,1.16546,1.16546,1.16546,0
2026-05-31 05:37:00+00:00,1.16546,1.16546,1.16546,1.16546,0
2026-05-31 05:38:00+00:00,1.16546,1.16546,1.16546,1.16546,0
2026-05-31 05:39:00+00:00,1.16546,1.16546,1.16546,1.16546,0
2026-05-31 05:40:00+00:00,1.16546,1.16546,1.16546,1.16546,0
2026-05-31 05:41:00+00:00,1.16546,1.16546,1.16546,1.16546,0
2026-05-31 05:42:00+00:00,1.16546,1.16546,1.16546,1.16546,0
2026-05-31 05:43:00+00:00,1.16546,1.16546,1.16546,1.16546,0
2026-05-31 05:44:00+00:00,1.16546,1.16546,1.16546,1.16546,0
2026-05-31 05:45:00+00:00,1.16546,1.16546,1.16546,1.16546,0
2026-05-31 05:46:00+00:00,1.16546,1.16546,1.16546,1.16546,0
2026-05-31 05:47:00+00:00,1.16546,1.16546,1.16546,1.16546,0
2026-05-31 05:48:00+00:00,1.16546,1.16546,1.16546,1.16546,0
2026-05-31 05:49:00+00:00,1.16546,1.16546,1.16546,1.16546,0
2026-05-31 05:50:00+00:00,1.16546,1.16546,1.16546,1.16546,0
2026-05-31 05:51:00+00:00,1.16546,1.16546,1.16546,1.16546,0
2026-05-31 05:52:00+00:00,1.16546,1.16546,1.16546,1.16546,0
2026-05-31 05:53:00+00:00,1.16546,1.16546,1.16546,1.16546,0
2026-05-31 05:54:00+00:00,1.16546,1.16546,1.16546,1.16546,0
2026-05-31 05:55:00+00:00,1.16546,1.16546,1.16546,1.16546,0
2026-05-31 05:56:00+00:00,1.16546,1.16546,1.16546,1.16546,0
2026-05-31 05:57:00+00:00,1.16546,1.16546,1.16546,1.16546,0
2026-05-31 05:58:00+00:00,1.16546,1.16546,1.16546,1.16546,0
2026-05-31 05:59:00+00:00,1.16546,1.16546,1.16546,1.16546,0
2026-05-31 06:00:00+00:00,1.16546,1.16546,1.16546,1.16546,0
2026-05-31 06:01:00+00:00,1.16546,1.16546,1.16546,1.16546,0
2026-05-31 06:02:00+00:00,1.16546,1.16546,1.16546,1.16546,0
2026-05-31 06:03:00+00:00,1.16546,1.16546,1.16546,1.16546,0
2026-05-31 06:04:00+00:00,1.16546,1.16546,1.16546,1.16546,0
2026-05-31 06:05:00+00:00,1.16546,1.16546,1.16546,1.16546,0
2026-05-31 06:06:00+00:00,1.16546,1.16546,1.16546,1.16546,0
2026-05-31 06:07:00+00:00,1.16546,1.16546,1.16546,1.16546,0
2026-05-31 06:08:00+00:00,1.16546,1.16546,1.16546,1.16546,0
2026-05-31 06:09:00+00:00,1.16546,1.16546,1.16546,1.16546,0
2026-05-31 06:10:00+00:00,1.16546,1.16546,1.16546,1.16546,0
2026-05-31 06:11:00+00:00,1.16546,1.16546,1.16546,1.16546,0
2026-05-31 06:12:00+00:00,1.16546,1.16546,1.16546,1.16546,0
2026-05-31 06:13:00+00:00,1.16546,1.16546,1.16546,1.16546,0
2026-05-31 06:14:00+00:00,1.16546,1.16546,1.16546,1.16546,0
2026-05-31 06:15:00+00:00,1.16546,1.16546,1.16546,1.16546,0
2026-05-31 06:16:00+00:00,1.16546,1.16546,1.16546,1.16546,0
2026-05-31 06:17:00+00:00,1.16546,1.16546,1.16546,1.16546,0
2026-05-31 06:18:00+00:00,1.16546,1.16546,1.16546,1.16546,0
2026-05-31 06:19:00+00:00,1.16546,1.16546,1.16546,1.16546,0
2026-05-31 06:20:00+00:00,1.16546,1.16546,1.16546,1.16546,0
2026-05-31 06:21:00+00:00,1.16546,1.16546,1.16546,1.16546,0
2026-05-31 06:22:00+00:00,1.16546,1.16546,1.16546,1.16546,0
2026-05-31 06:23:00+00:00,1.16546,1.16546,1.16546,1.16546,0
2026-05-31 06:24:00+00:00,1.16546,1.16546,1.16546,1.16546,0
2026-05-31 06:25:00+00:00,1.16546,1.16546,1.16546,1.16546,0
2026-05-31 06:26:00+00:00,1.16546,1.16546,1.16546,1.16546,0
2026-05-31 06:27:00+00:00,1.16546,1.16546,1.16546,1.16546,0
2026-05-31 06:28:00+00:00,1.16546,1.16546,1.16546,1.16546,0
2026-05-31 06:29:00+00:00,1.16546,1.16546,1.16546,1.16546,0
2026-05-31 06:30:00+00:00,1.16546,1.16546,1.16546,1.16546,0
2026-05-31 06:31:00+00:00,1.16546,1.16546,1.16546,1.16546,0
2026-05-31 06:32:00+00:00,1.16546,1.16546,1.16546,1.16546,0
2026-05-31 06:33:00+00:00,1.16546,1.16546,1.16546,1.16546,0
2026-05-31 06:34:00+00:00,1.16546,1.16546,1.16546,1.16546,0
2026-05-31 06:35:00+00:00,1.16546,1.16546,1.16546,1.16546,0
2026-05-31 06:36:00+00:00,1.16546,1.16546,1.16546,1.16546,0
2026-05-31 06:37:00+00:00,1.16546,1.16546,1.16546,1.16546,0
2026-05-31 06:38:00+00:00,1.16546,1.16546,1.16546,1.16546,0
2026-05-31 06:39:00+00:00,1.16546,1.16546,1.16546,1.16546,0
2026-05-31 06:40:00+00:00,1.16546,1.16546,1.16546,1.16546,0
2026-05-31 06:41:00+00:00,1.16546,1.16546,1.16546,1.16546,0
2026-05-31 06:42:00+00:00,1.16546,1.16546,1.16546,1.16546,0
2026-05-31 06:43:00+00:00,1.16546,1.16546,1.16546,1.16546,0
2026-05-31 06:44:00+00:00,1.16546,1.16546,1.16546,1.16546,0
2026-05-31 06:45:00+00:00,1.16546,1.16546,1.16546,1.16546,0
2026-05-31 06:46:00+00:00,1.16546,1.16546,1.16546,1.16546,0
2026-05-31 06:47:00+00:00,1.16546,1.16546,1.16546,1.16546,0
2026-05-31 06:48:00+00:00,1.16546,1.16546,1.16546,1.16546,0
2026-05-31 06:49:00+00:00,1.16546,1.16546,1.16546,1.16546,0
2026-05-31 06:50:00+00:00,1.16546,1.16546,1.16546,1.16546,0
2026-05-31 06:51:00+00:00,1.16546,1.16546,1.16546,1.16546,0
2026-05-31 06:52:00+00:00,1.16546,1.16546,1.16546,1.16546,0
2026-05-31 06:53:00+00:00,1.16546,1.16546,1.16546,1.16546,0
2026-05-31 06:54:00+00:00,1.16546,1.16546,1.16546,1.16546,0
2026-05-31 06:55:00+00:00,1.16546,1.16546,1.16546,1.16546,0
2026-05-31 06:56:00+00:00,1.16546,1.16546,1.16546,1.16546,0
2026-05-31 06:57:00+00:00,1.16546,1.16546,1.16546,1.16546,0
2026-05-31 06:58:00+00:00,1.16546,1.16546,1.16546,1.16546,0
2026-05-31 06:59:00+00:00,1.16546,1.16546,1.16546,1.16546,0
2026-05-31 07:00:00+00:00,1.16546,1.16546,1.16546,1.16546,0
2026-05-31 07:01:00+00:00,1.16546,1.16546,1.16546,1.16546,0
2026-05-31 07:02:00+00:00,1.16546,1.16546,1.16546,1.16546,0
2026-05-31 07:03:00+00:00,1.16546,1.16546,1.16546,1.16546,0
2026-05-31 07:04:00+00:00,1.16546,1.16546,1.16546,1.16546,0
2026-05-31 07:05:00+00:00,1.16546,1.16546,1.16546,1.16546,0
2026-05-31 07:06:00+00:00,1.16546,1.16546,1.16546,1.16546,0
2026-05-31 07:07:00+00:00,1.16546,1.16546,1.16546,1.16546,0
2026-05-31 07:08:00+00:00,1.16546,1.16546,1.16546,1.16546,0
2026-05-31 07:09:00+00:00,1.16546,1.16546,1.16546,1.16546,0
2026-05-31 07:10:00+00:00,1.16546,1.16546,1.16546,1.16546,0
2026-05-31 07:11:00+00:00,1.16546,1.16546,1.16546,1.16546,0
2026-05-31 07:12:00+00:00,1.16546,1.16546,1.16546,1.16546,0
2026-05-31 07:13:00+00:00,1.16546,1.16546,1.16546,1.16546,0
2026-05-31 07:14:00+00:00,1.16546,1.16546,1.16546,1.16546,0
2026-05-31 07:15:00+00:00,1.16546,1.16546,1.16546,1.16546,0
2026-05-31 07:16:00+00:00,1.16546,1.16546,1.16546,1.16546,0
2026-05-31 07:17:00+00:00,1.16546,1.16546,1.16546,1.16546,0
2026-05-31 07:18:00+00:00,1.16546,1.16546,1.16546,1.16546,0
2026-05-31 07:19:00+00:00,1.16546,1.16546,1.16546,1.16546,0
2026-05-31 07:20:00+00:00,1.16546,1.16546,1.16546,1.16546,0
2026-05-31 07:21:00+00:00,1.16546,1.16546,1.16546,1.16546,0
2026-05-31 07:22:00+00:00,1.16546,1.16546,1.16546,1.16546,0
2026-05-31 07:23:00+00:00,1.16546,1.16546,1.16546,1.16546,0
2026-05-31 07:24:00+00:00,1.16546,1.16546,1.16546,1.16546,0
2026-05-31 07:25:00+00:00,1.16546,1.16546,1.16546,1.16546,0
2026-05-31 07:26:00+00:00,1.16546,1.16546,1.16546,1.16546,0
2026-05-31 07:27:00+00:00,1.16546,1.16546,1.16546,1.16546,0
2026-05-31 07:28:00+00:00,1.16546,1.16546,1.16546,1.16546,0
2026-05-31 07:29:00+00:00,1.16546,1.16546,1.16546,1.16546,0
2026-05-31 07:30:00+00:00,1.16546,1.16546,1.16546,1.16546,0
2026-05-31 07:31:00+00:00,1.16546,1.16546,1.16546,1.16546,0
2026-05-31 07:32:00+00:00,1.16546,1.16546,1.16546,1.16546,0
2026-05-31 07:33:00+00:00,1.16546,1.16546,1.16546,1.16546,0
2026-05-31 07:34:00+00:00,1.16546,1.16546,1.16546,1.16546,0
2026-05-31 07:35:00+00:00,1.16546,1.16546,1.16546,1.16546,0
2026-05-31 07:36:00+00:00,1.16546,1.16546,1.16546,1.16546,0
2026-05-31 07:37:00+00:00,1.16546,1.16546,1.16546,1.16546,0
2026-05-31 07:38:00+00:00,1.16546,1.16546,1.16546,1.16546,0
2026-05-31 07:39:00+00:00,1.16546,1.16546,1.16546,1.16546,0
2026-05-31 07:40:00+00:00,1.16546,1.16546,1.16546,1.16546,0
2026-05-31 07:41:00+00:00,1.16546,1.16546,1.16546,1.16546,0
2026-05-31 07:42:00+00:00,1.16546,1.16546,1.16546,1.16546,0
2026-05-31 07:43:00+00:00,1.16546,1.16546,1.16546,1.16546,0
2026-05-31 07:44:00+00:00,1.16546,1.16546,1.16546,1.16546,0
2026-05-31 07:45:00+00:00,1.16546,1.16546,1.16546,1.16546,0
2026-05-31 07:46:00+00:00,1.16546,1.16546,1.16546,1.16546,0
2026-05-31 07:47:00+00:00,1.16546,1.16546,1.16546,1.16546,0
2026-05-31 07:48:00+00:00,1.16546,1.16546,1.16546,1.16546,0
2026-05-31 07:49:00+00:00,1.16546,1.16546,1.16546,1.16546,0
2026-05-31 07:50:00+00:00,1.16546,1.16546,1.16546,1.16546,0
2026-05-31 07:51:00+00:00,1.16546,1.16546,1.16546,1.16546,0
2026-05-31 07:52:00+00:00,1.16546,1.16546,1.16546,1.16546,0
2026-05-31 07:53:00+00:00,1.16546,1.16546,1.16546,1.16546,0
2026-05-31 07:54:00+00:00,1.16546,1.16546,1.16546,1.16546,0
2026-05-31 07:55:00+00:00,1.16546,1.16546,1.16546,1.16546,0
2026-05-31 07:56:00+00:00,1.16546,1.16546,1.16546,1.16546,0
2026-05-31 07:57:00+00:00,1.16546,1.16546,1.16546,1.16546,0
2026-05-31 07:58:00+00:00,1.16546,1.16546,1.16546,1.16546,0
2026-05-31 07:59:00+00:00,1.16546,1.16546,1.16546,1.16546,0
2026-05-31 08:00:00+00:00,1.16546,1.16546,1.16546,1.16546,0
2026-05-31 08:01:00+00:00,1.16546,1.16546,1.16546,1.16546,0
2026-05-31 08:02:00+00:00,1.16546,1.16546,1.16546,1.16546,0
2026-05-31 08:03:00+00:00,1.16546,1.16546,1.16546,1.16546,0
2026-05-31 08:04:00+00:00,1.16546,1.16546,1.16546,1.16546,0
2026-05-31 08:05:00+00:00,1.16546,1.16546,1.16546,1.16546,0
2026-05-31 08:06:00+00:00,1.16546,1.16546,1.16546,1.16546,0
2026-05-31 08:07:00+00:00,1.16546,1.16546,1.16546,1.16546,0
2026-05-31 08:08:00+00:00,1.16546,1.16546,1.16546,1.16546,0
2026-05-31 08:09:00+00:00,1.16546,1.16546,1.16546,1.16546,0
2026-05-31 08:10:00+00:00,1.16546,1.16546,1.16546,1.16546,0
2026-05-31 08:11:00+00:00,1.16546,1.16546,1.16546,1.16546,0
2026-05-31 08:12:00+00:00,1.16546,1.16546,1.16546,1.16546,0
2026-05-31 08:13:00+00:00,1.16546,1.16546,1.16546,1.16546,0
2026-05-31 08:14:00+00:00,1.16546,1.16546,1.16546,1.16546,0
2026-05-31 08:15:00+00:00,1.16546,1.16546,1.16546,1.16546,0
2026-05-31 08:16:00+00:00,1.16546,1.16546,1.16546,1.16546,0
2026-05-31 08:17:00+00:00,1.16546,1.16546,1.16546,1.16546,0
2026-05-31 08:18:00+00:00,1.16546,1.16546,1.16546,1.16546,0
2026-05-31 08:19:00+00:00,1.16546,1.16546,1.16546,1.16546,0
2026-05-31 08:20:00+00:00,1.16546,1.16546,1.16546,1.16546,0
2026-05-31 08:21:00+00:00,1.16546,1.16546,1.16546,1.16546,0
2026-05-31 08:22:00+00:00,1.16546,1.16546,1.16546,1.16546,0
2026-05-31 08:23:00+00:00,1.16546,1.16546,1.16546,1.16546,0
2026-05-31 08:24:00+00:00,1.16546,1.16546,1.16546,1.16546,0
2026-05-31 08:25:00+00:00,1.16546,1.16546,1.16546,1.16546,0
2026-05-31 08:26:00+00:00,1.16546,1.16546,1.16546,1.16546,0
2026-05-31 08:27:00+00:00,1.16546,1.16546,1.16546,1.16546,0
2026-05-31 08:28:00+00:00,1.16546,1.16546,1.16546,1.16546,0
2026-05-31 08:29:00+00:00,1.16546,1.16546,1.16546,1.16546,0
2026-05-31 08:30:00+00:00,1.16546,1.16546,1.16546,1.16546,0
2026-05-31 08:31:00+00:00,1.16546,1.16546,1.16546,1.16546,0
2026-05-31 08:32:00+00:00,1.16546,1.16546,1.16546,1.16546,0
2026-05-31 08:33:00+00:00,1.16546,1.16546,1.16546,1.16546,0
2026-05-31 08:34:00+00:00,1.16546,1.16546,1.16546,1.16546,0
2026-05-31 08:35:00+00:00,1.16546,1.16546,1.16546,1.16546,0
2026-05-31 08:36:00+00:00,1.16546,1.16546,1.16546,1.16546,0
2026-05-31 08:37:00+00:00,1.16546,1.16546,1.16546,1.16546,0
2026-05-31 08:38:00+00:00,1.16546,1.16546,1.16546,1.16546,0
2026-05-31 08:39:00+00:00,1.16546,1.16546,1.16546,1.16546,0
2026-05-31 08:40:00+00:00,1.16546,1.16546,1.16546,1.16546,0
2026-05-31 08:41:00+00:00,1.16546,1.16546,1.16546,1.16546,0
2026-05-31 08:42:00+00:00,1.16546,1.16546,1.16546,1.16546,0
2026-05-31 08:43:00+00:00,1.16546,1.16546,1.16546,1.16546,0
2026-05-31 08:44:00+00:00,1.16546,1.16546,1.16546,1.16546,0
2026-05-31 08:45:00+00:00,1.16546,1.16546,1.16546,1.16546,0
2026-05-31 08:46:00+00:00,1.16546,1.16546,1.16546,1.16546,0
2026-05-31 08:47:00+00:00,1.16546,1.16546,1.16546,1.16546,0
2026-05-31 08:48:00+00:00,1.16546,1.16546,1.16546,1.16546,0
2026-05-31 08:49:00+00:00,1.16546,1.16546,1.16546,1.16546,0
2026-05-31 08:50:00+00:00,1.16546,1.16546,1.16546,1.16546,0
2026-05-31 08:51:00+00:00,1.16546,1.16546,1.16546,1.16546,0
2026-05-31 08:52:00+00:00,1.16546,1.16546,1.16546,1.16546,0
2026-05-31 08:53:00+00:00,1.16546,1.16546,1.16546,1.16546,0
2026-05-31 08:54:00+00:00,1.16546,1.16546,1.16546,1.16546,0
2026-05-31 08:55:00+00:00,1.16546,1.16546,1.16546,1.16546,0
2026-05-31 08:56:00+00:00,1.16546,1.16546,1.16546,1.16546,0
2026-05-31 08:57:00+00:00,1.16546,1.16546,1.16546,1.16546,0
2026-05-31 08:58:00+00:00,1.16546,1.16546,1.16546,1.16546,0
2026-05-31 08:59:00+00:00,1.16546,1.16546,1.16546,1.16546,0
2026-05-31 09:00:00+00:00,1.16546,1.16546,1.16546,1.16546,0
2026-05-31 09:01:00+00:00,1.16546,1.16546,1.16546,1.16546,0
2026-05-31 09:02:00+00:00,1.16546,1.16546,1.16546,1.16546,0
2026-05-31 09:03:00+00:00,1.16546,1.16546,1.16546,1.16546,0
2026-05-31 09:04:00+00:00,1.16546,1.16546,1.16546,1.16546,0
2026-05-31 09:05:00+00:00,1.16546,1.16546,1.16546,1.16546,0
2026-05-31 09:06:00+00:00,1.16546,1.16546,1.16546,1.16546,0
2026-05-31 09:07:00+00:00,1.16546,1.16546,1.16546,1.16546,0
2026-05-31 09:08:00+00:00,1.16546,1.16546,1.16546,1.16546,0
2026-05-31 09:09:00+00:00,1.16546,1.16546,1.16546,1.16546,0
2026-05-31 09:10:00+00:00,1.16546,1.16546,1.16546,1.16546,0
2026-05-31 09:11:00+00:00,1.16546,1.16546,1.16546,1.16546,0
2026-05-31 09:12:00+00:00,1.16546,1.16546,1.16546,1.16546,0
2026-05-31 09:13:00+00:00,1.16546,1.16546,1.16546,1.16546,0
2026-05-31 09:14:00+00:00,1.16546,1.16546,1.16546,1.16546,0
2026-05-31 09:15:00+00:00,1.16546,1.16546,1.16546,1.16546,0
2026-05-31 09:16:00+00:00,1.16546,1.16546,1.16546,1.16546,0
2026-05-31 09:17:00+00:00,1.16546,1.16546,1.16546,1.16546,0
2026-05-31 09:18:00+00:00,1.16546,1.16546,1.16546,1.16546,0
2026-05-31 09:19:00+00:00,1.16546,1.16546,1.16546,1.16546,0
2026-05-31 09:20:00+00:00,1.16546,1.16546,1.16546,1.16546,0
2026-05-31 09:21:00+00:00,1.16546,1.16546,1.16546,1.16546,0
2026-05-31 09:22:00+00:00,1.16546,1.16546,1.16546,1.16546,0
2026-05-31 09:23:00+00:00,1.16546,1.16546,1.16546,1.16546,0
2026-05-31 09:24:00+00:00,1.16546,1.16546,1.16546,1.16546,0
2026-05-31 09:25:00+00:00,1.16546,1.16546,1.16546,1.16546,0
2026-05-31 09:26:00+00:00,1.16546,1.16546,1.16546,1.16546,0
2026-05-31 09:27:00+00:00,1.16546,1.16546,1.16546,1.16546,0
2026-05-31 09:28:00+00:00,1.16546,1.16546,1.16546,1.16546,0
2026-05-31 09:29:00+00:00,1.16546,1.16546,1.16546,1.16546,0
2026-05-31 09:30:00+00:00,1.16546,1.16546,1.16546,1.16546,0
2026-05-31 09:31:00+00:00,1.16546,1.16546,1.16546,1.16546,0
2026-05-31 09:32:00+00:00,1.16546,1.16546,1.16546,1.16546,0
2026-05-31 09:33:00+00:00,1.16546,1.16546,1.16546,1.16546,0
2026-05-31 09:34:00+00:00,1.16546,1.16546,1.16546,1.16546,0
2026-05-31 09:35:00+00:00,1.16546,1.16546,1.16546,1.16546,0
2026-05-31 09:36:00+00:00,1.16546,1.16546,1.16546,1.16546,0
2026-05-31 09:37:00+00:00,1.16546,1.16546,1.16546,1.16546,0
2026-05-31 09:38:00+00:00,1.16546,1.16546,1.16546,1.16546,0
2026-05-31 09:39:00+00:00,1.16546,1.16546,1.16546,1.16546,0
2026-05-31 09:40:00+00:00,1.16546,1.16546,1.16546,1.16546,0
2026-05-31 09:41:00+00:00,1.16546,1.16546,1.16546,1.16546,0
2026-05-31 09:42:00+00:00,1.16546,1.16546,1.16546,1.16546,0
2026-05-31 09:43:00+00:00,1.16546,1.16546,1.16546,1.16546,0
2026-05-31 09:44:00+00:00,1.16546,1.16546,1.16546,1.16546,0
2026-05-31 09:45:00+00:00,1.16546,1.16546,1.16546,1.16546,0
2026-05-31 09:46:00+00:00,1.16546,1.16546,1.16546,1.16546,0
2026-05-31 09:47:00+00:00,1.16546,1.16546,1.16546,1.16546,0
2026-05-31 09:48:00+00:00,1.16546,1.16546,1.16546,1.16546,0
2026-05-31 09:49:00+00:00,1.16546,1.16546,1.16546,1.16546,0
2026-05-31 09:50:00+00:00,1.16546,1.16546,1.16546,1.16546,0
2026-05-31 09:51:00+00:00,1.16546,1.16546,1.16546,1.16546,0
2026-05-31 09:52:00+00:00,1.16546,1.16546,1.16546,1.16546,0
2026-05-31 09:53:00+00:00,1.16546,1.16546,1.16546,1.16546,0
2026-05-31 09:54:00+00:00,1.16546,1.16546,1.16546,1.16546,0
2026-05-31 09:55:00+00:00,1.16546,1.16546,1.16546,1.16546,0
2026-05-31 09:56:00+00:00,1.16546,1.16546,1.16546,1.16546,0
2026-05-31 09:57:00+00:00,1.16546,1.16546,1.16546,1.16546,0
2026-05-31 09:58:00+00:00,1.16546,1.16546,1.16546,1.16546,0
2026-05-31 09:59:00+00:00,1.16546,1.16546,1.16546,1.16546,0
2026-05-31 10:00:00+00:00,1.16546,1.16546,1.16546,1.16546,0
2026-05-31 10:01:00+00:00,1.16546,1.16546,1.16546,1.16546,0
2026-05-31 10:02:00+00:00,1.16546,1.16546,1.16546,1.16546,0
2026-05-31 10:03:00+00:00,1.16546,1.16546,1.16546,1.16546,0
2026-05-31 10:04:00+00:00,1.16546,1.16546,1.16546,1.16546,0
2026-05-31 10:05:00+00:00,1.16546,1.16546,1.16546,1.16546,0
2026-05-31 10:06:00+00:00,1.16546,1.16546,1.16546,1.16546,0
2026-05-31 10:07:00+00:00,1.16546,1.16546,1.16546,1.16546,0
2026-05-31 10:08:00+00:00,1.16546,1.16546,1.16546,1.16546,0
2026-05-31 10:09:00+00:00,1.16546,1.16546,1.16546,1.16546,0
2026-05-31 10:10:00+00:00,1.16546,1.16546,1.16546,1.16546,0
2026-05-31 10:11:00+00:00,1.16546,1.16546,1.16546,1.16546,0
2026-05-31 10:12:00+00:00,1.16546,1.16546,1.16546,1.16546,0
2026-05-31 10:13:00+00:00,1.16546,1.16546,1.16546,1.16546,0
2026-05-31 10:14:00+00:00,1.16546,1.16546,1.16546,1.16546,0
2026-05-31 10:15:00+00:00,1.16546,1.16546,1.16546,1.16546,0
2026-05-31 10:16:00+00:00,1.16546,1.16546,1.16546,1.16546,0
2026-05-31 10:17:00+00:00,1.16546,1.16546,1.16546,1.16546,0
2026-05-31 10:18:00+00:00,1.16546,1.16546,1.16546,1.16546,0
2026-05-31 10:19:00+00:00,1.16546,1.16546,1.16546,1.16546,0
2026-05-31 10:20:00+00:00,1.16546,1.16546,1.16546,1.16546,0
2026-05-31 10:21:00+00:00,1.16546,1.16546,1.16546,1.16546,0
2026-05-31 10:22:00+00:00,1.16546,1.16546,1.16546,1.16546,0
2026-05-31 10:23:00+00:00,1.16546,1.16546,1.16546,1.16546,0
2026-05-31 10:24:00+00:00,1.16546,1.16546,1.16546,1.16546,0
2026-05-31 10:25:00+00:00,1.16546,1.16546,1.16546,1.16546,0
2026-05-31 10:26:00+00:00,1.16546,1.16546,1.16546,1.16546,0
2026-05-31 10:27:00+00:00,1.16546,1.16546,1.16546,1.16546,0
2026-05-31 10:28:00+00:00,1.16546,1.16546,1.16546,1.16546,0
2026-05-31 10:29:00+00:00,1.16546,1.16546,1.16546,1.16546,0
2026-05-31 10:30:00+00:00,1.16546,1.16546,1.16546,1.16546,0
2026-05-31 10:31:00+00:00,1.16546,1.16546,1.16546,1.16546,0
2026-05-31 10:32:00+00:00,1.16546,1.16546,1.16546,1.16546,0
2026-05-31 10:33:00+00:00,1.16546,1.16546,1.16546,1.16546,0
2026-05-31 10:34:00+00:00,1.16546,1.16546,1.16546,1.16546,0
2026-05-31 10:35:00+00:00,1.16546,1.16546,1.16546,1.16546,0
2026-05-31 10:36:00+00:00,1.16546,1.16546,1.16546,1.16546,0
2026-05-31 10:37:00+00:00,1.16546,1.16546,1.16546,1.16546,0
2026-05-31 10:38:00+00:00,1.16546,1.16546,1.16546,1.16546,0
2026-05-31 10:39:00+00:00,1.16546,1.16546,1.16546,1.16546,0
2026-05-31 10:40:00+00:00,1.16546,1.16546,1.16546,1.16546,0
2026-05-31 10:41:00+00:00,1.16546,1.16546,1.16546,1.16546,0
2026-05-31 10:42:00+00:00,1.16546,1.16546,1.16546,1.16546,0
2026-05-31 10:43:00+00:00,1.16546,1.16546,1.16546,1.16546,0
2026-05-31 10:44:00+00:00,1.16546,1.16546,1.16546,1.16546,0
2026-05-31 10:45:00+00:00,1.16546,1.16546,1.16546,1.16546,0
2026-05-31 10:46:00+00:00,1.16546,1.16546,1.16546,1.16546,0
2026-05-31 10:47:00+00:00,1.16546,1.16546,1.16546,1.16546,0
2026-05-31 10:48:00+00:00,1.16546,1.16546,1.16546,1.16546,0
2026-05-31 10:49:00+00:00,1.16546,1.16546,1.16546,1.16546,0
2026-05-31 10:50:00+00:00,1.16546,1.16546,1.16546,1.16546,0
2026-05-31 10:51:00+00:00,1.16546,1.16546,1.16546,1.16546,0
2026-05-31 10:52:00+00:00,1.16546,1.16546,1.16546,1.16546,0
2026-05-31 10:53:00+00:00,1.16546,1.16546,1.16546,1.16546,0
2026-05-31 10:54:00+00:00,1.16546,1.16546,1.16546,1.16546,0
2026-05-31 10:55:00+00:00,1.16546,1.16546,1.16546,1.16546,0
2026-05-31 10:56:00+00:00,1.16546,1.16546,1.16546,1.16546,0
2026-05-31 10:57:00+00:00,1.16546,1.16546,1.16546,1.16546,0
2026-05-31 10:58:00+00:00,1.16546,1.16546,1.16546,1.16546,0
2026-05-31 10:59:00+00:00,1.16546,1.16546,1.16546,1.16546,0
2026-05-31 11:00:00+00:00,1.16546,1.16546,1.16546,1.16546,0
2026-05-31 11:01:00+00:00,1.16546,1.16546,1.16546,1.16546,0
2026-05-31 11:02:00+00:00,1.16546,1.16546,1.16546,1.16546,0
2026-05-31 11:03:00+00:00,1.16546,1.16546,1.16546,1.16546,0
2026-05-31 11:04:00+00:00,1.16546,1.16546,1.16546,1.16546,0
2026-05-31 11:05:00+00:00,1.16546,1.16546,1.16546,1.16546,0
2026-05-31 11:06:00+00:00,1.16546,1.16546,1.16546,1.16546,0
2026-05-31 11:07:00+00:00,1.16546,1.16546,1.16546,1.16546,0
2026-05-31 11:08:00+00:00,1.16546,1.16546,1.16546,1.16546,0
2026-05-31 11:09:00+00:00,1.16546,1.16546,1.16546,1.16546,0
2026-05-31 11:10:00+00:00,1.16546,1.16546,1.16546,1.16546,0
2026-05-31 11:11:00+00:00,1.16546,1.16546,1.16546,1.16546,0
2026-05-31 11:12:00+00:00,1.16546,1.16546,1.16546,1.16546,0
2026-05-31 11:13:00+00:00,1.16546,1.16546,1.16546,1.16546,0
2026-05-31 11:14:00+00:00,1.16546,1.16546,1.16546,1.16546,0
2026-05-31 11:15:00+00:00,1.16546,1.16546,1.16546,1.16546,0
2026-05-31 11:16:00+00:00,1.16546,1.16546,1.16546,1.16546,0
2026-05-31 11:17:00+00:00,1.16546,1.16546,1.16546,1.16546,0
2026-05-31 11:18:00+00:00,1.16546,1.16546,1.16546,1.16546,0
2026-05-31 11:19:00+00:00,1.16546,1.16546,1.16546,1.16546,0
2026-05-31 11:20:00+00:00,1.16546,1.16546,1.16546,1.16546,0
2026-05-31 11:21:00+00:00,1.16546,1.16546,1.16546,1.16546,0
2026-05-31 11:22:00+00:00,1.16546,1.16546,1.16546,1.16546,0
2026-05-31 11:23:00+00:00,1.16546,1.16546,1.16546,1.16546,0
2026-05-31 11:24:00+00:00,1.16546,1.16546,1.16546,1.16546,0
2026-05-31 11:25:00+00:00,1.16546,1.16546,1.16546,1.16546,0
2026-05-31 11:26:00+00:00,1.16546,1.16546,1.16546,1.16546,0
2026-05-31 11:27:00+00:00,1.16546,1.16546,1.16546,1.16546,0
2026-05-31 11:28:00+00:00,1.16546,1.16546,1.16546,1.16546,0
2026-05-31 11:29:00+00:00,1.16546,1.16546,1.16546,1.16546,0
2026-05-31 11:30:00+00:00,1.16546,1.16546,1.16546,1.16546,0
2026-05-31 11:31:00+00:00,1.16546,1.16546,1.16546,1.16546,0
2026-05-31 11:32:00+00:00,1.16546,1.16546,1.16546,1.16546,0
2026-05-31 11:33:00+00:00,1.16546,1.16546,1.16546,1.16546,0
2026-05-31 11:34:00+00:00,1.16546,1.16546,1.16546,1.16546,0
2026-05-31 11:35:00+00:00,1.16546,1.16546,1.16546,1.16546,0
2026-05-31 11:36:00+00:00,1.16546,1.16546,1.16546,1.16546,0
2026-05-31 11:37:00+00:00,1.16546,1.16546,1.16546,1.16546,0
2026-05-31 11:38:00+00:00,1.16546,1.16546,1.16546,1.16546,0
2026-05-31 11:39:00+00:00,1.16546,1.16546,1.16546,1.16546,0
2026-05-31 11:40:00+00:00,1.16546,1.16546,1.16546,1.16546,0
2026-05-31 11:41:00+00:00,1.16546,1.16546,1.16546,1.16546,0
2026-05-31 11:42:00+00:00,1.16546,1.16546,1.16546,1.16546,0
2026-05-31 11:43:00+00:00,1.16546,1.16546,1.16546,1.16546,0
2026-05-31 11:44:00+00:00,1.16546,1.16546,1.16546,1.16546,0
2026-05-31 11:45:00+00:00,1.16546,1.16546,1.16546,1.16546,0
2026-05-31 11:46:00+00:00,1.16546,1.16546,1.16546,1.16546,0
2026-05-31 11:47:00+00:00,1.16546,1.16546,1.16546,1.16546,0
2026-05-31 11:48:00+00:00,1.16546,1.16546,1.16546,1.16546,0
2026-05-31 11:49:00+00:00,1.16546,1.16546,1.16546,1.16546,0
2026-05-31 11:50:00+00:00,1.16546,1.16546,1.16546,1.16546,0
2026-05-31 11:51:00+00:00,1.16546,1.16546,1.16546,1.16546,0
2026-05-31 11:52:00+00:00,1.16546,1.16546,1.16546,1.16546,0
2026-05-31 11:53:00+00:00,1.16546,1.16546,1.16546,1.16546,0
2026-05-31 11:54:00+00:00,1.16546,1.16546,1.16546,1.16546,0
2026-05-31 11:55:00+00:00,1.16546,1.16546,1.16546,1.16546,0
2026-05-31 11:56:00+00:00,1.16546,1.16546,1.16546,1.16546,0
2026-05-31 11:57:00+00:00,1.16546,1.16546,1.16546,1.16546,0
2026-05-31 11:58:00+00:00,1.16546,1.16546,1.16546,1.16546,0
2026-05-31 11:59:00+00:00,1.16546,1.16546,1.16546,1.16546,0
2026-05-31 12:00:00+00:00,1.16546,1.16546,1.16546,1.16546,0
2026-05-31 12:01:00+00:00,1.16546,1.16546,1.16546,1.16546,0
2026-05-31 12:02:00+00:00,1.16546,1.16546,1.16546,1.16546,0
2026-05-31 12:03:00+00:00,1.16546,1.16546,1.16546,1.16546,0
2026-05-31 12:04:00+00:00,1.16546,1.16546,1.16546,1.16546,0
2026-05-31 12:05:00+00:00,1.16546,1.16546,1.16546,1.16546,0
2026-05-31 12:06:00+00:00,1.16546,1.16546,1.16546,1.16546,0
2026-05-31 12:07:00+00:00,1.16546,1.16546,1.16546,1.16546,0
2026-05-31 12:08:00+00:00,1.16546,1.16546,1.16546,1.16546,0
2026-05-31 12:09:00+00:00,1.16546,1.16546,1.16546,1.16546,0
2026-05-31 12:10:00+00:00,1.16546,1.16546,1.16546,1.16546,0
2026-05-31 12:11:00+00:00,1.16546,1.16546,1.16546,1.16546,0
2026-05-31 12:12:00+00:00,1.16546,1.16546,1.16546,1.16546,0
2026-05-31 12:13:00+00:00,1.16546,1.16546,1.16546,1.16546,0
2026-05-31 12:14:00+00:00,1.16546,1.16546,1.16546,1.16546,0
2026-05-31 12:15:00+00:00,1.16546,1.16546,1.16546,1.16546,0
2026-05-31 12:16:00+00:00,1.16546,1.16546,1.16546,1.16546,0
2026-05-31 12:17:00+00:00,1.16546,1.16546,1.16546,1.16546,0
2026-05-31 12:18:00+00:00,1.16546,1.16546,1.16546,1.16546,0
2026-05-31 12:19:00+00:00,1.16546,1.16546,1.16546,1.16546,0
2026-05-31 12:20:00+00:00,1.16546,1.16546,1.16546,1.16546,0
2026-05-31 12:21:00+00:00,1.16546,1.16546,1.16546,1.16546,0
2026-05-31 12:22:00+00:00,1.16546,1.16546,1.16546,1.16546,0
2026-05-31 12:23:00+00:00,1.16546,1.16546,1.16546,1.16546,0
2026-05-31 12:24:00+00:00,1.16546,1.16546,1.16546,1.16546,0
2026-05-31 12:25:00+00:00,1.16546,1.16546,1.16546,1.16546,0
2026-05-31 12:26:00+00:00,1.16546,1.16546,1.16546,1.16546,0
2026-05-31 12:27:00+00:00,1.16546,1.16546,1.16546,1.16546,0
2026-05-31 12:28:00+00:00,1.16546,1.16546,1.16546,1.16546,0
2026-05-31 12:29:00+00:00,1.16546,1.16546,1.16546,1.16546,0
2026-05-31 12:30:00+00:00,1.16546,1.16546,1.16546,1.16546,0
2026-05-31 12:31:00+00:00,1.16546,1.16546,1.16546,1.16546,0
2026-05-31 12:32:00+00:00,1.16546,1.16546,1.16546,1.16546,0
2026-05-31 12:33:00+00:00,1.16546,1.16546,1.16546,1.16546,0
2026-05-31 12:34:00+00:00,1.16546,1.16546,1.16546,1.16546,0
2026-05-31 12:35:00+00:00,1.16546,1.16546,1.16546,1.16546,0
2026-05-31 12:36:00+00:00,1.16546,1.16546,1.16546,1.16546,0
2026-05-31 12:37:00+00:00,1.16546,1.16546,1.16546,1.16546,0
2026-05-31 12:38:00+00:00,1.16546,1.16546,1.16546,1.16546,0
2026-05-31 12:39:00+00:00,1.16546,1.16546,1.16546,1.16546,0
2026-05-31 12:40:00+00:00,1.16546,1.16546,1.16546,1.16546,0
2026-05-31 12:41:00+00:00,1.16546,1.16546,1.16546,1.16546,0
2026-05-31 12:42:00+00:00,1.16546,1.16546,1.16546,1.16546,0
2026-05-31 12:43:00+00:00,1.16546,1.16546,1.16546,1.16546,0
2026-05-31 12:44:00+00:00,1.16546,1.16546,1.16546,1.16546,0
2026-05-31 12:45:00+00:00,1.16546,1.16546,1.16546,1.16546,0
2026-05-31 12:46:00+00:00,1.16546,1.16546,1.16546,1.16546,0
2026-05-31 12:47:00+00:00,1.16546,1.16546,1.16546,1.16546,0
2026-05-31 12:48:00+00:00,1.16546,1.16546,1.16546,1.16546,0
2026-05-31 12:49:00+00:00,1.16546,1.16546,1.16546,1.16546,0
2026-05-31 12:50:00+00:00,1.16546,1.16546,1.16546,1.16546,0
2026-05-31 12:51:00+00:00,1.16546,1.16546,1.16546,1.16546,0
2026-05-31 12:52:00+00:00,1.16546,1.16546,1.16546,1.16546,0
2026-05-31 12:53:00+00:00,1.16546,1.16546,1.16546,1.16546,0
2026-05-31 12:54:00+00:00,1.16546,1.16546,1.16546,1.16546,0
2026-05-31 12:55:00+00:00,1.16546,1.16546,1.16546,1.16546,0
2026-05-31 12:56:00+00:00,1.16546,1.16546,1.16546,1.16546,0
2026-05-31 12:57:00+00:00,1.16546,1.16546,1.16546,1.16546,0
2026-05-31 12:58:00+00:00,1.16546,1.16546,1.16546,1.16546,0
2026-05-31 12:59:00+00:00,1.16546,1.16546,1.16546,1.16546,0
2026-05-31 13:00:00+00:00,1.16546,1.16546,1.16546,1.16546,0
2026-05-31 13:01:00+00:00,1.16546,1.16546,1.16546,1.16546,0
2026-05-31 13:02:00+00:00,1.16546,1.16546,1.16546,1.16546,0
2026-05-31 13:03:00+00:00,1.16546,1.16546,1.16546,1.16546,0
2026-05-31 13:04:00+00:00,1.16546,1.16546,1.16546,1.16546,0
2026-05-31 13:05:00+00:00,1.16546,1.16546,1.16546,1.16546,0
2026-05-31 13:06:00+00:00,1.16546,1.16546,1.16546,1.16546,0
2026-05-31 13:07:00+00:00,1.16546,1.16546,1.16546,1.16546,0
2026-05-31 13:08:00+00:00,1.16546,1.16546,1.16546,1.16546,0
2026-05-31 13:09:00+00:00,1.16546,1.16546,1.16546,1.16546,0
2026-05-31 13:10:00+00:00,1.16546,1.16546,1.16546,1.16546,0
2026-05-31 13:11:00+00:00,1.16546,1.16546,1.16546,1.16546,0
2026-05-31 13:12:00+00:00,1.16546,1.16546,1.16546,1.16546,0
2026-05-31 13:13:00+00:00,1.16546,1.16546,1.16546,1.16546,0
2026-05-31 13:14:00+00:00,1.16546,1.16546,1.16546,1.16546,0
2026-05-31 13:15:00+00:00,1.16546,1.16546,1.16546,1.16546,0
2026-05-31 13:16:00+00:00,1.16546,1.16546,1.16546,1.16546,0
2026-05-31 13:17:00+00:00,1.16546,1.16546,1.16546,1.16546,0
2026-05-31 13:18:00+00:00,1.16546,1.16546,1.16546,1.16546,0
2026-05-31 13:19:00+00:00,1.16546,1.16546,1.16546,1.16546,0
2026-05-31 13:20:00+00:00,1.16546,1.16546,1.16546,1.16546,0
2026-05-31 13:21:00+00:00,1.16546,1.16546,1.16546,1.16546,0
2026-05-31 13:22:00+00:00,1.16546,1.16546,1.16546,1.16546,0
2026-05-31 13:23:00+00:00,1.16546,1.16546,1.16546,1.16546,0
2026-05-31 13:24:00+00:00,1.16546,1.16546,1.16546,1.16546,0
2026-05-31 13:25:00+00:00,1.16546,1.16546,1.16546,1.16546,0
2026-05-31 13:26:00+00:00,1.16546,1.16546,1.16546,1.16546,0
2026-05-31 13:27:00+00:00,1.16546,1.16546,1.16546,1.16546,0
2026-05-31 13:28:00+00:00,1.16546,1.16546,1.16546,1.16546,0
2026-05-31 13:29:00+00:00,1.16546,1.16546,1.16546,1.16546,0
2026-05-31 13:30:00+00:00,1.16546,1.16546,1.16546,1.16546,0
2026-05-31 13:31:00+00:00,1.16546,1.16546,1.16546,1.16546,0
2026-05-31 13:32:00+00:00,1.16546,1.16546,1.16546,1.16546,0
2026-05-31 13:33:00+00:00,1.16546,1.16546,1.16546,1.16546,0
2026-05-31 13:34:00+00:00,1.16546,1.16546,1.16546,1.16546,0
2026-05-31 13:35:00+00:00,1.16546,1.16546,1.16546,1.16546,0
2026-05-31 13:36:00+00:00,1.16546,1.16546,1.16546,1.16546,0
2026-05-31 13:37:00+00:00,1.16546,1.16546,1.16546,1.16546,0
2026-05-31 13:38:00+00:00,1.16546,1.16546,1.16546,1.16546,0
2026-05-31 13:39:00+00:00,1.16546,1.16546,1.16546,1.16546,0
2026-05-31 13:40:00+00:00,1.16546,1.16546,1.16546,1.16546,0
2026-05-31 13:41:00+00:00,1.16546,1.16546,1.16546,1.16546,0
2026-05-31 13:42:00+00:00,1.16546,1.16546,1.16546,1.16546,0
2026-05-31 13:43:00+00:00,1.16546,1.16546,1.16546,1.16546,0
2026-05-31 13:44:00+00:00,1.16546,1.16546,1.16546,1.16546,0
2026-05-31 13:45:00+00:00,1.16546,1.16546,1.16546,1.16546,0
2026-05-31 13:46:00+00:00,1.16546,1.16546,1.16546,1.16546,0
2026-05-31 13:47:00+00:00,1.16546,1.16546,1.16546,1.16546,0
2026-05-31 13:48:00+00:00,1.16546,1.16546,1.16546,1.16546,0
2026-05-31 13:49:00+00:00,1.16546,1.16546,1.16546,1.16546,0
2026-05-31 13:50:00+00:00,1.16546,1.16546,1.16546,1.16546,0
2026-05-31 13:51:00+00:00,1.16546,1.16546,1.16546,1.16546,0
2026-05-31 13:52:00+00:00,1.16546,1.16546,1.16546,1.16546,0
2026-05-31 13:53:00+00:00,1.16546,1.16546,1.16546,1.16546,0
2026-05-31 13:54:00+00:00,1.16546,1.16546,1.16546,1.16546,0
2026-05-31 13:55:00+00:00,1.16546,1.16546,1.16546,1.16546,0
2026-05-31 13:56:00+00:00,1.16546,1.16546,1.16546,1.16546,0
2026-05-31 13:57:00+00:00,1.16546,1.16546,1.16546,1.16546,0
2026-05-31 13:58:00+00:00,1.16546,1.16546,1.16546,1.16546,0
2026-05-31 13:59:00+00:00,1.16546,1.16546,1.16546,1.16546,0
2026-05-31 14:00:00+00:00,1.16546,1.16546,1.16546,1.16546,0
2026-05-31 14:01:00+00:00,1.16546,1.16546,1.16546,1.16546,0
2026-05-31 14:02:00+00:00,1.16546,1.16546,1.16546,1.16546,0
2026-05-31 14:03:00+00:00,1.16546,1.16546,1.16546,1.16546,0
2026-05-31 14:04:00+00:00,1.16546,1.16546,1.16546,1.16546,0
2026-05-31 14:05:00+00:00,1.16546,1.16546,1.16546,1.16546,0
2026-05-31 14:06:00+00:00,1.16546,1.16546,1.16546,1.16546,0
2026-05-31 14:07:00+00:00,1.16546,1.16546,1.16546,1.16546,0
2026-05-31 14:08:00+00:00,1.16546,1.16546,1.16546,1.16546,0
2026-05-31 14:09:00+00:00,1.16546,1.16546,1.16546,1.16546,0
2026-05-31 14:10:00+00:00,1.16546,1.16546,1.16546,1.16546,0
2026-05-31 14:11:00+00:00,1.16546,1.16546,1.16546,1.16546,0
2026-05-31 14:12:00+00:00,1.16546,1.16546,1.16546,1.16546,0
2026-05-31 14:13:00+00:00,1.16546,1.16546,1.16546,1.16546,0
2026-05-31 14:14:00+00:00,1.16546,1.16546,1.16546,1.16546,0
2026-05-31 14:15:00+00:00,1.16546,1.16546,1.16546,1.16546,0
2026-05-31 14:16:00+00:00,1.16546,1.16546,1.16546,1.16546,0
2026-05-31 14:17:00+00:00,1.16546,1.16546,1.16546,1.16546,0
2026-05-31 14:18:00+00:00,1.16546,1.16546,1.16546,1.16546,0
2026-05-31 14:19:00+00:00,1.16546,1.16546,1.16546,1.16546,0
2026-05-31 14:20:00+00:00,1.16546,1.16546,1.16546,1.16546,0
2026-05-31 14:21:00+00:00,1.16546,1.16546,1.16546,1.16546,0
2026-05-31 14:22:00+00:00,1.16546,1.16546,1.16546,1.16546,0
2026-05-31 14:23:00+00:00,1.16546,1.16546,1.16546,1.16546,0
2026-05-31 14:24:00+00:00,1.16546,1.16546,1.16546,1.16546,0
2026-05-31 14:25:00+00:00,1.16546,1.16546,1.16546,1.16546,0
2026-05-31 14:26:00+00:00,1.16546,1.16546,1.16546,1.16546,0
2026-05-31 14:27:00+00:00,1.16546,1.16546,1.16546,1.16546,0
2026-05-31 14:28:00+00:00,1.16546,1.16546,1.16546,1.16546,0
2026-05-31 14:29:00+00:00,1.16546,1.16546,1.16546,1.16546,0
2026-05-31 14:30:00+00:00,1.16546,1.16546,1.16546,1.16546,0
2026-05-31 14:31:00+00:00,1.16546,1.16546,1.16546,1.16546,0
2026-05-31 14:32:00+00:00,1.16546,1.16546,1.16546,1.16546,0
2026-05-31 14:33:00+00:00,1.16546,1.16546,1.16546,1.16546,0
2026-05-31 14:34:00+00:00,1.16546,1.16546,1.16546,1.16546,0
2026-05-31 14:35:00+00:00,1.16546,1.16546,1.16546,1.16546,0
2026-05-31 14:36:00+00:00,1.16546,1.16546,1.16546,1.16546,0
2026-05-31 14:37:00+00:00,1.16546,1.16546,1.16546,1.16546,0
2026-05-31 14:38:00+00:00,1.16546,1.16546,1.16546,1.16546,0
2026-05-31 14:39:00+00:00,1.16546,1.16546,1.16546,1.16546,0
2026-05-31 14:40:00+00:00,1.16546,1.16546,1.16546,1.16546,0
2026-05-31 14:41:00+00:00,1.16546,1.16546,1.16546,1.16546,0
2026-05-31 14:42:00+00:00,1.16546,1.16546,1.16546,1.16546,0
2026-05-31 14:43:00+00:00,1.16546,1.16546,1.16546,1.16546,0
2026-05-31 14:44:00+00:00,1.16546,1.16546,1.16546,1.16546,0
2026-05-31 14:45:00+00:00,1.16546,1.16546,1.16546,1.16546,0
2026-05-31 14:46:00+00:00,1.16546,1.16546,1.16546,1.16546,0
2026-05-31 14:47:00+00:00,1.16546,1.16546,1.16546,1.16546,0
2026-05-31 14:48:00+00:00,1.16546,1.16546,1.16546,1.16546,0
2026-05-31 14:49:00+00:00,1.16546,1.16546,1.16546,1.16546,0
2026-05-31 14:50:00+00:00,1.16546,1.16546,1.16546,1.16546,0
2026-05-31 14:51:00+00:00,1.16546,1.16546,1.16546,1.16546,0
2026-05-31 14:52:00+00:00,1.16546,1.16546,1.16546,1.16546,0
2026-05-31 14:53:00+00:00,1.16546,1.16546,1.16546,1.16546,0
2026-05-31 14:54:00+00:00,1.16546,1.16546,1.16546,1.16546,0
2026-05-31 14:55:00+00:00,1.16546,1.16546,1.16546,1.16546,0
2026-05-31 14:56:00+00:00,1.16546,1.16546,1.16546,1.16546,0
2026-05-31 14:57:00+00:00,1.16546,1.16546,1.16546,1.16546,0
2026-05-31 14:58:00+00:00,1.16546,1.16546,1.16546,1.16546,0
2026-05-31 14:59:00+00:00,1.16546,1.16546,1.16546,1.16546,0
2026-05-31 15:00:00+00:00,1.16546,1.16546,1.16546,1.16546,0
2026-05-31 15:01:00+00:00,1.16546,1.16546,1.16546,1.16546,0
2026-05-31 15:02:00+00:00,1.16546,1.16546,1.16546,1.16546,0
2026-05-31 15:03:00+00:00,1.16546,1.16546,1.16546,1.16546,0
2026-05-31 15:04:00+00:00,1.16546,1.16546,1.16546,1.16546,0
2026-05-31 15:05:00+00:00,1.16546,1.16546,1.16546,1.16546,0
2026-05-31 15:06:00+00:00,1.16546,1.16546,1.16546,1.16546,0
2026-05-31 15:07:00+00:00,1.16546,1.16546,1.16546,1.16546,0
2026-05-31 15:08:00+00:00,1.16546,1.16546,1.16546,1.16546,0
2026-05-31 15:09:00+00:00,1.16546,1.16546,1.16546,1.16546,0
2026-05-31 15:10:00+00:00,1.16546,1.16546,1.16546,1.16546,0
2026-05-31 15:11:00+00:00,1.16546,1.16546,1.16546,1.16546,0
2026-05-31 15:12:00+00:00,1.16546,1.16546,1.16546,1.16546,0
2026-05-31 15:13:00+00:00,1.16546,1.16546,1.16546,1.16546,0
2026-05-31 15:14:00+00:00,1.16546,1.16546,1.16546,1.16546,0
2026-05-31 15:15:00+00:00,1.16546,1.16546,1.16546,1.16546,0
2026-05-31 15:16:00+00:00,1.16546,1.16546,1.16546,1.16546,0
2026-05-31 15:17:00+00:00,1.16546,1.16546,1.16546,1.16546,0
2026-05-31 15:18:00+00:00,1.16546,1.16546,1.16546,1.16546,0
2026-05-31 15:19:00+00:00,1.16546,1.16546,1.16546,1.16546,0
2026-05-31 15:20:00+00:00,1.16546,1.16546,1.16546,1.16546,0
2026-05-31 15:21:00+00:00,1.16546,1.16546,1.16546,1.16546,0
2026-05-31 15:22:00+00:00,1.16546,1.16546,1.16546,1.16546,0
2026-05-31 15:23:00+00:00,1.16546,1.16546,1.16546,1.16546,0
2026-05-31 15:24:00+00:00,1.16546,1.16546,1.16546,1.16546,0
2026-05-31 15:25:00+00:00,1.16546,1.16546,1.16546,1.16546,0
2026-05-31 15:26:00+00:00,1.16546,1.16546,1.16546,1.16546,0
2026-05-31 15:27:00+00:00,1.16546,1.16546,1.16546,1.16546,0
2026-05-31 15:28:00+00:00,1.16546,1.16546,1.16546,1.16546,0
2026-05-31 15:29:00+00:00,1.16546,1.16546,1.16546,1.16546,0
2026-05-31 15:30:00+00:00,1.16546,1.16546,1.16546,1.16546,0
2026-05-31 15:31:00+00:00,1.16546,1.16546,1.16546,1.16546,0
2026-05-31 15:32:00+00:00,1.16546,1.16546,1.16546,1.16546,0
2026-05-31 15:33:00+00:00,1.16546,1.16546,1.16546,1.16546,0
2026-05-31 15:34:00+00:00,1.16546,1.16546,1.16546,1.16546,0
2026-05-31 15:35:00+00:00,1.16546,1.16546,1.16546,1.16546,0
2026-05-31 15:36:00+00:00,1.16546,1.16546,1.16546,1.16546,0
2026-05-31 15:37:00+00:00,1.16546,1.16546,1.16546,1.16546,0
2026-05-31 15:38:00+00:00,1.16546,1.16546,1.16546,1.16546,0
2026-05-31 15:39:00+00:00,1.16546,1.16546,1.16546,1.16546,0
2026-05-31 15:40:00+00:00,1.16546,1.16546,1.16546,1.16546,0
2026-05-31 15:41:00+00:00,1.16546,1.16546,1.16546,1.16546,0
2026-05-31 15:42:00+00:00,1.16546,1.16546,1.16546,1.16546,0
2026-05-31 15:43:00+00:00,1.16546,1.16546,1.16546,1.16546,0
2026-05-31 15:44:00+00:00,1.16546,1.16546,1.16546,1.16546,0
2026-05-31 15:45:00+00:00,1.16546,1.16546,1.16546,1.16546,0
2026-05-31 15:46:00+00:00,1.16546,1.16546,1.16546,1.16546,0
2026-05-31 15:47:00+00:00,1.16546,1.16546,1.16546,1.16546,0
2026-05-31 15:48:00+00:00,1.16546,1.16546,1.16546,1.16546,0
2026-05-31 15:49:00+00:00,1.16546,1.16546,1.16546,1.16546,0
2026-05-31 15:50:00+00:00,1.16546,1.16546,1.16546,1.16546,0
2026-05-31 15:51:00+00:00,1.16546,1.16546,1.16546,1.16546,0
2026-05-31 15:52:00+00:00,1.16546,1.16546,1.16546,1.16546,0
2026-05-31 15:53:00+00:00,1.16546,1.16546,1.16546,1.16546,0
2026-05-31 15:54:00+00:00,1.16546,1.16546,1.16546,1.16546,0
2026-05-31 15:55:00+00:00,1.16546,1.16546,1.16546,1.16546,0
2026-05-31 15:56:00+00:00,1.16546,1.16546,1.16546,1.16546,0
2026-05-31 15:57:00+00:00,1.16546,1.16546,1.16546,1.16546,0
2026-05-31 15:58:00+00:00,1.16546,1.16546,1.16546,1.16546,0
2026-05-31 15:59:00+00:00,1.16546,1.16546,1.16546,1.16546,0
2026-05-31 16:00:00+00:00,1.16546,1.16546,1.16546,1.16546,0
2026-05-31 16:01:00+00:00,1.16546,1.16546,1.16546,1.16546,0
2026-05-31 16:02:00+00:00,1.16546,1.16546,1.16546,1.16546,0
2026-05-31 16:03:00+00:00,1.16546,1.16546,1.16546,1.16546,0
2026-05-31 16:04:00+00:00,1.16546,1.16546,1.16546,1.16546,0
2026-05-31 16:05:00+00:00,1.16546,1.16546,1.16546,1.16546,0
2026-05-31 16:06:00+00:00,1.16546,1.16546,1.16546,1.16546,0
2026-05-31 16:07:00+00:00,1.16546,1.16546,1.16546,1.16546,0
2026-05-31 16:08:00+00:00,1.16546,1.16546,1.16546,1.16546,0
2026-05-31 16:09:00+00:00,1.16546,1.16546,1.16546,1.16546,0
2026-05-31 16:10:00+00:00,1.16546,1.16546,1.16546,1.16546,0
2026-05-31 16:11:00+00:00,1.16546,1.16546,1.16546,1.16546,0
2026-05-31 16:12:00+00:00,1.16546,1.16546,1.16546,1.16546,0
2026-05-31 16:13:00+00:00,1.16546,1.16546,1.16546,1.16546,0
2026-05-31 16:14:00+00:00,1.16546,1.16546,1.16546,1.16546,0
2026-05-31 16:15:00+00:00,1.16546,1.16546,1.16546,1.16546,0
2026-05-31 16:16:00+00:00,1.16546,1.16546,1.16546,1.16546,0
2026-05-31 16:17:00+00:00,1.16546,1.16546,1.16546,1.16546,0
2026-05-31 16:18:00+00:00,1.16546,1.16546,1.16546,1.16546,0
2026-05-31 16:19:00+00:00,1.16546,1.16546,1.16546,1.16546,0
2026-05-31 16:20:00+00:00,1.16546,1.16546,1.16546,1.16546,0
2026-05-31 16:21:00+00:00,1.16546,1.16546,1.16546,1.16546,0
2026-05-31 16:22:00+00:00,1.16546,1.16546,1.16546,1.16546,0
2026-05-31 16:23:00+00:00,1.16546,1.16546,1.16546,1.16546,0
2026-05-31 16:24:00+00:00,1.16546,1.16546,1.16546,1.16546,0
2026-05-31 16:25:00+00:00,1.16546,1.16546,1.16546,1.16546,0
2026-05-31 16:26:00+00:00,1.16546,1.16546,1.16546,1.16546,0
2026-05-31 16:27:00+00:00,1.16546,1.16546,1.16546,1.16546,0
2026-05-31 16:28:00+00:00,1.16546,1.16546,1.16546,1.16546,0
2026-05-31 16:29:00+00:00,1.16546,1.16546,1.16546,1.16546,0
2026-05-31 16:30:00+00:00,1.16546,1.16546,1.16546,1.16546,0
2026-05-31 16:31:00+00:00,1.16546,1.16546,1.16546,1.16546,0
2026-05-31 16:32:00+00:00,1.16546,1.16546,1.16546,1.16546,0
2026-05-31 16:33:00+00:00,1.16546,1.16546,1.16546,1.16546,0
2026-05-31 16:34:00+00:00,1.16546,1.16546,1.16546,1.16546,0
2026-05-31 16:35:00+00:00,1.16546,1.16546,1.16546,1.16546,0
2026-05-31 16:36:00+00:00,1.16546,1.16546,1.16546,1.16546,0
2026-05-31 16:37:00+00:00,1.16546,1.16546,1.16546,1.16546,0
2026-05-31 16:38:00+00:00,1.16546,1.16546,1.16546,1.16546,0
2026-05-31 16:39:00+00:00,1.16546,1.16546,1.16546,1.16546,0
2026-05-31 16:40:00+00:00,1.16546,1.16546,1.16546,1.16546,0
2026-05-31 16:41:00+00:00,1.16546,1.16546,1.16546,1.16546,0
2026-05-31 16:42:00+00:00,1.16546,1.16546,1.16546,1.16546,0
2026-05-31 16:43:00+00:00,1.16546,1.16546,1.16546,1.16546,0
2026-05-31 16:44:00+00:00,1.16546,1.16546,1.16546,1.16546,0
2026-05-31 16:45:00+00:00,1.16546,1.16546,1.16546,1.16546,0
2026-05-31 16:46:00+00:00,1.16546,1.16546,1.16546,1.16546,0
2026-05-31 16:47:00+00:00,1.16546,1.16546,1.16546,1.16546,0
2026-05-31 16:48:00+00:00,1.16546,1.16546,1.16546,1.16546,0
2026-05-31 16:49:00+00:00,1.16546,1.16546,1.16546,1.16546,0
2026-05-31 16:50:00+00:00,1.16546,1.16546,1.16546,1.16546,0
2026-05-31 16:51:00+00:00,1.16546,1.16546,1.16546,1.16546,0
2026-05-31 16:52:00+00:00,1.16546,1.16546,1.16546,1.16546,0
2026-05-31 16:53:00+00:00,1.16546,1.16546,1.16546,1.16546,0
2026-05-31 16:54:00+00:00,1.16546,1.16546,1.16546,1.16546,0
2026-05-31 16:55:00+00:00,1.16546,1.16546,1.16546,1.16546,0
2026-05-31 16:56:00+00:00,1.16546,1.16546,1.16546,1.16546,0
2026-05-31 16:57:00+00:00,1.16546,1.16546,1.16546,1.16546,0
2026-05-31 16:58:00+00:00,1.16546,1.16546,1.16546,1.16546,0
2026-05-31 16:59:00+00:00,1.16546,1.16546,1.16546,1.16546,0
2026-05-31 17:00:00+00:00,1.16546,1.16546,1.16546,1.16546,0
2026-05-31 17:01:00+00:00,1.16546,1.16546,1.16546,1.16546,0
2026-05-31 17:02:00+00:00,1.16546,1.16546,1.16546,1.16546,0
2026-05-31 17:03:00+00:00,1.16546,1.16546,1.16546,1.16546,0
2026-05-31 17:04:00+00:00,1.16546,1.16546,1.16546,1.16546,0
2026-05-31 17:05:00+00:00,1.16546,1.16546,1.16546,1.16546,0
2026-05-31 17:06:00+00:00,1.16546,1.16546,1.16546,1.16546,0
2026-05-31 17:07:00+00:00,1.16546,1.16546,1.16546,1.16546,0
2026-05-31 17:08:00+00:00,1.16546,1.16546,1.16546,1.16546,0
2026-05-31 17:09:00+00:00,1.16546,1.16546,1.16546,1.16546,0
2026-05-31 17:10:00+00:00,1.16546,1.16546,1.16546,1.16546,0
2026-05-31 17:11:00+00:00,1.16546,1.16546,1.16546,1.16546,0
2026-05-31 17:12:00+00:00,1.16546,1.16546,1.16546,1.16546,0
2026-05-31 17:13:00+00:00,1.16546,1.16546,1.16546,1.16546,0
2026-05-31 17:14:00+00:00,1.16546,1.16546,1.16546,1.16546,0
2026-05-31 17:15:00+00:00,1.16546,1.16546,1.16546,1.16546,0
2026-05-31 17:16:00+00:00,1.16546,1.16546,1.16546,1.16546,0
2026-05-31 17:17:00+00:00,1.16546,1.16546,1.16546,1.16546,0
2026-05-31 17:18:00+00:00,1.16546,1.16546,1.16546,1.16546,0
2026-05-31 17:19:00+00:00,1.16546,1.16546,1.16546,1.16546,0
2026-05-31 17:20:00+00:00,1.16546,1.16546,1.16546,1.16546,0
2026-05-31 17:21:00+00:00,1.16546,1.16546,1.16546,1.16546,0
2026-05-31 17:22:00+00:00,1.16546,1.16546,1.16546,1.16546,0
2026-05-31 17:23:00+00:00,1.16546,1.16546,1.16546,1.16546,0
2026-05-31 17:24:00+00:00,1.16546,1.16546,1.16546,1.16546,0
2026-05-31 17:25:00+00:00,1.16546,1.16546,1.16546,1.16546,0
2026-05-31 17:26:00+00:00,1.16546,1.16546,1.16546,1.16546,0
2026-05-31 17:27:00+00:00,1.16546,1.16546,1.16546,1.16546,0
2026-05-31 17:28:00+00:00,1.16546,1.16546,1.16546,1.16546,0
2026-05-31 17:29:00+00:00,1.16546,1.16546,1.16546,1.16546,0
2026-05-31 17:30:00+00:00,1.16546,1.16546,1.16546,1.16546,0
2026-05-31 17:31:00+00:00,1.16546,1.16546,1.16546,1.16546,0
2026-05-31 17:32:00+00:00,1.16546,1.16546,1.16546,1.16546,0
2026-05-31 17:33:00+00:00,1.16546,1.16546,1.16546,1.16546,0
2026-05-31 17:34:00+00:00,1.16546,1.16546,1.16546,1.16546,0
2026-05-31 17:35:00+00:00,1.16546,1.16546,1.16546,1.16546,0
2026-05-31 17:36:00+00:00,1.16546,1.16546,1.16546,1.16546,0
2026-05-31 17:37:00+00:00,1.16546,1.16546,1.16546,1.16546,0
2026-05-31 17:38:00+00:00,1.16546,1.16546,1.16546,1.16546,0
2026-05-31 17:39:00+00:00,1.16546,1.16546,1.16546,1.16546,0
2026-05-31 17:40:00+00:00,1.16546,1.16546,1.16546,1.16546,0
2026-05-31 17:41:00+00:00,1.16546,1.16546,1.16546,1.16546,0
2026-05-31 17:42:00+00:00,1.16546,1.16546,1.16546,1.16546,0
2026-05-31 17:43:00+00:00,1.16546,1.16546,1.16546,1.16546,0
2026-05-31 17:44:00+00:00,1.16546,1.16546,1.16546,1.16546,0
2026-05-31 17:45:00+00:00,1.16546,1.16546,1.16546,1.16546,0
2026-05-31 17:46:00+00:00,1.16546,1.16546,1.16546,1.16546,0
2026-05-31 17:47:00+00:00,1.16546,1.16546,1.16546,1.16546,0
2026-05-31 17:48:00+00:00,1.16546,1.16546,1.16546,1.16546,0
2026-05-31 17:49:00+00:00,1.16546,1.16546,1.16546,1.16546,0
2026-05-31 17:50:00+00:00,1.16546,1.16546,1.16546,1.16546,0
2026-05-31 17:51:00+00:00,1.16546,1.16546,1.16546,1.16546,0
2026-05-31 17:52:00+00:00,1.16546,1.16546,1.16546,1.16546,0
2026-05-31 17:53:00+00:00,1.16546,1.16546,1.16546,1.16546,0
2026-05-31 17:54:00+00:00,1.16546,1.16546,1.16546,1.16546,0
2026-05-31 17:55:00+00:00,1.16546,1.16546,1.16546,1.16546,0
2026-05-31 17:56:00+00:00,1.16546,1.16546,1.16546,1.16546,0
2026-05-31 17:57:00+00:00,1.16546,1.16546,1.16546,1.16546,0
2026-05-31 17:58:00+00:00,1.16546,1.16546,1.16546,1.16546,0
2026-05-31 17:59:00+00:00,1.16546,1.16546,1.16546,1.16546,0
2026-05-31 18:00:00+00:00,1.16546,1.16546,1.16546,1.16546,0
2026-05-31 18:01:00+00:00,1.16546,1.16546,1.16546,1.16546,0
2026-05-31 18:02:00+00:00,1.16546,1.16546,1.16546,1.16546,0
2026-05-31 18:03:00+00:00,1.16546,1.16546,1.16546,1.16546,0
2026-05-31 18:04:00+00:00,1.16546,1.16546,1.16546,1.16546,0
2026-05-31 18:05:00+00:00,1.16546,1.16546,1.16546,1.16546,0
2026-05-31 18:06:00+00:00,1.16546,1.16546,1.16546,1.16546,0
2026-05-31 18:07:00+00:00,1.16546,1.16546,1.16546,1.16546,0
2026-05-31 18:08:00+00:00,1.16546,1.16546,1.16546,1.16546,0
2026-05-31 18:09:00+00:00,1.16546,1.16546,1.16546,1.16546,0
2026-05-31 18:10:00+00:00,1.16546,1.16546,1.16546,1.16546,0
2026-05-31 18:11:00+00:00,1.16546,1.16546,1.16546,1.16546,0
2026-05-31 18:12:00+00:00,1.16546,1.16546,1.16546,1.16546,0
2026-05-31 18:13:00+00:00,1.16546,1.16546,1.16546,1.16546,0
2026-05-31 18:14:00+00:00,1.16546,1.16546,1.16546,1.16546,0
2026-05-31 18:15:00+00:00,1.16546,1.16546,1.16546,1.16546,0
2026-05-31 18:16:00+00:00,1.16546,1.16546,1.16546,1.16546,0
2026-05-31 18:17:00+00:00,1.16546,1.16546,1.16546,1.16546,0
2026-05-31 18:18:00+00:00,1.16546,1.16546,1.16546,1.16546,0
2026-05-31 18:19:00+00:00,1.16546,1.16546,1.16546,1.16546,0
2026-05-31 18:20:00+00:00,1.16546,1.16546,1.16546,1.16546,0
2026-05-31 18:21:00+00:00,1.16546,1.16546,1.16546,1.16546,0
2026-05-31 18:22:00+00:00,1.16546,1.16546,1.16546,1.16546,0
2026-05-31 18:23:00+00:00,1.16546,1.16546,1.16546,1.16546,0
2026-05-31 18:24:00+00:00,1.16546,1.16546,1.16546,1.16546,0
2026-05-31 18:25:00+00:00,1.16546,1.16546,1.16546,1.16546,0
2026-05-31 18:26:00+00:00,1.16546,1.16546,1.16546,1.16546,0
2026-05-31 18:27:00+00:00,1.16546,1.16546,1.16546,1.16546,0
2026-05-31 18:28:00+00:00,1.16546,1.16546,1.16546,1.16546,0
2026-05-31 18:29:00+00:00,1.16546,1.16546,1.16546,1.16546,0
2026-05-31 18:30:00+00:00,1.16546,1.16546,1.16546,1.16546,0
2026-05-31 18:31:00+00:00,1.16546,1.16546,1.16546,1.16546,0
2026-05-31 18:32:00+00:00,1.16546,1.16546,1.16546,1.16546,0
2026-05-31 18:33:00+00:00,1.16546,1.16546,1.16546,1.16546,0
2026-05-31 18:34:00+00:00,1.16546,1.16546,1.16546,1.16546,0
2026-05-31 18:35:00+00:00,1.16546,1.16546,1.16546,1.16546,0
2026-05-31 18:36:00+00:00,1.16546,1.16546,1.16546,1.16546,0
2026-05-31 18:37:00+00:00,1.16546,1.16546,1.16546,1.16546,0
2026-05-31 18:38:00+00:00,1.16546,1.16546,1.16546,1.16546,0
2026-05-31 18:39:00+00:00,1.16546,1.16546,1.16546,1.16546,0
2026-05-31 18:40:00+00:00,1.16546,1.16546,1.16546,1.16546,0
2026-05-31 18:41:00+00:00,1.16546,1.16546,1.16546,1.16546,0
2026-05-31 18:42:00+00:00,1.16546,1.16546,1.16546,1.16546,0
2026-05-31 18:43:00+00:00,1.16546,1.16546,1.16546,1.16546,0
2026-05-31 18:44:00+00:00,1.16546,1.16546,1.16546,1.16546,0
2026-05-31 18:45:00+00:00,1.16546,1.16546,1.16546,1.16546,0
2026-05-31 18:46:00+00:00,1.16546,1.16546,1.16546,1.16546,0
2026-05-31 18:47:00+00:00,1.16546,1.16546,1.16546,1.16546,0
2026-05-31 18:48:00+00:00,1.16546,1.16546,1.16546,1.16546,0
2026-05-31 18:49:00+00:00,1.16546,1.16546,1.16546,1.16546,0
2026-05-31 18:50:00+00:00,1.16546,1.16546,1.16546,1.16546,0
2026-05-31 18:51:00+00:00,1.16546,1.16546,1.16546,1.16546,0
2026-05-31 18:52:00+00:00,1.16546,1.16546,1.16546,1.16546,0
2026-05-31 18:53:00+00:00,1.16546,1.16546,1.16546,1.16546,0
2026-05-31 18:54:00+00:00,1.16546,1.16546,1.16546,1.16546,0
2026-05-31 18:55:00+00:00,1.16546,1.16546,1.16546,1.16546,0
2026-05-31 18:56:00+00:00,1.16546,1.16546,1.16546,1.16546,0
2026-05-31 18:57:00+00:00,1.16546,1.16546,1.16546,1.16546,0
2026-05-31 18:58:00+00:00,1.16546,1.16546,1.16546,1.16546,0
2026-05-31 18:59:00+00:00,1.16546,1.16546,1.16546,1.16546,0
2026-05-31 19:00:00+00:00,1.16546,1.16546,1.16546,1.16546,0
2026-05-31 19:01:00+00:00,1.16546,1.16546,1.16546,1.16546,0
2026-05-31 19:02:00+00:00,1.16546,1.16546,1.16546,1.16546,0
2026-05-31 19:03:00+00:00,1.16546,1.16546,1.16546,1.16546,0
2026-05-31 19:04:00+00:00,1.16546,1.16546,1.16546,1.16546,0
2026-05-31 19:05:00+00:00,1.16546,1.16546,1.16546,1.16546,0
2026-05-31 19:06:00+00:00,1.16546,1.16546,1.16546,1.16546,0
2026-05-31 19:07:00+00:00,1.16546,1.16546,1.16546,1.16546,0
2026-05-31 19:08:00+00:00,1.16546,1.16546,1.16546,1.16546,0
2026-05-31 19:09:00+00:00,1.16546,1.16546,1.16546,1.16546,0
2026-05-31 19:10:00+00:00,1.16546,1.16546,1.16546,1.16546,0
2026-05-31 19:11:00+00:00,1.16546,1.16546,1.16546,1.16546,0
2026-05-31 19:12:00+00:00,1.16546,1.16546,1.16546,1.16546,0
2026-05-31 19:13:00+00:00,1.16546,1.16546,1.16546,1.16546,0
2026-05-31 19:14:00+00:00,1.16546,1.16546,1.16546,1.16546,0
2026-05-31 19:15:00+00:00,1.16546,1.16546,1.16546,1.16546,0
2026-05-31 19:16:00+00:00,1.16546,1.16546,1.16546,1.16546,0
2026-05-31 19:17:00+00:00,1.16546,1.16546,1.16546,1.16546,0
2026-05-31 19:18:00+00:00,1.16546,1.16546,1.16546,1.16546,0
2026-05-31 19:19:00+00:00,1.16546,1.16546,1.16546,1.16546,0
2026-05-31 19:20:00+00:00,1.16546,1.16546,1.16546,1.16546,0
2026-05-31 19:21:00+00:00,1.16546,1.16546,1.16546,1.16546,0
2026-05-31 19:22:00+00:00,1.16546,1.16546,1.16546,1.16546,0
2026-05-31 19:23:00+00:00,1.16546,1.16546,1.16546,1.16546,0
2026-05-31 19:24:00+00:00,1.16546,1.16546,1.16546,1.16546,0
2026-05-31 19:25:00+00:00,1.16546,1.16546,1.16546,1.16546,0
2026-05-31 19:26:00+00:00,1.16546,1.16546,1.16546,1.16546,0
2026-05-31 19:27:00+00:00,1.16546,1.16546,1.16546,1.16546,0
2026-05-31 19:28:00+00:00,1.16546,1.16546,1.16546,1.16546,0
2026-05-31 19:29:00+00:00,1.16546,1.16546,1.16546,1.16546,0
2026-05-31 19:30:00+00:00,1.16546,1.16546,1.16546,1.16546,0
2026-05-31 19:31:00+00:00,1.16546,1.16546,1.16546,1.16546,0
2026-05-31 19:32:00+00:00,1.16546,1.16546,1.16546,1.16546,0
2026-05-31 19:33:00+00:00,1.16546,1.16546,1.16546,1.16546,0
2026-05-31 19:34:00+00:00,1.16546,1.16546,1.16546,1.16546,0
2026-05-31 19:35:00+00:00,1.16546,1.16546,1.16546,1.16546,0
2026-05-31 19:36:00+00:00,1.16546,1.16546,1.16546,1.16546,0
2026-05-31 19:37:00+00:00,1.16546,1.16546,1.16546,1.16546,0
2026-05-31 19:38:00+00:00,1.16546,1.16546,1.16546,1.16546,0
2026-05-31 19:39:00+00:00,1.16546,1.16546,1.16546,1.16546,0
2026-05-31 19:40:00+00:00,1.16546,1.16546,1.16546,1.16546,0
2026-05-31 19:41:00+00:00,1.16546,1.16546,1.16546,1.16546,0
2026-05-31 19:42:00+00:00,1.16546,1.16546,1.16546,1.16546,0
2026-05-31 19:43:00+00:00,1.16546,1.16546,1.16546,1.16546,0
2026-05-31 19:44:00+00:00,1.16546,1.16546,1.16546,1.16546,0
2026-05-31 19:45:00+00:00,1.16546,1.16546,1.16546,1.16546,0
2026-05-31 19:46:00+00:00,1.16546,1.16546,1.16546,1.16546,0
2026-05-31 19:47:00+00:00,1.16546,1.16546,1.16546,1.16546,0
2026-05-31 19:48:00+00:00,1.16546,1.16546,1.16546,1.16546,0
2026-05-31 19:49:00+00:00,1.16546,1.16546,1.16546,1.16546,0
2026-05-31 19:50:00+00:00,1.16546,1.16546,1.16546,1.16546,0
2026-05-31 19:51:00+00:00,1.16546,1.16546,1.16546,1.16546,0
2026-05-31 19:52:00+00:00,1.16546,1.16546,1.16546,1.16546,0
2026-05-31 19:53:00+00:00,1.16546,1.16546,1.16546,1.16546,0
2026-05-31 19:54:00+00:00,1.16546,1.16546,1.16546,1.16546,0
2026-05-31 19:55:00+00:00,1.16546,1.16546,1.16546,1.16546,0
2026-05-31 19:56:00+00:00,1.16546,1.16546,1.16546,1.16546,0
2026-05-31 19:57:00+00:00,1.16546,1.16546,1.16546,1.16546,0
2026-05-31 19:58:00+00:00,1.16546,1.16546,1.16546,1.16546,0
2026-05-31 19:59:00+00:00,1.16546,1.16546,1.16546,1.16546,0
2026-05-31 20:00:00+00:00,1.16546,1.16546,1.16546,1.16546,0
2026-05-31 20:01:00+00:00,1.16546,1.16546,1.16546,1.16546,0
2026-05-31 20:02:00+00:00,1.16546,1.16546,1.16546,1.16546,0
2026-05-31 20:03:00+00:00,1.16546,1.16546,1.16546,1.16546,0
2026-05-31 20:04:00+00:00,1.16546,1.16546,1.16546,1.16546,0
2026-05-31 20:05:00+00:00,1.16546,1.16546,1.16546,1.16546,0
2026-05-31 20:06:00+00:00,1.16546,1.16546,1.16546,1.16546,0
2026-05-31 20:07:00+00:00,1.16546,1.16546,1.16546,1.16546,0
2026-05-31 20:08:00+00:00,1.16546,1.16546,1.16546,1.16546,0
2026-05-31 20:09:00+00:00,1.16546,1.16546,1.16546,1.16546,0
2026-05-31 20:10:00+00:00,1.16546,1.16546,1.16546,1.16546,0
2026-05-31 20:11:00+00:00,1.16546,1.16546,1.16546,1.16546,0
2026-05-31 20:12:00+00:00,1.16546,1.16546,1.16546,1.16546,0
2026-05-31 20:13:00+00:00,1.16546,1.16546,1.16546,1.16546,0
2026-05-31 20:14:00+00:00,1.16546,1.16546,1.16546,1.16546,0
2026-05-31 20:15:00+00:00,1.16546,1.16546,1.16546,1.16546,0
2026-05-31 20:16:00+00:00,1.16546,1.16546,1.16546,1.16546,0
2026-05-31 20:17:00+00:00,1.16546,1.16546,1.16546,1.16546,0
2026-05-31 20:18:00+00:00,1.16546,1.16546,1.16546,1.16546,0
2026-05-31 20:19:00+00:00,1.16546,1.16546,1.16546,1.16546,0
2026-05-31 20:20:00+00:00,1.16546,1.16546,1.16546,1.16546,0
2026-05-31 20:21:00+00:00,1.16546,1.16546,1.16546,1.16546,0
2026-05-31 20:22:00+00:00,1.16546,1.16546,1.16546,1.16546,0
2026-05-31 20:23:00+00:00,1.16546,1.16546,1.16546,1.16546,0
2026-05-31 20:24:00+00:00,1.16546,1.16546,1.16546,1.16546,0
2026-05-31 20:25:00+00:00,1.16546,1.16546,1.16546,1.16546,0
2026-05-31 20:26:00+00:00,1.16546,1.16546,1.16546,1.16546,0
2026-05-31 20:27:00+00:00,1.16546,1.16546,1.16546,1.16546,0
2026-05-31 20:28:00+00:00,1.16546,1.16546,1.16546,1.16546,0
2026-05-31 20:29:00+00:00,1.16546,1.16546,1.16546,1.16546,0
2026-05-31 20:30:00+00:00,1.16546,1.16546,1.16546,1.16546,0
2026-05-31 20:31:00+00:00,1.16546,1.16546,1.16546,1.16546,0
2026-05-31 20:32:00+00:00,1.16546,1.16546,1.16546,1.16546,0
2026-05-31 20:33:00+00:00,1.16546,1.16546,1.16546,1.16546,0
2026-05-31 20:34:00+00:00,1.16546,1.16546,1.16546,1.16546,0
2026-05-31 20:35:00+00:00,1.16546,1.16546,1.16546,1.16546,0
2026-05-31 20:36:00+00:00,1.16546,1.16546,1.16546,1.16546,0
2026-05-31 20:37:00+00:00,1.16546,1.16546,1.16546,1.16546,0
2026-05-31 20:38:00+00:00,1.16546,1.16546,1.16546,1.16546,0
2026-05-31 20:39:00+00:00,1.16546,1.16546,1.16546,1.16546,0
2026-05-31 20:40:00+00:00,1.16546,1.16546,1.16546,1.16546,0
2026-05-31 20:41:00+00:00,1.16546,1.16546,1.16546,1.16546,0
2026-05-31 20:42:00+00:00,1.16546,1.16546,1.16546,1.16546,0
2026-05-31 20:43:00+00:00,1.16546,1.16546,1.16546,1.16546,0
2026-05-31 20:44:00+00:00,1.16546,1.16546,1.16546,1.16546,0
2026-05-31 20:45:00+00:00,1.16546,1.16546,1.16546,1.16546,0
2026-05-31 20:46:00+00:00,1.16546,1.16546,1.16546,1.16546,0
2026-05-31 20:47:00+00:00,1.16546,1.16546,1.16546,1.16546,0
2026-05-31 20:48:00+00:00,1.16546,1.16546,1.16546,1.16546,0
2026-05-31 20:49:00+00:00,1.16546,1.16546,1.16546,1.16546,0
2026-05-31 20:50:00+00:00,1.16546,1.16546,1.16546,1.16546,0
2026-05-31 20:51:00+00:00,1.16546,1.16546,1.16546,1.16546,0
2026-05-31 20:52:00+00:00,1.16546,1.16546,1.16546,1.16546,0
2026-05-31 20:53:00+00:00,1.16546,1.16546,1.16546,1.16546,0
2026-05-31 20:54:00+00:00,1.16546,1.16546,1.16546,1.16546,0
2026-05-31 20:55:00+00:00,1.16546,1.16546,1.16546,1.16546,0
2026-05-31 20:56:00+00:00,1.16546,1.16546,1.16546,1.16546,0
2026-05-31 20:57:00+00:00,1.16546,1.16546,1.16546,1.16546,0
2026-05-31 20:58:00+00:00,1.16546,1.16546,1.16546,1.16546,0
2026-05-31 20:59:00+00:00,1.16546,1.16546,1.16546,1.16546,0
2026-05-31 21:00:00+00:00,1.16527,1.16564,1.16526,1.16526,0
2026-05-31 21:01:00+00:00,1.16526,1.16526,1.16519,1.16519,0
2026-05-31 21:02:00+00:00,1.16519,1.16519,1.16519,1.16519,0
2026-05-31 21:03:00+00:00,1.16519,1.16519,1.16519,1.16519,0
2026-05-31 21:04:00+00:00,1.16519,1.16519,1.16519,1.16519,0
2026-05-31 21:05:00+00:00,1.16519,1.1653,1.16519,1.1653,0
2026-05-31 21:06:00+00:00,1.1653,1.1653,1.1653,1.1653,0
2026-05-31 21:07:00+00:00,1.16532,1.16533,1.1653,1.1653,0
2026-05-31 21:08:00+00:00,1.16535,1.16537,1.1653,1.16537,0
2026-05-31 21:09:00+00:00,1.16537,1.16537,1.16537,1.16537,0
2026-05-31 21:10:00+00:00,1.16537,1.16537,1.16531,1.16531,0
2026-05-31 21:11:00+00:00,1.16553,1.16553,1.16546,1.16546,0
2026-05-31 21:12:00+00:00,1.16536,1.16562,1.16536,1.16538,0
2026-05-31 21:13:00+00:00,1.16538,1.16538,1.16538,1.16538,0
2026-05-31 21:14:00+00:00,1.16538,1.16538,1.16538,1.16538,0
2026-05-31 21:15:00+00:00,1.16537,1.16539,1.16537,1.16538,0
2026-05-31 21:16:00+00:00,1.16538,1.16538,1.16538,1.16538,0
2026-05-31 21:17:00+00:00,1.16538,1.16538,1.16538,1.16538,0
2026-05-31 21:18:00+00:00,1.16537,1.16538,1.16537,1.16537,0
2026-05-31 21:19:00+00:00,1.16537,1.16537,1.16537,1.16537,0
2026-05-31 21:20:00+00:00,1.16538,1.16538,1.16528,1.16535,0
2026-05-31 21:21:00+00:00,1.16534,1.16536,1.16534,1.16536,0
2026-05-31 21:22:00+00:00,1.16535,1.16535,1.16535,1.16535,0
2026-05-31 21:23:00+00:00,1.16538,1.16538,1.16535,1.16535,0
2026-05-31 21:24:00+00:00,1.16536,1.16538,1.16536,1.16538,0
2026-05-31 21:25:00+00:00,1.16535,1.16537,1.16535,1.16535,0
2026-05-31 21:26:00+00:00,1.16534,1.16534,1.16534,1.16534,0
2026-05-31 21:27:00+00:00,1.16533,1.16552,1.16533,1.16537,0
2026-05-31 21:28:00+00:00,1.16537,1.16538,1.16537,1.16538,0
2026-05-31 21:29:00+00:00,1.16536,1.16536,1.16536,1.16536,0
2026-05-31 21:30:00+00:00,1.16537,1.16537,1.16536,1.16536,0
2026-05-31 21:31:00+00:00,1.16537,1.16537,1.16537,1.16537,0
2026-05-31 21:32:00+00:00,1.16536,1.16536,1.16536,1.16536,0
2026-05-31 21:33:00+00:00,1.16535,1.16556,1.16535,1.16545,0
2026-05-31 21:34:00+00:00,1.16551,1.16555,1.16538,1.16538,0
2026-05-31 21:35:00+00:00,1.16538,1.16545,1.16538,1.16542,0
2026-05-31 21:36:00+00:00,1.16535,1.16547,1.16533,1.16543,0
2026-05-31 21:37:00+00:00,1.16551,1.16551,1.16546,1.16546,0
2026-05-31 21:38:00+00:00,1.16546,1.16546,1.16546,1.16546,0
2026-05-31 21:39:00+00:00,1.16547,1.16554,1.16543,1.16554,0
2026-05-31 21:40:00+00:00,1.16555,1.16555,1.16555,1.16555,0
2026-05-31 21:41:00+00:00,1.16558,1.16558,1.16553,1.16557,0
2026-05-31 21:42:00+00:00,1.16557,1.16557,1.16557,1.16557,0
2026-05-31 21:43:00+00:00,1.16557,1.16569,1.16552,1.16569,0
2026-05-31 21:44:00+00:00,1.16564,1.16572,1.16552,1.16562,0
2026-05-31 21:45:00+00:00,1.16563,1.16607,1.16554,1.16575,0
2026-05-31 21:46:00+00:00,1.16575,1.16575,1.16564,1.16566,0
2026-05-31 21:47:00+00:00,1.16566,1.16566,1.16565,1.16565,0
2026-05-31 21:48:00+00:00,1.16565,1.16565,1.16563,1.16563,0
2026-05-31 21:49:00+00:00,1.16562,1.16562,1.16555,1.16555,0
2026-05-31 21:50:00+00:00,1.16556,1.16571,1.16555,1.16571,0
2026-05-31 21:51:00+00:00,1.16572,1.16573,1.16572,1.16573,0
2026-05-31 21:52:00+00:00,1.16571,1.16572,1.16558,1.16558,0
2026-05-31 21:53:00+00:00,1.16557,1.16559,1.16557,1.16559,0
2026-05-31 21:54:00+00:00,1.1656,1.1657,1.16559,1.1657,0
2026-05-31 21:55:00+00:00,1.16576,1.1658,1.16555,1.16571,0
2026-05-31 21:56:00+00:00,1.16576,1.16581,1.16576,1.1658,0
2026-05-31 21:57:00+00:00,1.16574,1.16582,1.16574,1.16577,0
2026-05-31 21:58:00+00:00,1.16581,1.16581,1.16581,1.16581,0
2026-05-31 21:59:00+00:00,1.16581,1.16583,1.16581,1.16583,0
2026-05-31 22:00:00+00:00,1.16582,1.16584,1.16544,1.16544,0
2026-05-31 22:01:00+00:00,1.16544,1.16545,1.16534,1.16537,0
2026-05-31 22:02:00+00:00,1.16541,1.16546,1.16524,1.16524,0
2026-05-31 22:03:00+00:00,1.16526,1.16528,1.16517,1.16519,0
2026-05-31 22:04:00+00:00,1.16519,1.16519,1.16513,1.16515,0
2026-05-31 22:05:00+00:00,1.16513,1.16521,1.16511,1.16511,0
2026-05-31 22:06:00+00:00,1.16512,1.16515,1.16511,1.16511,0
2026-05-31 22:07:00+00:00,1.16512,1.1653,1.16512,1.16529,0
2026-05-31 22:08:00+00:00,1.16528,1.1654,1.16528,1.16534,0
2026-05-31 22:09:00+00:00,1.16535,1.16535,1.16529,1.16529,0
2026-05-31 22:10:00+00:00,1.1653,1.16534,1.16524,1.16529,0
2026-05-31 22:11:00+00:00,1.1653,1.16532,1.16527,1.16531,0
2026-05-31 22:12:00+00:00,1.16531,1.16536,1.16531,1.16535,0
2026-05-31 22:13:00+00:00,1.16535,1.16535,1.16535,1.16535,0
2026-05-31 22:14:00+00:00,1.16539,1.1654,1.16533,1.16537,0
2026-05-31 22:15:00+00:00,1.16538,1.16541,1.16535,1.16539,0
2026-05-31 22:16:00+00:00,1.16538,1.16541,1.16537,1.16541,0
2026-05-31 22:17:00+00:00,1.16537,1.1654,1.16537,1.16538,0
2026-05-31 22:18:00+00:00,1.16538,1.16544,1.16538,1.16544,0
2026-05-31 22:19:00+00:00,1.16542,1.16543,1.16536,1.16537,0
2026-05-31 22:20:00+00:00,1.16537,1.16543,1.16537,1.16543,0
2026-05-31 22:21:00+00:00,1.16546,1.16546,1.16537,1.16541,0
2026-05-31 22:22:00+00:00,1.16538,1.16557,1.16538,1.16557,0
2026-05-31 22:23:00+00:00,1.16555,1.16555,1.16546,1.16547,0
2026-05-31 22:24:00+00:00,1.1655,1.16552,1.16542,1.16542,0
2026-05-31 22:25:00+00:00,1.16544,1.16544,1.16531,1.16541,0
2026-05-31 22:26:00+00:00,1.1654,1.16542,1.1654,1.16542,0
2026-05-31 22:27:00+00:00,1.1654,1.16541,1.16537,1.16537,0
2026-05-31 22:28:00+00:00,1.16537,1.16543,1.16537,1.16539,0
2026-05-31 22:29:00+00:00,1.16542,1.16542,1.16528,1.16529,0
2026-05-31 22:30:00+00:00,1.16532,1.16535,1.16527,1.16527,0
2026-05-31 22:31:00+00:00,1.16525,1.16533,1.16524,1.1653,0
2026-05-31 22:32:00+00:00,1.16529,1.16529,1.16521,1.16522,0
2026-05-31 22:33:00+00:00,1.16521,1.16531,1.16519,1.16525,0
2026-05-31 22:34:00+00:00,1.16528,1.16529,1.16522,1.16524,0
2026-05-31 22:35:00+00:00,1.16525,1.16533,1.16525,1.16529,0
2026-05-31 22:36:00+00:00,1.16528,1.16536,1.16528,1.16532,0
2026-05-31 22:37:00+00:00,1.16529,1.16532,1.16528,1.1653,0
2026-05-31 22:38:00+00:00,1.1653,1.1653,1.16527,1.16528,0
2026-05-31 22:39:00+00:00,1.16528,1.16532,1.16527,1.16529,0
2026-05-31 22:40:00+00:00,1.16528,1.16529,1.16527,1.16527,0
2026-05-31 22:41:00+00:00,1.16529,1.16533,1.16529,1.16532,0
2026-05-31 22:42:00+00:00,1.16535,1.16535,1.16531,1.16534,0
2026-05-31 22:43:00+00:00,1.16534,1.16534,1.16529,1.1653,0
2026-05-31 22:44:00+00:00,1.16533,1.16534,1.16529,1.16534,0
2026-05-31 22:45:00+00:00,1.16537,1.16541,1.16534,1.16538,0
2026-05-31 22:46:00+00:00,1.16537,1.16544,1.16537,1.16542,0
2026-05-31 22:47:00+00:00,1.16541,1.16548,1.16535,1.16537,0
2026-05-31 22:48:00+00:00,1.16536,1.16538,1.16534,1.16537,0
2026-05-31 22:49:00+00:00,1.16535,1.16537,1.16533,1.16537,0
2026-05-31 22:50:00+00:00,1.16538,1.16539,1.16537,1.16539,0
2026-05-31 22:51:00+00:00,1.16538,1.16546,1.16537,1.16542,0
2026-05-31 22:52:00+00:00,1.1654,1.16544,1.1654,1.16542,0
2026-05-31 22:53:00+00:00,1.16541,1.16543,1.16541,1.16543,0
2026-05-31 22:54:00+00:00,1.16545,1.16545,1.16537,1.16537,0
2026-05-31 22:55:00+00:00,1.1654,1.16541,1.16537,1.16539,0
2026-05-31 22:56:00+00:00,1.16538,1.1654,1.16537,1.16537,0
2026-05-31 22:57:00+00:00,1.1654,1.1654,1.16537,1.16539,0
2026-05-31 22:58:00+00:00,1.16543,1.1655,1.16543,1.16547,0
2026-05-31 22:59:00+00:00,1.16544,1.16545,1.16542,1.16542,0
2026-05-31 23:00:00+00:00,1.16539,1.16541,1.16533,1.16538,0
2026-05-31 23:01:00+00:00,1.16538,1.16538,1.16535,1.16535,0
2026-05-31 23:02:00+00:00,1.16534,1.16534,1.16533,1.16533,0
2026-05-31 23:03:00+00:00,1.16538,1.16541,1.16537,1.16539,0
2026-05-31 23:04:00+00:00,1.1654,1.16546,1.1654,1.16541,0
2026-05-31 23:05:00+00:00,1.1654,1.16545,1.1654,1.16542,0
2026-05-31 23:06:00+00:00,1.16544,1.16544,1.16541,1.16543,0
2026-05-31 23:07:00+00:00,1.16544,1.16547,1.16543,1.16545,0
2026-05-31 23:08:00+00:00,1.16546,1.16552,1.16546,1.16551,0
2026-05-31 23:09:00+00:00,1.16552,1.16555,1.16552,1.16552,0
2026-05-31 23:10:00+00:00,1.1655,1.16553,1.16541,1.16544,0
2026-05-31 23:11:00+00:00,1.16544,1.16546,1.16543,1.16544,0
2026-05-31 23:12:00+00:00,1.16542,1.16545,1.16542,1.16545,0
2026-05-31 23:13:00+00:00,1.16543,1.16544,1.16539,1.16542,0
2026-05-31 23:14:00+00:00,1.16542,1.16546,1.16541,1.16545,0
2026-05-31 23:15:00+00:00,1.16542,1.16543,1.16538,1.16541,0
2026-05-31 23:16:00+00:00,1.1654,1.16541,1.16538,1.1654,0
2026-05-31 23:17:00+00:00,1.1654,1.1654,1.16535,1.16538,0
2026-05-31 23:18:00+00:00,1.16538,1.16539,1.16536,1.16536,0
2026-05-31 23:19:00+00:00,1.16539,1.1654,1.16534,1.16534,0
2026-05-31 23:20:00+00:00,1.16534,1.16536,1.16533,1.16535,0
2026-05-31 23:21:00+00:00,1.16535,1.1654,1.16535,1.16536,0
2026-05-31 23:22:00+00:00,1.16537,1.16537,1.16535,1.16535,0
2026-05-31 23:23:00+00:00,1.16535,1.16538,1.16534,1.16537,0
2026-05-31 23:24:00+00:00,1.16539,1.16544,1.16539,1.16539,0
2026-05-31 23:25:00+00:00,1.1654,1.1654,1.16537,1.16538,0
2026-05-31 23:26:00+00:00,1.1654,1.16544,1.1654,1.16544,0
2026-05-31 23:27:00+00:00,1.16545,1.16551,1.16542,1.1655,0
2026-05-31 23:28:00+00:00,1.16549,1.16551,1.16546,1.1655,0
2026-05-31 23:29:00+00:00,1.16551,1.16554,1.16549,1.16551,0
2026-05-31 23:30:00+00:00,1.16553,1.16557,1.16551,1.16551,0
2026-05-31 23:31:00+00:00,1.16549,1.16554,1.16545,1.16549,0
2026-05-31 23:32:00+00:00,1.16547,1.1655,1.16545,1.1655,0
2026-05-31 23:33:00+00:00,1.1655,1.16551,1.16547,1.16548,0
2026-05-31 23:34:00+00:00,1.16548,1.16549,1.16538,1.16542,0
2026-05-31 23:35:00+00:00,1.16542,1.16543,1.16538,1.16543,0
2026-05-31 23:36:00+00:00,1.16543,1.16544,1.16542,1.16543,0
2026-05-31 23:37:00+00:00,1.16544,1.16545,1.16541,1.16542,0
2026-05-31 23:38:00+00:00,1.16542,1.16546,1.16538,1.16546,0
2026-05-31 23:39:00+00:00,1.16542,1.16542,1.16538,1.16539,0
2026-05-31 23:40:00+00:00,1.16539,1.16541,1.16536,1.16539,0
2026-05-31 23:41:00+00:00,1.1654,1.16543,1.16537,1.1654,0
2026-05-31 23:42:00+00:00,1.1654,1.16541,1.16538,1.1654,0
2026-05-31 23:43:00+00:00,1.1654,1.16544,1.16539,1.1654,0
2026-05-31 23:44:00+00:00,1.1654,1.16546,1.16536,1.16543,0
2026-05-31 23:45:00+00:00,1.16542,1.16546,1.16497,1.165,0
2026-05-31 23:46:00+00:00,1.16497,1.1651,1.16491,1.16507,0
2026-05-31 23:47:00+00:00,1.16507,1.16515,1.16505,1.16513,0
2026-05-31 23:48:00+00:00,1.16513,1.16521,1.16511,1.16515,0
2026-05-31 23:49:00+00:00,1.16516,1.16521,1.16512,1.16517,0
2026-05-31 23:50:00+00:00,1.16518,1.16518,1.16514,1.16516,0
2026-05-31 23:51:00+00:00,1.16517,1.1652,1.16514,1.16517,0
2026-05-31 23:52:00+00:00,1.16519,1.16523,1.16511,1.16514,0
2026-05-31 23:53:00+00:00,1.16515,1.16515,1.16495,1.16495,0
2026-05-31 23:54:00+00:00,1.16495,1.165,1.16493,1.16497,0
2026-05-31 23:55:00+00:00,1.16497,1.16497,1.16493,1.16494,0
2026-05-31 23:56:00+00:00,1.16494,1.16496,1.16494,1.16495,0
2026-05-31 23:57:00+00:00,1.16497,1.16497,1.16493,1.16493,0
2026-05-31 23:58:00+00:00,1.16493,1.16493,1.16484,1.16487,0
2026-05-31 23:59:00+00:00,1.16487,1.16488,1.16483,1.16485,0
