ts_event,open,high,low,close,volume
2026-05-22 06:40:00+00:00,1.34185,1.34186,1.34172,1.34178,0
2026-05-22 06:41:00+00:00,1.34177,1.34192,1.34175,1.34192,0
2026-05-22 06:42:00+00:00,1.34193,1.34211,1.34189,1.34208,0
2026-05-22 06:43:00+00:00,1.34208,1.34208,1.34186,1.34189,0
2026-05-22 06:44:00+00:00,1.3419,1.34221,1.34187,1.34221,0
2026-05-22 06:45:00+00:00,1.34219,1.34223,1.34197,1.34199,0
2026-05-22 06:46:00+00:00,1.34201,1.3422,1.34197,1.34217,0
2026-05-22 06:47:00+00:00,1.34218,1.34225,1.34211,1.34217,0
2026-05-22 06:48:00+00:00,1.34222,1.34229,1.34217,1.34226,0
2026-05-22 06:49:00+00:00,1.34226,1.34227,1.34207,1.34213,0
2026-05-22 06:50:00+00:00,1.34214,1.34215,1.34208,1.3421,0
2026-05-22 06:51:00+00:00,1.3421,1.34211,1.34206,1.34208,0
2026-05-22 06:52:00+00:00,1.34208,1.34218,1.34208,1.34209,0
2026-05-22 06:53:00+00:00,1.34211,1.34222,1.34208,1.34222,0
2026-05-22 06:54:00+00:00,1.34222,1.34225,1.34197,1.34206,0
2026-05-22 06:55:00+00:00,1.34207,1.34239,1.34206,1.34238,0
2026-05-22 06:56:00+00:00,1.34237,1.34241,1.34231,1.34233,0
2026-05-22 06:57:00+00:00,1.34234,1.3424,1.3423,1.34234,0
2026-05-22 06:58:00+00:00,1.34235,1.34247,1.34233,1.34246,0
2026-05-22 06:59:00+00:00,1.34246,1.34249,1.34238,1.34242,0
2026-05-22 07:00:00+00:00,1.34241,1.34243,1.34199,1.34202,0
2026-05-22 07:01:00+00:00,1.34201,1.34209,1.34193,1.34197,0
2026-05-22 07:02:00+00:00,1.34198,1.342,1.34164,1.3417,0
2026-05-22 07:03:00+00:00,1.3417,1.342,1.34167,1.34198,0
2026-05-22 07:04:00+00:00,1.34199,1.34201,1.3419,1.34199,0
2026-05-22 07:05:00+00:00,1.34198,1.34201,1.34168,1.3417,0
2026-05-22 07:06:00+00:00,1.34169,1.34179,1.34169,1.34178,0
2026-05-22 07:07:00+00:00,1.34179,1.34185,1.34169,1.34169,0
2026-05-22 07:08:00+00:00,1.34171,1.34178,1.34169,1.34176,0
2026-05-22 07:09:00+00:00,1.34178,1.34183,1.34171,1.34181,0
2026-05-22 07:10:00+00:00,1.3418,1.34191,1.34173,1.34174,0
2026-05-22 07:11:00+00:00,1.34171,1.34177,1.34169,1.3417,0
2026-05-22 07:12:00+00:00,1.3417,1.3417,1.3415,1.34162,0
2026-05-22 07:13:00+00:00,1.34161,1.34163,1.34159,1.3416,0
2026-05-22 07:14:00+00:00,1.3416,1.34161,1.3413,1.34139,0
2026-05-22 07:15:00+00:00,1.34141,1.34178,1.34141,1.34178,0
2026-05-22 07:16:00+00:00,1.34179,1.34179,1.34166,1.34177,0
2026-05-22 07:17:00+00:00,1.34178,1.34181,1.34174,1.3418,0
2026-05-22 07:18:00+00:00,1.3418,1.34182,1.3417,1.34171,0
2026-05-22 07:19:00+00:00,1.34172,1.34189,1.34172,1.34189,0
2026-05-22 07:20:00+00:00,1.34188,1.34194,1.34172,1.34173,0
2026-05-22 07:21:00+00:00,1.34174,1.34194,1.34172,1.34194,0
2026-05-22 07:22:00+00:00,1.34194,1.34221,1.34192,1.34218,0
2026-05-22 07:23:00+00:00,1.34219,1.34223,1.3421,1.3421,0
2026-05-22 07:24:00+00:00,1.34212,1.34218,1.34209,1.34211,0
2026-05-22 07:25:00+00:00,1.34211,1.34211,1.34199,1.34207,0
2026-05-22 07:26:00+00:00,1.34207,1.34221,1.34206,1.34221,0
2026-05-22 07:27:00+00:00,1.34222,1.34229,1.34222,1.34229,0
2026-05-22 07:28:00+00:00,1.34228,1.34243,1.34217,1.34243,0
2026-05-22 07:29:00+00:00,1.34241,1.34251,1.3424,1.34251,0
2026-05-22 07:30:00+00:00,1.3425,1.3425,1.34238,1.34241,0
2026-05-22 07:31:00+00:00,1.3424,1.34242,1.34226,1.34231,0
2026-05-22 07:32:00+00:00,1.34231,1.34239,1.34227,1.34229,0
2026-05-22 07:33:00+00:00,1.34228,1.34248,1.34222,1.34248,0
2026-05-22 07:34:00+00:00,1.34247,1.34248,1.34241,1.34245,0
2026-05-22 07:35:00+00:00,1.34245,1.34251,1.34239,1.34249,0
2026-05-22 07:36:00+00:00,1.34248,1.34249,1.34217,1.3422,0
2026-05-22 07:37:00+00:00,1.34218,1.34234,1.34217,1.34229,0
2026-05-22 07:38:00+00:00,1.34229,1.34239,1.3422,1.34225,0
2026-05-22 07:39:00+00:00,1.34223,1.34228,1.34218,1.34218,0
2026-05-22 07:40:00+00:00,1.34223,1.3424,1.34219,1.3424,0
2026-05-22 07:41:00+00:00,1.3424,1.34241,1.3422,1.34227,0
2026-05-22 07:42:00+00:00,1.34226,1.3423,1.34226,1.34229,0
2026-05-22 07:43:00+00:00,1.34229,1.34238,1.34211,1.34217,0
2026-05-22 07:44:00+00:00,1.34217,1.34228,1.34217,1.34226,0
2026-05-22 07:45:00+00:00,1.34226,1.34226,1.34215,1.34219,0
2026-05-22 07:46:00+00:00,1.34218,1.3422,1.34211,1.34216,0
2026-05-22 07:47:00+00:00,1.34216,1.34224,1.34216,1.34222,0
2026-05-22 07:48:00+00:00,1.34222,1.34229,1.3422,1.34226,0
2026-05-22 07:49:00+00:00,1.34228,1.34231,1.34219,1.34229,0
2026-05-22 07:50:00+00:00,1.3423,1.34232,1.3422,1.3423,0
2026-05-22 07:51:00+00:00,1.3423,1.3424,1.34229,1.34231,0
2026-05-22 07:52:00+00:00,1.34232,1.34243,1.34232,1.34243,0
2026-05-22 07:53:00+00:00,1.34244,1.34244,1.3423,1.3423,0
2026-05-22 07:54:00+00:00,1.34228,1.34239,1.34228,1.34228,0
2026-05-22 07:55:00+00:00,1.34227,1.34237,1.34215,1.34237,0
2026-05-22 07:56:00+00:00,1.34238,1.34242,1.3423,1.34242,0
2026-05-22 07:57:00+00:00,1.34247,1.34256,1.34247,1.34252,0
2026-05-22 07:58:00+00:00,1.3425,1.34254,1.34249,1.34253,0
2026-05-22 07:59:00+00:00,1.34254,1.34254,1.34247,1.34247,0
2026-05-22 08:00:00+00:00,1.34251,1.34269,1.34248,1.34251,0
2026-05-22 08:01:00+00:00,1.3425,1.34272,1.3425,1.3427,0
2026-05-22 08:02:00+00:00,1.34269,1.34287,1.34264,1.34286,0
2026-05-22 08:03:00+00:00,1.34284,1.34301,1.3428,1.34301,0
2026-05-22 08:04:00+00:00,1.34301,1.34303,1.3429,1.34291,0
2026-05-22 08:05:00+00:00,1.3429,1.34291,1.34279,1.34279,0
2026-05-22 08:06:00+00:00,1.3428,1.34284,1.3427,1.34274,0
2026-05-22 08:07:00+00:00,1.34273,1.3428,1.34272,1.34278,0
2026-05-22 08:08:00+00:00,1.34278,1.34279,1.34257,1.34257,0
2026-05-22 08:09:00+00:00,1.34259,1.34285,1.34259,1.34266,0
2026-05-22 08:10:00+00:00,1.34268,1.34279,1.3426,1.34279,0
2026-05-22 08:11:00+00:00,1.34279,1.34287,1.34276,1.34283,0
2026-05-22 08:12:00+00:00,1.34282,1.34283,1.34277,1.34277,0
2026-05-22 08:13:00+00:00,1.34276,1.3428,1.34265,1.34267,0
2026-05-22 08:14:00+00:00,1.34268,1.34269,1.34261,1.34264,0
2026-05-22 08:15:00+00:00,1.34267,1.34295,1.34265,1.34293,0
2026-05-22 08:16:00+00:00,1.34293,1.34305,1.34282,1.34302,0
2026-05-22 08:17:00+00:00,1.34303,1.34311,1.34294,1.3431,0
2026-05-22 08:18:00+00:00,1.34313,1.3433,1.34309,1.34327,0
2026-05-22 08:19:00+00:00,1.34328,1.34347,1.34328,1.34346,0
2026-05-22 08:20:00+00:00,1.34345,1.34384,1.34344,1.34382,0
2026-05-22 08:21:00+00:00,1.34381,1.34384,1.34336,1.34338,0
2026-05-22 08:22:00+00:00,1.34337,1.34337,1.34314,1.34318,0
2026-05-22 08:23:00+00:00,1.34318,1.34326,1.34308,1.34324,0
2026-05-22 08:24:00+00:00,1.34328,1.34343,1.34327,1.34343,0
2026-05-22 08:25:00+00:00,1.34345,1.34348,1.34329,1.34344,0
2026-05-22 08:26:00+00:00,1.34342,1.34351,1.3434,1.34348,0
2026-05-22 08:27:00+00:00,1.34342,1.34344,1.34334,1.34338,0
2026-05-22 08:28:00+00:00,1.34337,1.34338,1.34323,1.34323,0
2026-05-22 08:29:00+00:00,1.34326,1.34337,1.3432,1.34336,0
2026-05-22 08:30:00+00:00,1.34336,1.34347,1.34331,1.3434,0
2026-05-22 08:31:00+00:00,1.34339,1.3434,1.34326,1.34334,0
2026-05-22 08:32:00+00:00,1.34334,1.34336,1.34318,1.34318,0
2026-05-22 08:33:00+00:00,1.34319,1.34319,1.34302,1.34306,0
2026-05-22 08:34:00+00:00,1.34308,1.34308,1.34259,1.34268,0
2026-05-22 08:35:00+00:00,1.34267,1.34271,1.34228,1.34252,0
2026-05-22 08:36:00+00:00,1.34252,1.34272,1.34245,1.3427,0
2026-05-22 08:37:00+00:00,1.34272,1.34293,1.34267,1.34281,0
2026-05-22 08:38:00+00:00,1.34278,1.34307,1.34269,1.34299,0
2026-05-22 08:39:00+00:00,1.34302,1.34305,1.34289,1.34296,0
2026-05-22 08:40:00+00:00,1.343,1.34309,1.34296,1.34302,0
2026-05-22 08:41:00+00:00,1.34303,1.34307,1.34287,1.34303,0
2026-05-22 08:42:00+00:00,1.34303,1.3431,1.34299,1.34302,0
2026-05-22 08:43:00+00:00,1.34304,1.34318,1.34302,1.34317,0
2026-05-22 08:44:00+00:00,1.34315,1.34317,1.34289,1.34295,0
2026-05-22 08:45:00+00:00,1.34297,1.3431,1.34297,1.34305,0
2026-05-22 08:46:00+00:00,1.34305,1.34312,1.34304,1.34307,0
2026-05-22 08:47:00+00:00,1.34309,1.34309,1.34299,1.34305,0
2026-05-22 08:48:00+00:00,1.34307,1.34316,1.34302,1.34313,0
2026-05-22 08:49:00+00:00,1.34312,1.34312,1.343,1.3431,0
2026-05-22 08:50:00+00:00,1.34311,1.34311,1.34288,1.34309,0
2026-05-22 08:51:00+00:00,1.34307,1.34308,1.34297,1.34297,0
2026-05-22 08:52:00+00:00,1.34296,1.34305,1.34284,1.34302,0
2026-05-22 08:53:00+00:00,1.34306,1.34306,1.34284,1.34287,0
2026-05-22 08:54:00+00:00,1.34287,1.34294,1.34276,1.34276,0
2026-05-22 08:55:00+00:00,1.34278,1.34284,1.34271,1.34277,0
2026-05-22 08:56:00+00:00,1.34276,1.34284,1.34266,1.34267,0
2026-05-22 08:57:00+00:00,1.34267,1.34275,1.34253,1.34257,0
2026-05-22 08:58:00+00:00,1.34258,1.34261,1.34251,1.34256,0
2026-05-22 08:59:00+00:00,1.34257,1.3426,1.34251,1.34259,0
2026-05-22 09:00:00+00:00,1.34258,1.3426,1.34239,1.34255,0
2026-05-22 09:01:00+00:00,1.34254,1.34266,1.34249,1.34253,0
2026-05-22 09:02:00+00:00,1.34253,1.34276,1.34253,1.34271,0
2026-05-22 09:03:00+00:00,1.34272,1.34278,1.3426,1.34263,0
2026-05-22 09:04:00+00:00,1.34263,1.34266,1.34261,1.34266,0
2026-05-22 09:05:00+00:00,1.34265,1.34268,1.34257,1.34261,0
2026-05-22 09:06:00+00:00,1.34262,1.34264,1.34246,1.34247,0
2026-05-22 09:07:00+00:00,1.34247,1.3425,1.34232,1.34238,0
2026-05-22 09:08:00+00:00,1.34242,1.34245,1.34233,1.34234,0
2026-05-22 09:09:00+00:00,1.34231,1.34236,1.34224,1.34236,0
2026-05-22 09:10:00+00:00,1.34236,1.34243,1.34228,1.34238,0
2026-05-22 09:11:00+00:00,1.34237,1.34243,1.34226,1.34226,0
2026-05-22 09:12:00+00:00,1.34225,1.34225,1.34201,1.34208,0
2026-05-22 09:13:00+00:00,1.34214,1.34217,1.34209,1.34209,0
2026-05-22 09:14:00+00:00,1.34208,1.3421,1.34191,1.34197,0
2026-05-22 09:15:00+00:00,1.34194,1.34199,1.34178,1.34178,0
2026-05-22 09:16:00+00:00,1.34179,1.34198,1.34178,1.3419,0
2026-05-22 09:17:00+00:00,1.34189,1.34194,1.34164,1.34169,0
2026-05-22 09:18:00+00:00,1.34168,1.34189,1.34166,1.34184,0
2026-05-22 09:19:00+00:00,1.34187,1.34197,1.34187,1.34196,0
2026-05-22 09:20:00+00:00,1.34196,1.34205,1.34196,1.34204,0
2026-05-22 09:21:00+00:00,1.34206,1.34212,1.34204,1.34205,0
2026-05-22 09:22:00+00:00,1.34206,1.34212,1.34197,1.34198,0
2026-05-22 09:23:00+00:00,1.34198,1.34208,1.34198,1.34208,0
2026-05-22 09:24:00+00:00,1.34208,1.34212,1.34204,1.34211,0
2026-05-22 09:25:00+00:00,1.34209,1.34211,1.342,1.34204,0
2026-05-22 09:26:00+00:00,1.34205,1.34209,1.342,1.34205,0
2026-05-22 09:27:00+00:00,1.34206,1.34227,1.34205,1.34226,0
2026-05-22 09:28:00+00:00,1.34228,1.34239,1.34227,1.34236,0
2026-05-22 09:29:00+00:00,1.34238,1.34238,1.34215,1.34218,0
2026-05-22 09:30:00+00:00,1.34218,1.34222,1.3421,1.34213,0
2026-05-22 09:31:00+00:00,1.34213,1.34224,1.34209,1.34224,0
2026-05-22 09:32:00+00:00,1.34224,1.34231,1.34224,1.34226,0
2026-05-22 09:33:00+00:00,1.34225,1.3423,1.34219,1.34228,0
2026-05-22 09:34:00+00:00,1.34229,1.34229,1.34207,1.34219,0
2026-05-22 09:35:00+00:00,1.3422,1.3423,1.3422,1.34229,0
2026-05-22 09:36:00+00:00,1.34228,1.34232,1.3422,1.34228,0
2026-05-22 09:37:00+00:00,1.34229,1.34235,1.34211,1.34222,0
2026-05-22 09:38:00+00:00,1.34223,1.34237,1.34219,1.34229,0
2026-05-22 09:39:00+00:00,1.34235,1.34248,1.34235,1.34248,0
2026-05-22 09:40:00+00:00,1.3425,1.34251,1.3424,1.3425,0
2026-05-22 09:41:00+00:00,1.34255,1.34268,1.34252,1.34266,0
2026-05-22 09:42:00+00:00,1.34269,1.34269,1.34236,1.34236,0
2026-05-22 09:43:00+00:00,1.34236,1.34236,1.34226,1.34228,0
2026-05-22 09:44:00+00:00,1.34227,1.34237,1.34226,1.3423,0
2026-05-22 09:45:00+00:00,1.34233,1.34237,1.34229,1.34236,0
2026-05-22 09:46:00+00:00,1.34234,1.34237,1.34232,1.34235,0
2026-05-22 09:47:00+00:00,1.34235,1.34244,1.3423,1.34242,0
2026-05-22 09:48:00+00:00,1.34243,1.34248,1.34241,1.34247,0
2026-05-22 09:49:00+00:00,1.34246,1.34268,1.34245,1.34266,0
2026-05-22 09:50:00+00:00,1.34266,1.34273,1.34265,1.34273,0
2026-05-22 09:51:00+00:00,1.34272,1.34278,1.34265,1.34265,0
2026-05-22 09:52:00+00:00,1.34264,1.34265,1.34251,1.34251,0
2026-05-22 09:53:00+00:00,1.3425,1.34261,1.34248,1.34258,0
2026-05-22 09:54:00+00:00,1.34259,1.34268,1.34254,1.34257,0
2026-05-22 09:55:00+00:00,1.34255,1.34267,1.34253,1.34266,0
2026-05-22 09:56:00+00:00,1.34264,1.34267,1.34256,1.34263,0
2026-05-22 09:57:00+00:00,1.34263,1.34276,1.3426,1.34269,0
2026-05-22 09:58:00+00:00,1.3427,1.34275,1.34261,1.34262,0
2026-05-22 09:59:00+00:00,1.34263,1.3427,1.34261,1.34269,0
2026-05-22 10:00:00+00:00,1.34272,1.34285,1.34268,1.34282,0
2026-05-22 10:01:00+00:00,1.3428,1.34283,1.3427,1.34271,0
2026-05-22 10:02:00+00:00,1.3427,1.34285,1.34266,1.34284,0
2026-05-22 10:03:00+00:00,1.34283,1.34284,1.34274,1.34276,0
2026-05-22 10:04:00+00:00,1.34274,1.34277,1.34271,1.34275,0
2026-05-22 10:05:00+00:00,1.34275,1.34288,1.34275,1.34285,0
2026-05-22 10:06:00+00:00,1.34286,1.34291,1.34284,1.34289,0
2026-05-22 10:07:00+00:00,1.34292,1.34292,1.34286,1.34286,0
2026-05-22 10:08:00+00:00,1.34288,1.34298,1.34288,1.34298,0
2026-05-22 10:09:00+00:00,1.34298,1.343,1.34296,1.34297,0
2026-05-22 10:10:00+00:00,1.34298,1.3431,1.34298,1.34308,0
2026-05-22 10:11:00+00:00,1.34307,1.3431,1.34304,1.3431,0
2026-05-22 10:12:00+00:00,1.3431,1.34319,1.34306,1.34319,0
2026-05-22 10:13:00+00:00,1.34319,1.34322,1.34308,1.34315,0
2026-05-22 10:14:00+00:00,1.34314,1.34314,1.343,1.343,0
2026-05-22 10:15:00+00:00,1.34299,1.343,1.34294,1.34298,0
2026-05-22 10:16:00+00:00,1.34298,1.34301,1.34288,1.34299,0
2026-05-22 10:17:00+00:00,1.34301,1.34312,1.34301,1.3431,0
2026-05-22 10:18:00+00:00,1.34311,1.3432,1.3431,1.34318,0
2026-05-22 10:19:00+00:00,1.34316,1.34316,1.343,1.34302,0
2026-05-22 10:20:00+00:00,1.34299,1.34299,1.34271,1.34271,0
2026-05-22 10:21:00+00:00,1.34273,1.34285,1.34273,1.34282,0
2026-05-22 10:22:00+00:00,1.34281,1.34284,1.34275,1.34279,0
2026-05-22 10:23:00+00:00,1.3428,1.3428,1.34273,1.34278,0
2026-05-22 10:24:00+00:00,1.34278,1.34293,1.34271,1.3429,0
2026-05-22 10:25:00+00:00,1.34291,1.34291,1.34279,1.34279,0
2026-05-22 10:26:00+00:00,1.3428,1.3428,1.34275,1.34278,0
2026-05-22 10:27:00+00:00,1.34277,1.34279,1.34275,1.34278,0
2026-05-22 10:28:00+00:00,1.34276,1.3428,1.34273,1.34278,0
2026-05-22 10:29:00+00:00,1.34279,1.34279,1.34252,1.34257,0
2026-05-22 10:30:00+00:00,1.34257,1.34267,1.34255,1.3426,0
2026-05-22 10:31:00+00:00,1.34257,1.34257,1.34233,1.34239,0
2026-05-22 10:32:00+00:00,1.34239,1.34242,1.34218,1.34228,0
2026-05-22 10:33:00+00:00,1.34227,1.34238,1.34226,1.34238,0
2026-05-22 10:34:00+00:00,1.34237,1.34239,1.34214,1.34216,0
2026-05-22 10:35:00+00:00,1.34217,1.34224,1.34204,1.3422,0
2026-05-22 10:36:00+00:00,1.3422,1.34226,1.34215,1.34217,0
2026-05-22 10:37:00+00:00,1.34219,1.34233,1.34217,1.34226,0
2026-05-22 10:38:00+00:00,1.34226,1.34232,1.34225,1.34227,0
2026-05-22 10:39:00+00:00,1.34228,1.34239,1.34224,1.34237,0
2026-05-22 10:40:00+00:00,1.34237,1.34239,1.34228,1.3423,0
2026-05-22 10:41:00+00:00,1.3423,1.3424,1.34227,1.34238,0
2026-05-22 10:42:00+00:00,1.34237,1.34247,1.34233,1.34235,0
2026-05-22 10:43:00+00:00,1.34234,1.34238,1.3423,1.34236,0
2026-05-22 10:44:00+00:00,1.34236,1.34239,1.34233,1.34233,0
2026-05-22 10:45:00+00:00,1.34235,1.34247,1.34234,1.34247,0
2026-05-22 10:46:00+00:00,1.3425,1.34251,1.34241,1.34241,0
2026-05-22 10:47:00+00:00,1.34239,1.34239,1.34232,1.34234,0
2026-05-22 10:48:00+00:00,1.34235,1.34235,1.34214,1.34216,0
2026-05-22 10:49:00+00:00,1.34216,1.34218,1.34204,1.34207,0
2026-05-22 10:50:00+00:00,1.34205,1.34222,1.34205,1.34221,0
2026-05-22 10:51:00+00:00,1.3422,1.34228,1.3422,1.34226,0
2026-05-22 10:52:00+00:00,1.34226,1.34237,1.34226,1.34228,0
2026-05-22 10:53:00+00:00,1.34229,1.3424,1.34227,1.34239,0
2026-05-22 10:54:00+00:00,1.34238,1.3424,1.34237,1.34238,0
2026-05-22 10:55:00+00:00,1.34237,1.34237,1.34228,1.3423,0
2026-05-22 10:56:00+00:00,1.3423,1.34238,1.34228,1.34236,0
2026-05-22 10:57:00+00:00,1.34236,1.34239,1.34219,1.34224,0
2026-05-22 10:58:00+00:00,1.34223,1.34227,1.34217,1.34222,0
2026-05-22 10:59:00+00:00,1.34221,1.34232,1.34221,1.34229,0
2026-05-22 11:00:00+00:00,1.34231,1.34237,1.34223,1.34227,0
2026-05-22 11:01:00+00:00,1.34226,1.34231,1.34213,1.34213,0
2026-05-22 11:02:00+00:00,1.34212,1.34212,1.34201,1.34211,0
2026-05-22 11:03:00+00:00,1.3421,1.34215,1.34207,1.34214,0
2026-05-22 11:04:00+00:00,1.34213,1.3422,1.34206,1.3422,0
2026-05-22 11:05:00+00:00,1.34219,1.34219,1.34194,1.34204,0
2026-05-22 11:06:00+00:00,1.34202,1.34208,1.34199,1.34207,0
2026-05-22 11:07:00+00:00,1.34209,1.3421,1.342,1.342,0
2026-05-22 11:08:00+00:00,1.34201,1.34222,1.342,1.34214,0
2026-05-22 11:09:00+00:00,1.34213,1.34215,1.34201,1.34201,0
2026-05-22 11:10:00+00:00,1.342,1.34201,1.34194,1.34198,0
2026-05-22 11:11:00+00:00,1.34199,1.34199,1.3419,1.3419,0
2026-05-22 11:12:00+00:00,1.34188,1.342,1.34187,1.34196,0
2026-05-22 11:13:00+00:00,1.34197,1.34198,1.34192,1.34197,0
2026-05-22 11:14:00+00:00,1.34198,1.34205,1.34197,1.342,0
2026-05-22 11:15:00+00:00,1.342,1.34215,1.34198,1.34208,0
2026-05-22 11:16:00+00:00,1.34209,1.34219,1.34207,1.34214,0
2026-05-22 11:17:00+00:00,1.34214,1.34214,1.34207,1.34208,0
2026-05-22 11:18:00+00:00,1.34207,1.3421,1.34198,1.34199,0
2026-05-22 11:19:00+00:00,1.34198,1.34201,1.34196,1.342,0
2026-05-22 11:20:00+00:00,1.34205,1.34219,1.34198,1.34213,0
2026-05-22 11:21:00+00:00,1.34213,1.34213,1.34206,1.3421,0
2026-05-22 11:22:00+00:00,1.34211,1.34214,1.34198,1.34201,0
2026-05-22 11:23:00+00:00,1.342,1.34205,1.34195,1.342,0
2026-05-22 11:24:00+00:00,1.34201,1.34209,1.342,1.34209,0
2026-05-22 11:25:00+00:00,1.34207,1.34209,1.34201,1.34206,0
2026-05-22 11:26:00+00:00,1.34204,1.34214,1.34204,1.3421,0
2026-05-22 11:27:00+00:00,1.34211,1.34211,1.34207,1.3421,0
2026-05-22 11:28:00+00:00,1.3421,1.3421,1.34188,1.34193,0
2026-05-22 11:29:00+00:00,1.34194,1.34196,1.3419,1.34194,0
2026-05-22 11:30:00+00:00,1.34195,1.34197,1.34186,1.34189,0
2026-05-22 11:31:00+00:00,1.34191,1.34192,1.34187,1.34191,0
2026-05-22 11:32:00+00:00,1.3419,1.34203,1.34189,1.34202,0
2026-05-22 11:33:00+00:00,1.342,1.342,1.34198,1.34199,0
2026-05-22 11:34:00+00:00,1.34198,1.34198,1.34187,1.34192,0
2026-05-22 11:35:00+00:00,1.34191,1.34204,1.34188,1.34201,0
2026-05-22 11:36:00+00:00,1.34202,1.34219,1.34202,1.34213,0
2026-05-22 11:37:00+00:00,1.34213,1.34217,1.34207,1.3421,0
2026-05-22 11:38:00+00:00,1.34211,1.34212,1.34204,1.34209,0
2026-05-22 11:39:00+00:00,1.34213,1.3422,1.34212,1.34218,0
2026-05-22 11:40:00+00:00,1.34217,1.34218,1.3421,1.3421,0
2026-05-22 11:41:00+00:00,1.34213,1.34217,1.34208,1.3421,0
2026-05-22 11:42:00+00:00,1.34208,1.3422,1.34206,1.34212,0
2026-05-22 11:43:00+00:00,1.34214,1.34225,1.34211,1.34222,0
2026-05-22 11:44:00+00:00,1.34222,1.34235,1.3422,1.34224,0
2026-05-22 11:45:00+00:00,1.34226,1.34234,1.34221,1.34225,0
2026-05-22 11:46:00+00:00,1.34223,1.34234,1.3422,1.34224,0
2026-05-22 11:47:00+00:00,1.34225,1.34254,1.3421,1.3424,0
2026-05-22 11:48:00+00:00,1.34241,1.34247,1.3423,1.34243,0
2026-05-22 11:49:00+00:00,1.34242,1.34247,1.34227,1.34234,0
2026-05-22 11:50:00+00:00,1.34235,1.34246,1.3423,1.34236,0
2026-05-22 11:51:00+00:00,1.34235,1.34237,1.34219,1.34226,0
2026-05-22 11:52:00+00:00,1.34227,1.34229,1.34213,1.3422,0
2026-05-22 11:53:00+00:00,1.34219,1.34222,1.34214,1.34218,0
2026-05-22 11:54:00+00:00,1.34216,1.34218,1.34213,1.34213,0
2026-05-22 11:55:00+00:00,1.34212,1.34216,1.34207,1.34209,0
2026-05-22 11:56:00+00:00,1.34209,1.34223,1.34209,1.34216,0
2026-05-22 11:57:00+00:00,1.34218,1.34218,1.34205,1.34208,0
2026-05-22 11:58:00+00:00,1.34208,1.34213,1.34203,1.34204,0
2026-05-22 11:59:00+00:00,1.34205,1.34208,1.34199,1.34208,0
2026-05-22 12:00:00+00:00,1.34207,1.34216,1.34198,1.34202,0
2026-05-22 12:01:00+00:00,1.34201,1.34203,1.34193,1.34202,0
2026-05-22 12:02:00+00:00,1.34201,1.34215,1.34195,1.34211,0
2026-05-22 12:03:00+00:00,1.34211,1.34211,1.34179,1.3418,0
2026-05-22 12:04:00+00:00,1.34183,1.34184,1.34168,1.34169,0
2026-05-22 12:05:00+00:00,1.34169,1.34188,1.34166,1.34185,0
2026-05-22 12:06:00+00:00,1.34188,1.3419,1.34185,1.34189,0
2026-05-22 12:07:00+00:00,1.3419,1.3419,1.34179,1.3418,0
2026-05-22 12:08:00+00:00,1.34182,1.34188,1.34176,1.34179,0
2026-05-22 12:09:00+00:00,1.3418,1.34187,1.34177,1.34181,0
2026-05-22 12:10:00+00:00,1.34185,1.34189,1.3418,1.34185,0
2026-05-22 12:11:00+00:00,1.34184,1.34187,1.34181,1.34183,0
2026-05-22 12:12:00+00:00,1.34181,1.34295,1.34181,1.34245,0
2026-05-22 12:13:00+00:00,1.34245,1.3427,1.34223,1.34262,0
2026-05-22 12:14:00+00:00,1.34262,1.34276,1.34231,1.34266,0
2026-05-22 12:15:00+00:00,1.34266,1.34278,1.34245,1.34263,0
2026-05-22 12:16:00+00:00,1.34264,1.34285,1.34242,1.34247,0
2026-05-22 12:17:00+00:00,1.34247,1.34255,1.34237,1.34244,0
2026-05-22 12:18:00+00:00,1.34243,1.34254,1.34233,1.34252,0
2026-05-22 12:19:00+00:00,1.34252,1.34307,1.34247,1.34281,0
2026-05-22 12:20:00+00:00,1.3428,1.3428,1.34239,1.34246,0
2026-05-22 12:21:00+00:00,1.34245,1.34248,1.34226,1.34227,0
2026-05-22 12:22:00+00:00,1.34227,1.34228,1.34193,1.34199,0
2026-05-22 12:23:00+00:00,1.34199,1.34226,1.34191,1.34222,0
2026-05-22 12:24:00+00:00,1.34223,1.34272,1.34223,1.34272,0
2026-05-22 12:25:00+00:00,1.34274,1.34275,1.34249,1.34259,0
2026-05-22 12:26:00+00:00,1.34263,1.34265,1.34235,1.34238,0
2026-05-22 12:27:00+00:00,1.34237,1.34239,1.34204,1.34206,0
2026-05-22 12:28:00+00:00,1.34206,1.34222,1.34206,1.34219,0
2026-05-22 12:29:00+00:00,1.34219,1.34228,1.34215,1.34227,0
2026-05-22 12:30:00+00:00,1.34226,1.34237,1.34225,1.34235,0
2026-05-22 12:31:00+00:00,1.34235,1.3424,1.34228,1.34229,0
2026-05-22 12:32:00+00:00,1.3423,1.34233,1.34228,1.34229,0
2026-05-22 12:33:00+00:00,1.34229,1.34236,1.34215,1.34229,0
2026-05-22 12:34:00+00:00,1.3423,1.34239,1.34218,1.34238,0
2026-05-22 12:35:00+00:00,1.34237,1.34251,1.34234,1.3425,0
2026-05-22 12:36:00+00:00,1.3425,1.34252,1.34237,1.3425,0
2026-05-22 12:37:00+00:00,1.34251,1.34253,1.34247,1.34249,0
2026-05-22 12:38:00+00:00,1.3425,1.34255,1.34246,1.34247,0
2026-05-22 12:39:00+00:00,1.34248,1.34261,1.34247,1.34259,0
2026-05-22 12:40:00+00:00,1.3426,1.34266,1.34253,1.34266,0
2026-05-22 12:41:00+00:00,1.34265,1.34265,1.34257,1.34258,0
2026-05-22 12:42:00+00:00,1.34258,1.34259,1.34239,1.3424,0
2026-05-22 12:43:00+00:00,1.3424,1.34253,1.3423,1.34246,0
2026-05-22 12:44:00+00:00,1.34246,1.34259,1.34246,1.34258,0
2026-05-22 12:45:00+00:00,1.34259,1.34301,1.34259,1.34294,0
2026-05-22 12:46:00+00:00,1.34292,1.34306,1.34287,1.34305,0
2026-05-22 12:47:00+00:00,1.34304,1.34318,1.34302,1.34306,0
2026-05-22 12:48:00+00:00,1.34309,1.34321,1.34306,1.34317,0
2026-05-22 12:49:00+00:00,1.34317,1.34326,1.34309,1.34316,0
2026-05-22 12:50:00+00:00,1.34315,1.34315,1.34301,1.34301,0
2026-05-22 12:51:00+00:00,1.34301,1.34306,1.34299,1.343,0
2026-05-22 12:52:00+00:00,1.34299,1.34309,1.34299,1.34306,0
2026-05-22 12:53:00+00:00,1.34306,1.3431,1.34304,1.34308,0
2026-05-22 12:54:00+00:00,1.34306,1.34308,1.34296,1.34308,0
2026-05-22 12:55:00+00:00,1.34308,1.34309,1.34293,1.34293,0
2026-05-22 12:56:00+00:00,1.34295,1.34314,1.34295,1.34305,0
2026-05-22 12:57:00+00:00,1.34307,1.34318,1.343,1.34315,0
2026-05-22 12:58:00+00:00,1.34314,1.34334,1.34312,1.34333,0
2026-05-22 12:59:00+00:00,1.34335,1.34369,1.34329,1.34364,0
2026-05-22 13:00:00+00:00,1.34362,1.34371,1.34351,1.34369,0
2026-05-22 13:01:00+00:00,1.34369,1.34382,1.34366,1.34379,0
2026-05-22 13:02:00+00:00,1.34379,1.34379,1.34362,1.34368,0
2026-05-22 13:03:00+00:00,1.34367,1.34387,1.34367,1.34387,0
2026-05-22 13:04:00+00:00,1.34386,1.34397,1.34371,1.34382,0
2026-05-22 13:05:00+00:00,1.34383,1.34398,1.34383,1.34388,0
2026-05-22 13:06:00+00:00,1.34389,1.34391,1.34385,1.34387,0
2026-05-22 13:07:00+00:00,1.34393,1.34436,1.34393,1.34436,0
2026-05-22 13:08:00+00:00,1.34437,1.34465,1.3443,1.34462,0
2026-05-22 13:09:00+00:00,1.34464,1.34594,1.34463,1.34546,0
2026-05-22 13:10:00+00:00,1.34551,1.3456,1.34514,1.3456,0
2026-05-22 13:11:00+00:00,1.3456,1.34627,1.3456,1.34587,0
2026-05-22 13:12:00+00:00,1.3459,1.34605,1.34546,1.34546,0
2026-05-22 13:13:00+00:00,1.34546,1.34559,1.34516,1.34517,0
2026-05-22 13:14:00+00:00,1.34519,1.34523,1.34491,1.34508,0
2026-05-22 13:15:00+00:00,1.34508,1.34508,1.34486,1.34499,0
2026-05-22 13:16:00+00:00,1.34499,1.34505,1.34485,1.34494,0
2026-05-22 13:17:00+00:00,1.34494,1.34494,1.34464,1.34467,0
2026-05-22 13:18:00+00:00,1.34469,1.34526,1.34468,1.34506,0
2026-05-22 13:19:00+00:00,1.34506,1.34524,1.34486,1.34515,0
2026-05-22 13:20:00+00:00,1.34514,1.34514,1.34473,1.34475,0
2026-05-22 13:21:00+00:00,1.34474,1.34474,1.34437,1.34439,0
2026-05-22 13:22:00+00:00,1.34439,1.34455,1.34426,1.34448,0
2026-05-22 13:23:00+00:00,1.34447,1.34456,1.34439,1.34456,0
2026-05-22 13:24:00+00:00,1.34456,1.34459,1.34453,1.34459,0
2026-05-22 13:25:00+00:00,1.34458,1.34475,1.34455,1.34469,0
2026-05-22 13:26:00+00:00,1.3447,1.34483,1.34468,1.34483,0
2026-05-22 13:27:00+00:00,1.34481,1.34496,1.34471,1.34489,0
2026-05-22 13:28:00+00:00,1.3449,1.34504,1.34483,1.34504,0
2026-05-22 13:29:00+00:00,1.34505,1.3451,1.34482,1.34484,0
2026-05-22 13:30:00+00:00,1.34484,1.34486,1.3446,1.34465,0
2026-05-22 13:31:00+00:00,1.34466,1.34487,1.34465,1.34487,0
2026-05-22 13:32:00+00:00,1.34487,1.34487,1.34453,1.34453,0
2026-05-22 13:33:00+00:00,1.34455,1.34466,1.34399,1.34399,0
2026-05-22 13:34:00+00:00,1.34399,1.34439,1.34396,1.34439,0
2026-05-22 13:35:00+00:00,1.34437,1.34468,1.34434,1.34449,0
2026-05-22 13:36:00+00:00,1.34449,1.34466,1.34444,1.34444,0
2026-05-22 13:37:00+00:00,1.34447,1.3445,1.34428,1.34436,0
2026-05-22 13:38:00+00:00,1.34436,1.34436,1.34408,1.34413,0
2026-05-22 13:39:00+00:00,1.34412,1.34419,1.34401,1.34418,0
2026-05-22 13:40:00+00:00,1.34419,1.34439,1.34395,1.34416,0
2026-05-22 13:41:00+00:00,1.34415,1.34436,1.34409,1.34426,0
2026-05-22 13:42:00+00:00,1.34426,1.34433,1.34372,1.34391,0
2026-05-22 13:43:00+00:00,1.34391,1.34425,1.34385,1.34416,0
2026-05-22 13:44:00+00:00,1.34415,1.34415,1.34391,1.344,0
2026-05-22 13:45:00+00:00,1.34398,1.34416,1.34397,1.34402,0
2026-05-22 13:46:00+00:00,1.34402,1.34408,1.34386,1.34398,0
2026-05-22 13:47:00+00:00,1.34398,1.34406,1.3438,1.3438,0
2026-05-22 13:48:00+00:00,1.34378,1.3438,1.34351,1.34355,0
2026-05-22 13:49:00+00:00,1.34355,1.34372,1.34344,1.34348,0
2026-05-22 13:50:00+00:00,1.34349,1.34355,1.34329,1.3435,0
2026-05-22 13:51:00+00:00,1.34348,1.344,1.34346,1.34388,0
2026-05-22 13:52:00+00:00,1.34387,1.34391,1.34375,1.34391,0
2026-05-22 13:53:00+00:00,1.34389,1.34404,1.34386,1.34397,0
2026-05-22 13:54:00+00:00,1.34395,1.34397,1.34376,1.34385,0
2026-05-22 13:55:00+00:00,1.34386,1.34386,1.34356,1.34358,0
2026-05-22 13:56:00+00:00,1.34359,1.34368,1.34354,1.34358,0
2026-05-22 13:57:00+00:00,1.34358,1.34376,1.34358,1.34365,0
2026-05-22 13:58:00+00:00,1.34367,1.34375,1.34366,1.3437,0
2026-05-22 13:59:00+00:00,1.34369,1.34374,1.34364,1.34374,0
2026-05-22 14:00:00+00:00,1.34372,1.34375,1.34265,1.3427,0
2026-05-22 14:01:00+00:00,1.34268,1.34295,1.34253,1.3426,0
2026-05-22 14:02:00+00:00,1.34256,1.34267,1.34208,1.34215,0
2026-05-22 14:03:00+00:00,1.34218,1.34242,1.34203,1.34242,0
2026-05-22 14:04:00+00:00,1.34242,1.34265,1.34238,1.34251,0
2026-05-22 14:05:00+00:00,1.34252,1.34261,1.34239,1.34253,0
2026-05-22 14:06:00+00:00,1.34252,1.34258,1.34228,1.34232,0
2026-05-22 14:07:00+00:00,1.34237,1.34247,1.34229,1.34237,0
2026-05-22 14:08:00+00:00,1.34236,1.34255,1.34226,1.34229,0
2026-05-22 14:09:00+00:00,1.34229,1.3428,1.34224,1.3428,0
2026-05-22 14:10:00+00:00,1.34278,1.34298,1.34276,1.34288,0
2026-05-22 14:11:00+00:00,1.34289,1.34289,1.34263,1.34264,0
2026-05-22 14:12:00+00:00,1.34264,1.34271,1.34246,1.34246,0
2026-05-22 14:13:00+00:00,1.34244,1.34244,1.34204,1.34221,0
2026-05-22 14:14:00+00:00,1.34222,1.34227,1.34205,1.34215,0
2026-05-22 14:15:00+00:00,1.34212,1.34226,1.342,1.34206,0
2026-05-22 14:16:00+00:00,1.34206,1.34215,1.34194,1.34194,0
2026-05-22 14:17:00+00:00,1.34196,1.34205,1.34178,1.34187,0
2026-05-22 14:18:00+00:00,1.34186,1.34228,1.34181,1.34223,0
2026-05-22 14:19:00+00:00,1.34222,1.34222,1.34209,1.34219,0
2026-05-22 14:20:00+00:00,1.3422,1.34232,1.34209,1.34218,0
2026-05-22 14:21:00+00:00,1.34219,1.3422,1.342,1.34209,0
2026-05-22 14:22:00+00:00,1.34208,1.34213,1.34201,1.3421,0
2026-05-22 14:23:00+00:00,1.3421,1.34221,1.34192,1.34193,0
2026-05-22 14:24:00+00:00,1.34194,1.34205,1.34191,1.34202,0
2026-05-22 14:25:00+00:00,1.34202,1.34226,1.34196,1.34221,0
2026-05-22 14:26:00+00:00,1.34223,1.34239,1.3422,1.34227,0
2026-05-22 14:27:00+00:00,1.34227,1.34229,1.34215,1.34221,0
2026-05-22 14:28:00+00:00,1.34222,1.34225,1.34197,1.34213,0
2026-05-22 14:29:00+00:00,1.34215,1.3423,1.34212,1.34228,0
2026-05-22 14:30:00+00:00,1.34231,1.34237,1.34213,1.34233,0
2026-05-22 14:31:00+00:00,1.34233,1.34259,1.34233,1.34258,0
2026-05-22 14:32:00+00:00,1.34258,1.34291,1.34257,1.34283,0
2026-05-22 14:33:00+00:00,1.34284,1.3429,1.34268,1.34276,0
2026-05-22 14:34:00+00:00,1.34275,1.34288,1.34275,1.34278,0
2026-05-22 14:35:00+00:00,1.34276,1.34287,1.34272,1.34279,0
2026-05-22 14:36:00+00:00,1.34277,1.3428,1.34268,1.34278,0
2026-05-22 14:37:00+00:00,1.34278,1.34287,1.34269,1.34272,0
2026-05-22 14:38:00+00:00,1.34271,1.34279,1.34267,1.34279,0
2026-05-22 14:39:00+00:00,1.34279,1.3428,1.34254,1.34259,0
2026-05-22 14:40:00+00:00,1.3426,1.34284,1.3426,1.34274,0
2026-05-22 14:41:00+00:00,1.34274,1.34284,1.34264,1.34278,0
2026-05-22 14:42:00+00:00,1.34279,1.3431,1.34266,1.34309,0
2026-05-22 14:43:00+00:00,1.34309,1.34319,1.34292,1.34295,0
2026-05-22 14:44:00+00:00,1.34296,1.34326,1.34294,1.34324,0
2026-05-22 14:45:00+00:00,1.34329,1.34348,1.3432,1.34339,0
2026-05-22 14:46:00+00:00,1.34339,1.34341,1.34324,1.34327,0
2026-05-22 14:47:00+00:00,1.34326,1.3434,1.34324,1.34334,0
2026-05-22 14:48:00+00:00,1.34335,1.34338,1.34301,1.34301,0
2026-05-22 14:49:00+00:00,1.34302,1.34309,1.34275,1.34275,0
2026-05-22 14:50:00+00:00,1.34273,1.34277,1.34234,1.34238,0
2026-05-22 14:51:00+00:00,1.3424,1.34249,1.34235,1.34235,0
2026-05-22 14:52:00+00:00,1.34235,1.3426,1.34235,1.34246,0
2026-05-22 14:53:00+00:00,1.34247,1.34288,1.34247,1.34288,0
2026-05-22 14:54:00+00:00,1.34291,1.34314,1.34287,1.3431,0
2026-05-22 14:55:00+00:00,1.3431,1.34363,1.34295,1.34359,0
2026-05-22 14:56:00+00:00,1.34359,1.34373,1.3434,1.34341,0
2026-05-22 14:57:00+00:00,1.34342,1.34369,1.34321,1.34364,0
2026-05-22 14:58:00+00:00,1.34363,1.34365,1.34329,1.34334,0
2026-05-22 14:59:00+00:00,1.34335,1.34343,1.3432,1.34341,0
2026-05-22 15:00:00+00:00,1.3434,1.34342,1.34289,1.34317,0
2026-05-22 15:01:00+00:00,1.34315,1.34328,1.3431,1.3431,0
2026-05-22 15:02:00+00:00,1.3431,1.34325,1.34309,1.34322,0
2026-05-22 15:03:00+00:00,1.3432,1.3434,1.3431,1.3431,0
2026-05-22 15:04:00+00:00,1.34309,1.34343,1.34301,1.34339,0
2026-05-22 15:05:00+00:00,1.34336,1.34377,1.34332,1.34372,0
2026-05-22 15:06:00+00:00,1.34371,1.34378,1.34341,1.34351,0
2026-05-22 15:07:00+00:00,1.34354,1.34397,1.34354,1.34396,0
2026-05-22 15:08:00+00:00,1.34397,1.34397,1.34366,1.34367,0
2026-05-22 15:09:00+00:00,1.34367,1.34367,1.34345,1.34361,0
2026-05-22 15:10:00+00:00,1.34361,1.34366,1.34352,1.34363,0
2026-05-22 15:11:00+00:00,1.34364,1.34371,1.34349,1.34371,0
2026-05-22 15:12:00+00:00,1.3437,1.34377,1.34353,1.34356,0
2026-05-22 15:13:00+00:00,1.34357,1.3437,1.34353,1.34367,0
2026-05-22 15:14:00+00:00,1.34367,1.3437,1.34357,1.34364,0
2026-05-22 15:15:00+00:00,1.34365,1.34407,1.34364,1.34407,0
2026-05-22 15:16:00+00:00,1.34408,1.34419,1.34391,1.34395,0
2026-05-22 15:17:00+00:00,1.34393,1.34396,1.34386,1.34387,0
2026-05-22 15:18:00+00:00,1.34387,1.34397,1.34387,1.34389,0
2026-05-22 15:19:00+00:00,1.34388,1.34389,1.34364,1.34366,0
2026-05-22 15:20:00+00:00,1.34365,1.34374,1.34348,1.34373,0
2026-05-22 15:21:00+00:00,1.34373,1.34379,1.34366,1.34371,0
2026-05-22 15:22:00+00:00,1.34371,1.34375,1.3436,1.34363,0
2026-05-22 15:23:00+00:00,1.34367,1.34375,1.34361,1.34365,0
2026-05-22 15:24:00+00:00,1.34363,1.34379,1.34361,1.34366,0
2026-05-22 15:25:00+00:00,1.34365,1.34388,1.34359,1.34388,0
2026-05-22 15:26:00+00:00,1.34388,1.344,1.34385,1.34397,0
2026-05-22 15:27:00+00:00,1.34395,1.34407,1.34387,1.34406,0
2026-05-22 15:28:00+00:00,1.34407,1.3442,1.34405,1.34408,0
2026-05-22 15:29:00+00:00,1.34407,1.34407,1.34383,1.34386,0
2026-05-22 15:30:00+00:00,1.34385,1.34396,1.34373,1.34395,0
2026-05-22 15:31:00+00:00,1.34396,1.344,1.34378,1.34391,0
2026-05-22 15:32:00+00:00,1.34391,1.34404,1.34389,1.34398,0
2026-05-22 15:33:00+00:00,1.34399,1.34405,1.34372,1.34397,0
2026-05-22 15:34:00+00:00,1.34395,1.34395,1.3437,1.3437,0
2026-05-22 15:35:00+00:00,1.34372,1.34388,1.34368,1.34386,0
2026-05-22 15:36:00+00:00,1.34388,1.34396,1.34384,1.34396,0
2026-05-22 15:37:00+00:00,1.34397,1.34411,1.34394,1.34398,0
2026-05-22 15:38:00+00:00,1.344,1.34406,1.34393,1.34395,0
2026-05-22 15:39:00+00:00,1.34395,1.34397,1.34387,1.3439,0
2026-05-22 15:40:00+00:00,1.34388,1.34389,1.34377,1.34379,0
2026-05-22 15:41:00+00:00,1.34388,1.34399,1.34385,1.3439,0
2026-05-22 15:42:00+00:00,1.3439,1.344,1.3439,1.34399,0
2026-05-22 15:43:00+00:00,1.34401,1.3443,1.34395,1.34428,0
2026-05-22 15:44:00+00:00,1.3443,1.34431,1.344,1.34409,0
2026-05-22 15:45:00+00:00,1.34411,1.34425,1.34401,1.34419,0
2026-05-22 15:46:00+00:00,1.34417,1.34419,1.34396,1.34396,0
2026-05-22 15:47:00+00:00,1.34394,1.34399,1.34386,1.34387,0
2026-05-22 15:48:00+00:00,1.34386,1.3439,1.34377,1.34378,0
2026-05-22 15:49:00+00:00,1.34379,1.34397,1.34371,1.34388,0
2026-05-22 15:50:00+00:00,1.34389,1.34392,1.34386,1.34389,0
2026-05-22 15:51:00+00:00,1.3439,1.34396,1.34377,1.3438,0
2026-05-22 15:52:00+00:00,1.34381,1.34395,1.34378,1.34378,0
2026-05-22 15:53:00+00:00,1.34379,1.34409,1.34378,1.34409,0
2026-05-22 15:54:00+00:00,1.34405,1.34415,1.34397,1.34399,0
2026-05-22 15:55:00+00:00,1.344,1.344,1.3437,1.34376,0
2026-05-22 15:56:00+00:00,1.34376,1.34378,1.34365,1.34367,0
2026-05-22 15:57:00+00:00,1.34366,1.34375,1.34355,1.34365,0
2026-05-22 15:58:00+00:00,1.34363,1.34379,1.34363,1.34377,0
2026-05-22 15:59:00+00:00,1.34378,1.34378,1.34361,1.34368,0
2026-05-22 16:00:00+00:00,1.34367,1.3437,1.34334,1.34348,0
2026-05-22 16:01:00+00:00,1.34346,1.34367,1.34346,1.34366,0
2026-05-22 16:02:00+00:00,1.34367,1.34377,1.3436,1.34376,0
2026-05-22 16:03:00+00:00,1.34376,1.34376,1.3435,1.34356,0
2026-05-22 16:04:00+00:00,1.34355,1.34355,1.3434,1.34345,0
2026-05-22 16:05:00+00:00,1.34348,1.34357,1.34343,1.34348,0
2026-05-22 16:06:00+00:00,1.34348,1.34353,1.3434,1.34346,0
2026-05-22 16:07:00+00:00,1.3435,1.34377,1.3435,1.34376,0
2026-05-22 16:08:00+00:00,1.34374,1.34379,1.34369,1.34378,0
2026-05-22 16:09:00+00:00,1.34378,1.34378,1.34365,1.34378,0
2026-05-22 16:10:00+00:00,1.34379,1.34398,1.34375,1.34389,0
2026-05-22 16:11:00+00:00,1.34388,1.34406,1.34387,1.34405,0
2026-05-22 16:12:00+00:00,1.34401,1.34403,1.34379,1.3438,0
2026-05-22 16:13:00+00:00,1.3438,1.34385,1.34373,1.34382,0
2026-05-22 16:14:00+00:00,1.34383,1.34398,1.34379,1.34389,0
2026-05-22 16:15:00+00:00,1.3439,1.34401,1.34372,1.34378,0
2026-05-22 16:16:00+00:00,1.34377,1.34392,1.34377,1.34391,0
2026-05-22 16:17:00+00:00,1.34389,1.344,1.34385,1.34386,0
2026-05-22 16:18:00+00:00,1.34383,1.34387,1.34365,1.34385,0
2026-05-22 16:19:00+00:00,1.34387,1.34389,1.34381,1.34385,0
2026-05-22 16:20:00+00:00,1.34383,1.34395,1.34383,1.3439,0
2026-05-22 16:21:00+00:00,1.34391,1.34414,1.34391,1.34408,0
2026-05-22 16:22:00+00:00,1.34407,1.34408,1.34392,1.34403,0
2026-05-22 16:23:00+00:00,1.34404,1.34407,1.34397,1.34403,0
2026-05-22 16:24:00+00:00,1.34402,1.34427,1.34398,1.34421,0
2026-05-22 16:25:00+00:00,1.3442,1.34443,1.34417,1.34443,0
2026-05-22 16:26:00+00:00,1.34442,1.34445,1.34437,1.34439,0
2026-05-22 16:27:00+00:00,1.34442,1.34448,1.34438,1.34439,0
2026-05-22 16:28:00+00:00,1.34438,1.34439,1.3443,1.34437,0
2026-05-22 16:29:00+00:00,1.34438,1.34447,1.34433,1.34446,0
2026-05-22 16:30:00+00:00,1.34448,1.34463,1.34448,1.34453,0
2026-05-22 16:31:00+00:00,1.34453,1.34461,1.34446,1.3445,0
2026-05-22 16:32:00+00:00,1.3445,1.34455,1.34427,1.34429,0
2026-05-22 16:33:00+00:00,1.34429,1.34436,1.34401,1.34408,0
2026-05-22 16:34:00+00:00,1.34407,1.34407,1.34394,1.34403,0
2026-05-22 16:35:00+00:00,1.34405,1.34417,1.34405,1.34413,0
2026-05-22 16:36:00+00:00,1.34412,1.34417,1.34405,1.34407,0
2026-05-22 16:37:00+00:00,1.34407,1.34416,1.34406,1.34413,0
2026-05-22 16:38:00+00:00,1.34413,1.34416,1.34395,1.34401,0
2026-05-22 16:39:00+00:00,1.34402,1.34417,1.34398,1.34417,0
2026-05-22 16:40:00+00:00,1.34415,1.34416,1.34409,1.34412,0
2026-05-22 16:41:00+00:00,1.34413,1.34424,1.34413,1.34424,0
2026-05-22 16:42:00+00:00,1.34424,1.34424,1.34411,1.34418,0
2026-05-22 16:43:00+00:00,1.34416,1.34428,1.3441,1.34428,0
2026-05-22 16:44:00+00:00,1.34428,1.34435,1.34418,1.34418,0
2026-05-22 16:45:00+00:00,1.34419,1.34425,1.34417,1.34421,0
2026-05-22 16:46:00+00:00,1.3442,1.34445,1.3442,1.34444,0
2026-05-22 16:47:00+00:00,1.34443,1.34449,1.34437,1.3444,0
2026-05-22 16:48:00+00:00,1.34441,1.34446,1.34436,1.34436,0
2026-05-22 16:49:00+00:00,1.34438,1.34438,1.34433,1.34435,0
2026-05-22 16:50:00+00:00,1.34437,1.34439,1.34421,1.34427,0
2026-05-22 16:51:00+00:00,1.34427,1.34429,1.34419,1.34427,0
2026-05-22 16:52:00+00:00,1.34424,1.34435,1.34422,1.34433,0
2026-05-22 16:53:00+00:00,1.34435,1.34448,1.34433,1.34448,0
2026-05-22 16:54:00+00:00,1.34448,1.34453,1.34438,1.34442,0
2026-05-22 16:55:00+00:00,1.34443,1.34444,1.34428,1.34431,0
2026-05-22 16:56:00+00:00,1.34432,1.34437,1.34425,1.34425,0
2026-05-22 16:57:00+00:00,1.34426,1.3443,1.34415,1.34425,0
2026-05-22 16:58:00+00:00,1.34427,1.34438,1.34424,1.34437,0
2026-05-22 16:59:00+00:00,1.34437,1.3444,1.34429,1.34438,0
2026-05-22 17:00:00+00:00,1.34439,1.34469,1.34436,1.34464,0
2026-05-22 17:01:00+00:00,1.34465,1.34468,1.34461,1.34464,0
2026-05-22 17:02:00+00:00,1.34466,1.34472,1.34462,1.34465,0
2026-05-22 17:03:00+00:00,1.34467,1.34474,1.34466,1.34468,0
2026-05-22 17:04:00+00:00,1.34471,1.34474,1.3446,1.34466,0
2026-05-22 17:05:00+00:00,1.34467,1.34477,1.34465,1.34469,0
2026-05-22 17:06:00+00:00,1.34469,1.34469,1.34457,1.34458,0
2026-05-22 17:07:00+00:00,1.34457,1.34457,1.34444,1.34451,0
2026-05-22 17:08:00+00:00,1.34451,1.34451,1.34446,1.34449,0
2026-05-22 17:09:00+00:00,1.34445,1.34457,1.34445,1.34456,0
2026-05-22 17:10:00+00:00,1.34458,1.34471,1.34457,1.34469,0
2026-05-22 17:11:00+00:00,1.34471,1.34476,1.34469,1.34473,0
2026-05-22 17:12:00+00:00,1.34471,1.34471,1.34451,1.34456,0
2026-05-22 17:13:00+00:00,1.34456,1.34457,1.34447,1.34451,0
2026-05-22 17:14:00+00:00,1.34449,1.3447,1.34443,1.34467,0
2026-05-22 17:15:00+00:00,1.34468,1.34478,1.34468,1.34473,0
2026-05-22 17:16:00+00:00,1.34474,1.34474,1.34468,1.34469,0
2026-05-22 17:17:00+00:00,1.34475,1.34477,1.3447,1.3447,0
2026-05-22 17:18:00+00:00,1.3447,1.3447,1.34464,1.34464,0
2026-05-22 17:19:00+00:00,1.34465,1.3447,1.34443,1.34447,0
2026-05-22 17:20:00+00:00,1.34443,1.34468,1.34439,1.3446,0
2026-05-22 17:21:00+00:00,1.34459,1.34459,1.34445,1.34449,0
2026-05-22 17:22:00+00:00,1.34449,1.34452,1.34439,1.34439,0
2026-05-22 17:23:00+00:00,1.34439,1.34447,1.34432,1.34444,0
2026-05-22 17:24:00+00:00,1.34442,1.34458,1.34434,1.34458,0
2026-05-22 17:25:00+00:00,1.34457,1.34458,1.34448,1.34453,0
2026-05-22 17:26:00+00:00,1.34455,1.34456,1.34445,1.34446,0
2026-05-22 17:27:00+00:00,1.34447,1.34466,1.3444,1.3446,0
2026-05-22 17:28:00+00:00,1.34459,1.34504,1.34423,1.34451,0
2026-05-22 17:29:00+00:00,1.34452,1.34501,1.34421,1.34495,0
2026-05-22 17:30:00+00:00,1.34497,1.34531,1.34497,1.34519,0
2026-05-22 17:31:00+00:00,1.34522,1.34532,1.34493,1.34495,0
2026-05-22 17:32:00+00:00,1.34495,1.34511,1.34474,1.34485,0
2026-05-22 17:33:00+00:00,1.34484,1.34486,1.34468,1.34472,0
2026-05-22 17:34:00+00:00,1.34474,1.34485,1.34468,1.34475,0
2026-05-22 17:35:00+00:00,1.34477,1.34478,1.3446,1.3447,0
2026-05-22 17:36:00+00:00,1.34469,1.34476,1.34464,1.34474,0
2026-05-22 17:37:00+00:00,1.34475,1.34487,1.34473,1.34486,0
2026-05-22 17:38:00+00:00,1.34486,1.34507,1.34486,1.34506,0
2026-05-22 17:39:00+00:00,1.34506,1.34517,1.34505,1.3451,0
2026-05-22 17:40:00+00:00,1.34509,1.34516,1.34489,1.34494,0
2026-05-22 17:41:00+00:00,1.34494,1.34499,1.34488,1.34495,0
2026-05-22 17:42:00+00:00,1.34497,1.34506,1.34496,1.34505,0
2026-05-22 17:43:00+00:00,1.34503,1.34515,1.34503,1.34508,0
2026-05-22 17:44:00+00:00,1.34508,1.34508,1.34492,1.34495,0
2026-05-22 17:45:00+00:00,1.34497,1.34498,1.34484,1.34484,0
2026-05-22 17:46:00+00:00,1.34485,1.34487,1.34465,1.34465,0
2026-05-22 17:47:00+00:00,1.34465,1.34468,1.34458,1.34458,0
2026-05-22 17:48:00+00:00,1.34456,1.34467,1.34455,1.34466,0
2026-05-22 17:49:00+00:00,1.34464,1.34478,1.34462,1.34474,0
2026-05-22 17:50:00+00:00,1.34476,1.34484,1.34476,1.34481,0
2026-05-22 17:51:00+00:00,1.34479,1.34496,1.34472,1.34495,0
2026-05-22 17:52:00+00:00,1.34497,1.34498,1.34485,1.34487,0
2026-05-22 17:53:00+00:00,1.34489,1.34498,1.34488,1.34495,0
2026-05-22 17:54:00+00:00,1.34497,1.345,1.34468,1.34472,0
2026-05-22 17:55:00+00:00,1.34475,1.34487,1.34475,1.34479,0
2026-05-22 17:56:00+00:00,1.34478,1.34488,1.34476,1.34487,0
2026-05-22 17:57:00+00:00,1.34488,1.3451,1.34488,1.34499,0
2026-05-22 17:58:00+00:00,1.34498,1.345,1.34493,1.34494,0
2026-05-22 17:59:00+00:00,1.34493,1.34494,1.34485,1.34489,0
2026-05-22 18:00:00+00:00,1.34488,1.34499,1.34483,1.34497,0
2026-05-22 18:01:00+00:00,1.34496,1.34499,1.34483,1.34485,0
2026-05-22 18:02:00+00:00,1.34483,1.34498,1.34481,1.34496,0
2026-05-22 18:03:00+00:00,1.34494,1.34494,1.34484,1.34489,0
2026-05-22 18:04:00+00:00,1.34488,1.34491,1.34437,1.34486,0
2026-05-22 18:05:00+00:00,1.34486,1.34504,1.3448,1.34483,0
2026-05-22 18:06:00+00:00,1.34482,1.34484,1.34458,1.34467,0
2026-05-22 18:07:00+00:00,1.34468,1.34477,1.34459,1.34477,0
2026-05-22 18:08:00+00:00,1.34476,1.34481,1.34474,1.34475,0
2026-05-22 18:09:00+00:00,1.34477,1.34479,1.34472,1.34472,0
2026-05-22 18:10:00+00:00,1.34472,1.34472,1.34455,1.34457,0
2026-05-22 18:11:00+00:00,1.34457,1.34468,1.34454,1.34458,0
2026-05-22 18:12:00+00:00,1.34455,1.34458,1.34447,1.34456,0
2026-05-22 18:13:00+00:00,1.34455,1.3446,1.34451,1.34459,0
2026-05-22 18:14:00+00:00,1.34456,1.34466,1.34449,1.3446,0
2026-05-22 18:15:00+00:00,1.34459,1.34468,1.34454,1.34458,0
2026-05-22 18:16:00+00:00,1.34456,1.3447,1.34456,1.34468,0
2026-05-22 18:17:00+00:00,1.34466,1.34467,1.34458,1.34459,0
2026-05-22 18:18:00+00:00,1.34463,1.34468,1.34455,1.34456,0
2026-05-22 18:19:00+00:00,1.34454,1.34458,1.34445,1.34449,0
2026-05-22 18:20:00+00:00,1.3445,1.34457,1.34448,1.34456,0
2026-05-22 18:21:00+00:00,1.34459,1.34464,1.34457,1.3446,0
2026-05-22 18:22:00+00:00,1.34459,1.34469,1.34448,1.34467,0
2026-05-22 18:23:00+00:00,1.34466,1.34467,1.34459,1.34461,0
2026-05-22 18:24:00+00:00,1.34463,1.34467,1.34457,1.34463,0
2026-05-22 18:25:00+00:00,1.34462,1.34465,1.34447,1.34447,0
2026-05-22 18:26:00+00:00,1.34449,1.34455,1.34449,1.34454,0
2026-05-22 18:27:00+00:00,1.34453,1.34468,1.34453,1.34465,0
2026-05-22 18:28:00+00:00,1.34464,1.34464,1.34451,1.34458,0
2026-05-22 18:29:00+00:00,1.34454,1.34454,1.34448,1.34449,0
2026-05-22 18:30:00+00:00,1.34449,1.34449,1.34438,1.34439,0
2026-05-22 18:31:00+00:00,1.34436,1.34448,1.34436,1.34447,0
2026-05-22 18:32:00+00:00,1.34447,1.3445,1.34446,1.34447,0
2026-05-22 18:33:00+00:00,1.34447,1.34457,1.34447,1.3445,0
2026-05-22 18:34:00+00:00,1.3445,1.34459,1.34448,1.34459,0
2026-05-22 18:35:00+00:00,1.34459,1.34459,1.34457,1.34458,0
2026-05-22 18:36:00+00:00,1.34459,1.3446,1.34458,1.3446,0
2026-05-22 18:37:00+00:00,1.34459,1.34468,1.34458,1.34468,0
2026-05-22 18:38:00+00:00,1.34465,1.34466,1.34456,1.34465,0
2026-05-22 18:39:00+00:00,1.34465,1.3451,1.3446,1.34467,0
2026-05-22 18:40:00+00:00,1.34468,1.34476,1.34464,1.34466,0
2026-05-22 18:41:00+00:00,1.34465,1.34468,1.34458,1.34466,0
2026-05-22 18:42:00+00:00,1.34465,1.34467,1.34464,1.34466,0
2026-05-22 18:43:00+00:00,1.34468,1.34478,1.34468,1.34478,0
2026-05-22 18:44:00+00:00,1.34477,1.34478,1.34468,1.34468,0
2026-05-22 18:45:00+00:00,1.34468,1.34477,1.34468,1.34473,0
2026-05-22 18:46:00+00:00,1.34471,1.34476,1.34468,1.34468,0
2026-05-22 18:47:00+00:00,1.34467,1.34467,1.34458,1.34458,0
2026-05-22 18:48:00+00:00,1.34461,1.34465,1.34458,1.34462,0
2026-05-22 18:49:00+00:00,1.34463,1.3447,1.34461,1.34466,0
2026-05-22 18:50:00+00:00,1.34468,1.34476,1.34467,1.34471,0
2026-05-22 18:51:00+00:00,1.34476,1.34482,1.34475,1.3448,0
2026-05-22 18:52:00+00:00,1.34481,1.34482,1.34477,1.34478,0
2026-05-22 18:53:00+00:00,1.34479,1.34487,1.34477,1.34487,0
2026-05-22 18:54:00+00:00,1.34488,1.34498,1.34486,1.3449,0
2026-05-22 18:55:00+00:00,1.34492,1.34495,1.34489,1.3449,0
2026-05-22 18:56:00+00:00,1.34489,1.34489,1.34487,1.34487,0
2026-05-22 18:57:00+00:00,1.34487,1.34488,1.34478,1.34486,0
2026-05-22 18:58:00+00:00,1.34483,1.34483,1.34477,1.34479,0
2026-05-22 18:59:00+00:00,1.34481,1.34481,1.34476,1.34479,0
2026-05-22 19:00:00+00:00,1.34479,1.34481,1.34466,1.34478,0
2026-05-22 19:01:00+00:00,1.34477,1.34481,1.3445,1.34457,0
2026-05-22 19:02:00+00:00,1.34458,1.34478,1.34426,1.34429,0
2026-05-22 19:03:00+00:00,1.34428,1.34436,1.34414,1.34417,0
2026-05-22 19:04:00+00:00,1.34416,1.34426,1.34409,1.34415,0
2026-05-22 19:05:00+00:00,1.34413,1.34417,1.34399,1.34414,0
2026-05-22 19:06:00+00:00,1.3441,1.34413,1.34405,1.34407,0
2026-05-22 19:07:00+00:00,1.34408,1.34423,1.34408,1.34417,0
2026-05-22 19:08:00+00:00,1.34417,1.34423,1.34417,1.34417,0
2026-05-22 19:09:00+00:00,1.34417,1.34417,1.34405,1.34416,0
2026-05-22 19:10:00+00:00,1.34418,1.34425,1.34418,1.34418,0
2026-05-22 19:11:00+00:00,1.34417,1.34422,1.34417,1.34422,0
2026-05-22 19:12:00+00:00,1.3442,1.34425,1.3442,1.34423,0
2026-05-22 19:13:00+00:00,1.34423,1.34424,1.34416,1.34417,0
2026-05-22 19:14:00+00:00,1.34416,1.34416,1.34408,1.34413,0
2026-05-22 19:15:00+00:00,1.34414,1.34429,1.34414,1.34427,0
2026-05-22 19:16:00+00:00,1.34424,1.34427,1.34421,1.34427,0
2026-05-22 19:17:00+00:00,1.34425,1.34427,1.34422,1.34426,0
2026-05-22 19:18:00+00:00,1.34425,1.34431,1.34425,1.34427,0
2026-05-22 19:19:00+00:00,1.34427,1.34429,1.34425,1.34429,0
2026-05-22 19:20:00+00:00,1.34428,1.34428,1.34414,1.34418,0
2026-05-22 19:21:00+00:00,1.34418,1.34418,1.34413,1.34415,0
2026-05-22 19:22:00+00:00,1.34416,1.34422,1.34415,1.34421,0
2026-05-22 19:23:00+00:00,1.34423,1.34424,1.34419,1.34419,0
2026-05-22 19:24:00+00:00,1.34421,1.34425,1.34419,1.34422,0
2026-05-22 19:25:00+00:00,1.34424,1.34426,1.34421,1.34424,0
2026-05-22 19:26:00+00:00,1.34423,1.34423,1.34418,1.34419,0
2026-05-22 19:27:00+00:00,1.34419,1.34426,1.34419,1.34424,0
2026-05-22 19:28:00+00:00,1.34423,1.34428,1.34421,1.34427,0
2026-05-22 19:29:00+00:00,1.34424,1.34424,1.34408,1.34409,0
2026-05-22 19:30:00+00:00,1.3441,1.3441,1.344,1.344,0
2026-05-22 19:31:00+00:00,1.34399,1.34408,1.34396,1.34406,0
2026-05-22 19:32:00+00:00,1.34405,1.34411,1.34399,1.34411,0
2026-05-22 19:33:00+00:00,1.3441,1.34412,1.34408,1.3441,0
2026-05-22 19:34:00+00:00,1.3441,1.34411,1.34395,1.34401,0
2026-05-22 19:35:00+00:00,1.344,1.34408,1.34398,1.34407,0
2026-05-22 19:36:00+00:00,1.34407,1.34417,1.34407,1.34417,0
2026-05-22 19:37:00+00:00,1.34421,1.34421,1.3441,1.3441,0
2026-05-22 19:38:00+00:00,1.34409,1.34409,1.344,1.34407,0
2026-05-22 19:39:00+00:00,1.34405,1.34406,1.34397,1.34397,0
2026-05-22 19:40:00+00:00,1.34399,1.34405,1.34398,1.34398,0
2026-05-22 19:41:00+00:00,1.34397,1.34406,1.34397,1.34402,0
2026-05-22 19:42:00+00:00,1.344,1.34403,1.34397,1.34402,0
2026-05-22 19:43:00+00:00,1.344,1.34402,1.34397,1.34397,0
2026-05-22 19:44:00+00:00,1.34398,1.34406,1.34397,1.34398,0
2026-05-22 19:45:00+00:00,1.34398,1.34403,1.34397,1.34397,0
2026-05-22 19:46:00+00:00,1.34394,1.34395,1.34387,1.34388,0
2026-05-22 19:47:00+00:00,1.34387,1.34398,1.34385,1.34397,0
2026-05-22 19:48:00+00:00,1.34396,1.34396,1.34388,1.34394,0
2026-05-22 19:49:00+00:00,1.34392,1.34396,1.34389,1.34396,0
2026-05-22 19:50:00+00:00,1.34392,1.34398,1.34388,1.34395,0
2026-05-22 19:51:00+00:00,1.34396,1.34396,1.3438,1.34386,0
2026-05-22 19:52:00+00:00,1.34388,1.34388,1.34379,1.34381,0
2026-05-22 19:53:00+00:00,1.34382,1.34389,1.34381,1.34381,0
2026-05-22 19:54:00+00:00,1.34381,1.34386,1.34377,1.34385,0
2026-05-22 19:55:00+00:00,1.34387,1.34399,1.34387,1.34398,0
2026-05-22 19:56:00+00:00,1.34401,1.34408,1.34398,1.34405,0
2026-05-22 19:57:00+00:00,1.34403,1.34416,1.34401,1.34409,0
2026-05-22 19:58:00+00:00,1.34407,1.34411,1.34405,1.3441,0
2026-05-22 19:59:00+00:00,1.34409,1.34412,1.34397,1.34397,0
2026-05-22 20:00:00+00:00,1.34398,1.344,1.3439,1.3439,0
2026-05-22 20:01:00+00:00,1.34392,1.34397,1.34392,1.34397,0
2026-05-22 20:02:00+00:00,1.34397,1.34399,1.34392,1.34395,0
2026-05-22 20:03:00+00:00,1.34396,1.34398,1.34394,1.34398,0
2026-05-22 20:04:00+00:00,1.34397,1.34407,1.34396,1.34405,0
2026-05-22 20:05:00+00:00,1.34404,1.34413,1.34399,1.34413,0
2026-05-22 20:06:00+00:00,1.34411,1.34413,1.34407,1.34409,0
2026-05-22 20:07:00+00:00,1.34408,1.34417,1.34408,1.34413,0
2026-05-22 20:08:00+00:00,1.34412,1.34414,1.34407,1.34407,0
2026-05-22 20:09:00+00:00,1.34409,1.34419,1.34409,1.34414,0
2026-05-22 20:10:00+00:00,1.34417,1.34419,1.34401,1.34401,0
2026-05-22 20:11:00+00:00,1.34402,1.34406,1.34402,1.34405,0
2026-05-22 20:12:00+00:00,1.34405,1.34405,1.34403,1.34404,0
2026-05-22 20:13:00+00:00,1.34404,1.34408,1.34402,1.34408,0
2026-05-22 20:14:00+00:00,1.34408,1.34411,1.34406,1.34406,0
2026-05-22 20:15:00+00:00,1.34404,1.34412,1.34404,1.34408,0
2026-05-22 20:16:00+00:00,1.34406,1.34407,1.34397,1.34397,0
2026-05-22 20:17:00+00:00,1.344,1.34403,1.34399,1.344,0
2026-05-22 20:18:00+00:00,1.34398,1.34406,1.34396,1.34404,0
2026-05-22 20:19:00+00:00,1.34406,1.34408,1.34406,1.34407,0
2026-05-22 20:20:00+00:00,1.34412,1.34417,1.3441,1.34415,0
2026-05-22 20:21:00+00:00,1.34416,1.34418,1.34416,1.34416,0
2026-05-22 20:22:00+00:00,1.34416,1.34416,1.34416,1.34416,0
2026-05-22 20:23:00+00:00,1.34415,1.34415,1.34413,1.34413,0
2026-05-22 20:24:00+00:00,1.34413,1.34414,1.34408,1.34408,0
2026-05-22 20:25:00+00:00,1.34408,1.34408,1.34405,1.34405,0
2026-05-22 20:26:00+00:00,1.34403,1.34403,1.34399,1.34402,0
2026-05-22 20:27:00+00:00,1.344,1.34404,1.344,1.34404,0
2026-05-22 20:28:00+00:00,1.34404,1.34407,1.344,1.34406,0
2026-05-22 20:29:00+00:00,1.34407,1.34408,1.34405,1.34406,0
2026-05-22 20:30:00+00:00,1.34404,1.34404,1.34397,1.34402,0
2026-05-22 20:31:00+00:00,1.34402,1.34402,1.34361,1.34375,0
2026-05-22 20:32:00+00:00,1.34377,1.34385,1.34358,1.34359,0
2026-05-22 20:33:00+00:00,1.34358,1.34375,1.34358,1.34373,0
2026-05-22 20:34:00+00:00,1.34369,1.3437,1.34353,1.34368,0
2026-05-22 20:35:00+00:00,1.34369,1.34376,1.34364,1.34376,0
2026-05-22 20:36:00+00:00,1.34375,1.34378,1.3437,1.34378,0
2026-05-22 20:37:00+00:00,1.3438,1.34381,1.34373,1.34374,0
2026-05-22 20:38:00+00:00,1.34374,1.34375,1.34364,1.34369,0
2026-05-22 20:39:00+00:00,1.34369,1.34375,1.34369,1.34375,0
2026-05-22 20:40:00+00:00,1.34375,1.34375,1.34366,1.34369,0
2026-05-22 20:41:00+00:00,1.34367,1.34369,1.34366,1.34369,0
2026-05-22 20:42:00+00:00,1.34367,1.34368,1.34366,1.34366,0
2026-05-22 20:43:00+00:00,1.34365,1.34367,1.34359,1.34362,0
2026-05-22 20:44:00+00:00,1.34363,1.34366,1.3436,1.34361,0
2026-05-22 20:45:00+00:00,1.34359,1.34369,1.34359,1.34367,0
2026-05-22 20:46:00+00:00,1.34367,1.34368,1.34361,1.34366,0
2026-05-22 20:47:00+00:00,1.34366,1.34366,1.34341,1.34346,0
2026-05-22 20:48:00+00:00,1.34348,1.34348,1.3434,1.34341,0
2026-05-22 20:49:00+00:00,1.34341,1.34343,1.3433,1.34342,0
2026-05-22 20:50:00+00:00,1.34341,1.34343,1.34331,1.34331,0
2026-05-22 20:51:00+00:00,1.34332,1.34333,1.34324,1.34328,0
2026-05-22 20:52:00+00:00,1.34326,1.34335,1.34321,1.34325,0
2026-05-22 20:53:00+00:00,1.34325,1.34331,1.34321,1.34331,0
2026-05-22 20:54:00+00:00,1.34332,1.34348,1.34326,1.34346,0
2026-05-22 20:55:00+00:00,1.34347,1.34353,1.34319,1.3432,0
2026-05-22 20:56:00+00:00,1.34321,1.34325,1.34289,1.34297,0
2026-05-22 20:57:00+00:00,1.34302,1.34308,1.34275,1.34278,0
2026-05-22 20:58:00+00:00,1.34279,1.34288,1.34271,1.34279,0
2026-05-22 20:59:00+00:00,1.34279,1.34294,1.34271,1.34288,0
2026-05-22 21:00:00+00:00,1.34288,1.34288,1.34288,1.34288,0
2026-05-22 21:01:00+00:00,1.34288,1.34288,1.34288,1.34288,0
2026-05-22 21:02:00+00:00,1.34288,1.34288,1.34288,1.34288,0
2026-05-22 21:03:00+00:00,1.34288,1.34288,1.34288,1.34288,0
2026-05-22 21:04:00+00:00,1.34288,1.34288,1.34288,1.34288,0
2026-05-22 21:05:00+00:00,1.34288,1.34288,1.34288,1.34288,0
2026-05-22 21:06:00+00:00,1.34288,1.34288,1.34288,1.34288,0
2026-05-22 21:07:00+00:00,1.34288,1.34288,1.34288,1.34288,0
2026-05-22 21:08:00+00:00,1.34288,1.34288,1.34288,1.34288,0
2026-05-22 21:09:00+00:00,1.34288,1.34288,1.34288,1.34288,0
2026-05-22 21:10:00+00:00,1.34288,1.34288,1.34288,1.34288,0
2026-05-22 21:11:00+00:00,1.34288,1.34288,1.34288,1.34288,0
2026-05-22 21:12:00+00:00,1.34288,1.34288,1.34288,1.34288,0
2026-05-22 21:13:00+00:00,1.34288,1.34288,1.34288,1.34288,0
2026-05-22 21:14:00+00:00,1.34288,1.34288,1.34288,1.34288,0
2026-05-22 21:15:00+00:00,1.34288,1.34288,1.34288,1.34288,0
2026-05-22 21:16:00+00:00,1.34288,1.34288,1.34288,1.34288,0
2026-05-22 21:17:00+00:00,1.34288,1.34288,1.34288,1.34288,0
2026-05-22 21:18:00+00:00,1.34288,1.34288,1.34288,1.34288,0
2026-05-22 21:19:00+00:00,1.34288,1.34288,1.34288,1.34288,0
2026-05-22 21:20:00+00:00,1.34288,1.34288,1.34288,1.34288,0
2026-05-22 21:21:00+00:00,1.34288,1.34288,1.34288,1.34288,0
2026-05-22 21:22:00+00:00,1.34288,1.34288,1.34288,1.34288,0
2026-05-22 21:23:00+00:00,1.34288,1.34288,1.34288,1.34288,0
2026-05-22 21:24:00+00:00,1.34288,1.34288,1.34288,1.34288,0
2026-05-22 21:25:00+00:00,1.34288,1.34288,1.34288,1.34288,0
2026-05-22 21:26:00+00:00,1.34288,1.34288,1.34288,1.34288,0
2026-05-22 21:27:00+00:00,1.34288,1.34288,1.34288,1.34288,0
2026-05-22 21:28:00+00:00,1.34288,1.34288,1.34288,1.34288,0
2026-05-22 21:29:00+00:00,1.34288,1.34288,1.34288,1.34288,0
2026-05-22 21:30:00+00:00,1.34288,1.34288,1.34288,1.34288,0
2026-05-22 21:31:00+00:00,1.34288,1.34288,1.34288,1.34288,0
2026-05-22 21:32:00+00:00,1.34288,1.34288,1.34288,1.34288,0
2026-05-22 21:33:00+00:00,1.34288,1.34288,1.34288,1.34288,0
2026-05-22 21:34:00+00:00,1.34288,1.34288,1.34288,1.34288,0
2026-05-22 21:35:00+00:00,1.34288,1.34288,1.34288,1.34288,0
2026-05-22 21:36:00+00:00,1.34288,1.34288,1.34288,1.34288,0
2026-05-22 21:37:00+00:00,1.34288,1.34288,1.34288,1.34288,0
2026-05-22 21:38:00+00:00,1.34288,1.34288,1.34288,1.34288,0
2026-05-22 21:39:00+00:00,1.34288,1.34288,1.34288,1.34288,0
2026-05-22 21:40:00+00:00,1.34288,1.34288,1.34288,1.34288,0
2026-05-22 21:41:00+00:00,1.34288,1.34288,1.34288,1.34288,0
2026-05-22 21:42:00+00:00,1.34288,1.34288,1.34288,1.34288,0
2026-05-22 21:43:00+00:00,1.34288,1.34288,1.34288,1.34288,0
2026-05-22 21:44:00+00:00,1.34288,1.34288,1.34288,1.34288,0
2026-05-22 21:45:00+00:00,1.34288,1.34288,1.34288,1.34288,0
2026-05-22 21:46:00+00:00,1.34288,1.34288,1.34288,1.34288,0
2026-05-22 21:47:00+00:00,1.34288,1.34288,1.34288,1.34288,0
2026-05-22 21:48:00+00:00,1.34288,1.34288,1.34288,1.34288,0
2026-05-22 21:49:00+00:00,1.34288,1.34288,1.34288,1.34288,0
2026-05-22 21:50:00+00:00,1.34288,1.34288,1.34288,1.34288,0
2026-05-22 21:51:00+00:00,1.34288,1.34288,1.34288,1.34288,0
2026-05-22 21:52:00+00:00,1.34288,1.34288,1.34288,1.34288,0
2026-05-22 21:53:00+00:00,1.34288,1.34288,1.34288,1.34288,0
2026-05-22 21:54:00+00:00,1.34288,1.34288,1.34288,1.34288,0
2026-05-22 21:55:00+00:00,1.34288,1.34288,1.34288,1.34288,0
2026-05-22 21:56:00+00:00,1.34288,1.34288,1.34288,1.34288,0
2026-05-22 21:57:00+00:00,1.34288,1.34288,1.34288,1.34288,0
2026-05-22 21:58:00+00:00,1.34288,1.34288,1.34288,1.34288,0
2026-05-22 21:59:00+00:00,1.34288,1.34288,1.34288,1.34288,0
2026-05-22 22:00:00+00:00,1.34288,1.34288,1.34288,1.34288,0
2026-05-22 22:01:00+00:00,1.34288,1.34288,1.34288,1.34288,0
2026-05-22 22:02:00+00:00,1.34288,1.34288,1.34288,1.34288,0
2026-05-22 22:03:00+00:00,1.34288,1.34288,1.34288,1.34288,0
2026-05-22 22:04:00+00:00,1.34288,1.34288,1.34288,1.34288,0
2026-05-22 22:05:00+00:00,1.34288,1.34288,1.34288,1.34288,0
2026-05-22 22:06:00+00:00,1.34288,1.34288,1.34288,1.34288,0
2026-05-22 22:07:00+00:00,1.34288,1.34288,1.34288,1.34288,0
2026-05-22 22:08:00+00:00,1.34288,1.34288,1.34288,1.34288,0
2026-05-22 22:09:00+00:00,1.34288,1.34288,1.34288,1.34288,0
2026-05-22 22:10:00+00:00,1.34288,1.34288,1.34288,1.34288,0
2026-05-22 22:11:00+00:00,1.34288,1.34288,1.34288,1.34288,0
2026-05-22 22:12:00+00:00,1.34288,1.34288,1.34288,1.34288,0
2026-05-22 22:13:00+00:00,1.34288,1.34288,1.34288,1.34288,0
2026-05-22 22:14:00+00:00,1.34288,1.34288,1.34288,1.34288,0
2026-05-22 22:15:00+00:00,1.34288,1.34288,1.34288,1.34288,0
2026-05-22 22:16:00+00:00,1.34288,1.34288,1.34288,1.34288,0
2026-05-22 22:17:00+00:00,1.34288,1.34288,1.34288,1.34288,0
2026-05-22 22:18:00+00:00,1.34288,1.34288,1.34288,1.34288,0
2026-05-22 22:19:00+00:00,1.34288,1.34288,1.34288,1.34288,0
2026-05-22 22:20:00+00:00,1.34288,1.34288,1.34288,1.34288,0
2026-05-22 22:21:00+00:00,1.34288,1.34288,1.34288,1.34288,0
2026-05-22 22:22:00+00:00,1.34288,1.34288,1.34288,1.34288,0
2026-05-22 22:23:00+00:00,1.34288,1.34288,1.34288,1.34288,0
2026-05-22 22:24:00+00:00,1.34288,1.34288,1.34288,1.34288,0
2026-05-22 22:25:00+00:00,1.34288,1.34288,1.34288,1.34288,0
2026-05-22 22:26:00+00:00,1.34288,1.34288,1.34288,1.34288,0
2026-05-22 22:27:00+00:00,1.34288,1.34288,1.34288,1.34288,0
2026-05-22 22:28:00+00:00,1.34288,1.34288,1.34288,1.34288,0
2026-05-22 22:29:00+00:00,1.34288,1.34288,1.34288,1.34288,0
2026-05-22 22:30:00+00:00,1.34288,1.34288,1.34288,1.34288,0
2026-05-22 22:31:00+00:00,1.34288,1.34288,1.34288,1.34288,0
2026-05-22 22:32:00+00:00,1.34288,1.34288,1.34288,1.34288,0
2026-05-22 22:33:00+00:00,1.34288,1.34288,1.34288,1.34288,0
2026-05-22 22:34:00+00:00,1.34288,1.34288,1.34288,1.34288,0
2026-05-22 22:35:00+00:00,1.34288,1.34288,1.34288,1.34288,0
2026-05-22 22:36:00+00:00,1.34288,1.34288,1.34288,1.34288,0
2026-05-22 22:37:00+00:00,1.34288,1.34288,1.34288,1.34288,0
2026-05-22 22:38:00+00:00,1.34288,1.34288,1.34288,1.34288,0
2026-05-22 22:39:00+00:00,1.34288,1.34288,1.34288,1.34288,0
2026-05-22 22:40:00+00:00,1.34288,1.34288,1.34288,1.34288,0
2026-05-22 22:41:00+00:00,1.34288,1.34288,1.34288,1.34288,0
2026-05-22 22:42:00+00:00,1.34288,1.34288,1.34288,1.34288,0
2026-05-22 22:43:00+00:00,1.34288,1.34288,1.34288,1.34288,0
2026-05-22 22:44:00+00:00,1.34288,1.34288,1.34288,1.34288,0
2026-05-22 22:45:00+00:00,1.34288,1.34288,1.34288,1.34288,0
2026-05-22 22:46:00+00:00,1.34288,1.34288,1.34288,1.34288,0
2026-05-22 22:47:00+00:00,1.34288,1.34288,1.34288,1.34288,0
2026-05-22 22:48:00+00:00,1.34288,1.34288,1.34288,1.34288,0
2026-05-22 22:49:00+00:00,1.34288,1.34288,1.34288,1.34288,0
2026-05-22 22:50:00+00:00,1.34288,1.34288,1.34288,1.34288,0
2026-05-22 22:51:00+00:00,1.34288,1.34288,1.34288,1.34288,0
2026-05-22 22:52:00+00:00,1.34288,1.34288,1.34288,1.34288,0
2026-05-22 22:53:00+00:00,1.34288,1.34288,1.34288,1.34288,0
2026-05-22 22:54:00+00:00,1.34288,1.34288,1.34288,1.34288,0
2026-05-22 22:55:00+00:00,1.34288,1.34288,1.34288,1.34288,0
2026-05-22 22:56:00+00:00,1.34288,1.34288,1.34288,1.34288,0
2026-05-22 22:57:00+00:00,1.34288,1.34288,1.34288,1.34288,0
2026-05-22 22:58:00+00:00,1.34288,1.34288,1.34288,1.34288,0
2026-05-22 22:59:00+00:00,1.34288,1.34288,1.34288,1.34288,0
2026-05-22 23:00:00+00:00,1.34288,1.34288,1.34288,1.34288,0
2026-05-22 23:01:00+00:00,1.34288,1.34288,1.34288,1.34288,0
2026-05-22 23:02:00+00:00,1.34288,1.34288,1.34288,1.34288,0
2026-05-22 23:03:00+00:00,1.34288,1.34288,1.34288,1.34288,0
2026-05-22 23:04:00+00:00,1.34288,1.34288,1.34288,1.34288,0
2026-05-22 23:05:00+00:00,1.34288,1.34288,1.34288,1.34288,0
2026-05-22 23:06:00+00:00,1.34288,1.34288,1.34288,1.34288,0
2026-05-22 23:07:00+00:00,1.34288,1.34288,1.34288,1.34288,0
2026-05-22 23:08:00+00:00,1.34288,1.34288,1.34288,1.34288,0
2026-05-22 23:09:00+00:00,1.34288,1.34288,1.34288,1.34288,0
2026-05-22 23:10:00+00:00,1.34288,1.34288,1.34288,1.34288,0
2026-05-22 23:11:00+00:00,1.34288,1.34288,1.34288,1.34288,0
2026-05-22 23:12:00+00:00,1.34288,1.34288,1.34288,1.34288,0
2026-05-22 23:13:00+00:00,1.34288,1.34288,1.34288,1.34288,0
2026-05-22 23:14:00+00:00,1.34288,1.34288,1.34288,1.34288,0
2026-05-22 23:15:00+00:00,1.34288,1.34288,1.34288,1.34288,0
2026-05-22 23:16:00+00:00,1.34288,1.34288,1.34288,1.34288,0
2026-05-22 23:17:00+00:00,1.34288,1.34288,1.34288,1.34288,0
2026-05-22 23:18:00+00:00,1.34288,1.34288,1.34288,1.34288,0
2026-05-22 23:19:00+00:00,1.34288,1.34288,1.34288,1.34288,0
2026-05-22 23:20:00+00:00,1.34288,1.34288,1.34288,1.34288,0
2026-05-22 23:21:00+00:00,1.34288,1.34288,1.34288,1.34288,0
2026-05-22 23:22:00+00:00,1.34288,1.34288,1.34288,1.34288,0
2026-05-22 23:23:00+00:00,1.34288,1.34288,1.34288,1.34288,0
2026-05-22 23:24:00+00:00,1.34288,1.34288,1.34288,1.34288,0
2026-05-22 23:25:00+00:00,1.34288,1.34288,1.34288,1.34288,0
2026-05-22 23:26:00+00:00,1.34288,1.34288,1.34288,1.34288,0
2026-05-22 23:27:00+00:00,1.34288,1.34288,1.34288,1.34288,0
2026-05-22 23:28:00+00:00,1.34288,1.34288,1.34288,1.34288,0
2026-05-22 23:29:00+00:00,1.34288,1.34288,1.34288,1.34288,0
2026-05-22 23:30:00+00:00,1.34288,1.34288,1.34288,1.34288,0
2026-05-22 23:31:00+00:00,1.34288,1.34288,1.34288,1.34288,0
2026-05-22 23:32:00+00:00,1.34288,1.34288,1.34288,1.34288,0
2026-05-22 23:33:00+00:00,1.34288,1.34288,1.34288,1.34288,0
2026-05-22 23:34:00+00:00,1.34288,1.34288,1.34288,1.34288,0
2026-05-22 23:35:00+00:00,1.34288,1.34288,1.34288,1.34288,0
2026-05-22 23:36:00+00:00,1.34288,1.34288,1.34288,1.34288,0
2026-05-22 23:37:00+00:00,1.34288,1.34288,1.34288,1.34288,0
2026-05-22 23:38:00+00:00,1.34288,1.34288,1.34288,1.34288,0
2026-05-22 23:39:00+00:00,1.34288,1.34288,1.34288,1.34288,0
2026-05-22 23:40:00+00:00,1.34288,1.34288,1.34288,1.34288,0
2026-05-22 23:41:00+00:00,1.34288,1.34288,1.34288,1.34288,0
2026-05-22 23:42:00+00:00,1.34288,1.34288,1.34288,1.34288,0
2026-05-22 23:43:00+00:00,1.34288,1.34288,1.34288,1.34288,0
2026-05-22 23:44:00+00:00,1.34288,1.34288,1.34288,1.34288,0
2026-05-22 23:45:00+00:00,1.34288,1.34288,1.34288,1.34288,0
2026-05-22 23:46:00+00:00,1.34288,1.34288,1.34288,1.34288,0
2026-05-22 23:47:00+00:00,1.34288,1.34288,1.34288,1.34288,0
2026-05-22 23:48:00+00:00,1.34288,1.34288,1.34288,1.34288,0
2026-05-22 23:49:00+00:00,1.34288,1.34288,1.34288,1.34288,0
2026-05-22 23:50:00+00:00,1.34288,1.34288,1.34288,1.34288,0
2026-05-22 23:51:00+00:00,1.34288,1.34288,1.34288,1.34288,0
2026-05-22 23:52:00+00:00,1.34288,1.34288,1.34288,1.34288,0
2026-05-22 23:53:00+00:00,1.34288,1.34288,1.34288,1.34288,0
2026-05-22 23:54:00+00:00,1.34288,1.34288,1.34288,1.34288,0
2026-05-22 23:55:00+00:00,1.34288,1.34288,1.34288,1.34288,0
2026-05-22 23:56:00+00:00,1.34288,1.34288,1.34288,1.34288,0
2026-05-22 23:57:00+00:00,1.34288,1.34288,1.34288,1.34288,0
2026-05-22 23:58:00+00:00,1.34288,1.34288,1.34288,1.34288,0
2026-05-22 23:59:00+00:00,1.34288,1.34288,1.34288,1.34288,0
2026-05-23 00:00:00+00:00,1.34288,1.34288,1.34288,1.34288,0
2026-05-23 00:01:00+00:00,1.34288,1.34288,1.34288,1.34288,0
2026-05-23 00:02:00+00:00,1.34288,1.34288,1.34288,1.34288,0
2026-05-23 00:03:00+00:00,1.34288,1.34288,1.34288,1.34288,0
2026-05-23 00:04:00+00:00,1.34288,1.34288,1.34288,1.34288,0
2026-05-23 00:05:00+00:00,1.34288,1.34288,1.34288,1.34288,0
2026-05-23 00:06:00+00:00,1.34288,1.34288,1.34288,1.34288,0
2026-05-23 00:07:00+00:00,1.34288,1.34288,1.34288,1.34288,0
2026-05-23 00:08:00+00:00,1.34288,1.34288,1.34288,1.34288,0
2026-05-23 00:09:00+00:00,1.34288,1.34288,1.34288,1.34288,0
2026-05-23 00:10:00+00:00,1.34288,1.34288,1.34288,1.34288,0
2026-05-23 00:11:00+00:00,1.34288,1.34288,1.34288,1.34288,0
2026-05-23 00:12:00+00:00,1.34288,1.34288,1.34288,1.34288,0
2026-05-23 00:13:00+00:00,1.34288,1.34288,1.34288,1.34288,0
2026-05-23 00:14:00+00:00,1.34288,1.34288,1.34288,1.34288,0
2026-05-23 00:15:00+00:00,1.34288,1.34288,1.34288,1.34288,0
2026-05-23 00:16:00+00:00,1.34288,1.34288,1.34288,1.34288,0
2026-05-23 00:17:00+00:00,1.34288,1.34288,1.34288,1.34288,0
2026-05-23 00:18:00+00:00,1.34288,1.34288,1.34288,1.34288,0
2026-05-23 00:19:00+00:00,1.34288,1.34288,1.34288,1.34288,0
2026-05-23 00:20:00+00:00,1.34288,1.34288,1.34288,1.34288,0
2026-05-23 00:21:00+00:00,1.34288,1.34288,1.34288,1.34288,0
2026-05-23 00:22:00+00:00,1.34288,1.34288,1.34288,1.34288,0
2026-05-23 00:23:00+00:00,1.34288,1.34288,1.34288,1.34288,0
2026-05-23 00:24:00+00:00,1.34288,1.34288,1.34288,1.34288,0
2026-05-23 00:25:00+00:00,1.34288,1.34288,1.34288,1.34288,0
2026-05-23 00:26:00+00:00,1.34288,1.34288,1.34288,1.34288,0
2026-05-23 00:27:00+00:00,1.34288,1.34288,1.34288,1.34288,0
2026-05-23 00:28:00+00:00,1.34288,1.34288,1.34288,1.34288,0
2026-05-23 00:29:00+00:00,1.34288,1.34288,1.34288,1.34288,0
2026-05-23 00:30:00+00:00,1.34288,1.34288,1.34288,1.34288,0
2026-05-23 00:31:00+00:00,1.34288,1.34288,1.34288,1.34288,0
2026-05-23 00:32:00+00:00,1.34288,1.34288,1.34288,1.34288,0
2026-05-23 00:33:00+00:00,1.34288,1.34288,1.34288,1.34288,0
2026-05-23 00:34:00+00:00,1.34288,1.34288,1.34288,1.34288,0
2026-05-23 00:35:00+00:00,1.34288,1.34288,1.34288,1.34288,0
2026-05-23 00:36:00+00:00,1.34288,1.34288,1.34288,1.34288,0
2026-05-23 00:37:00+00:00,1.34288,1.34288,1.34288,1.34288,0
2026-05-23 00:38:00+00:00,1.34288,1.34288,1.34288,1.34288,0
2026-05-23 00:39:00+00:00,1.34288,1.34288,1.34288,1.34288,0
2026-05-23 00:40:00+00:00,1.34288,1.34288,1.34288,1.34288,0
2026-05-23 00:41:00+00:00,1.34288,1.34288,1.34288,1.34288,0
2026-05-23 00:42:00+00:00,1.34288,1.34288,1.34288,1.34288,0
2026-05-23 00:43:00+00:00,1.34288,1.34288,1.34288,1.34288,0
2026-05-23 00:44:00+00:00,1.34288,1.34288,1.34288,1.34288,0
2026-05-23 00:45:00+00:00,1.34288,1.34288,1.34288,1.34288,0
2026-05-23 00:46:00+00:00,1.34288,1.34288,1.34288,1.34288,0
2026-05-23 00:47:00+00:00,1.34288,1.34288,1.34288,1.34288,0
2026-05-23 00:48:00+00:00,1.34288,1.34288,1.34288,1.34288,0
2026-05-23 00:49:00+00:00,1.34288,1.34288,1.34288,1.34288,0
2026-05-23 00:50:00+00:00,1.34288,1.34288,1.34288,1.34288,0
2026-05-23 00:51:00+00:00,1.34288,1.34288,1.34288,1.34288,0
2026-05-23 00:52:00+00:00,1.34288,1.34288,1.34288,1.34288,0
2026-05-23 00:53:00+00:00,1.34288,1.34288,1.34288,1.34288,0
2026-05-23 00:54:00+00:00,1.34288,1.34288,1.34288,1.34288,0
2026-05-23 00:55:00+00:00,1.34288,1.34288,1.34288,1.34288,0
2026-05-23 00:56:00+00:00,1.34288,1.34288,1.34288,1.34288,0
2026-05-23 00:57:00+00:00,1.34288,1.34288,1.34288,1.34288,0
2026-05-23 00:58:00+00:00,1.34288,1.34288,1.34288,1.34288,0
2026-05-23 00:59:00+00:00,1.34288,1.34288,1.34288,1.34288,0
2026-05-23 01:00:00+00:00,1.34288,1.34288,1.34288,1.34288,0
2026-05-23 01:01:00+00:00,1.34288,1.34288,1.34288,1.34288,0
2026-05-23 01:02:00+00:00,1.34288,1.34288,1.34288,1.34288,0
2026-05-23 01:03:00+00:00,1.34288,1.34288,1.34288,1.34288,0
2026-05-23 01:04:00+00:00,1.34288,1.34288,1.34288,1.34288,0
2026-05-23 01:05:00+00:00,1.34288,1.34288,1.34288,1.34288,0
2026-05-23 01:06:00+00:00,1.34288,1.34288,1.34288,1.34288,0
2026-05-23 01:07:00+00:00,1.34288,1.34288,1.34288,1.34288,0
2026-05-23 01:08:00+00:00,1.34288,1.34288,1.34288,1.34288,0
2026-05-23 01:09:00+00:00,1.34288,1.34288,1.34288,1.34288,0
2026-05-23 01:10:00+00:00,1.34288,1.34288,1.34288,1.34288,0
2026-05-23 01:11:00+00:00,1.34288,1.34288,1.34288,1.34288,0
2026-05-23 01:12:00+00:00,1.34288,1.34288,1.34288,1.34288,0
2026-05-23 01:13:00+00:00,1.34288,1.34288,1.34288,1.34288,0
2026-05-23 01:14:00+00:00,1.34288,1.34288,1.34288,1.34288,0
2026-05-23 01:15:00+00:00,1.34288,1.34288,1.34288,1.34288,0
2026-05-23 01:16:00+00:00,1.34288,1.34288,1.34288,1.34288,0
2026-05-23 01:17:00+00:00,1.34288,1.34288,1.34288,1.34288,0
2026-05-23 01:18:00+00:00,1.34288,1.34288,1.34288,1.34288,0
2026-05-23 01:19:00+00:00,1.34288,1.34288,1.34288,1.34288,0
2026-05-23 01:20:00+00:00,1.34288,1.34288,1.34288,1.34288,0
2026-05-23 01:21:00+00:00,1.34288,1.34288,1.34288,1.34288,0
2026-05-23 01:22:00+00:00,1.34288,1.34288,1.34288,1.34288,0
2026-05-23 01:23:00+00:00,1.34288,1.34288,1.34288,1.34288,0
2026-05-23 01:24:00+00:00,1.34288,1.34288,1.34288,1.34288,0
2026-05-23 01:25:00+00:00,1.34288,1.34288,1.34288,1.34288,0
2026-05-23 01:26:00+00:00,1.34288,1.34288,1.34288,1.34288,0
2026-05-23 01:27:00+00:00,1.34288,1.34288,1.34288,1.34288,0
2026-05-23 01:28:00+00:00,1.34288,1.34288,1.34288,1.34288,0
2026-05-23 01:29:00+00:00,1.34288,1.34288,1.34288,1.34288,0
2026-05-23 01:30:00+00:00,1.34288,1.34288,1.34288,1.34288,0
2026-05-23 01:31:00+00:00,1.34288,1.34288,1.34288,1.34288,0
2026-05-23 01:32:00+00:00,1.34288,1.34288,1.34288,1.34288,0
2026-05-23 01:33:00+00:00,1.34288,1.34288,1.34288,1.34288,0
2026-05-23 01:34:00+00:00,1.34288,1.34288,1.34288,1.34288,0
2026-05-23 01:35:00+00:00,1.34288,1.34288,1.34288,1.34288,0
2026-05-23 01:36:00+00:00,1.34288,1.34288,1.34288,1.34288,0
2026-05-23 01:37:00+00:00,1.34288,1.34288,1.34288,1.34288,0
2026-05-23 01:38:00+00:00,1.34288,1.34288,1.34288,1.34288,0
2026-05-23 01:39:00+00:00,1.34288,1.34288,1.34288,1.34288,0
2026-05-23 01:40:00+00:00,1.34288,1.34288,1.34288,1.34288,0
2026-05-23 01:41:00+00:00,1.34288,1.34288,1.34288,1.34288,0
2026-05-23 01:42:00+00:00,1.34288,1.34288,1.34288,1.34288,0
2026-05-23 01:43:00+00:00,1.34288,1.34288,1.34288,1.34288,0
2026-05-23 01:44:00+00:00,1.34288,1.34288,1.34288,1.34288,0
2026-05-23 01:45:00+00:00,1.34288,1.34288,1.34288,1.34288,0
2026-05-23 01:46:00+00:00,1.34288,1.34288,1.34288,1.34288,0
2026-05-23 01:47:00+00:00,1.34288,1.34288,1.34288,1.34288,0
2026-05-23 01:48:00+00:00,1.34288,1.34288,1.34288,1.34288,0
2026-05-23 01:49:00+00:00,1.34288,1.34288,1.34288,1.34288,0
2026-05-23 01:50:00+00:00,1.34288,1.34288,1.34288,1.34288,0
2026-05-23 01:51:00+00:00,1.34288,1.34288,1.34288,1.34288,0
2026-05-23 01:52:00+00:00,1.34288,1.34288,1.34288,1.34288,0
2026-05-23 01:53:00+00:00,1.34288,1.34288,1.34288,1.34288,0
2026-05-23 01:54:00+00:00,1.34288,1.34288,1.34288,1.34288,0
2026-05-23 01:55:00+00:00,1.34288,1.34288,1.34288,1.34288,0
2026-05-23 01:56:00+00:00,1.34288,1.34288,1.34288,1.34288,0
2026-05-23 01:57:00+00:00,1.34288,1.34288,1.34288,1.34288,0
2026-05-23 01:58:00+00:00,1.34288,1.34288,1.34288,1.34288,0
2026-05-23 01:59:00+00:00,1.34288,1.34288,1.34288,1.34288,0
2026-05-23 02:00:00+00:00,1.34288,1.34288,1.34288,1.34288,0
2026-05-23 02:01:00+00:00,1.34288,1.34288,1.34288,1.34288,0
2026-05-23 02:02:00+00:00,1.34288,1.34288,1.34288,1.34288,0
2026-05-23 02:03:00+00:00,1.34288,1.34288,1.34288,1.34288,0
2026-05-23 02:04:00+00:00,1.34288,1.34288,1.34288,1.34288,0
2026-05-23 02:05:00+00:00,1.34288,1.34288,1.34288,1.34288,0
2026-05-23 02:06:00+00:00,1.34288,1.34288,1.34288,1.34288,0
2026-05-23 02:07:00+00:00,1.34288,1.34288,1.34288,1.34288,0
2026-05-23 02:08:00+00:00,1.34288,1.34288,1.34288,1.34288,0
2026-05-23 02:09:00+00:00,1.34288,1.34288,1.34288,1.34288,0
2026-05-23 02:10:00+00:00,1.34288,1.34288,1.34288,1.34288,0
2026-05-23 02:11:00+00:00,1.34288,1.34288,1.34288,1.34288,0
2026-05-23 02:12:00+00:00,1.34288,1.34288,1.34288,1.34288,0
2026-05-23 02:13:00+00:00,1.34288,1.34288,1.34288,1.34288,0
2026-05-23 02:14:00+00:00,1.34288,1.34288,1.34288,1.34288,0
2026-05-23 02:15:00+00:00,1.34288,1.34288,1.34288,1.34288,0
2026-05-23 02:16:00+00:00,1.34288,1.34288,1.34288,1.34288,0
2026-05-23 02:17:00+00:00,1.34288,1.34288,1.34288,1.34288,0
2026-05-23 02:18:00+00:00,1.34288,1.34288,1.34288,1.34288,0
2026-05-23 02:19:00+00:00,1.34288,1.34288,1.34288,1.34288,0
2026-05-23 02:20:00+00:00,1.34288,1.34288,1.34288,1.34288,0
2026-05-23 02:21:00+00:00,1.34288,1.34288,1.34288,1.34288,0
2026-05-23 02:22:00+00:00,1.34288,1.34288,1.34288,1.34288,0
2026-05-23 02:23:00+00:00,1.34288,1.34288,1.34288,1.34288,0
2026-05-23 02:24:00+00:00,1.34288,1.34288,1.34288,1.34288,0
2026-05-23 02:25:00+00:00,1.34288,1.34288,1.34288,1.34288,0
2026-05-23 02:26:00+00:00,1.34288,1.34288,1.34288,1.34288,0
2026-05-23 02:27:00+00:00,1.34288,1.34288,1.34288,1.34288,0
2026-05-23 02:28:00+00:00,1.34288,1.34288,1.34288,1.34288,0
2026-05-23 02:29:00+00:00,1.34288,1.34288,1.34288,1.34288,0
2026-05-23 02:30:00+00:00,1.34288,1.34288,1.34288,1.34288,0
2026-05-23 02:31:00+00:00,1.34288,1.34288,1.34288,1.34288,0
2026-05-23 02:32:00+00:00,1.34288,1.34288,1.34288,1.34288,0
2026-05-23 02:33:00+00:00,1.34288,1.34288,1.34288,1.34288,0
2026-05-23 02:34:00+00:00,1.34288,1.34288,1.34288,1.34288,0
2026-05-23 02:35:00+00:00,1.34288,1.34288,1.34288,1.34288,0
2026-05-23 02:36:00+00:00,1.34288,1.34288,1.34288,1.34288,0
2026-05-23 02:37:00+00:00,1.34288,1.34288,1.34288,1.34288,0
2026-05-23 02:38:00+00:00,1.34288,1.34288,1.34288,1.34288,0
2026-05-23 02:39:00+00:00,1.34288,1.34288,1.34288,1.34288,0
2026-05-23 02:40:00+00:00,1.34288,1.34288,1.34288,1.34288,0
2026-05-23 02:41:00+00:00,1.34288,1.34288,1.34288,1.34288,0
2026-05-23 02:42:00+00:00,1.34288,1.34288,1.34288,1.34288,0
2026-05-23 02:43:00+00:00,1.34288,1.34288,1.34288,1.34288,0
2026-05-23 02:44:00+00:00,1.34288,1.34288,1.34288,1.34288,0
2026-05-23 02:45:00+00:00,1.34288,1.34288,1.34288,1.34288,0
2026-05-23 02:46:00+00:00,1.34288,1.34288,1.34288,1.34288,0
2026-05-23 02:47:00+00:00,1.34288,1.34288,1.34288,1.34288,0
2026-05-23 02:48:00+00:00,1.34288,1.34288,1.34288,1.34288,0
2026-05-23 02:49:00+00:00,1.34288,1.34288,1.34288,1.34288,0
2026-05-23 02:50:00+00:00,1.34288,1.34288,1.34288,1.34288,0
2026-05-23 02:51:00+00:00,1.34288,1.34288,1.34288,1.34288,0
2026-05-23 02:52:00+00:00,1.34288,1.34288,1.34288,1.34288,0
2026-05-23 02:53:00+00:00,1.34288,1.34288,1.34288,1.34288,0
2026-05-23 02:54:00+00:00,1.34288,1.34288,1.34288,1.34288,0
2026-05-23 02:55:00+00:00,1.34288,1.34288,1.34288,1.34288,0
2026-05-23 02:56:00+00:00,1.34288,1.34288,1.34288,1.34288,0
2026-05-23 02:57:00+00:00,1.34288,1.34288,1.34288,1.34288,0
2026-05-23 02:58:00+00:00,1.34288,1.34288,1.34288,1.34288,0
2026-05-23 02:59:00+00:00,1.34288,1.34288,1.34288,1.34288,0
2026-05-23 03:00:00+00:00,1.34288,1.34288,1.34288,1.34288,0
2026-05-23 03:01:00+00:00,1.34288,1.34288,1.34288,1.34288,0
2026-05-23 03:02:00+00:00,1.34288,1.34288,1.34288,1.34288,0
2026-05-23 03:03:00+00:00,1.34288,1.34288,1.34288,1.34288,0
2026-05-23 03:04:00+00:00,1.34288,1.34288,1.34288,1.34288,0
2026-05-23 03:05:00+00:00,1.34288,1.34288,1.34288,1.34288,0
2026-05-23 03:06:00+00:00,1.34288,1.34288,1.34288,1.34288,0
2026-05-23 03:07:00+00:00,1.34288,1.34288,1.34288,1.34288,0
2026-05-23 03:08:00+00:00,1.34288,1.34288,1.34288,1.34288,0
2026-05-23 03:09:00+00:00,1.34288,1.34288,1.34288,1.34288,0
2026-05-23 03:10:00+00:00,1.34288,1.34288,1.34288,1.34288,0
2026-05-23 03:11:00+00:00,1.34288,1.34288,1.34288,1.34288,0
2026-05-23 03:12:00+00:00,1.34288,1.34288,1.34288,1.34288,0
2026-05-23 03:13:00+00:00,1.34288,1.34288,1.34288,1.34288,0
2026-05-23 03:14:00+00:00,1.34288,1.34288,1.34288,1.34288,0
2026-05-23 03:15:00+00:00,1.34288,1.34288,1.34288,1.34288,0
2026-05-23 03:16:00+00:00,1.34288,1.34288,1.34288,1.34288,0
2026-05-23 03:17:00+00:00,1.34288,1.34288,1.34288,1.34288,0
2026-05-23 03:18:00+00:00,1.34288,1.34288,1.34288,1.34288,0
2026-05-23 03:19:00+00:00,1.34288,1.34288,1.34288,1.34288,0
2026-05-23 03:20:00+00:00,1.34288,1.34288,1.34288,1.34288,0
2026-05-23 03:21:00+00:00,1.34288,1.34288,1.34288,1.34288,0
2026-05-23 03:22:00+00:00,1.34288,1.34288,1.34288,1.34288,0
2026-05-23 03:23:00+00:00,1.34288,1.34288,1.34288,1.34288,0
2026-05-23 03:24:00+00:00,1.34288,1.34288,1.34288,1.34288,0
2026-05-23 03:25:00+00:00,1.34288,1.34288,1.34288,1.34288,0
2026-05-23 03:26:00+00:00,1.34288,1.34288,1.34288,1.34288,0
2026-05-23 03:27:00+00:00,1.34288,1.34288,1.34288,1.34288,0
2026-05-23 03:28:00+00:00,1.34288,1.34288,1.34288,1.34288,0
2026-05-23 03:29:00+00:00,1.34288,1.34288,1.34288,1.34288,0
2026-05-23 03:30:00+00:00,1.34288,1.34288,1.34288,1.34288,0
2026-05-23 03:31:00+00:00,1.34288,1.34288,1.34288,1.34288,0
2026-05-23 03:32:00+00:00,1.34288,1.34288,1.34288,1.34288,0
2026-05-23 03:33:00+00:00,1.34288,1.34288,1.34288,1.34288,0
2026-05-23 03:34:00+00:00,1.34288,1.34288,1.34288,1.34288,0
2026-05-23 03:35:00+00:00,1.34288,1.34288,1.34288,1.34288,0
2026-05-23 03:36:00+00:00,1.34288,1.34288,1.34288,1.34288,0
2026-05-23 03:37:00+00:00,1.34288,1.34288,1.34288,1.34288,0
2026-05-23 03:38:00+00:00,1.34288,1.34288,1.34288,1.34288,0
2026-05-23 03:39:00+00:00,1.34288,1.34288,1.34288,1.34288,0
2026-05-23 03:40:00+00:00,1.34288,1.34288,1.34288,1.34288,0
2026-05-23 03:41:00+00:00,1.34288,1.34288,1.34288,1.34288,0
2026-05-23 03:42:00+00:00,1.34288,1.34288,1.34288,1.34288,0
2026-05-23 03:43:00+00:00,1.34288,1.34288,1.34288,1.34288,0
2026-05-23 03:44:00+00:00,1.34288,1.34288,1.34288,1.34288,0
2026-05-23 03:45:00+00:00,1.34288,1.34288,1.34288,1.34288,0
2026-05-23 03:46:00+00:00,1.34288,1.34288,1.34288,1.34288,0
2026-05-23 03:47:00+00:00,1.34288,1.34288,1.34288,1.34288,0
2026-05-23 03:48:00+00:00,1.34288,1.34288,1.34288,1.34288,0
2026-05-23 03:49:00+00:00,1.34288,1.34288,1.34288,1.34288,0
2026-05-23 03:50:00+00:00,1.34288,1.34288,1.34288,1.34288,0
2026-05-23 03:51:00+00:00,1.34288,1.34288,1.34288,1.34288,0
2026-05-23 03:52:00+00:00,1.34288,1.34288,1.34288,1.34288,0
2026-05-23 03:53:00+00:00,1.34288,1.34288,1.34288,1.34288,0
2026-05-23 03:54:00+00:00,1.34288,1.34288,1.34288,1.34288,0
2026-05-23 03:55:00+00:00,1.34288,1.34288,1.34288,1.34288,0
2026-05-23 03:56:00+00:00,1.34288,1.34288,1.34288,1.34288,0
2026-05-23 03:57:00+00:00,1.34288,1.34288,1.34288,1.34288,0
2026-05-23 03:58:00+00:00,1.34288,1.34288,1.34288,1.34288,0
2026-05-23 03:59:00+00:00,1.34288,1.34288,1.34288,1.34288,0
2026-05-23 04:00:00+00:00,1.34288,1.34288,1.34288,1.34288,0
2026-05-23 04:01:00+00:00,1.34288,1.34288,1.34288,1.34288,0
2026-05-23 04:02:00+00:00,1.34288,1.34288,1.34288,1.34288,0
2026-05-23 04:03:00+00:00,1.34288,1.34288,1.34288,1.34288,0
2026-05-23 04:04:00+00:00,1.34288,1.34288,1.34288,1.34288,0
2026-05-23 04:05:00+00:00,1.34288,1.34288,1.34288,1.34288,0
2026-05-23 04:06:00+00:00,1.34288,1.34288,1.34288,1.34288,0
2026-05-23 04:07:00+00:00,1.34288,1.34288,1.34288,1.34288,0
2026-05-23 04:08:00+00:00,1.34288,1.34288,1.34288,1.34288,0
2026-05-23 04:09:00+00:00,1.34288,1.34288,1.34288,1.34288,0
2026-05-23 04:10:00+00:00,1.34288,1.34288,1.34288,1.34288,0
2026-05-23 04:11:00+00:00,1.34288,1.34288,1.34288,1.34288,0
2026-05-23 04:12:00+00:00,1.34288,1.34288,1.34288,1.34288,0
2026-05-23 04:13:00+00:00,1.34288,1.34288,1.34288,1.34288,0
2026-05-23 04:14:00+00:00,1.34288,1.34288,1.34288,1.34288,0
2026-05-23 04:15:00+00:00,1.34288,1.34288,1.34288,1.34288,0
2026-05-23 04:16:00+00:00,1.34288,1.34288,1.34288,1.34288,0
2026-05-23 04:17:00+00:00,1.34288,1.34288,1.34288,1.34288,0
2026-05-23 04:18:00+00:00,1.34288,1.34288,1.34288,1.34288,0
2026-05-23 04:19:00+00:00,1.34288,1.34288,1.34288,1.34288,0
2026-05-23 04:20:00+00:00,1.34288,1.34288,1.34288,1.34288,0
2026-05-23 04:21:00+00:00,1.34288,1.34288,1.34288,1.34288,0
2026-05-23 04:22:00+00:00,1.34288,1.34288,1.34288,1.34288,0
2026-05-23 04:23:00+00:00,1.34288,1.34288,1.34288,1.34288,0
2026-05-23 04:24:00+00:00,1.34288,1.34288,1.34288,1.34288,0
2026-05-23 04:25:00+00:00,1.34288,1.34288,1.34288,1.34288,0
2026-05-23 04:26:00+00:00,1.34288,1.34288,1.34288,1.34288,0
2026-05-23 04:27:00+00:00,1.34288,1.34288,1.34288,1.34288,0
2026-05-23 04:28:00+00:00,1.34288,1.34288,1.34288,1.34288,0
2026-05-23 04:29:00+00:00,1.34288,1.34288,1.34288,1.34288,0
2026-05-23 04:30:00+00:00,1.34288,1.34288,1.34288,1.34288,0
2026-05-23 04:31:00+00:00,1.34288,1.34288,1.34288,1.34288,0
2026-05-23 04:32:00+00:00,1.34288,1.34288,1.34288,1.34288,0
2026-05-23 04:33:00+00:00,1.34288,1.34288,1.34288,1.34288,0
2026-05-23 04:34:00+00:00,1.34288,1.34288,1.34288,1.34288,0
2026-05-23 04:35:00+00:00,1.34288,1.34288,1.34288,1.34288,0
2026-05-23 04:36:00+00:00,1.34288,1.34288,1.34288,1.34288,0
2026-05-23 04:37:00+00:00,1.34288,1.34288,1.34288,1.34288,0
2026-05-23 04:38:00+00:00,1.34288,1.34288,1.34288,1.34288,0
2026-05-23 04:39:00+00:00,1.34288,1.34288,1.34288,1.34288,0
2026-05-23 04:40:00+00:00,1.34288,1.34288,1.34288,1.34288,0
2026-05-23 04:41:00+00:00,1.34288,1.34288,1.34288,1.34288,0
2026-05-23 04:42:00+00:00,1.34288,1.34288,1.34288,1.34288,0
2026-05-23 04:43:00+00:00,1.34288,1.34288,1.34288,1.34288,0
2026-05-23 04:44:00+00:00,1.34288,1.34288,1.34288,1.34288,0
2026-05-23 04:45:00+00:00,1.34288,1.34288,1.34288,1.34288,0
2026-05-23 04:46:00+00:00,1.34288,1.34288,1.34288,1.34288,0
2026-05-23 04:47:00+00:00,1.34288,1.34288,1.34288,1.34288,0
2026-05-23 04:48:00+00:00,1.34288,1.34288,1.34288,1.34288,0
2026-05-23 04:49:00+00:00,1.34288,1.34288,1.34288,1.34288,0
2026-05-23 04:50:00+00:00,1.34288,1.34288,1.34288,1.34288,0
2026-05-23 04:51:00+00:00,1.34288,1.34288,1.34288,1.34288,0
2026-05-23 04:52:00+00:00,1.34288,1.34288,1.34288,1.34288,0
2026-05-23 04:53:00+00:00,1.34288,1.34288,1.34288,1.34288,0
2026-05-23 04:54:00+00:00,1.34288,1.34288,1.34288,1.34288,0
2026-05-23 04:55:00+00:00,1.34288,1.34288,1.34288,1.34288,0
2026-05-23 04:56:00+00:00,1.34288,1.34288,1.34288,1.34288,0
2026-05-23 04:57:00+00:00,1.34288,1.34288,1.34288,1.34288,0
2026-05-23 04:58:00+00:00,1.34288,1.34288,1.34288,1.34288,0
2026-05-23 04:59:00+00:00,1.34288,1.34288,1.34288,1.34288,0
2026-05-23 05:00:00+00:00,1.34288,1.34288,1.34288,1.34288,0
2026-05-23 05:01:00+00:00,1.34288,1.34288,1.34288,1.34288,0
2026-05-23 05:02:00+00:00,1.34288,1.34288,1.34288,1.34288,0
2026-05-23 05:03:00+00:00,1.34288,1.34288,1.34288,1.34288,0
2026-05-23 05:04:00+00:00,1.34288,1.34288,1.34288,1.34288,0
2026-05-23 05:05:00+00:00,1.34288,1.34288,1.34288,1.34288,0
2026-05-23 05:06:00+00:00,1.34288,1.34288,1.34288,1.34288,0
2026-05-23 05:07:00+00:00,1.34288,1.34288,1.34288,1.34288,0
2026-05-23 05:08:00+00:00,1.34288,1.34288,1.34288,1.34288,0
2026-05-23 05:09:00+00:00,1.34288,1.34288,1.34288,1.34288,0
2026-05-23 05:10:00+00:00,1.34288,1.34288,1.34288,1.34288,0
2026-05-23 05:11:00+00:00,1.34288,1.34288,1.34288,1.34288,0
2026-05-23 05:12:00+00:00,1.34288,1.34288,1.34288,1.34288,0
2026-05-23 05:13:00+00:00,1.34288,1.34288,1.34288,1.34288,0
2026-05-23 05:14:00+00:00,1.34288,1.34288,1.34288,1.34288,0
2026-05-23 05:15:00+00:00,1.34288,1.34288,1.34288,1.34288,0
2026-05-23 05:16:00+00:00,1.34288,1.34288,1.34288,1.34288,0
2026-05-23 05:17:00+00:00,1.34288,1.34288,1.34288,1.34288,0
2026-05-23 05:18:00+00:00,1.34288,1.34288,1.34288,1.34288,0
2026-05-23 05:19:00+00:00,1.34288,1.34288,1.34288,1.34288,0
2026-05-23 05:20:00+00:00,1.34288,1.34288,1.34288,1.34288,0
2026-05-23 05:21:00+00:00,1.34288,1.34288,1.34288,1.34288,0
2026-05-23 05:22:00+00:00,1.34288,1.34288,1.34288,1.34288,0
2026-05-23 05:23:00+00:00,1.34288,1.34288,1.34288,1.34288,0
2026-05-23 05:24:00+00:00,1.34288,1.34288,1.34288,1.34288,0
2026-05-23 05:25:00+00:00,1.34288,1.34288,1.34288,1.34288,0
2026-05-23 05:26:00+00:00,1.34288,1.34288,1.34288,1.34288,0
2026-05-23 05:27:00+00:00,1.34288,1.34288,1.34288,1.34288,0
2026-05-23 05:28:00+00:00,1.34288,1.34288,1.34288,1.34288,0
2026-05-23 05:29:00+00:00,1.34288,1.34288,1.34288,1.34288,0
2026-05-23 05:30:00+00:00,1.34288,1.34288,1.34288,1.34288,0
2026-05-23 05:31:00+00:00,1.34288,1.34288,1.34288,1.34288,0
2026-05-23 05:32:00+00:00,1.34288,1.34288,1.34288,1.34288,0
2026-05-23 05:33:00+00:00,1.34288,1.34288,1.34288,1.34288,0
2026-05-23 05:34:00+00:00,1.34288,1.34288,1.34288,1.34288,0
2026-05-23 05:35:00+00:00,1.34288,1.34288,1.34288,1.34288,0
2026-05-23 05:36:00+00:00,1.34288,1.34288,1.34288,1.34288,0
2026-05-23 05:37:00+00:00,1.34288,1.34288,1.34288,1.34288,0
2026-05-23 05:38:00+00:00,1.34288,1.34288,1.34288,1.34288,0
2026-05-23 05:39:00+00:00,1.34288,1.34288,1.34288,1.34288,0
2026-05-23 05:40:00+00:00,1.34288,1.34288,1.34288,1.34288,0
2026-05-23 05:41:00+00:00,1.34288,1.34288,1.34288,1.34288,0
2026-05-23 05:42:00+00:00,1.34288,1.34288,1.34288,1.34288,0
2026-05-23 05:43:00+00:00,1.34288,1.34288,1.34288,1.34288,0
2026-05-23 05:44:00+00:00,1.34288,1.34288,1.34288,1.34288,0
2026-05-23 05:45:00+00:00,1.34288,1.34288,1.34288,1.34288,0
2026-05-23 05:46:00+00:00,1.34288,1.34288,1.34288,1.34288,0
2026-05-23 05:47:00+00:00,1.34288,1.34288,1.34288,1.34288,0
2026-05-23 05:48:00+00:00,1.34288,1.34288,1.34288,1.34288,0
2026-05-23 05:49:00+00:00,1.34288,1.34288,1.34288,1.34288,0
2026-05-23 05:50:00+00:00,1.34288,1.34288,1.34288,1.34288,0
2026-05-23 05:51:00+00:00,1.34288,1.34288,1.34288,1.34288,0
2026-05-23 05:52:00+00:00,1.34288,1.34288,1.34288,1.34288,0
2026-05-23 05:53:00+00:00,1.34288,1.34288,1.34288,1.34288,0
2026-05-23 05:54:00+00:00,1.34288,1.34288,1.34288,1.34288,0
2026-05-23 05:55:00+00:00,1.34288,1.34288,1.34288,1.34288,0
2026-05-23 05:56:00+00:00,1.34288,1.34288,1.34288,1.34288,0
2026-05-23 05:57:00+00:00,1.34288,1.34288,1.34288,1.34288,0
2026-05-23 05:58:00+00:00,1.34288,1.34288,1.34288,1.34288,0
2026-05-23 05:59:00+00:00,1.34288,1.34288,1.34288,1.34288,0
2026-05-23 06:00:00+00:00,1.34288,1.34288,1.34288,1.34288,0
2026-05-23 06:01:00+00:00,1.34288,1.34288,1.34288,1.34288,0
2026-05-23 06:02:00+00:00,1.34288,1.34288,1.34288,1.34288,0
2026-05-23 06:03:00+00:00,1.34288,1.34288,1.34288,1.34288,0
2026-05-23 06:04:00+00:00,1.34288,1.34288,1.34288,1.34288,0
2026-05-23 06:05:00+00:00,1.34288,1.34288,1.34288,1.34288,0
2026-05-23 06:06:00+00:00,1.34288,1.34288,1.34288,1.34288,0
2026-05-23 06:07:00+00:00,1.34288,1.34288,1.34288,1.34288,0
2026-05-23 06:08:00+00:00,1.34288,1.34288,1.34288,1.34288,0
2026-05-23 06:09:00+00:00,1.34288,1.34288,1.34288,1.34288,0
2026-05-23 06:10:00+00:00,1.34288,1.34288,1.34288,1.34288,0
2026-05-23 06:11:00+00:00,1.34288,1.34288,1.34288,1.34288,0
2026-05-23 06:12:00+00:00,1.34288,1.34288,1.34288,1.34288,0
2026-05-23 06:13:00+00:00,1.34288,1.34288,1.34288,1.34288,0
2026-05-23 06:14:00+00:00,1.34288,1.34288,1.34288,1.34288,0
2026-05-23 06:15:00+00:00,1.34288,1.34288,1.34288,1.34288,0
2026-05-23 06:16:00+00:00,1.34288,1.34288,1.34288,1.34288,0
2026-05-23 06:17:00+00:00,1.34288,1.34288,1.34288,1.34288,0
2026-05-23 06:18:00+00:00,1.34288,1.34288,1.34288,1.34288,0
2026-05-23 06:19:00+00:00,1.34288,1.34288,1.34288,1.34288,0
2026-05-23 06:20:00+00:00,1.34288,1.34288,1.34288,1.34288,0
2026-05-23 06:21:00+00:00,1.34288,1.34288,1.34288,1.34288,0
2026-05-23 06:22:00+00:00,1.34288,1.34288,1.34288,1.34288,0
2026-05-23 06:23:00+00:00,1.34288,1.34288,1.34288,1.34288,0
2026-05-23 06:24:00+00:00,1.34288,1.34288,1.34288,1.34288,0
2026-05-23 06:25:00+00:00,1.34288,1.34288,1.34288,1.34288,0
2026-05-23 06:26:00+00:00,1.34288,1.34288,1.34288,1.34288,0
2026-05-23 06:27:00+00:00,1.34288,1.34288,1.34288,1.34288,0
2026-05-23 06:28:00+00:00,1.34288,1.34288,1.34288,1.34288,0
2026-05-23 06:29:00+00:00,1.34288,1.34288,1.34288,1.34288,0
2026-05-23 06:30:00+00:00,1.34288,1.34288,1.34288,1.34288,0
2026-05-23 06:31:00+00:00,1.34288,1.34288,1.34288,1.34288,0
2026-05-23 06:32:00+00:00,1.34288,1.34288,1.34288,1.34288,0
2026-05-23 06:33:00+00:00,1.34288,1.34288,1.34288,1.34288,0
2026-05-23 06:34:00+00:00,1.34288,1.34288,1.34288,1.34288,0
2026-05-23 06:35:00+00:00,1.34288,1.34288,1.34288,1.34288,0
2026-05-23 06:36:00+00:00,1.34288,1.34288,1.34288,1.34288,0
2026-05-23 06:37:00+00:00,1.34288,1.34288,1.34288,1.34288,0
2026-05-23 06:38:00+00:00,1.34288,1.34288,1.34288,1.34288,0
2026-05-23 06:39:00+00:00,1.34288,1.34288,1.34288,1.34288,0
2026-05-23 06:40:00+00:00,1.34288,1.34288,1.34288,1.34288,0
2026-05-23 06:41:00+00:00,1.34288,1.34288,1.34288,1.34288,0
2026-05-23 06:42:00+00:00,1.34288,1.34288,1.34288,1.34288,0
2026-05-23 06:43:00+00:00,1.34288,1.34288,1.34288,1.34288,0
2026-05-23 06:44:00+00:00,1.34288,1.34288,1.34288,1.34288,0
2026-05-23 06:45:00+00:00,1.34288,1.34288,1.34288,1.34288,0
2026-05-23 06:46:00+00:00,1.34288,1.34288,1.34288,1.34288,0
2026-05-23 06:47:00+00:00,1.34288,1.34288,1.34288,1.34288,0
2026-05-23 06:48:00+00:00,1.34288,1.34288,1.34288,1.34288,0
2026-05-23 06:49:00+00:00,1.34288,1.34288,1.34288,1.34288,0
2026-05-23 06:50:00+00:00,1.34288,1.34288,1.34288,1.34288,0
2026-05-23 06:51:00+00:00,1.34288,1.34288,1.34288,1.34288,0
2026-05-23 06:52:00+00:00,1.34288,1.34288,1.34288,1.34288,0
2026-05-23 06:53:00+00:00,1.34288,1.34288,1.34288,1.34288,0
2026-05-23 06:54:00+00:00,1.34288,1.34288,1.34288,1.34288,0
2026-05-23 06:55:00+00:00,1.34288,1.34288,1.34288,1.34288,0
2026-05-23 06:56:00+00:00,1.34288,1.34288,1.34288,1.34288,0
2026-05-23 06:57:00+00:00,1.34288,1.34288,1.34288,1.34288,0
2026-05-23 06:58:00+00:00,1.34288,1.34288,1.34288,1.34288,0
2026-05-23 06:59:00+00:00,1.34288,1.34288,1.34288,1.34288,0
2026-05-23 07:00:00+00:00,1.34288,1.34288,1.34288,1.34288,0
2026-05-23 07:01:00+00:00,1.34288,1.34288,1.34288,1.34288,0
2026-05-23 07:02:00+00:00,1.34288,1.34288,1.34288,1.34288,0
2026-05-23 07:03:00+00:00,1.34288,1.34288,1.34288,1.34288,0
2026-05-23 07:04:00+00:00,1.34288,1.34288,1.34288,1.34288,0
2026-05-23 07:05:00+00:00,1.34288,1.34288,1.34288,1.34288,0
2026-05-23 07:06:00+00:00,1.34288,1.34288,1.34288,1.34288,0
2026-05-23 07:07:00+00:00,1.34288,1.34288,1.34288,1.34288,0
2026-05-23 07:08:00+00:00,1.34288,1.34288,1.34288,1.34288,0
2026-05-23 07:09:00+00:00,1.34288,1.34288,1.34288,1.34288,0
2026-05-23 07:10:00+00:00,1.34288,1.34288,1.34288,1.34288,0
2026-05-23 07:11:00+00:00,1.34288,1.34288,1.34288,1.34288,0
2026-05-23 07:12:00+00:00,1.34288,1.34288,1.34288,1.34288,0
2026-05-23 07:13:00+00:00,1.34288,1.34288,1.34288,1.34288,0
2026-05-23 07:14:00+00:00,1.34288,1.34288,1.34288,1.34288,0
2026-05-23 07:15:00+00:00,1.34288,1.34288,1.34288,1.34288,0
2026-05-23 07:16:00+00:00,1.34288,1.34288,1.34288,1.34288,0
2026-05-23 07:17:00+00:00,1.34288,1.34288,1.34288,1.34288,0
2026-05-23 07:18:00+00:00,1.34288,1.34288,1.34288,1.34288,0
2026-05-23 07:19:00+00:00,1.34288,1.34288,1.34288,1.34288,0
2026-05-23 07:20:00+00:00,1.34288,1.34288,1.34288,1.34288,0
2026-05-23 07:21:00+00:00,1.34288,1.34288,1.34288,1.34288,0
2026-05-23 07:22:00+00:00,1.34288,1.34288,1.34288,1.34288,0
2026-05-23 07:23:00+00:00,1.34288,1.34288,1.34288,1.34288,0
2026-05-23 07:24:00+00:00,1.34288,1.34288,1.34288,1.34288,0
2026-05-23 07:25:00+00:00,1.34288,1.34288,1.34288,1.34288,0
2026-05-23 07:26:00+00:00,1.34288,1.34288,1.34288,1.34288,0
2026-05-23 07:27:00+00:00,1.34288,1.34288,1.34288,1.34288,0
2026-05-23 07:28:00+00:00,1.34288,1.34288,1.34288,1.34288,0
2026-05-23 07:29:00+00:00,1.34288,1.34288,1.34288,1.34288,0
2026-05-23 07:30:00+00:00,1.34288,1.34288,1.34288,1.34288,0
2026-05-23 07:31:00+00:00,1.34288,1.34288,1.34288,1.34288,0
2026-05-23 07:32:00+00:00,1.34288,1.34288,1.34288,1.34288,0
2026-05-23 07:33:00+00:00,1.34288,1.34288,1.34288,1.34288,0
2026-05-23 07:34:00+00:00,1.34288,1.34288,1.34288,1.34288,0
2026-05-23 07:35:00+00:00,1.34288,1.34288,1.34288,1.34288,0
2026-05-23 07:36:00+00:00,1.34288,1.34288,1.34288,1.34288,0
2026-05-23 07:37:00+00:00,1.34288,1.34288,1.34288,1.34288,0
2026-05-23 07:38:00+00:00,1.34288,1.34288,1.34288,1.34288,0
2026-05-23 07:39:00+00:00,1.34288,1.34288,1.34288,1.34288,0
2026-05-23 07:40:00+00:00,1.34288,1.34288,1.34288,1.34288,0
2026-05-23 07:41:00+00:00,1.34288,1.34288,1.34288,1.34288,0
2026-05-23 07:42:00+00:00,1.34288,1.34288,1.34288,1.34288,0
2026-05-23 07:43:00+00:00,1.34288,1.34288,1.34288,1.34288,0
2026-05-23 07:44:00+00:00,1.34288,1.34288,1.34288,1.34288,0
2026-05-23 07:45:00+00:00,1.34288,1.34288,1.34288,1.34288,0
2026-05-23 07:46:00+00:00,1.34288,1.34288,1.34288,1.34288,0
2026-05-23 07:47:00+00:00,1.34288,1.34288,1.34288,1.34288,0
2026-05-23 07:48:00+00:00,1.34288,1.34288,1.34288,1.34288,0
2026-05-23 07:49:00+00:00,1.34288,1.34288,1.34288,1.34288,0
2026-05-23 07:50:00+00:00,1.34288,1.34288,1.34288,1.34288,0
2026-05-23 07:51:00+00:00,1.34288,1.34288,1.34288,1.34288,0
2026-05-23 07:52:00+00:00,1.34288,1.34288,1.34288,1.34288,0
2026-05-23 07:53:00+00:00,1.34288,1.34288,1.34288,1.34288,0
2026-05-23 07:54:00+00:00,1.34288,1.34288,1.34288,1.34288,0
2026-05-23 07:55:00+00:00,1.34288,1.34288,1.34288,1.34288,0
2026-05-23 07:56:00+00:00,1.34288,1.34288,1.34288,1.34288,0
2026-05-23 07:57:00+00:00,1.34288,1.34288,1.34288,1.34288,0
2026-05-23 07:58:00+00:00,1.34288,1.34288,1.34288,1.34288,0
2026-05-23 07:59:00+00:00,1.34288,1.34288,1.34288,1.34288,0
2026-05-23 08:00:00+00:00,1.34288,1.34288,1.34288,1.34288,0
2026-05-23 08:01:00+00:00,1.34288,1.34288,1.34288,1.34288,0
2026-05-23 08:02:00+00:00,1.34288,1.34288,1.34288,1.34288,0
2026-05-23 08:03:00+00:00,1.34288,1.34288,1.34288,1.34288,0
2026-05-23 08:04:00+00:00,1.34288,1.34288,1.34288,1.34288,0
2026-05-23 08:05:00+00:00,1.34288,1.34288,1.34288,1.34288,0
2026-05-23 08:06:00+00:00,1.34288,1.34288,1.34288,1.34288,0
2026-05-23 08:07:00+00:00,1.34288,1.34288,1.34288,1.34288,0
2026-05-23 08:08:00+00:00,1.34288,1.34288,1.34288,1.34288,0
2026-05-23 08:09:00+00:00,1.34288,1.34288,1.34288,1.34288,0
2026-05-23 08:10:00+00:00,1.34288,1.34288,1.34288,1.34288,0
2026-05-23 08:11:00+00:00,1.34288,1.34288,1.34288,1.34288,0
2026-05-23 08:12:00+00:00,1.34288,1.34288,1.34288,1.34288,0
2026-05-23 08:13:00+00:00,1.34288,1.34288,1.34288,1.34288,0
2026-05-23 08:14:00+00:00,1.34288,1.34288,1.34288,1.34288,0
2026-05-23 08:15:00+00:00,1.34288,1.34288,1.34288,1.34288,0
2026-05-23 08:16:00+00:00,1.34288,1.34288,1.34288,1.34288,0
2026-05-23 08:17:00+00:00,1.34288,1.34288,1.34288,1.34288,0
2026-05-23 08:18:00+00:00,1.34288,1.34288,1.34288,1.34288,0
2026-05-23 08:19:00+00:00,1.34288,1.34288,1.34288,1.34288,0
2026-05-23 08:20:00+00:00,1.34288,1.34288,1.34288,1.34288,0
2026-05-23 08:21:00+00:00,1.34288,1.34288,1.34288,1.34288,0
2026-05-23 08:22:00+00:00,1.34288,1.34288,1.34288,1.34288,0
2026-05-23 08:23:00+00:00,1.34288,1.34288,1.34288,1.34288,0
2026-05-23 08:24:00+00:00,1.34288,1.34288,1.34288,1.34288,0
2026-05-23 08:25:00+00:00,1.34288,1.34288,1.34288,1.34288,0
2026-05-23 08:26:00+00:00,1.34288,1.34288,1.34288,1.34288,0
2026-05-23 08:27:00+00:00,1.34288,1.34288,1.34288,1.34288,0
2026-05-23 08:28:00+00:00,1.34288,1.34288,1.34288,1.34288,0
2026-05-23 08:29:00+00:00,1.34288,1.34288,1.34288,1.34288,0
2026-05-23 08:30:00+00:00,1.34288,1.34288,1.34288,1.34288,0
2026-05-23 08:31:00+00:00,1.34288,1.34288,1.34288,1.34288,0
2026-05-23 08:32:00+00:00,1.34288,1.34288,1.34288,1.34288,0
2026-05-23 08:33:00+00:00,1.34288,1.34288,1.34288,1.34288,0
2026-05-23 08:34:00+00:00,1.34288,1.34288,1.34288,1.34288,0
2026-05-23 08:35:00+00:00,1.34288,1.34288,1.34288,1.34288,0
2026-05-23 08:36:00+00:00,1.34288,1.34288,1.34288,1.34288,0
2026-05-23 08:37:00+00:00,1.34288,1.34288,1.34288,1.34288,0
2026-05-23 08:38:00+00:00,1.34288,1.34288,1.34288,1.34288,0
2026-05-23 08:39:00+00:00,1.34288,1.34288,1.34288,1.34288,0
2026-05-23 08:40:00+00:00,1.34288,1.34288,1.34288,1.34288,0
2026-05-23 08:41:00+00:00,1.34288,1.34288,1.34288,1.34288,0
2026-05-23 08:42:00+00:00,1.34288,1.34288,1.34288,1.34288,0
2026-05-23 08:43:00+00:00,1.34288,1.34288,1.34288,1.34288,0
2026-05-23 08:44:00+00:00,1.34288,1.34288,1.34288,1.34288,0
2026-05-23 08:45:00+00:00,1.34288,1.34288,1.34288,1.34288,0
2026-05-23 08:46:00+00:00,1.34288,1.34288,1.34288,1.34288,0
2026-05-23 08:47:00+00:00,1.34288,1.34288,1.34288,1.34288,0
2026-05-23 08:48:00+00:00,1.34288,1.34288,1.34288,1.34288,0
2026-05-23 08:49:00+00:00,1.34288,1.34288,1.34288,1.34288,0
2026-05-23 08:50:00+00:00,1.34288,1.34288,1.34288,1.34288,0
2026-05-23 08:51:00+00:00,1.34288,1.34288,1.34288,1.34288,0
2026-05-23 08:52:00+00:00,1.34288,1.34288,1.34288,1.34288,0
2026-05-23 08:53:00+00:00,1.34288,1.34288,1.34288,1.34288,0
2026-05-23 08:54:00+00:00,1.34288,1.34288,1.34288,1.34288,0
2026-05-23 08:55:00+00:00,1.34288,1.34288,1.34288,1.34288,0
2026-05-23 08:56:00+00:00,1.34288,1.34288,1.34288,1.34288,0
2026-05-23 08:57:00+00:00,1.34288,1.34288,1.34288,1.34288,0
2026-05-23 08:58:00+00:00,1.34288,1.34288,1.34288,1.34288,0
2026-05-23 08:59:00+00:00,1.34288,1.34288,1.34288,1.34288,0
2026-05-23 09:00:00+00:00,1.34288,1.34288,1.34288,1.34288,0
2026-05-23 09:01:00+00:00,1.34288,1.34288,1.34288,1.34288,0
2026-05-23 09:02:00+00:00,1.34288,1.34288,1.34288,1.34288,0
2026-05-23 09:03:00+00:00,1.34288,1.34288,1.34288,1.34288,0
2026-05-23 09:04:00+00:00,1.34288,1.34288,1.34288,1.34288,0
2026-05-23 09:05:00+00:00,1.34288,1.34288,1.34288,1.34288,0
2026-05-23 09:06:00+00:00,1.34288,1.34288,1.34288,1.34288,0
2026-05-23 09:07:00+00:00,1.34288,1.34288,1.34288,1.34288,0
2026-05-23 09:08:00+00:00,1.34288,1.34288,1.34288,1.34288,0
2026-05-23 09:09:00+00:00,1.34288,1.34288,1.34288,1.34288,0
2026-05-23 09:10:00+00:00,1.34288,1.34288,1.34288,1.34288,0
2026-05-23 09:11:00+00:00,1.34288,1.34288,1.34288,1.34288,0
2026-05-23 09:12:00+00:00,1.34288,1.34288,1.34288,1.34288,0
2026-05-23 09:13:00+00:00,1.34288,1.34288,1.34288,1.34288,0
2026-05-23 09:14:00+00:00,1.34288,1.34288,1.34288,1.34288,0
2026-05-23 09:15:00+00:00,1.34288,1.34288,1.34288,1.34288,0
2026-05-23 09:16:00+00:00,1.34288,1.34288,1.34288,1.34288,0
2026-05-23 09:17:00+00:00,1.34288,1.34288,1.34288,1.34288,0
2026-05-23 09:18:00+00:00,1.34288,1.34288,1.34288,1.34288,0
2026-05-23 09:19:00+00:00,1.34288,1.34288,1.34288,1.34288,0
2026-05-23 09:20:00+00:00,1.34288,1.34288,1.34288,1.34288,0
2026-05-23 09:21:00+00:00,1.34288,1.34288,1.34288,1.34288,0
2026-05-23 09:22:00+00:00,1.34288,1.34288,1.34288,1.34288,0
2026-05-23 09:23:00+00:00,1.34288,1.34288,1.34288,1.34288,0
2026-05-23 09:24:00+00:00,1.34288,1.34288,1.34288,1.34288,0
2026-05-23 09:25:00+00:00,1.34288,1.34288,1.34288,1.34288,0
2026-05-23 09:26:00+00:00,1.34288,1.34288,1.34288,1.34288,0
2026-05-23 09:27:00+00:00,1.34288,1.34288,1.34288,1.34288,0
2026-05-23 09:28:00+00:00,1.34288,1.34288,1.34288,1.34288,0
2026-05-23 09:29:00+00:00,1.34288,1.34288,1.34288,1.34288,0
2026-05-23 09:30:00+00:00,1.34288,1.34288,1.34288,1.34288,0
2026-05-23 09:31:00+00:00,1.34288,1.34288,1.34288,1.34288,0
2026-05-23 09:32:00+00:00,1.34288,1.34288,1.34288,1.34288,0
2026-05-23 09:33:00+00:00,1.34288,1.34288,1.34288,1.34288,0
2026-05-23 09:34:00+00:00,1.34288,1.34288,1.34288,1.34288,0
2026-05-23 09:35:00+00:00,1.34288,1.34288,1.34288,1.34288,0
2026-05-23 09:36:00+00:00,1.34288,1.34288,1.34288,1.34288,0
2026-05-23 09:37:00+00:00,1.34288,1.34288,1.34288,1.34288,0
2026-05-23 09:38:00+00:00,1.34288,1.34288,1.34288,1.34288,0
2026-05-23 09:39:00+00:00,1.34288,1.34288,1.34288,1.34288,0
2026-05-23 09:40:00+00:00,1.34288,1.34288,1.34288,1.34288,0
2026-05-23 09:41:00+00:00,1.34288,1.34288,1.34288,1.34288,0
2026-05-23 09:42:00+00:00,1.34288,1.34288,1.34288,1.34288,0
2026-05-23 09:43:00+00:00,1.34288,1.34288,1.34288,1.34288,0
2026-05-23 09:44:00+00:00,1.34288,1.34288,1.34288,1.34288,0
2026-05-23 09:45:00+00:00,1.34288,1.34288,1.34288,1.34288,0
2026-05-23 09:46:00+00:00,1.34288,1.34288,1.34288,1.34288,0
2026-05-23 09:47:00+00:00,1.34288,1.34288,1.34288,1.34288,0
2026-05-23 09:48:00+00:00,1.34288,1.34288,1.34288,1.34288,0
2026-05-23 09:49:00+00:00,1.34288,1.34288,1.34288,1.34288,0
2026-05-23 09:50:00+00:00,1.34288,1.34288,1.34288,1.34288,0
2026-05-23 09:51:00+00:00,1.34288,1.34288,1.34288,1.34288,0
2026-05-23 09:52:00+00:00,1.34288,1.34288,1.34288,1.34288,0
2026-05-23 09:53:00+00:00,1.34288,1.34288,1.34288,1.34288,0
2026-05-23 09:54:00+00:00,1.34288,1.34288,1.34288,1.34288,0
2026-05-23 09:55:00+00:00,1.34288,1.34288,1.34288,1.34288,0
2026-05-23 09:56:00+00:00,1.34288,1.34288,1.34288,1.34288,0
2026-05-23 09:57:00+00:00,1.34288,1.34288,1.34288,1.34288,0
2026-05-23 09:58:00+00:00,1.34288,1.34288,1.34288,1.34288,0
2026-05-23 09:59:00+00:00,1.34288,1.34288,1.34288,1.34288,0
2026-05-23 10:00:00+00:00,1.34288,1.34288,1.34288,1.34288,0
2026-05-23 10:01:00+00:00,1.34288,1.34288,1.34288,1.34288,0
2026-05-23 10:02:00+00:00,1.34288,1.34288,1.34288,1.34288,0
2026-05-23 10:03:00+00:00,1.34288,1.34288,1.34288,1.34288,0
2026-05-23 10:04:00+00:00,1.34288,1.34288,1.34288,1.34288,0
2026-05-23 10:05:00+00:00,1.34288,1.34288,1.34288,1.34288,0
2026-05-23 10:06:00+00:00,1.34288,1.34288,1.34288,1.34288,0
2026-05-23 10:07:00+00:00,1.34288,1.34288,1.34288,1.34288,0
2026-05-23 10:08:00+00:00,1.34288,1.34288,1.34288,1.34288,0
2026-05-23 10:09:00+00:00,1.34288,1.34288,1.34288,1.34288,0
2026-05-23 10:10:00+00:00,1.34288,1.34288,1.34288,1.34288,0
2026-05-23 10:11:00+00:00,1.34288,1.34288,1.34288,1.34288,0
2026-05-23 10:12:00+00:00,1.34288,1.34288,1.34288,1.34288,0
2026-05-23 10:13:00+00:00,1.34288,1.34288,1.34288,1.34288,0
2026-05-23 10:14:00+00:00,1.34288,1.34288,1.34288,1.34288,0
2026-05-23 10:15:00+00:00,1.34288,1.34288,1.34288,1.34288,0
2026-05-23 10:16:00+00:00,1.34288,1.34288,1.34288,1.34288,0
2026-05-23 10:17:00+00:00,1.34288,1.34288,1.34288,1.34288,0
2026-05-23 10:18:00+00:00,1.34288,1.34288,1.34288,1.34288,0
2026-05-23 10:19:00+00:00,1.34288,1.34288,1.34288,1.34288,0
2026-05-23 10:20:00+00:00,1.34288,1.34288,1.34288,1.34288,0
2026-05-23 10:21:00+00:00,1.34288,1.34288,1.34288,1.34288,0
2026-05-23 10:22:00+00:00,1.34288,1.34288,1.34288,1.34288,0
2026-05-23 10:23:00+00:00,1.34288,1.34288,1.34288,1.34288,0
2026-05-23 10:24:00+00:00,1.34288,1.34288,1.34288,1.34288,0
2026-05-23 10:25:00+00:00,1.34288,1.34288,1.34288,1.34288,0
2026-05-23 10:26:00+00:00,1.34288,1.34288,1.34288,1.34288,0
2026-05-23 10:27:00+00:00,1.34288,1.34288,1.34288,1.34288,0
2026-05-23 10:28:00+00:00,1.34288,1.34288,1.34288,1.34288,0
2026-05-23 10:29:00+00:00,1.34288,1.34288,1.34288,1.34288,0
2026-05-23 10:30:00+00:00,1.34288,1.34288,1.34288,1.34288,0
2026-05-23 10:31:00+00:00,1.34288,1.34288,1.34288,1.34288,0
2026-05-23 10:32:00+00:00,1.34288,1.34288,1.34288,1.34288,0
2026-05-23 10:33:00+00:00,1.34288,1.34288,1.34288,1.34288,0
2026-05-23 10:34:00+00:00,1.34288,1.34288,1.34288,1.34288,0
2026-05-23 10:35:00+00:00,1.34288,1.34288,1.34288,1.34288,0
2026-05-23 10:36:00+00:00,1.34288,1.34288,1.34288,1.34288,0
2026-05-23 10:37:00+00:00,1.34288,1.34288,1.34288,1.34288,0
2026-05-23 10:38:00+00:00,1.34288,1.34288,1.34288,1.34288,0
2026-05-23 10:39:00+00:00,1.34288,1.34288,1.34288,1.34288,0
2026-05-23 10:40:00+00:00,1.34288,1.34288,1.34288,1.34288,0
2026-05-23 10:41:00+00:00,1.34288,1.34288,1.34288,1.34288,0
2026-05-23 10:42:00+00:00,1.34288,1.34288,1.34288,1.34288,0
2026-05-23 10:43:00+00:00,1.34288,1.34288,1.34288,1.34288,0
2026-05-23 10:44:00+00:00,1.34288,1.34288,1.34288,1.34288,0
2026-05-23 10:45:00+00:00,1.34288,1.34288,1.34288,1.34288,0
2026-05-23 10:46:00+00:00,1.34288,1.34288,1.34288,1.34288,0
2026-05-23 10:47:00+00:00,1.34288,1.34288,1.34288,1.34288,0
2026-05-23 10:48:00+00:00,1.34288,1.34288,1.34288,1.34288,0
2026-05-23 10:49:00+00:00,1.34288,1.34288,1.34288,1.34288,0
2026-05-23 10:50:00+00:00,1.34288,1.34288,1.34288,1.34288,0
2026-05-23 10:51:00+00:00,1.34288,1.34288,1.34288,1.34288,0
2026-05-23 10:52:00+00:00,1.34288,1.34288,1.34288,1.34288,0
2026-05-23 10:53:00+00:00,1.34288,1.34288,1.34288,1.34288,0
2026-05-23 10:54:00+00:00,1.34288,1.34288,1.34288,1.34288,0
2026-05-23 10:55:00+00:00,1.34288,1.34288,1.34288,1.34288,0
2026-05-23 10:56:00+00:00,1.34288,1.34288,1.34288,1.34288,0
2026-05-23 10:57:00+00:00,1.34288,1.34288,1.34288,1.34288,0
2026-05-23 10:58:00+00:00,1.34288,1.34288,1.34288,1.34288,0
2026-05-23 10:59:00+00:00,1.34288,1.34288,1.34288,1.34288,0
2026-05-23 11:00:00+00:00,1.34288,1.34288,1.34288,1.34288,0
2026-05-23 11:01:00+00:00,1.34288,1.34288,1.34288,1.34288,0
2026-05-23 11:02:00+00:00,1.34288,1.34288,1.34288,1.34288,0
2026-05-23 11:03:00+00:00,1.34288,1.34288,1.34288,1.34288,0
2026-05-23 11:04:00+00:00,1.34288,1.34288,1.34288,1.34288,0
2026-05-23 11:05:00+00:00,1.34288,1.34288,1.34288,1.34288,0
2026-05-23 11:06:00+00:00,1.34288,1.34288,1.34288,1.34288,0
2026-05-23 11:07:00+00:00,1.34288,1.34288,1.34288,1.34288,0
2026-05-23 11:08:00+00:00,1.34288,1.34288,1.34288,1.34288,0
2026-05-23 11:09:00+00:00,1.34288,1.34288,1.34288,1.34288,0
2026-05-23 11:10:00+00:00,1.34288,1.34288,1.34288,1.34288,0
2026-05-23 11:11:00+00:00,1.34288,1.34288,1.34288,1.34288,0
2026-05-23 11:12:00+00:00,1.34288,1.34288,1.34288,1.34288,0
2026-05-23 11:13:00+00:00,1.34288,1.34288,1.34288,1.34288,0
2026-05-23 11:14:00+00:00,1.34288,1.34288,1.34288,1.34288,0
2026-05-23 11:15:00+00:00,1.34288,1.34288,1.34288,1.34288,0
2026-05-23 11:16:00+00:00,1.34288,1.34288,1.34288,1.34288,0
2026-05-23 11:17:00+00:00,1.34288,1.34288,1.34288,1.34288,0
2026-05-23 11:18:00+00:00,1.34288,1.34288,1.34288,1.34288,0
2026-05-23 11:19:00+00:00,1.34288,1.34288,1.34288,1.34288,0
2026-05-23 11:20:00+00:00,1.34288,1.34288,1.34288,1.34288,0
2026-05-23 11:21:00+00:00,1.34288,1.34288,1.34288,1.34288,0
2026-05-23 11:22:00+00:00,1.34288,1.34288,1.34288,1.34288,0
2026-05-23 11:23:00+00:00,1.34288,1.34288,1.34288,1.34288,0
2026-05-23 11:24:00+00:00,1.34288,1.34288,1.34288,1.34288,0
2026-05-23 11:25:00+00:00,1.34288,1.34288,1.34288,1.34288,0
2026-05-23 11:26:00+00:00,1.34288,1.34288,1.34288,1.34288,0
2026-05-23 11:27:00+00:00,1.34288,1.34288,1.34288,1.34288,0
2026-05-23 11:28:00+00:00,1.34288,1.34288,1.34288,1.34288,0
2026-05-23 11:29:00+00:00,1.34288,1.34288,1.34288,1.34288,0
2026-05-23 11:30:00+00:00,1.34288,1.34288,1.34288,1.34288,0
2026-05-23 11:31:00+00:00,1.34288,1.34288,1.34288,1.34288,0
2026-05-23 11:32:00+00:00,1.34288,1.34288,1.34288,1.34288,0
2026-05-23 11:33:00+00:00,1.34288,1.34288,1.34288,1.34288,0
2026-05-23 11:34:00+00:00,1.34288,1.34288,1.34288,1.34288,0
2026-05-23 11:35:00+00:00,1.34288,1.34288,1.34288,1.34288,0
2026-05-23 11:36:00+00:00,1.34288,1.34288,1.34288,1.34288,0
2026-05-23 11:37:00+00:00,1.34288,1.34288,1.34288,1.34288,0
2026-05-23 11:38:00+00:00,1.34288,1.34288,1.34288,1.34288,0
2026-05-23 11:39:00+00:00,1.34288,1.34288,1.34288,1.34288,0
2026-05-23 11:40:00+00:00,1.34288,1.34288,1.34288,1.34288,0
2026-05-23 11:41:00+00:00,1.34288,1.34288,1.34288,1.34288,0
2026-05-23 11:42:00+00:00,1.34288,1.34288,1.34288,1.34288,0
2026-05-23 11:43:00+00:00,1.34288,1.34288,1.34288,1.34288,0
2026-05-23 11:44:00+00:00,1.34288,1.34288,1.34288,1.34288,0
2026-05-23 11:45:00+00:00,1.34288,1.34288,1.34288,1.34288,0
2026-05-23 11:46:00+00:00,1.34288,1.34288,1.34288,1.34288,0
2026-05-23 11:47:00+00:00,1.34288,1.34288,1.34288,1.34288,0
2026-05-23 11:48:00+00:00,1.34288,1.34288,1.34288,1.34288,0
2026-05-23 11:49:00+00:00,1.34288,1.34288,1.34288,1.34288,0
2026-05-23 11:50:00+00:00,1.34288,1.34288,1.34288,1.34288,0
2026-05-23 11:51:00+00:00,1.34288,1.34288,1.34288,1.34288,0
2026-05-23 11:52:00+00:00,1.34288,1.34288,1.34288,1.34288,0
2026-05-23 11:53:00+00:00,1.34288,1.34288,1.34288,1.34288,0
2026-05-23 11:54:00+00:00,1.34288,1.34288,1.34288,1.34288,0
2026-05-23 11:55:00+00:00,1.34288,1.34288,1.34288,1.34288,0
2026-05-23 11:56:00+00:00,1.34288,1.34288,1.34288,1.34288,0
2026-05-23 11:57:00+00:00,1.34288,1.34288,1.34288,1.34288,0
2026-05-23 11:58:00+00:00,1.34288,1.34288,1.34288,1.34288,0
2026-05-23 11:59:00+00:00,1.34288,1.34288,1.34288,1.34288,0
2026-05-23 12:00:00+00:00,1.34288,1.34288,1.34288,1.34288,0
2026-05-23 12:01:00+00:00,1.34288,1.34288,1.34288,1.34288,0
2026-05-23 12:02:00+00:00,1.34288,1.34288,1.34288,1.34288,0
2026-05-23 12:03:00+00:00,1.34288,1.34288,1.34288,1.34288,0
2026-05-23 12:04:00+00:00,1.34288,1.34288,1.34288,1.34288,0
2026-05-23 12:05:00+00:00,1.34288,1.34288,1.34288,1.34288,0
2026-05-23 12:06:00+00:00,1.34288,1.34288,1.34288,1.34288,0
2026-05-23 12:07:00+00:00,1.34288,1.34288,1.34288,1.34288,0
2026-05-23 12:08:00+00:00,1.34288,1.34288,1.34288,1.34288,0
2026-05-23 12:09:00+00:00,1.34288,1.34288,1.34288,1.34288,0
2026-05-23 12:10:00+00:00,1.34288,1.34288,1.34288,1.34288,0
2026-05-23 12:11:00+00:00,1.34288,1.34288,1.34288,1.34288,0
2026-05-23 12:12:00+00:00,1.34288,1.34288,1.34288,1.34288,0
2026-05-23 12:13:00+00:00,1.34288,1.34288,1.34288,1.34288,0
2026-05-23 12:14:00+00:00,1.34288,1.34288,1.34288,1.34288,0
2026-05-23 12:15:00+00:00,1.34288,1.34288,1.34288,1.34288,0
2026-05-23 12:16:00+00:00,1.34288,1.34288,1.34288,1.34288,0
2026-05-23 12:17:00+00:00,1.34288,1.34288,1.34288,1.34288,0
2026-05-23 12:18:00+00:00,1.34288,1.34288,1.34288,1.34288,0
2026-05-23 12:19:00+00:00,1.34288,1.34288,1.34288,1.34288,0
2026-05-23 12:20:00+00:00,1.34288,1.34288,1.34288,1.34288,0
2026-05-23 12:21:00+00:00,1.34288,1.34288,1.34288,1.34288,0
2026-05-23 12:22:00+00:00,1.34288,1.34288,1.34288,1.34288,0
2026-05-23 12:23:00+00:00,1.34288,1.34288,1.34288,1.34288,0
2026-05-23 12:24:00+00:00,1.34288,1.34288,1.34288,1.34288,0
2026-05-23 12:25:00+00:00,1.34288,1.34288,1.34288,1.34288,0
2026-05-23 12:26:00+00:00,1.34288,1.34288,1.34288,1.34288,0
2026-05-23 12:27:00+00:00,1.34288,1.34288,1.34288,1.34288,0
2026-05-23 12:28:00+00:00,1.34288,1.34288,1.34288,1.34288,0
2026-05-23 12:29:00+00:00,1.34288,1.34288,1.34288,1.34288,0
2026-05-23 12:30:00+00:00,1.34288,1.34288,1.34288,1.34288,0
2026-05-23 12:31:00+00:00,1.34288,1.34288,1.34288,1.34288,0
2026-05-23 12:32:00+00:00,1.34288,1.34288,1.34288,1.34288,0
2026-05-23 12:33:00+00:00,1.34288,1.34288,1.34288,1.34288,0
2026-05-23 12:34:00+00:00,1.34288,1.34288,1.34288,1.34288,0
2026-05-23 12:35:00+00:00,1.34288,1.34288,1.34288,1.34288,0
2026-05-23 12:36:00+00:00,1.34288,1.34288,1.34288,1.34288,0
2026-05-23 12:37:00+00:00,1.34288,1.34288,1.34288,1.34288,0
2026-05-23 12:38:00+00:00,1.34288,1.34288,1.34288,1.34288,0
2026-05-23 12:39:00+00:00,1.34288,1.34288,1.34288,1.34288,0
2026-05-23 12:40:00+00:00,1.34288,1.34288,1.34288,1.34288,0
2026-05-23 12:41:00+00:00,1.34288,1.34288,1.34288,1.34288,0
2026-05-23 12:42:00+00:00,1.34288,1.34288,1.34288,1.34288,0
2026-05-23 12:43:00+00:00,1.34288,1.34288,1.34288,1.34288,0
2026-05-23 12:44:00+00:00,1.34288,1.34288,1.34288,1.34288,0
2026-05-23 12:45:00+00:00,1.34288,1.34288,1.34288,1.34288,0
2026-05-23 12:46:00+00:00,1.34288,1.34288,1.34288,1.34288,0
2026-05-23 12:47:00+00:00,1.34288,1.34288,1.34288,1.34288,0
2026-05-23 12:48:00+00:00,1.34288,1.34288,1.34288,1.34288,0
2026-05-23 12:49:00+00:00,1.34288,1.34288,1.34288,1.34288,0
2026-05-23 12:50:00+00:00,1.34288,1.34288,1.34288,1.34288,0
2026-05-23 12:51:00+00:00,1.34288,1.34288,1.34288,1.34288,0
2026-05-23 12:52:00+00:00,1.34288,1.34288,1.34288,1.34288,0
2026-05-23 12:53:00+00:00,1.34288,1.34288,1.34288,1.34288,0
2026-05-23 12:54:00+00:00,1.34288,1.34288,1.34288,1.34288,0
2026-05-23 12:55:00+00:00,1.34288,1.34288,1.34288,1.34288,0
2026-05-23 12:56:00+00:00,1.34288,1.34288,1.34288,1.34288,0
2026-05-23 12:57:00+00:00,1.34288,1.34288,1.34288,1.34288,0
2026-05-23 12:58:00+00:00,1.34288,1.34288,1.34288,1.34288,0
2026-05-23 12:59:00+00:00,1.34288,1.34288,1.34288,1.34288,0
2026-05-23 13:00:00+00:00,1.34288,1.34288,1.34288,1.34288,0
2026-05-23 13:01:00+00:00,1.34288,1.34288,1.34288,1.34288,0
2026-05-23 13:02:00+00:00,1.34288,1.34288,1.34288,1.34288,0
2026-05-23 13:03:00+00:00,1.34288,1.34288,1.34288,1.34288,0
2026-05-23 13:04:00+00:00,1.34288,1.34288,1.34288,1.34288,0
2026-05-23 13:05:00+00:00,1.34288,1.34288,1.34288,1.34288,0
2026-05-23 13:06:00+00:00,1.34288,1.34288,1.34288,1.34288,0
2026-05-23 13:07:00+00:00,1.34288,1.34288,1.34288,1.34288,0
2026-05-23 13:08:00+00:00,1.34288,1.34288,1.34288,1.34288,0
2026-05-23 13:09:00+00:00,1.34288,1.34288,1.34288,1.34288,0
2026-05-23 13:10:00+00:00,1.34288,1.34288,1.34288,1.34288,0
2026-05-23 13:11:00+00:00,1.34288,1.34288,1.34288,1.34288,0
2026-05-23 13:12:00+00:00,1.34288,1.34288,1.34288,1.34288,0
2026-05-23 13:13:00+00:00,1.34288,1.34288,1.34288,1.34288,0
2026-05-23 13:14:00+00:00,1.34288,1.34288,1.34288,1.34288,0
2026-05-23 13:15:00+00:00,1.34288,1.34288,1.34288,1.34288,0
2026-05-23 13:16:00+00:00,1.34288,1.34288,1.34288,1.34288,0
2026-05-23 13:17:00+00:00,1.34288,1.34288,1.34288,1.34288,0
2026-05-23 13:18:00+00:00,1.34288,1.34288,1.34288,1.34288,0
2026-05-23 13:19:00+00:00,1.34288,1.34288,1.34288,1.34288,0
2026-05-23 13:20:00+00:00,1.34288,1.34288,1.34288,1.34288,0
2026-05-23 13:21:00+00:00,1.34288,1.34288,1.34288,1.34288,0
2026-05-23 13:22:00+00:00,1.34288,1.34288,1.34288,1.34288,0
2026-05-23 13:23:00+00:00,1.34288,1.34288,1.34288,1.34288,0
2026-05-23 13:24:00+00:00,1.34288,1.34288,1.34288,1.34288,0
2026-05-23 13:25:00+00:00,1.34288,1.34288,1.34288,1.34288,0
2026-05-23 13:26:00+00:00,1.34288,1.34288,1.34288,1.34288,0
2026-05-23 13:27:00+00:00,1.34288,1.34288,1.34288,1.34288,0
2026-05-23 13:28:00+00:00,1.34288,1.34288,1.34288,1.34288,0
2026-05-23 13:29:00+00:00,1.34288,1.34288,1.34288,1.34288,0
2026-05-23 13:30:00+00:00,1.34288,1.34288,1.34288,1.34288,0
2026-05-23 13:31:00+00:00,1.34288,1.34288,1.34288,1.34288,0
2026-05-23 13:32:00+00:00,1.34288,1.34288,1.34288,1.34288,0
2026-05-23 13:33:00+00:00,1.34288,1.34288,1.34288,1.34288,0
2026-05-23 13:34:00+00:00,1.34288,1.34288,1.34288,1.34288,0
2026-05-23 13:35:00+00:00,1.34288,1.34288,1.34288,1.34288,0
2026-05-23 13:36:00+00:00,1.34288,1.34288,1.34288,1.34288,0
2026-05-23 13:37:00+00:00,1.34288,1.34288,1.34288,1.34288,0
2026-05-23 13:38:00+00:00,1.34288,1.34288,1.34288,1.34288,0
2026-05-23 13:39:00+00:00,1.34288,1.34288,1.34288,1.34288,0
2026-05-23 13:40:00+00:00,1.34288,1.34288,1.34288,1.34288,0
2026-05-23 13:41:00+00:00,1.34288,1.34288,1.34288,1.34288,0
2026-05-23 13:42:00+00:00,1.34288,1.34288,1.34288,1.34288,0
2026-05-23 13:43:00+00:00,1.34288,1.34288,1.34288,1.34288,0
2026-05-23 13:44:00+00:00,1.34288,1.34288,1.34288,1.34288,0
2026-05-23 13:45:00+00:00,1.34288,1.34288,1.34288,1.34288,0
2026-05-23 13:46:00+00:00,1.34288,1.34288,1.34288,1.34288,0
2026-05-23 13:47:00+00:00,1.34288,1.34288,1.34288,1.34288,0
2026-05-23 13:48:00+00:00,1.34288,1.34288,1.34288,1.34288,0
2026-05-23 13:49:00+00:00,1.34288,1.34288,1.34288,1.34288,0
2026-05-23 13:50:00+00:00,1.34288,1.34288,1.34288,1.34288,0
2026-05-23 13:51:00+00:00,1.34288,1.34288,1.34288,1.34288,0
2026-05-23 13:52:00+00:00,1.34288,1.34288,1.34288,1.34288,0
2026-05-23 13:53:00+00:00,1.34288,1.34288,1.34288,1.34288,0
2026-05-23 13:54:00+00:00,1.34288,1.34288,1.34288,1.34288,0
2026-05-23 13:55:00+00:00,1.34288,1.34288,1.34288,1.34288,0
2026-05-23 13:56:00+00:00,1.34288,1.34288,1.34288,1.34288,0
2026-05-23 13:57:00+00:00,1.34288,1.34288,1.34288,1.34288,0
2026-05-23 13:58:00+00:00,1.34288,1.34288,1.34288,1.34288,0
2026-05-23 13:59:00+00:00,1.34288,1.34288,1.34288,1.34288,0
2026-05-23 14:00:00+00:00,1.34288,1.34288,1.34288,1.34288,0
2026-05-23 14:01:00+00:00,1.34288,1.34288,1.34288,1.34288,0
2026-05-23 14:02:00+00:00,1.34288,1.34288,1.34288,1.34288,0
2026-05-23 14:03:00+00:00,1.34288,1.34288,1.34288,1.34288,0
2026-05-23 14:04:00+00:00,1.34288,1.34288,1.34288,1.34288,0
2026-05-23 14:05:00+00:00,1.34288,1.34288,1.34288,1.34288,0
2026-05-23 14:06:00+00:00,1.34288,1.34288,1.34288,1.34288,0
2026-05-23 14:07:00+00:00,1.34288,1.34288,1.34288,1.34288,0
2026-05-23 14:08:00+00:00,1.34288,1.34288,1.34288,1.34288,0
2026-05-23 14:09:00+00:00,1.34288,1.34288,1.34288,1.34288,0
2026-05-23 14:10:00+00:00,1.34288,1.34288,1.34288,1.34288,0
2026-05-23 14:11:00+00:00,1.34288,1.34288,1.34288,1.34288,0
2026-05-23 14:12:00+00:00,1.34288,1.34288,1.34288,1.34288,0
2026-05-23 14:13:00+00:00,1.34288,1.34288,1.34288,1.34288,0
2026-05-23 14:14:00+00:00,1.34288,1.34288,1.34288,1.34288,0
2026-05-23 14:15:00+00:00,1.34288,1.34288,1.34288,1.34288,0
2026-05-23 14:16:00+00:00,1.34288,1.34288,1.34288,1.34288,0
2026-05-23 14:17:00+00:00,1.34288,1.34288,1.34288,1.34288,0
2026-05-23 14:18:00+00:00,1.34288,1.34288,1.34288,1.34288,0
2026-05-23 14:19:00+00:00,1.34288,1.34288,1.34288,1.34288,0
2026-05-23 14:20:00+00:00,1.34288,1.34288,1.34288,1.34288,0
2026-05-23 14:21:00+00:00,1.34288,1.34288,1.34288,1.34288,0
2026-05-23 14:22:00+00:00,1.34288,1.34288,1.34288,1.34288,0
2026-05-23 14:23:00+00:00,1.34288,1.34288,1.34288,1.34288,0
2026-05-23 14:24:00+00:00,1.34288,1.34288,1.34288,1.34288,0
2026-05-23 14:25:00+00:00,1.34288,1.34288,1.34288,1.34288,0
2026-05-23 14:26:00+00:00,1.34288,1.34288,1.34288,1.34288,0
2026-05-23 14:27:00+00:00,1.34288,1.34288,1.34288,1.34288,0
2026-05-23 14:28:00+00:00,1.34288,1.34288,1.34288,1.34288,0
2026-05-23 14:29:00+00:00,1.34288,1.34288,1.34288,1.34288,0
2026-05-23 14:30:00+00:00,1.34288,1.34288,1.34288,1.34288,0
2026-05-23 14:31:00+00:00,1.34288,1.34288,1.34288,1.34288,0
2026-05-23 14:32:00+00:00,1.34288,1.34288,1.34288,1.34288,0
2026-05-23 14:33:00+00:00,1.34288,1.34288,1.34288,1.34288,0
2026-05-23 14:34:00+00:00,1.34288,1.34288,1.34288,1.34288,0
2026-05-23 14:35:00+00:00,1.34288,1.34288,1.34288,1.34288,0
2026-05-23 14:36:00+00:00,1.34288,1.34288,1.34288,1.34288,0
2026-05-23 14:37:00+00:00,1.34288,1.34288,1.34288,1.34288,0
2026-05-23 14:38:00+00:00,1.34288,1.34288,1.34288,1.34288,0
2026-05-23 14:39:00+00:00,1.34288,1.34288,1.34288,1.34288,0
2026-05-23 14:40:00+00:00,1.34288,1.34288,1.34288,1.34288,0
2026-05-23 14:41:00+00:00,1.34288,1.34288,1.34288,1.34288,0
2026-05-23 14:42:00+00:00,1.34288,1.34288,1.34288,1.34288,0
2026-05-23 14:43:00+00:00,1.34288,1.34288,1.34288,1.34288,0
2026-05-23 14:44:00+00:00,1.34288,1.34288,1.34288,1.34288,0
2026-05-23 14:45:00+00:00,1.34288,1.34288,1.34288,1.34288,0
2026-05-23 14:46:00+00:00,1.34288,1.34288,1.34288,1.34288,0
2026-05-23 14:47:00+00:00,1.34288,1.34288,1.34288,1.34288,0
2026-05-23 14:48:00+00:00,1.34288,1.34288,1.34288,1.34288,0
2026-05-23 14:49:00+00:00,1.34288,1.34288,1.34288,1.34288,0
2026-05-23 14:50:00+00:00,1.34288,1.34288,1.34288,1.34288,0
2026-05-23 14:51:00+00:00,1.34288,1.34288,1.34288,1.34288,0
2026-05-23 14:52:00+00:00,1.34288,1.34288,1.34288,1.34288,0
2026-05-23 14:53:00+00:00,1.34288,1.34288,1.34288,1.34288,0
2026-05-23 14:54:00+00:00,1.34288,1.34288,1.34288,1.34288,0
2026-05-23 14:55:00+00:00,1.34288,1.34288,1.34288,1.34288,0
2026-05-23 14:56:00+00:00,1.34288,1.34288,1.34288,1.34288,0
2026-05-23 14:57:00+00:00,1.34288,1.34288,1.34288,1.34288,0
2026-05-23 14:58:00+00:00,1.34288,1.34288,1.34288,1.34288,0
2026-05-23 14:59:00+00:00,1.34288,1.34288,1.34288,1.34288,0
2026-05-23 15:00:00+00:00,1.34288,1.34288,1.34288,1.34288,0
2026-05-23 15:01:00+00:00,1.34288,1.34288,1.34288,1.34288,0
2026-05-23 15:02:00+00:00,1.34288,1.34288,1.34288,1.34288,0
2026-05-23 15:03:00+00:00,1.34288,1.34288,1.34288,1.34288,0
2026-05-23 15:04:00+00:00,1.34288,1.34288,1.34288,1.34288,0
2026-05-23 15:05:00+00:00,1.34288,1.34288,1.34288,1.34288,0
2026-05-23 15:06:00+00:00,1.34288,1.34288,1.34288,1.34288,0
2026-05-23 15:07:00+00:00,1.34288,1.34288,1.34288,1.34288,0
2026-05-23 15:08:00+00:00,1.34288,1.34288,1.34288,1.34288,0
2026-05-23 15:09:00+00:00,1.34288,1.34288,1.34288,1.34288,0
2026-05-23 15:10:00+00:00,1.34288,1.34288,1.34288,1.34288,0
2026-05-23 15:11:00+00:00,1.34288,1.34288,1.34288,1.34288,0
2026-05-23 15:12:00+00:00,1.34288,1.34288,1.34288,1.34288,0
2026-05-23 15:13:00+00:00,1.34288,1.34288,1.34288,1.34288,0
2026-05-23 15:14:00+00:00,1.34288,1.34288,1.34288,1.34288,0
2026-05-23 15:15:00+00:00,1.34288,1.34288,1.34288,1.34288,0
2026-05-23 15:16:00+00:00,1.34288,1.34288,1.34288,1.34288,0
2026-05-23 15:17:00+00:00,1.34288,1.34288,1.34288,1.34288,0
2026-05-23 15:18:00+00:00,1.34288,1.34288,1.34288,1.34288,0
2026-05-23 15:19:00+00:00,1.34288,1.34288,1.34288,1.34288,0
2026-05-23 15:20:00+00:00,1.34288,1.34288,1.34288,1.34288,0
2026-05-23 15:21:00+00:00,1.34288,1.34288,1.34288,1.34288,0
2026-05-23 15:22:00+00:00,1.34288,1.34288,1.34288,1.34288,0
2026-05-23 15:23:00+00:00,1.34288,1.34288,1.34288,1.34288,0
2026-05-23 15:24:00+00:00,1.34288,1.34288,1.34288,1.34288,0
2026-05-23 15:25:00+00:00,1.34288,1.34288,1.34288,1.34288,0
2026-05-23 15:26:00+00:00,1.34288,1.34288,1.34288,1.34288,0
2026-05-23 15:27:00+00:00,1.34288,1.34288,1.34288,1.34288,0
2026-05-23 15:28:00+00:00,1.34288,1.34288,1.34288,1.34288,0
2026-05-23 15:29:00+00:00,1.34288,1.34288,1.34288,1.34288,0
2026-05-23 15:30:00+00:00,1.34288,1.34288,1.34288,1.34288,0
2026-05-23 15:31:00+00:00,1.34288,1.34288,1.34288,1.34288,0
2026-05-23 15:32:00+00:00,1.34288,1.34288,1.34288,1.34288,0
2026-05-23 15:33:00+00:00,1.34288,1.34288,1.34288,1.34288,0
2026-05-23 15:34:00+00:00,1.34288,1.34288,1.34288,1.34288,0
2026-05-23 15:35:00+00:00,1.34288,1.34288,1.34288,1.34288,0
2026-05-23 15:36:00+00:00,1.34288,1.34288,1.34288,1.34288,0
2026-05-23 15:37:00+00:00,1.34288,1.34288,1.34288,1.34288,0
2026-05-23 15:38:00+00:00,1.34288,1.34288,1.34288,1.34288,0
2026-05-23 15:39:00+00:00,1.34288,1.34288,1.34288,1.34288,0
2026-05-23 15:40:00+00:00,1.34288,1.34288,1.34288,1.34288,0
2026-05-23 15:41:00+00:00,1.34288,1.34288,1.34288,1.34288,0
2026-05-23 15:42:00+00:00,1.34288,1.34288,1.34288,1.34288,0
2026-05-23 15:43:00+00:00,1.34288,1.34288,1.34288,1.34288,0
2026-05-23 15:44:00+00:00,1.34288,1.34288,1.34288,1.34288,0
2026-05-23 15:45:00+00:00,1.34288,1.34288,1.34288,1.34288,0
2026-05-23 15:46:00+00:00,1.34288,1.34288,1.34288,1.34288,0
2026-05-23 15:47:00+00:00,1.34288,1.34288,1.34288,1.34288,0
2026-05-23 15:48:00+00:00,1.34288,1.34288,1.34288,1.34288,0
2026-05-23 15:49:00+00:00,1.34288,1.34288,1.34288,1.34288,0
2026-05-23 15:50:00+00:00,1.34288,1.34288,1.34288,1.34288,0
2026-05-23 15:51:00+00:00,1.34288,1.34288,1.34288,1.34288,0
2026-05-23 15:52:00+00:00,1.34288,1.34288,1.34288,1.34288,0
2026-05-23 15:53:00+00:00,1.34288,1.34288,1.34288,1.34288,0
2026-05-23 15:54:00+00:00,1.34288,1.34288,1.34288,1.34288,0
2026-05-23 15:55:00+00:00,1.34288,1.34288,1.34288,1.34288,0
2026-05-23 15:56:00+00:00,1.34288,1.34288,1.34288,1.34288,0
2026-05-23 15:57:00+00:00,1.34288,1.34288,1.34288,1.34288,0
2026-05-23 15:58:00+00:00,1.34288,1.34288,1.34288,1.34288,0
2026-05-23 15:59:00+00:00,1.34288,1.34288,1.34288,1.34288,0
2026-05-23 16:00:00+00:00,1.34288,1.34288,1.34288,1.34288,0
2026-05-23 16:01:00+00:00,1.34288,1.34288,1.34288,1.34288,0
2026-05-23 16:02:00+00:00,1.34288,1.34288,1.34288,1.34288,0
2026-05-23 16:03:00+00:00,1.34288,1.34288,1.34288,1.34288,0
2026-05-23 16:04:00+00:00,1.34288,1.34288,1.34288,1.34288,0
2026-05-23 16:05:00+00:00,1.34288,1.34288,1.34288,1.34288,0
2026-05-23 16:06:00+00:00,1.34288,1.34288,1.34288,1.34288,0
2026-05-23 16:07:00+00:00,1.34288,1.34288,1.34288,1.34288,0
2026-05-23 16:08:00+00:00,1.34288,1.34288,1.34288,1.34288,0
2026-05-23 16:09:00+00:00,1.34288,1.34288,1.34288,1.34288,0
2026-05-23 16:10:00+00:00,1.34288,1.34288,1.34288,1.34288,0
2026-05-23 16:11:00+00:00,1.34288,1.34288,1.34288,1.34288,0
2026-05-23 16:12:00+00:00,1.34288,1.34288,1.34288,1.34288,0
2026-05-23 16:13:00+00:00,1.34288,1.34288,1.34288,1.34288,0
2026-05-23 16:14:00+00:00,1.34288,1.34288,1.34288,1.34288,0
2026-05-23 16:15:00+00:00,1.34288,1.34288,1.34288,1.34288,0
2026-05-23 16:16:00+00:00,1.34288,1.34288,1.34288,1.34288,0
2026-05-23 16:17:00+00:00,1.34288,1.34288,1.34288,1.34288,0
2026-05-23 16:18:00+00:00,1.34288,1.34288,1.34288,1.34288,0
2026-05-23 16:19:00+00:00,1.34288,1.34288,1.34288,1.34288,0
2026-05-23 16:20:00+00:00,1.34288,1.34288,1.34288,1.34288,0
2026-05-23 16:21:00+00:00,1.34288,1.34288,1.34288,1.34288,0
2026-05-23 16:22:00+00:00,1.34288,1.34288,1.34288,1.34288,0
2026-05-23 16:23:00+00:00,1.34288,1.34288,1.34288,1.34288,0
2026-05-23 16:24:00+00:00,1.34288,1.34288,1.34288,1.34288,0
2026-05-23 16:25:00+00:00,1.34288,1.34288,1.34288,1.34288,0
2026-05-23 16:26:00+00:00,1.34288,1.34288,1.34288,1.34288,0
2026-05-23 16:27:00+00:00,1.34288,1.34288,1.34288,1.34288,0
2026-05-23 16:28:00+00:00,1.34288,1.34288,1.34288,1.34288,0
2026-05-23 16:29:00+00:00,1.34288,1.34288,1.34288,1.34288,0
2026-05-23 16:30:00+00:00,1.34288,1.34288,1.34288,1.34288,0
2026-05-23 16:31:00+00:00,1.34288,1.34288,1.34288,1.34288,0
2026-05-23 16:32:00+00:00,1.34288,1.34288,1.34288,1.34288,0
2026-05-23 16:33:00+00:00,1.34288,1.34288,1.34288,1.34288,0
2026-05-23 16:34:00+00:00,1.34288,1.34288,1.34288,1.34288,0
2026-05-23 16:35:00+00:00,1.34288,1.34288,1.34288,1.34288,0
2026-05-23 16:36:00+00:00,1.34288,1.34288,1.34288,1.34288,0
2026-05-23 16:37:00+00:00,1.34288,1.34288,1.34288,1.34288,0
2026-05-23 16:38:00+00:00,1.34288,1.34288,1.34288,1.34288,0
2026-05-23 16:39:00+00:00,1.34288,1.34288,1.34288,1.34288,0
2026-05-23 16:40:00+00:00,1.34288,1.34288,1.34288,1.34288,0
2026-05-23 16:41:00+00:00,1.34288,1.34288,1.34288,1.34288,0
2026-05-23 16:42:00+00:00,1.34288,1.34288,1.34288,1.34288,0
2026-05-23 16:43:00+00:00,1.34288,1.34288,1.34288,1.34288,0
2026-05-23 16:44:00+00:00,1.34288,1.34288,1.34288,1.34288,0
2026-05-23 16:45:00+00:00,1.34288,1.34288,1.34288,1.34288,0
2026-05-23 16:46:00+00:00,1.34288,1.34288,1.34288,1.34288,0
2026-05-23 16:47:00+00:00,1.34288,1.34288,1.34288,1.34288,0
2026-05-23 16:48:00+00:00,1.34288,1.34288,1.34288,1.34288,0
2026-05-23 16:49:00+00:00,1.34288,1.34288,1.34288,1.34288,0
2026-05-23 16:50:00+00:00,1.34288,1.34288,1.34288,1.34288,0
2026-05-23 16:51:00+00:00,1.34288,1.34288,1.34288,1.34288,0
2026-05-23 16:52:00+00:00,1.34288,1.34288,1.34288,1.34288,0
2026-05-23 16:53:00+00:00,1.34288,1.34288,1.34288,1.34288,0
2026-05-23 16:54:00+00:00,1.34288,1.34288,1.34288,1.34288,0
2026-05-23 16:55:00+00:00,1.34288,1.34288,1.34288,1.34288,0
2026-05-23 16:56:00+00:00,1.34288,1.34288,1.34288,1.34288,0
2026-05-23 16:57:00+00:00,1.34288,1.34288,1.34288,1.34288,0
2026-05-23 16:58:00+00:00,1.34288,1.34288,1.34288,1.34288,0
2026-05-23 16:59:00+00:00,1.34288,1.34288,1.34288,1.34288,0
2026-05-23 17:00:00+00:00,1.34288,1.34288,1.34288,1.34288,0
2026-05-23 17:01:00+00:00,1.34288,1.34288,1.34288,1.34288,0
2026-05-23 17:02:00+00:00,1.34288,1.34288,1.34288,1.34288,0
2026-05-23 17:03:00+00:00,1.34288,1.34288,1.34288,1.34288,0
2026-05-23 17:04:00+00:00,1.34288,1.34288,1.34288,1.34288,0
2026-05-23 17:05:00+00:00,1.34288,1.34288,1.34288,1.34288,0
2026-05-23 17:06:00+00:00,1.34288,1.34288,1.34288,1.34288,0
2026-05-23 17:07:00+00:00,1.34288,1.34288,1.34288,1.34288,0
2026-05-23 17:08:00+00:00,1.34288,1.34288,1.34288,1.34288,0
2026-05-23 17:09:00+00:00,1.34288,1.34288,1.34288,1.34288,0
2026-05-23 17:10:00+00:00,1.34288,1.34288,1.34288,1.34288,0
2026-05-23 17:11:00+00:00,1.34288,1.34288,1.34288,1.34288,0
2026-05-23 17:12:00+00:00,1.34288,1.34288,1.34288,1.34288,0
2026-05-23 17:13:00+00:00,1.34288,1.34288,1.34288,1.34288,0
2026-05-23 17:14:00+00:00,1.34288,1.34288,1.34288,1.34288,0
2026-05-23 17:15:00+00:00,1.34288,1.34288,1.34288,1.34288,0
2026-05-23 17:16:00+00:00,1.34288,1.34288,1.34288,1.34288,0
2026-05-23 17:17:00+00:00,1.34288,1.34288,1.34288,1.34288,0
2026-05-23 17:18:00+00:00,1.34288,1.34288,1.34288,1.34288,0
2026-05-23 17:19:00+00:00,1.34288,1.34288,1.34288,1.34288,0
2026-05-23 17:20:00+00:00,1.34288,1.34288,1.34288,1.34288,0
2026-05-23 17:21:00+00:00,1.34288,1.34288,1.34288,1.34288,0
2026-05-23 17:22:00+00:00,1.34288,1.34288,1.34288,1.34288,0
2026-05-23 17:23:00+00:00,1.34288,1.34288,1.34288,1.34288,0
2026-05-23 17:24:00+00:00,1.34288,1.34288,1.34288,1.34288,0
2026-05-23 17:25:00+00:00,1.34288,1.34288,1.34288,1.34288,0
2026-05-23 17:26:00+00:00,1.34288,1.34288,1.34288,1.34288,0
2026-05-23 17:27:00+00:00,1.34288,1.34288,1.34288,1.34288,0
2026-05-23 17:28:00+00:00,1.34288,1.34288,1.34288,1.34288,0
2026-05-23 17:29:00+00:00,1.34288,1.34288,1.34288,1.34288,0
2026-05-23 17:30:00+00:00,1.34288,1.34288,1.34288,1.34288,0
2026-05-23 17:31:00+00:00,1.34288,1.34288,1.34288,1.34288,0
2026-05-23 17:32:00+00:00,1.34288,1.34288,1.34288,1.34288,0
2026-05-23 17:33:00+00:00,1.34288,1.34288,1.34288,1.34288,0
2026-05-23 17:34:00+00:00,1.34288,1.34288,1.34288,1.34288,0
2026-05-23 17:35:00+00:00,1.34288,1.34288,1.34288,1.34288,0
2026-05-23 17:36:00+00:00,1.34288,1.34288,1.34288,1.34288,0
2026-05-23 17:37:00+00:00,1.34288,1.34288,1.34288,1.34288,0
2026-05-23 17:38:00+00:00,1.34288,1.34288,1.34288,1.34288,0
2026-05-23 17:39:00+00:00,1.34288,1.34288,1.34288,1.34288,0
2026-05-23 17:40:00+00:00,1.34288,1.34288,1.34288,1.34288,0
2026-05-23 17:41:00+00:00,1.34288,1.34288,1.34288,1.34288,0
2026-05-23 17:42:00+00:00,1.34288,1.34288,1.34288,1.34288,0
2026-05-23 17:43:00+00:00,1.34288,1.34288,1.34288,1.34288,0
2026-05-23 17:44:00+00:00,1.34288,1.34288,1.34288,1.34288,0
2026-05-23 17:45:00+00:00,1.34288,1.34288,1.34288,1.34288,0
2026-05-23 17:46:00+00:00,1.34288,1.34288,1.34288,1.34288,0
2026-05-23 17:47:00+00:00,1.34288,1.34288,1.34288,1.34288,0
2026-05-23 17:48:00+00:00,1.34288,1.34288,1.34288,1.34288,0
2026-05-23 17:49:00+00:00,1.34288,1.34288,1.34288,1.34288,0
2026-05-23 17:50:00+00:00,1.34288,1.34288,1.34288,1.34288,0
2026-05-23 17:51:00+00:00,1.34288,1.34288,1.34288,1.34288,0
2026-05-23 17:52:00+00:00,1.34288,1.34288,1.34288,1.34288,0
2026-05-23 17:53:00+00:00,1.34288,1.34288,1.34288,1.34288,0
2026-05-23 17:54:00+00:00,1.34288,1.34288,1.34288,1.34288,0
2026-05-23 17:55:00+00:00,1.34288,1.34288,1.34288,1.34288,0
2026-05-23 17:56:00+00:00,1.34288,1.34288,1.34288,1.34288,0
2026-05-23 17:57:00+00:00,1.34288,1.34288,1.34288,1.34288,0
2026-05-23 17:58:00+00:00,1.34288,1.34288,1.34288,1.34288,0
2026-05-23 17:59:00+00:00,1.34288,1.34288,1.34288,1.34288,0
2026-05-23 18:00:00+00:00,1.34288,1.34288,1.34288,1.34288,0
2026-05-23 18:01:00+00:00,1.34288,1.34288,1.34288,1.34288,0
2026-05-23 18:02:00+00:00,1.34288,1.34288,1.34288,1.34288,0
2026-05-23 18:03:00+00:00,1.34288,1.34288,1.34288,1.34288,0
2026-05-23 18:04:00+00:00,1.34288,1.34288,1.34288,1.34288,0
2026-05-23 18:05:00+00:00,1.34288,1.34288,1.34288,1.34288,0
2026-05-23 18:06:00+00:00,1.34288,1.34288,1.34288,1.34288,0
2026-05-23 18:07:00+00:00,1.34288,1.34288,1.34288,1.34288,0
2026-05-23 18:08:00+00:00,1.34288,1.34288,1.34288,1.34288,0
2026-05-23 18:09:00+00:00,1.34288,1.34288,1.34288,1.34288,0
2026-05-23 18:10:00+00:00,1.34288,1.34288,1.34288,1.34288,0
2026-05-23 18:11:00+00:00,1.34288,1.34288,1.34288,1.34288,0
2026-05-23 18:12:00+00:00,1.34288,1.34288,1.34288,1.34288,0
2026-05-23 18:13:00+00:00,1.34288,1.34288,1.34288,1.34288,0
2026-05-23 18:14:00+00:00,1.34288,1.34288,1.34288,1.34288,0
2026-05-23 18:15:00+00:00,1.34288,1.34288,1.34288,1.34288,0
2026-05-23 18:16:00+00:00,1.34288,1.34288,1.34288,1.34288,0
2026-05-23 18:17:00+00:00,1.34288,1.34288,1.34288,1.34288,0
2026-05-23 18:18:00+00:00,1.34288,1.34288,1.34288,1.34288,0
2026-05-23 18:19:00+00:00,1.34288,1.34288,1.34288,1.34288,0
2026-05-23 18:20:00+00:00,1.34288,1.34288,1.34288,1.34288,0
2026-05-23 18:21:00+00:00,1.34288,1.34288,1.34288,1.34288,0
2026-05-23 18:22:00+00:00,1.34288,1.34288,1.34288,1.34288,0
2026-05-23 18:23:00+00:00,1.34288,1.34288,1.34288,1.34288,0
2026-05-23 18:24:00+00:00,1.34288,1.34288,1.34288,1.34288,0
2026-05-23 18:25:00+00:00,1.34288,1.34288,1.34288,1.34288,0
2026-05-23 18:26:00+00:00,1.34288,1.34288,1.34288,1.34288,0
2026-05-23 18:27:00+00:00,1.34288,1.34288,1.34288,1.34288,0
2026-05-23 18:28:00+00:00,1.34288,1.34288,1.34288,1.34288,0
2026-05-23 18:29:00+00:00,1.34288,1.34288,1.34288,1.34288,0
2026-05-23 18:30:00+00:00,1.34288,1.34288,1.34288,1.34288,0
2026-05-23 18:31:00+00:00,1.34288,1.34288,1.34288,1.34288,0
2026-05-23 18:32:00+00:00,1.34288,1.34288,1.34288,1.34288,0
2026-05-23 18:33:00+00:00,1.34288,1.34288,1.34288,1.34288,0
2026-05-23 18:34:00+00:00,1.34288,1.34288,1.34288,1.34288,0
2026-05-23 18:35:00+00:00,1.34288,1.34288,1.34288,1.34288,0
2026-05-23 18:36:00+00:00,1.34288,1.34288,1.34288,1.34288,0
2026-05-23 18:37:00+00:00,1.34288,1.34288,1.34288,1.34288,0
2026-05-23 18:38:00+00:00,1.34288,1.34288,1.34288,1.34288,0
2026-05-23 18:39:00+00:00,1.34288,1.34288,1.34288,1.34288,0
2026-05-23 18:40:00+00:00,1.34288,1.34288,1.34288,1.34288,0
2026-05-23 18:41:00+00:00,1.34288,1.34288,1.34288,1.34288,0
2026-05-23 18:42:00+00:00,1.34288,1.34288,1.34288,1.34288,0
2026-05-23 18:43:00+00:00,1.34288,1.34288,1.34288,1.34288,0
2026-05-23 18:44:00+00:00,1.34288,1.34288,1.34288,1.34288,0
2026-05-23 18:45:00+00:00,1.34288,1.34288,1.34288,1.34288,0
2026-05-23 18:46:00+00:00,1.34288,1.34288,1.34288,1.34288,0
2026-05-23 18:47:00+00:00,1.34288,1.34288,1.34288,1.34288,0
2026-05-23 18:48:00+00:00,1.34288,1.34288,1.34288,1.34288,0
2026-05-23 18:49:00+00:00,1.34288,1.34288,1.34288,1.34288,0
2026-05-23 18:50:00+00:00,1.34288,1.34288,1.34288,1.34288,0
2026-05-23 18:51:00+00:00,1.34288,1.34288,1.34288,1.34288,0
2026-05-23 18:52:00+00:00,1.34288,1.34288,1.34288,1.34288,0
2026-05-23 18:53:00+00:00,1.34288,1.34288,1.34288,1.34288,0
2026-05-23 18:54:00+00:00,1.34288,1.34288,1.34288,1.34288,0
2026-05-23 18:55:00+00:00,1.34288,1.34288,1.34288,1.34288,0
2026-05-23 18:56:00+00:00,1.34288,1.34288,1.34288,1.34288,0
2026-05-23 18:57:00+00:00,1.34288,1.34288,1.34288,1.34288,0
2026-05-23 18:58:00+00:00,1.34288,1.34288,1.34288,1.34288,0
2026-05-23 18:59:00+00:00,1.34288,1.34288,1.34288,1.34288,0
2026-05-23 19:00:00+00:00,1.34288,1.34288,1.34288,1.34288,0
2026-05-23 19:01:00+00:00,1.34288,1.34288,1.34288,1.34288,0
2026-05-23 19:02:00+00:00,1.34288,1.34288,1.34288,1.34288,0
2026-05-23 19:03:00+00:00,1.34288,1.34288,1.34288,1.34288,0
2026-05-23 19:04:00+00:00,1.34288,1.34288,1.34288,1.34288,0
2026-05-23 19:05:00+00:00,1.34288,1.34288,1.34288,1.34288,0
2026-05-23 19:06:00+00:00,1.34288,1.34288,1.34288,1.34288,0
2026-05-23 19:07:00+00:00,1.34288,1.34288,1.34288,1.34288,0
2026-05-23 19:08:00+00:00,1.34288,1.34288,1.34288,1.34288,0
2026-05-23 19:09:00+00:00,1.34288,1.34288,1.34288,1.34288,0
2026-05-23 19:10:00+00:00,1.34288,1.34288,1.34288,1.34288,0
2026-05-23 19:11:00+00:00,1.34288,1.34288,1.34288,1.34288,0
2026-05-23 19:12:00+00:00,1.34288,1.34288,1.34288,1.34288,0
2026-05-23 19:13:00+00:00,1.34288,1.34288,1.34288,1.34288,0
2026-05-23 19:14:00+00:00,1.34288,1.34288,1.34288,1.34288,0
2026-05-23 19:15:00+00:00,1.34288,1.34288,1.34288,1.34288,0
2026-05-23 19:16:00+00:00,1.34288,1.34288,1.34288,1.34288,0
2026-05-23 19:17:00+00:00,1.34288,1.34288,1.34288,1.34288,0
2026-05-23 19:18:00+00:00,1.34288,1.34288,1.34288,1.34288,0
2026-05-23 19:19:00+00:00,1.34288,1.34288,1.34288,1.34288,0
2026-05-23 19:20:00+00:00,1.34288,1.34288,1.34288,1.34288,0
2026-05-23 19:21:00+00:00,1.34288,1.34288,1.34288,1.34288,0
2026-05-23 19:22:00+00:00,1.34288,1.34288,1.34288,1.34288,0
2026-05-23 19:23:00+00:00,1.34288,1.34288,1.34288,1.34288,0
2026-05-23 19:24:00+00:00,1.34288,1.34288,1.34288,1.34288,0
2026-05-23 19:25:00+00:00,1.34288,1.34288,1.34288,1.34288,0
2026-05-23 19:26:00+00:00,1.34288,1.34288,1.34288,1.34288,0
2026-05-23 19:27:00+00:00,1.34288,1.34288,1.34288,1.34288,0
2026-05-23 19:28:00+00:00,1.34288,1.34288,1.34288,1.34288,0
2026-05-23 19:29:00+00:00,1.34288,1.34288,1.34288,1.34288,0
2026-05-23 19:30:00+00:00,1.34288,1.34288,1.34288,1.34288,0
2026-05-23 19:31:00+00:00,1.34288,1.34288,1.34288,1.34288,0
2026-05-23 19:32:00+00:00,1.34288,1.34288,1.34288,1.34288,0
2026-05-23 19:33:00+00:00,1.34288,1.34288,1.34288,1.34288,0
2026-05-23 19:34:00+00:00,1.34288,1.34288,1.34288,1.34288,0
2026-05-23 19:35:00+00:00,1.34288,1.34288,1.34288,1.34288,0
2026-05-23 19:36:00+00:00,1.34288,1.34288,1.34288,1.34288,0
2026-05-23 19:37:00+00:00,1.34288,1.34288,1.34288,1.34288,0
2026-05-23 19:38:00+00:00,1.34288,1.34288,1.34288,1.34288,0
2026-05-23 19:39:00+00:00,1.34288,1.34288,1.34288,1.34288,0
2026-05-23 19:40:00+00:00,1.34288,1.34288,1.34288,1.34288,0
2026-05-23 19:41:00+00:00,1.34288,1.34288,1.34288,1.34288,0
2026-05-23 19:42:00+00:00,1.34288,1.34288,1.34288,1.34288,0
2026-05-23 19:43:00+00:00,1.34288,1.34288,1.34288,1.34288,0
2026-05-23 19:44:00+00:00,1.34288,1.34288,1.34288,1.34288,0
2026-05-23 19:45:00+00:00,1.34288,1.34288,1.34288,1.34288,0
2026-05-23 19:46:00+00:00,1.34288,1.34288,1.34288,1.34288,0
2026-05-23 19:47:00+00:00,1.34288,1.34288,1.34288,1.34288,0
2026-05-23 19:48:00+00:00,1.34288,1.34288,1.34288,1.34288,0
2026-05-23 19:49:00+00:00,1.34288,1.34288,1.34288,1.34288,0
2026-05-23 19:50:00+00:00,1.34288,1.34288,1.34288,1.34288,0
2026-05-23 19:51:00+00:00,1.34288,1.34288,1.34288,1.34288,0
2026-05-23 19:52:00+00:00,1.34288,1.34288,1.34288,1.34288,0
2026-05-23 19:53:00+00:00,1.34288,1.34288,1.34288,1.34288,0
2026-05-23 19:54:00+00:00,1.34288,1.34288,1.34288,1.34288,0
2026-05-23 19:55:00+00:00,1.34288,1.34288,1.34288,1.34288,0
2026-05-23 19:56:00+00:00,1.34288,1.34288,1.34288,1.34288,0
2026-05-23 19:57:00+00:00,1.34288,1.34288,1.34288,1.34288,0
2026-05-23 19:58:00+00:00,1.34288,1.34288,1.34288,1.34288,0
2026-05-23 19:59:00+00:00,1.34288,1.34288,1.34288,1.34288,0
2026-05-23 20:00:00+00:00,1.34288,1.34288,1.34288,1.34288,0
2026-05-23 20:01:00+00:00,1.34288,1.34288,1.34288,1.34288,0
2026-05-23 20:02:00+00:00,1.34288,1.34288,1.34288,1.34288,0
2026-05-23 20:03:00+00:00,1.34288,1.34288,1.34288,1.34288,0
2026-05-23 20:04:00+00:00,1.34288,1.34288,1.34288,1.34288,0
2026-05-23 20:05:00+00:00,1.34288,1.34288,1.34288,1.34288,0
2026-05-23 20:06:00+00:00,1.34288,1.34288,1.34288,1.34288,0
2026-05-23 20:07:00+00:00,1.34288,1.34288,1.34288,1.34288,0
2026-05-23 20:08:00+00:00,1.34288,1.34288,1.34288,1.34288,0
2026-05-23 20:09:00+00:00,1.34288,1.34288,1.34288,1.34288,0
2026-05-23 20:10:00+00:00,1.34288,1.34288,1.34288,1.34288,0
2026-05-23 20:11:00+00:00,1.34288,1.34288,1.34288,1.34288,0
2026-05-23 20:12:00+00:00,1.34288,1.34288,1.34288,1.34288,0
2026-05-23 20:13:00+00:00,1.34288,1.34288,1.34288,1.34288,0
2026-05-23 20:14:00+00:00,1.34288,1.34288,1.34288,1.34288,0
2026-05-23 20:15:00+00:00,1.34288,1.34288,1.34288,1.34288,0
2026-05-23 20:16:00+00:00,1.34288,1.34288,1.34288,1.34288,0
2026-05-23 20:17:00+00:00,1.34288,1.34288,1.34288,1.34288,0
2026-05-23 20:18:00+00:00,1.34288,1.34288,1.34288,1.34288,0
2026-05-23 20:19:00+00:00,1.34288,1.34288,1.34288,1.34288,0
2026-05-23 20:20:00+00:00,1.34288,1.34288,1.34288,1.34288,0
2026-05-23 20:21:00+00:00,1.34288,1.34288,1.34288,1.34288,0
2026-05-23 20:22:00+00:00,1.34288,1.34288,1.34288,1.34288,0
2026-05-23 20:23:00+00:00,1.34288,1.34288,1.34288,1.34288,0
2026-05-23 20:24:00+00:00,1.34288,1.34288,1.34288,1.34288,0
2026-05-23 20:25:00+00:00,1.34288,1.34288,1.34288,1.34288,0
2026-05-23 20:26:00+00:00,1.34288,1.34288,1.34288,1.34288,0
2026-05-23 20:27:00+00:00,1.34288,1.34288,1.34288,1.34288,0
2026-05-23 20:28:00+00:00,1.34288,1.34288,1.34288,1.34288,0
2026-05-23 20:29:00+00:00,1.34288,1.34288,1.34288,1.34288,0
2026-05-23 20:30:00+00:00,1.34288,1.34288,1.34288,1.34288,0
2026-05-23 20:31:00+00:00,1.34288,1.34288,1.34288,1.34288,0
2026-05-23 20:32:00+00:00,1.34288,1.34288,1.34288,1.34288,0
2026-05-23 20:33:00+00:00,1.34288,1.34288,1.34288,1.34288,0
2026-05-23 20:34:00+00:00,1.34288,1.34288,1.34288,1.34288,0
2026-05-23 20:35:00+00:00,1.34288,1.34288,1.34288,1.34288,0
2026-05-23 20:36:00+00:00,1.34288,1.34288,1.34288,1.34288,0
2026-05-23 20:37:00+00:00,1.34288,1.34288,1.34288,1.34288,0
2026-05-23 20:38:00+00:00,1.34288,1.34288,1.34288,1.34288,0
2026-05-23 20:39:00+00:00,1.34288,1.34288,1.34288,1.34288,0
2026-05-23 20:40:00+00:00,1.34288,1.34288,1.34288,1.34288,0
2026-05-23 20:41:00+00:00,1.34288,1.34288,1.34288,1.34288,0
2026-05-23 20:42:00+00:00,1.34288,1.34288,1.34288,1.34288,0
2026-05-23 20:43:00+00:00,1.34288,1.34288,1.34288,1.34288,0
2026-05-23 20:44:00+00:00,1.34288,1.34288,1.34288,1.34288,0
2026-05-23 20:45:00+00:00,1.34288,1.34288,1.34288,1.34288,0
2026-05-23 20:46:00+00:00,1.34288,1.34288,1.34288,1.34288,0
2026-05-23 20:47:00+00:00,1.34288,1.34288,1.34288,1.34288,0
2026-05-23 20:48:00+00:00,1.34288,1.34288,1.34288,1.34288,0
2026-05-23 20:49:00+00:00,1.34288,1.34288,1.34288,1.34288,0
2026-05-23 20:50:00+00:00,1.34288,1.34288,1.34288,1.34288,0
2026-05-23 20:51:00+00:00,1.34288,1.34288,1.34288,1.34288,0
2026-05-23 20:52:00+00:00,1.34288,1.34288,1.34288,1.34288,0
2026-05-23 20:53:00+00:00,1.34288,1.34288,1.34288,1.34288,0
2026-05-23 20:54:00+00:00,1.34288,1.34288,1.34288,1.34288,0
2026-05-23 20:55:00+00:00,1.34288,1.34288,1.34288,1.34288,0
2026-05-23 20:56:00+00:00,1.34288,1.34288,1.34288,1.34288,0
2026-05-23 20:57:00+00:00,1.34288,1.34288,1.34288,1.34288,0
2026-05-23 20:58:00+00:00,1.34288,1.34288,1.34288,1.34288,0
2026-05-23 20:59:00+00:00,1.34288,1.34288,1.34288,1.34288,0
2026-05-23 21:00:00+00:00,1.34288,1.34288,1.34288,1.34288,0
2026-05-23 21:01:00+00:00,1.34288,1.34288,1.34288,1.34288,0
2026-05-23 21:02:00+00:00,1.34288,1.34288,1.34288,1.34288,0
2026-05-23 21:03:00+00:00,1.34288,1.34288,1.34288,1.34288,0
2026-05-23 21:04:00+00:00,1.34288,1.34288,1.34288,1.34288,0
2026-05-23 21:05:00+00:00,1.34288,1.34288,1.34288,1.34288,0
2026-05-23 21:06:00+00:00,1.34288,1.34288,1.34288,1.34288,0
2026-05-23 21:07:00+00:00,1.34288,1.34288,1.34288,1.34288,0
2026-05-23 21:08:00+00:00,1.34288,1.34288,1.34288,1.34288,0
2026-05-23 21:09:00+00:00,1.34288,1.34288,1.34288,1.34288,0
2026-05-23 21:10:00+00:00,1.34288,1.34288,1.34288,1.34288,0
2026-05-23 21:11:00+00:00,1.34288,1.34288,1.34288,1.34288,0
2026-05-23 21:12:00+00:00,1.34288,1.34288,1.34288,1.34288,0
2026-05-23 21:13:00+00:00,1.34288,1.34288,1.34288,1.34288,0
2026-05-23 21:14:00+00:00,1.34288,1.34288,1.34288,1.34288,0
2026-05-23 21:15:00+00:00,1.34288,1.34288,1.34288,1.34288,0
2026-05-23 21:16:00+00:00,1.34288,1.34288,1.34288,1.34288,0
2026-05-23 21:17:00+00:00,1.34288,1.34288,1.34288,1.34288,0
2026-05-23 21:18:00+00:00,1.34288,1.34288,1.34288,1.34288,0
2026-05-23 21:19:00+00:00,1.34288,1.34288,1.34288,1.34288,0
2026-05-23 21:20:00+00:00,1.34288,1.34288,1.34288,1.34288,0
2026-05-23 21:21:00+00:00,1.34288,1.34288,1.34288,1.34288,0
2026-05-23 21:22:00+00:00,1.34288,1.34288,1.34288,1.34288,0
2026-05-23 21:23:00+00:00,1.34288,1.34288,1.34288,1.34288,0
2026-05-23 21:24:00+00:00,1.34288,1.34288,1.34288,1.34288,0
2026-05-23 21:25:00+00:00,1.34288,1.34288,1.34288,1.34288,0
2026-05-23 21:26:00+00:00,1.34288,1.34288,1.34288,1.34288,0
2026-05-23 21:27:00+00:00,1.34288,1.34288,1.34288,1.34288,0
2026-05-23 21:28:00+00:00,1.34288,1.34288,1.34288,1.34288,0
2026-05-23 21:29:00+00:00,1.34288,1.34288,1.34288,1.34288,0
2026-05-23 21:30:00+00:00,1.34288,1.34288,1.34288,1.34288,0
2026-05-23 21:31:00+00:00,1.34288,1.34288,1.34288,1.34288,0
2026-05-23 21:32:00+00:00,1.34288,1.34288,1.34288,1.34288,0
2026-05-23 21:33:00+00:00,1.34288,1.34288,1.34288,1.34288,0
2026-05-23 21:34:00+00:00,1.34288,1.34288,1.34288,1.34288,0
2026-05-23 21:35:00+00:00,1.34288,1.34288,1.34288,1.34288,0
2026-05-23 21:36:00+00:00,1.34288,1.34288,1.34288,1.34288,0
2026-05-23 21:37:00+00:00,1.34288,1.34288,1.34288,1.34288,0
2026-05-23 21:38:00+00:00,1.34288,1.34288,1.34288,1.34288,0
2026-05-23 21:39:00+00:00,1.34288,1.34288,1.34288,1.34288,0
2026-05-23 21:40:00+00:00,1.34288,1.34288,1.34288,1.34288,0
2026-05-23 21:41:00+00:00,1.34288,1.34288,1.34288,1.34288,0
2026-05-23 21:42:00+00:00,1.34288,1.34288,1.34288,1.34288,0
2026-05-23 21:43:00+00:00,1.34288,1.34288,1.34288,1.34288,0
2026-05-23 21:44:00+00:00,1.34288,1.34288,1.34288,1.34288,0
2026-05-23 21:45:00+00:00,1.34288,1.34288,1.34288,1.34288,0
2026-05-23 21:46:00+00:00,1.34288,1.34288,1.34288,1.34288,0
2026-05-23 21:47:00+00:00,1.34288,1.34288,1.34288,1.34288,0
2026-05-23 21:48:00+00:00,1.34288,1.34288,1.34288,1.34288,0
2026-05-23 21:49:00+00:00,1.34288,1.34288,1.34288,1.34288,0
2026-05-23 21:50:00+00:00,1.34288,1.34288,1.34288,1.34288,0
2026-05-23 21:51:00+00:00,1.34288,1.34288,1.34288,1.34288,0
2026-05-23 21:52:00+00:00,1.34288,1.34288,1.34288,1.34288,0
2026-05-23 21:53:00+00:00,1.34288,1.34288,1.34288,1.34288,0
2026-05-23 21:54:00+00:00,1.34288,1.34288,1.34288,1.34288,0
2026-05-23 21:55:00+00:00,1.34288,1.34288,1.34288,1.34288,0
2026-05-23 21:56:00+00:00,1.34288,1.34288,1.34288,1.34288,0
2026-05-23 21:57:00+00:00,1.34288,1.34288,1.34288,1.34288,0
2026-05-23 21:58:00+00:00,1.34288,1.34288,1.34288,1.34288,0
2026-05-23 21:59:00+00:00,1.34288,1.34288,1.34288,1.34288,0
2026-05-23 22:00:00+00:00,1.34288,1.34288,1.34288,1.34288,0
2026-05-23 22:01:00+00:00,1.34288,1.34288,1.34288,1.34288,0
2026-05-23 22:02:00+00:00,1.34288,1.34288,1.34288,1.34288,0
2026-05-23 22:03:00+00:00,1.34288,1.34288,1.34288,1.34288,0
2026-05-23 22:04:00+00:00,1.34288,1.34288,1.34288,1.34288,0
2026-05-23 22:05:00+00:00,1.34288,1.34288,1.34288,1.34288,0
2026-05-23 22:06:00+00:00,1.34288,1.34288,1.34288,1.34288,0
2026-05-23 22:07:00+00:00,1.34288,1.34288,1.34288,1.34288,0
2026-05-23 22:08:00+00:00,1.34288,1.34288,1.34288,1.34288,0
2026-05-23 22:09:00+00:00,1.34288,1.34288,1.34288,1.34288,0
2026-05-23 22:10:00+00:00,1.34288,1.34288,1.34288,1.34288,0
2026-05-23 22:11:00+00:00,1.34288,1.34288,1.34288,1.34288,0
2026-05-23 22:12:00+00:00,1.34288,1.34288,1.34288,1.34288,0
2026-05-23 22:13:00+00:00,1.34288,1.34288,1.34288,1.34288,0
2026-05-23 22:14:00+00:00,1.34288,1.34288,1.34288,1.34288,0
2026-05-23 22:15:00+00:00,1.34288,1.34288,1.34288,1.34288,0
2026-05-23 22:16:00+00:00,1.34288,1.34288,1.34288,1.34288,0
2026-05-23 22:17:00+00:00,1.34288,1.34288,1.34288,1.34288,0
2026-05-23 22:18:00+00:00,1.34288,1.34288,1.34288,1.34288,0
2026-05-23 22:19:00+00:00,1.34288,1.34288,1.34288,1.34288,0
2026-05-23 22:20:00+00:00,1.34288,1.34288,1.34288,1.34288,0
2026-05-23 22:21:00+00:00,1.34288,1.34288,1.34288,1.34288,0
2026-05-23 22:22:00+00:00,1.34288,1.34288,1.34288,1.34288,0
2026-05-23 22:23:00+00:00,1.34288,1.34288,1.34288,1.34288,0
2026-05-23 22:24:00+00:00,1.34288,1.34288,1.34288,1.34288,0
2026-05-23 22:25:00+00:00,1.34288,1.34288,1.34288,1.34288,0
2026-05-23 22:26:00+00:00,1.34288,1.34288,1.34288,1.34288,0
2026-05-23 22:27:00+00:00,1.34288,1.34288,1.34288,1.34288,0
2026-05-23 22:28:00+00:00,1.34288,1.34288,1.34288,1.34288,0
2026-05-23 22:29:00+00:00,1.34288,1.34288,1.34288,1.34288,0
2026-05-23 22:30:00+00:00,1.34288,1.34288,1.34288,1.34288,0
2026-05-23 22:31:00+00:00,1.34288,1.34288,1.34288,1.34288,0
2026-05-23 22:32:00+00:00,1.34288,1.34288,1.34288,1.34288,0
2026-05-23 22:33:00+00:00,1.34288,1.34288,1.34288,1.34288,0
2026-05-23 22:34:00+00:00,1.34288,1.34288,1.34288,1.34288,0
2026-05-23 22:35:00+00:00,1.34288,1.34288,1.34288,1.34288,0
2026-05-23 22:36:00+00:00,1.34288,1.34288,1.34288,1.34288,0
2026-05-23 22:37:00+00:00,1.34288,1.34288,1.34288,1.34288,0
2026-05-23 22:38:00+00:00,1.34288,1.34288,1.34288,1.34288,0
2026-05-23 22:39:00+00:00,1.34288,1.34288,1.34288,1.34288,0
2026-05-23 22:40:00+00:00,1.34288,1.34288,1.34288,1.34288,0
2026-05-23 22:41:00+00:00,1.34288,1.34288,1.34288,1.34288,0
2026-05-23 22:42:00+00:00,1.34288,1.34288,1.34288,1.34288,0
2026-05-23 22:43:00+00:00,1.34288,1.34288,1.34288,1.34288,0
2026-05-23 22:44:00+00:00,1.34288,1.34288,1.34288,1.34288,0
2026-05-23 22:45:00+00:00,1.34288,1.34288,1.34288,1.34288,0
2026-05-23 22:46:00+00:00,1.34288,1.34288,1.34288,1.34288,0
2026-05-23 22:47:00+00:00,1.34288,1.34288,1.34288,1.34288,0
2026-05-23 22:48:00+00:00,1.34288,1.34288,1.34288,1.34288,0
2026-05-23 22:49:00+00:00,1.34288,1.34288,1.34288,1.34288,0
2026-05-23 22:50:00+00:00,1.34288,1.34288,1.34288,1.34288,0
2026-05-23 22:51:00+00:00,1.34288,1.34288,1.34288,1.34288,0
2026-05-23 22:52:00+00:00,1.34288,1.34288,1.34288,1.34288,0
2026-05-23 22:53:00+00:00,1.34288,1.34288,1.34288,1.34288,0
2026-05-23 22:54:00+00:00,1.34288,1.34288,1.34288,1.34288,0
2026-05-23 22:55:00+00:00,1.34288,1.34288,1.34288,1.34288,0
2026-05-23 22:56:00+00:00,1.34288,1.34288,1.34288,1.34288,0
2026-05-23 22:57:00+00:00,1.34288,1.34288,1.34288,1.34288,0
2026-05-23 22:58:00+00:00,1.34288,1.34288,1.34288,1.34288,0
2026-05-23 22:59:00+00:00,1.34288,1.34288,1.34288,1.34288,0
2026-05-23 23:00:00+00:00,1.34288,1.34288,1.34288,1.34288,0
2026-05-23 23:01:00+00:00,1.34288,1.34288,1.34288,1.34288,0
2026-05-23 23:02:00+00:00,1.34288,1.34288,1.34288,1.34288,0
2026-05-23 23:03:00+00:00,1.34288,1.34288,1.34288,1.34288,0
2026-05-23 23:04:00+00:00,1.34288,1.34288,1.34288,1.34288,0
2026-05-23 23:05:00+00:00,1.34288,1.34288,1.34288,1.34288,0
2026-05-23 23:06:00+00:00,1.34288,1.34288,1.34288,1.34288,0
2026-05-23 23:07:00+00:00,1.34288,1.34288,1.34288,1.34288,0
2026-05-23 23:08:00+00:00,1.34288,1.34288,1.34288,1.34288,0
2026-05-23 23:09:00+00:00,1.34288,1.34288,1.34288,1.34288,0
2026-05-23 23:10:00+00:00,1.34288,1.34288,1.34288,1.34288,0
2026-05-23 23:11:00+00:00,1.34288,1.34288,1.34288,1.34288,0
2026-05-23 23:12:00+00:00,1.34288,1.34288,1.34288,1.34288,0
2026-05-23 23:13:00+00:00,1.34288,1.34288,1.34288,1.34288,0
2026-05-23 23:14:00+00:00,1.34288,1.34288,1.34288,1.34288,0
2026-05-23 23:15:00+00:00,1.34288,1.34288,1.34288,1.34288,0
2026-05-23 23:16:00+00:00,1.34288,1.34288,1.34288,1.34288,0
2026-05-23 23:17:00+00:00,1.34288,1.34288,1.34288,1.34288,0
2026-05-23 23:18:00+00:00,1.34288,1.34288,1.34288,1.34288,0
2026-05-23 23:19:00+00:00,1.34288,1.34288,1.34288,1.34288,0
2026-05-23 23:20:00+00:00,1.34288,1.34288,1.34288,1.34288,0
2026-05-23 23:21:00+00:00,1.34288,1.34288,1.34288,1.34288,0
2026-05-23 23:22:00+00:00,1.34288,1.34288,1.34288,1.34288,0
2026-05-23 23:23:00+00:00,1.34288,1.34288,1.34288,1.34288,0
2026-05-23 23:24:00+00:00,1.34288,1.34288,1.34288,1.34288,0
2026-05-23 23:25:00+00:00,1.34288,1.34288,1.34288,1.34288,0
2026-05-23 23:26:00+00:00,1.34288,1.34288,1.34288,1.34288,0
2026-05-23 23:27:00+00:00,1.34288,1.34288,1.34288,1.34288,0
2026-05-23 23:28:00+00:00,1.34288,1.34288,1.34288,1.34288,0
2026-05-23 23:29:00+00:00,1.34288,1.34288,1.34288,1.34288,0
2026-05-23 23:30:00+00:00,1.34288,1.34288,1.34288,1.34288,0
2026-05-23 23:31:00+00:00,1.34288,1.34288,1.34288,1.34288,0
2026-05-23 23:32:00+00:00,1.34288,1.34288,1.34288,1.34288,0
2026-05-23 23:33:00+00:00,1.34288,1.34288,1.34288,1.34288,0
2026-05-23 23:34:00+00:00,1.34288,1.34288,1.34288,1.34288,0
2026-05-23 23:35:00+00:00,1.34288,1.34288,1.34288,1.34288,0
2026-05-23 23:36:00+00:00,1.34288,1.34288,1.34288,1.34288,0
2026-05-23 23:37:00+00:00,1.34288,1.34288,1.34288,1.34288,0
2026-05-23 23:38:00+00:00,1.34288,1.34288,1.34288,1.34288,0
2026-05-23 23:39:00+00:00,1.34288,1.34288,1.34288,1.34288,0
2026-05-23 23:40:00+00:00,1.34288,1.34288,1.34288,1.34288,0
2026-05-23 23:41:00+00:00,1.34288,1.34288,1.34288,1.34288,0
2026-05-23 23:42:00+00:00,1.34288,1.34288,1.34288,1.34288,0
2026-05-23 23:43:00+00:00,1.34288,1.34288,1.34288,1.34288,0
2026-05-23 23:44:00+00:00,1.34288,1.34288,1.34288,1.34288,0
2026-05-23 23:45:00+00:00,1.34288,1.34288,1.34288,1.34288,0
2026-05-23 23:46:00+00:00,1.34288,1.34288,1.34288,1.34288,0
2026-05-23 23:47:00+00:00,1.34288,1.34288,1.34288,1.34288,0
2026-05-23 23:48:00+00:00,1.34288,1.34288,1.34288,1.34288,0
2026-05-23 23:49:00+00:00,1.34288,1.34288,1.34288,1.34288,0
2026-05-23 23:50:00+00:00,1.34288,1.34288,1.34288,1.34288,0
2026-05-23 23:51:00+00:00,1.34288,1.34288,1.34288,1.34288,0
2026-05-23 23:52:00+00:00,1.34288,1.34288,1.34288,1.34288,0
2026-05-23 23:53:00+00:00,1.34288,1.34288,1.34288,1.34288,0
2026-05-23 23:54:00+00:00,1.34288,1.34288,1.34288,1.34288,0
2026-05-23 23:55:00+00:00,1.34288,1.34288,1.34288,1.34288,0
2026-05-23 23:56:00+00:00,1.34288,1.34288,1.34288,1.34288,0
2026-05-23 23:57:00+00:00,1.34288,1.34288,1.34288,1.34288,0
2026-05-23 23:58:00+00:00,1.34288,1.34288,1.34288,1.34288,0
2026-05-23 23:59:00+00:00,1.34288,1.34288,1.34288,1.34288,0
2026-05-24 00:00:00+00:00,1.34288,1.34288,1.34288,1.34288,0
2026-05-24 00:01:00+00:00,1.34288,1.34288,1.34288,1.34288,0
2026-05-24 00:02:00+00:00,1.34288,1.34288,1.34288,1.34288,0
2026-05-24 00:03:00+00:00,1.34288,1.34288,1.34288,1.34288,0
2026-05-24 00:04:00+00:00,1.34288,1.34288,1.34288,1.34288,0
2026-05-24 00:05:00+00:00,1.34288,1.34288,1.34288,1.34288,0
2026-05-24 00:06:00+00:00,1.34288,1.34288,1.34288,1.34288,0
2026-05-24 00:07:00+00:00,1.34288,1.34288,1.34288,1.34288,0
2026-05-24 00:08:00+00:00,1.34288,1.34288,1.34288,1.34288,0
2026-05-24 00:09:00+00:00,1.34288,1.34288,1.34288,1.34288,0
2026-05-24 00:10:00+00:00,1.34288,1.34288,1.34288,1.34288,0
2026-05-24 00:11:00+00:00,1.34288,1.34288,1.34288,1.34288,0
2026-05-24 00:12:00+00:00,1.34288,1.34288,1.34288,1.34288,0
2026-05-24 00:13:00+00:00,1.34288,1.34288,1.34288,1.34288,0
2026-05-24 00:14:00+00:00,1.34288,1.34288,1.34288,1.34288,0
2026-05-24 00:15:00+00:00,1.34288,1.34288,1.34288,1.34288,0
2026-05-24 00:16:00+00:00,1.34288,1.34288,1.34288,1.34288,0
2026-05-24 00:17:00+00:00,1.34288,1.34288,1.34288,1.34288,0
2026-05-24 00:18:00+00:00,1.34288,1.34288,1.34288,1.34288,0
2026-05-24 00:19:00+00:00,1.34288,1.34288,1.34288,1.34288,0
2026-05-24 00:20:00+00:00,1.34288,1.34288,1.34288,1.34288,0
2026-05-24 00:21:00+00:00,1.34288,1.34288,1.34288,1.34288,0
2026-05-24 00:22:00+00:00,1.34288,1.34288,1.34288,1.34288,0
2026-05-24 00:23:00+00:00,1.34288,1.34288,1.34288,1.34288,0
2026-05-24 00:24:00+00:00,1.34288,1.34288,1.34288,1.34288,0
2026-05-24 00:25:00+00:00,1.34288,1.34288,1.34288,1.34288,0
2026-05-24 00:26:00+00:00,1.34288,1.34288,1.34288,1.34288,0
2026-05-24 00:27:00+00:00,1.34288,1.34288,1.34288,1.34288,0
2026-05-24 00:28:00+00:00,1.34288,1.34288,1.34288,1.34288,0
2026-05-24 00:29:00+00:00,1.34288,1.34288,1.34288,1.34288,0
2026-05-24 00:30:00+00:00,1.34288,1.34288,1.34288,1.34288,0
2026-05-24 00:31:00+00:00,1.34288,1.34288,1.34288,1.34288,0
2026-05-24 00:32:00+00:00,1.34288,1.34288,1.34288,1.34288,0
2026-05-24 00:33:00+00:00,1.34288,1.34288,1.34288,1.34288,0
2026-05-24 00:34:00+00:00,1.34288,1.34288,1.34288,1.34288,0
2026-05-24 00:35:00+00:00,1.34288,1.34288,1.34288,1.34288,0
2026-05-24 00:36:00+00:00,1.34288,1.34288,1.34288,1.34288,0
2026-05-24 00:37:00+00:00,1.34288,1.34288,1.34288,1.34288,0
2026-05-24 00:38:00+00:00,1.34288,1.34288,1.34288,1.34288,0
2026-05-24 00:39:00+00:00,1.34288,1.34288,1.34288,1.34288,0
2026-05-24 00:40:00+00:00,1.34288,1.34288,1.34288,1.34288,0
2026-05-24 00:41:00+00:00,1.34288,1.34288,1.34288,1.34288,0
2026-05-24 00:42:00+00:00,1.34288,1.34288,1.34288,1.34288,0
2026-05-24 00:43:00+00:00,1.34288,1.34288,1.34288,1.34288,0
2026-05-24 00:44:00+00:00,1.34288,1.34288,1.34288,1.34288,0
2026-05-24 00:45:00+00:00,1.34288,1.34288,1.34288,1.34288,0
2026-05-24 00:46:00+00:00,1.34288,1.34288,1.34288,1.34288,0
2026-05-24 00:47:00+00:00,1.34288,1.34288,1.34288,1.34288,0
2026-05-24 00:48:00+00:00,1.34288,1.34288,1.34288,1.34288,0
2026-05-24 00:49:00+00:00,1.34288,1.34288,1.34288,1.34288,0
2026-05-24 00:50:00+00:00,1.34288,1.34288,1.34288,1.34288,0
2026-05-24 00:51:00+00:00,1.34288,1.34288,1.34288,1.34288,0
2026-05-24 00:52:00+00:00,1.34288,1.34288,1.34288,1.34288,0
2026-05-24 00:53:00+00:00,1.34288,1.34288,1.34288,1.34288,0
2026-05-24 00:54:00+00:00,1.34288,1.34288,1.34288,1.34288,0
2026-05-24 00:55:00+00:00,1.34288,1.34288,1.34288,1.34288,0
2026-05-24 00:56:00+00:00,1.34288,1.34288,1.34288,1.34288,0
2026-05-24 00:57:00+00:00,1.34288,1.34288,1.34288,1.34288,0
2026-05-24 00:58:00+00:00,1.34288,1.34288,1.34288,1.34288,0
2026-05-24 00:59:00+00:00,1.34288,1.34288,1.34288,1.34288,0
2026-05-24 01:00:00+00:00,1.34288,1.34288,1.34288,1.34288,0
2026-05-24 01:01:00+00:00,1.34288,1.34288,1.34288,1.34288,0
2026-05-24 01:02:00+00:00,1.34288,1.34288,1.34288,1.34288,0
2026-05-24 01:03:00+00:00,1.34288,1.34288,1.34288,1.34288,0
2026-05-24 01:04:00+00:00,1.34288,1.34288,1.34288,1.34288,0
2026-05-24 01:05:00+00:00,1.34288,1.34288,1.34288,1.34288,0
2026-05-24 01:06:00+00:00,1.34288,1.34288,1.34288,1.34288,0
2026-05-24 01:07:00+00:00,1.34288,1.34288,1.34288,1.34288,0
2026-05-24 01:08:00+00:00,1.34288,1.34288,1.34288,1.34288,0
2026-05-24 01:09:00+00:00,1.34288,1.34288,1.34288,1.34288,0
2026-05-24 01:10:00+00:00,1.34288,1.34288,1.34288,1.34288,0
2026-05-24 01:11:00+00:00,1.34288,1.34288,1.34288,1.34288,0
2026-05-24 01:12:00+00:00,1.34288,1.34288,1.34288,1.34288,0
2026-05-24 01:13:00+00:00,1.34288,1.34288,1.34288,1.34288,0
2026-05-24 01:14:00+00:00,1.34288,1.34288,1.34288,1.34288,0
2026-05-24 01:15:00+00:00,1.34288,1.34288,1.34288,1.34288,0
2026-05-24 01:16:00+00:00,1.34288,1.34288,1.34288,1.34288,0
2026-05-24 01:17:00+00:00,1.34288,1.34288,1.34288,1.34288,0
2026-05-24 01:18:00+00:00,1.34288,1.34288,1.34288,1.34288,0
2026-05-24 01:19:00+00:00,1.34288,1.34288,1.34288,1.34288,0
2026-05-24 01:20:00+00:00,1.34288,1.34288,1.34288,1.34288,0
2026-05-24 01:21:00+00:00,1.34288,1.34288,1.34288,1.34288,0
2026-05-24 01:22:00+00:00,1.34288,1.34288,1.34288,1.34288,0
2026-05-24 01:23:00+00:00,1.34288,1.34288,1.34288,1.34288,0
2026-05-24 01:24:00+00:00,1.34288,1.34288,1.34288,1.34288,0
2026-05-24 01:25:00+00:00,1.34288,1.34288,1.34288,1.34288,0
2026-05-24 01:26:00+00:00,1.34288,1.34288,1.34288,1.34288,0
2026-05-24 01:27:00+00:00,1.34288,1.34288,1.34288,1.34288,0
2026-05-24 01:28:00+00:00,1.34288,1.34288,1.34288,1.34288,0
2026-05-24 01:29:00+00:00,1.34288,1.34288,1.34288,1.34288,0
2026-05-24 01:30:00+00:00,1.34288,1.34288,1.34288,1.34288,0
2026-05-24 01:31:00+00:00,1.34288,1.34288,1.34288,1.34288,0
2026-05-24 01:32:00+00:00,1.34288,1.34288,1.34288,1.34288,0
2026-05-24 01:33:00+00:00,1.34288,1.34288,1.34288,1.34288,0
2026-05-24 01:34:00+00:00,1.34288,1.34288,1.34288,1.34288,0
2026-05-24 01:35:00+00:00,1.34288,1.34288,1.34288,1.34288,0
2026-05-24 01:36:00+00:00,1.34288,1.34288,1.34288,1.34288,0
2026-05-24 01:37:00+00:00,1.34288,1.34288,1.34288,1.34288,0
2026-05-24 01:38:00+00:00,1.34288,1.34288,1.34288,1.34288,0
2026-05-24 01:39:00+00:00,1.34288,1.34288,1.34288,1.34288,0
2026-05-24 01:40:00+00:00,1.34288,1.34288,1.34288,1.34288,0
2026-05-24 01:41:00+00:00,1.34288,1.34288,1.34288,1.34288,0
2026-05-24 01:42:00+00:00,1.34288,1.34288,1.34288,1.34288,0
2026-05-24 01:43:00+00:00,1.34288,1.34288,1.34288,1.34288,0
2026-05-24 01:44:00+00:00,1.34288,1.34288,1.34288,1.34288,0
2026-05-24 01:45:00+00:00,1.34288,1.34288,1.34288,1.34288,0
2026-05-24 01:46:00+00:00,1.34288,1.34288,1.34288,1.34288,0
2026-05-24 01:47:00+00:00,1.34288,1.34288,1.34288,1.34288,0
2026-05-24 01:48:00+00:00,1.34288,1.34288,1.34288,1.34288,0
2026-05-24 01:49:00+00:00,1.34288,1.34288,1.34288,1.34288,0
2026-05-24 01:50:00+00:00,1.34288,1.34288,1.34288,1.34288,0
2026-05-24 01:51:00+00:00,1.34288,1.34288,1.34288,1.34288,0
2026-05-24 01:52:00+00:00,1.34288,1.34288,1.34288,1.34288,0
2026-05-24 01:53:00+00:00,1.34288,1.34288,1.34288,1.34288,0
2026-05-24 01:54:00+00:00,1.34288,1.34288,1.34288,1.34288,0
2026-05-24 01:55:00+00:00,1.34288,1.34288,1.34288,1.34288,0
2026-05-24 01:56:00+00:00,1.34288,1.34288,1.34288,1.34288,0
2026-05-24 01:57:00+00:00,1.34288,1.34288,1.34288,1.34288,0
2026-05-24 01:58:00+00:00,1.34288,1.34288,1.34288,1.34288,0
2026-05-24 01:59:00+00:00,1.34288,1.34288,1.34288,1.34288,0
2026-05-24 02:00:00+00:00,1.34288,1.34288,1.34288,1.34288,0
2026-05-24 02:01:00+00:00,1.34288,1.34288,1.34288,1.34288,0
2026-05-24 02:02:00+00:00,1.34288,1.34288,1.34288,1.34288,0
2026-05-24 02:03:00+00:00,1.34288,1.34288,1.34288,1.34288,0
2026-05-24 02:04:00+00:00,1.34288,1.34288,1.34288,1.34288,0
2026-05-24 02:05:00+00:00,1.34288,1.34288,1.34288,1.34288,0
2026-05-24 02:06:00+00:00,1.34288,1.34288,1.34288,1.34288,0
2026-05-24 02:07:00+00:00,1.34288,1.34288,1.34288,1.34288,0
2026-05-24 02:08:00+00:00,1.34288,1.34288,1.34288,1.34288,0
2026-05-24 02:09:00+00:00,1.34288,1.34288,1.34288,1.34288,0
2026-05-24 02:10:00+00:00,1.34288,1.34288,1.34288,1.34288,0
2026-05-24 02:11:00+00:00,1.34288,1.34288,1.34288,1.34288,0
2026-05-24 02:12:00+00:00,1.34288,1.34288,1.34288,1.34288,0
2026-05-24 02:13:00+00:00,1.34288,1.34288,1.34288,1.34288,0
2026-05-24 02:14:00+00:00,1.34288,1.34288,1.34288,1.34288,0
2026-05-24 02:15:00+00:00,1.34288,1.34288,1.34288,1.34288,0
2026-05-24 02:16:00+00:00,1.34288,1.34288,1.34288,1.34288,0
2026-05-24 02:17:00+00:00,1.34288,1.34288,1.34288,1.34288,0
2026-05-24 02:18:00+00:00,1.34288,1.34288,1.34288,1.34288,0
2026-05-24 02:19:00+00:00,1.34288,1.34288,1.34288,1.34288,0
2026-05-24 02:20:00+00:00,1.34288,1.34288,1.34288,1.34288,0
2026-05-24 02:21:00+00:00,1.34288,1.34288,1.34288,1.34288,0
2026-05-24 02:22:00+00:00,1.34288,1.34288,1.34288,1.34288,0
2026-05-24 02:23:00+00:00,1.34288,1.34288,1.34288,1.34288,0
2026-05-24 02:24:00+00:00,1.34288,1.34288,1.34288,1.34288,0
2026-05-24 02:25:00+00:00,1.34288,1.34288,1.34288,1.34288,0
2026-05-24 02:26:00+00:00,1.34288,1.34288,1.34288,1.34288,0
2026-05-24 02:27:00+00:00,1.34288,1.34288,1.34288,1.34288,0
2026-05-24 02:28:00+00:00,1.34288,1.34288,1.34288,1.34288,0
2026-05-24 02:29:00+00:00,1.34288,1.34288,1.34288,1.34288,0
2026-05-24 02:30:00+00:00,1.34288,1.34288,1.34288,1.34288,0
2026-05-24 02:31:00+00:00,1.34288,1.34288,1.34288,1.34288,0
2026-05-24 02:32:00+00:00,1.34288,1.34288,1.34288,1.34288,0
2026-05-24 02:33:00+00:00,1.34288,1.34288,1.34288,1.34288,0
2026-05-24 02:34:00+00:00,1.34288,1.34288,1.34288,1.34288,0
2026-05-24 02:35:00+00:00,1.34288,1.34288,1.34288,1.34288,0
2026-05-24 02:36:00+00:00,1.34288,1.34288,1.34288,1.34288,0
2026-05-24 02:37:00+00:00,1.34288,1.34288,1.34288,1.34288,0
2026-05-24 02:38:00+00:00,1.34288,1.34288,1.34288,1.34288,0
2026-05-24 02:39:00+00:00,1.34288,1.34288,1.34288,1.34288,0
2026-05-24 02:40:00+00:00,1.34288,1.34288,1.34288,1.34288,0
2026-05-24 02:41:00+00:00,1.34288,1.34288,1.34288,1.34288,0
2026-05-24 02:42:00+00:00,1.34288,1.34288,1.34288,1.34288,0
2026-05-24 02:43:00+00:00,1.34288,1.34288,1.34288,1.34288,0
2026-05-24 02:44:00+00:00,1.34288,1.34288,1.34288,1.34288,0
2026-05-24 02:45:00+00:00,1.34288,1.34288,1.34288,1.34288,0
2026-05-24 02:46:00+00:00,1.34288,1.34288,1.34288,1.34288,0
2026-05-24 02:47:00+00:00,1.34288,1.34288,1.34288,1.34288,0
2026-05-24 02:48:00+00:00,1.34288,1.34288,1.34288,1.34288,0
2026-05-24 02:49:00+00:00,1.34288,1.34288,1.34288,1.34288,0
2026-05-24 02:50:00+00:00,1.34288,1.34288,1.34288,1.34288,0
2026-05-24 02:51:00+00:00,1.34288,1.34288,1.34288,1.34288,0
2026-05-24 02:52:00+00:00,1.34288,1.34288,1.34288,1.34288,0
2026-05-24 02:53:00+00:00,1.34288,1.34288,1.34288,1.34288,0
2026-05-24 02:54:00+00:00,1.34288,1.34288,1.34288,1.34288,0
2026-05-24 02:55:00+00:00,1.34288,1.34288,1.34288,1.34288,0
2026-05-24 02:56:00+00:00,1.34288,1.34288,1.34288,1.34288,0
2026-05-24 02:57:00+00:00,1.34288,1.34288,1.34288,1.34288,0
2026-05-24 02:58:00+00:00,1.34288,1.34288,1.34288,1.34288,0
2026-05-24 02:59:00+00:00,1.34288,1.34288,1.34288,1.34288,0
2026-05-24 03:00:00+00:00,1.34288,1.34288,1.34288,1.34288,0
2026-05-24 03:01:00+00:00,1.34288,1.34288,1.34288,1.34288,0
2026-05-24 03:02:00+00:00,1.34288,1.34288,1.34288,1.34288,0
2026-05-24 03:03:00+00:00,1.34288,1.34288,1.34288,1.34288,0
2026-05-24 03:04:00+00:00,1.34288,1.34288,1.34288,1.34288,0
2026-05-24 03:05:00+00:00,1.34288,1.34288,1.34288,1.34288,0
2026-05-24 03:06:00+00:00,1.34288,1.34288,1.34288,1.34288,0
2026-05-24 03:07:00+00:00,1.34288,1.34288,1.34288,1.34288,0
2026-05-24 03:08:00+00:00,1.34288,1.34288,1.34288,1.34288,0
2026-05-24 03:09:00+00:00,1.34288,1.34288,1.34288,1.34288,0
2026-05-24 03:10:00+00:00,1.34288,1.34288,1.34288,1.34288,0
2026-05-24 03:11:00+00:00,1.34288,1.34288,1.34288,1.34288,0
2026-05-24 03:12:00+00:00,1.34288,1.34288,1.34288,1.34288,0
2026-05-24 03:13:00+00:00,1.34288,1.34288,1.34288,1.34288,0
2026-05-24 03:14:00+00:00,1.34288,1.34288,1.34288,1.34288,0
2026-05-24 03:15:00+00:00,1.34288,1.34288,1.34288,1.34288,0
2026-05-24 03:16:00+00:00,1.34288,1.34288,1.34288,1.34288,0
2026-05-24 03:17:00+00:00,1.34288,1.34288,1.34288,1.34288,0
2026-05-24 03:18:00+00:00,1.34288,1.34288,1.34288,1.34288,0
2026-05-24 03:19:00+00:00,1.34288,1.34288,1.34288,1.34288,0
2026-05-24 03:20:00+00:00,1.34288,1.34288,1.34288,1.34288,0
2026-05-24 03:21:00+00:00,1.34288,1.34288,1.34288,1.34288,0
2026-05-24 03:22:00+00:00,1.34288,1.34288,1.34288,1.34288,0
2026-05-24 03:23:00+00:00,1.34288,1.34288,1.34288,1.34288,0
2026-05-24 03:24:00+00:00,1.34288,1.34288,1.34288,1.34288,0
2026-05-24 03:25:00+00:00,1.34288,1.34288,1.34288,1.34288,0
2026-05-24 03:26:00+00:00,1.34288,1.34288,1.34288,1.34288,0
2026-05-24 03:27:00+00:00,1.34288,1.34288,1.34288,1.34288,0
2026-05-24 03:28:00+00:00,1.34288,1.34288,1.34288,1.34288,0
2026-05-24 03:29:00+00:00,1.34288,1.34288,1.34288,1.34288,0
2026-05-24 03:30:00+00:00,1.34288,1.34288,1.34288,1.34288,0
2026-05-24 03:31:00+00:00,1.34288,1.34288,1.34288,1.34288,0
2026-05-24 03:32:00+00:00,1.34288,1.34288,1.34288,1.34288,0
2026-05-24 03:33:00+00:00,1.34288,1.34288,1.34288,1.34288,0
2026-05-24 03:34:00+00:00,1.34288,1.34288,1.34288,1.34288,0
2026-05-24 03:35:00+00:00,1.34288,1.34288,1.34288,1.34288,0
2026-05-24 03:36:00+00:00,1.34288,1.34288,1.34288,1.34288,0
2026-05-24 03:37:00+00:00,1.34288,1.34288,1.34288,1.34288,0
2026-05-24 03:38:00+00:00,1.34288,1.34288,1.34288,1.34288,0
2026-05-24 03:39:00+00:00,1.34288,1.34288,1.34288,1.34288,0
2026-05-24 03:40:00+00:00,1.34288,1.34288,1.34288,1.34288,0
2026-05-24 03:41:00+00:00,1.34288,1.34288,1.34288,1.34288,0
2026-05-24 03:42:00+00:00,1.34288,1.34288,1.34288,1.34288,0
2026-05-24 03:43:00+00:00,1.34288,1.34288,1.34288,1.34288,0
2026-05-24 03:44:00+00:00,1.34288,1.34288,1.34288,1.34288,0
2026-05-24 03:45:00+00:00,1.34288,1.34288,1.34288,1.34288,0
2026-05-24 03:46:00+00:00,1.34288,1.34288,1.34288,1.34288,0
2026-05-24 03:47:00+00:00,1.34288,1.34288,1.34288,1.34288,0
2026-05-24 03:48:00+00:00,1.34288,1.34288,1.34288,1.34288,0
2026-05-24 03:49:00+00:00,1.34288,1.34288,1.34288,1.34288,0
2026-05-24 03:50:00+00:00,1.34288,1.34288,1.34288,1.34288,0
2026-05-24 03:51:00+00:00,1.34288,1.34288,1.34288,1.34288,0
2026-05-24 03:52:00+00:00,1.34288,1.34288,1.34288,1.34288,0
2026-05-24 03:53:00+00:00,1.34288,1.34288,1.34288,1.34288,0
2026-05-24 03:54:00+00:00,1.34288,1.34288,1.34288,1.34288,0
2026-05-24 03:55:00+00:00,1.34288,1.34288,1.34288,1.34288,0
2026-05-24 03:56:00+00:00,1.34288,1.34288,1.34288,1.34288,0
2026-05-24 03:57:00+00:00,1.34288,1.34288,1.34288,1.34288,0
2026-05-24 03:58:00+00:00,1.34288,1.34288,1.34288,1.34288,0
2026-05-24 03:59:00+00:00,1.34288,1.34288,1.34288,1.34288,0
2026-05-24 04:00:00+00:00,1.34288,1.34288,1.34288,1.34288,0
2026-05-24 04:01:00+00:00,1.34288,1.34288,1.34288,1.34288,0
2026-05-24 04:02:00+00:00,1.34288,1.34288,1.34288,1.34288,0
2026-05-24 04:03:00+00:00,1.34288,1.34288,1.34288,1.34288,0
2026-05-24 04:04:00+00:00,1.34288,1.34288,1.34288,1.34288,0
2026-05-24 04:05:00+00:00,1.34288,1.34288,1.34288,1.34288,0
2026-05-24 04:06:00+00:00,1.34288,1.34288,1.34288,1.34288,0
2026-05-24 04:07:00+00:00,1.34288,1.34288,1.34288,1.34288,0
2026-05-24 04:08:00+00:00,1.34288,1.34288,1.34288,1.34288,0
2026-05-24 04:09:00+00:00,1.34288,1.34288,1.34288,1.34288,0
2026-05-24 04:10:00+00:00,1.34288,1.34288,1.34288,1.34288,0
2026-05-24 04:11:00+00:00,1.34288,1.34288,1.34288,1.34288,0
2026-05-24 04:12:00+00:00,1.34288,1.34288,1.34288,1.34288,0
2026-05-24 04:13:00+00:00,1.34288,1.34288,1.34288,1.34288,0
2026-05-24 04:14:00+00:00,1.34288,1.34288,1.34288,1.34288,0
2026-05-24 04:15:00+00:00,1.34288,1.34288,1.34288,1.34288,0
2026-05-24 04:16:00+00:00,1.34288,1.34288,1.34288,1.34288,0
2026-05-24 04:17:00+00:00,1.34288,1.34288,1.34288,1.34288,0
2026-05-24 04:18:00+00:00,1.34288,1.34288,1.34288,1.34288,0
2026-05-24 04:19:00+00:00,1.34288,1.34288,1.34288,1.34288,0
2026-05-24 04:20:00+00:00,1.34288,1.34288,1.34288,1.34288,0
2026-05-24 04:21:00+00:00,1.34288,1.34288,1.34288,1.34288,0
2026-05-24 04:22:00+00:00,1.34288,1.34288,1.34288,1.34288,0
2026-05-24 04:23:00+00:00,1.34288,1.34288,1.34288,1.34288,0
2026-05-24 04:24:00+00:00,1.34288,1.34288,1.34288,1.34288,0
2026-05-24 04:25:00+00:00,1.34288,1.34288,1.34288,1.34288,0
2026-05-24 04:26:00+00:00,1.34288,1.34288,1.34288,1.34288,0
2026-05-24 04:27:00+00:00,1.34288,1.34288,1.34288,1.34288,0
2026-05-24 04:28:00+00:00,1.34288,1.34288,1.34288,1.34288,0
2026-05-24 04:29:00+00:00,1.34288,1.34288,1.34288,1.34288,0
2026-05-24 04:30:00+00:00,1.34288,1.34288,1.34288,1.34288,0
2026-05-24 04:31:00+00:00,1.34288,1.34288,1.34288,1.34288,0
2026-05-24 04:32:00+00:00,1.34288,1.34288,1.34288,1.34288,0
2026-05-24 04:33:00+00:00,1.34288,1.34288,1.34288,1.34288,0
2026-05-24 04:34:00+00:00,1.34288,1.34288,1.34288,1.34288,0
2026-05-24 04:35:00+00:00,1.34288,1.34288,1.34288,1.34288,0
2026-05-24 04:36:00+00:00,1.34288,1.34288,1.34288,1.34288,0
2026-05-24 04:37:00+00:00,1.34288,1.34288,1.34288,1.34288,0
2026-05-24 04:38:00+00:00,1.34288,1.34288,1.34288,1.34288,0
2026-05-24 04:39:00+00:00,1.34288,1.34288,1.34288,1.34288,0
2026-05-24 04:40:00+00:00,1.34288,1.34288,1.34288,1.34288,0
2026-05-24 04:41:00+00:00,1.34288,1.34288,1.34288,1.34288,0
2026-05-24 04:42:00+00:00,1.34288,1.34288,1.34288,1.34288,0
2026-05-24 04:43:00+00:00,1.34288,1.34288,1.34288,1.34288,0
2026-05-24 04:44:00+00:00,1.34288,1.34288,1.34288,1.34288,0
2026-05-24 04:45:00+00:00,1.34288,1.34288,1.34288,1.34288,0
2026-05-24 04:46:00+00:00,1.34288,1.34288,1.34288,1.34288,0
2026-05-24 04:47:00+00:00,1.34288,1.34288,1.34288,1.34288,0
2026-05-24 04:48:00+00:00,1.34288,1.34288,1.34288,1.34288,0
2026-05-24 04:49:00+00:00,1.34288,1.34288,1.34288,1.34288,0
2026-05-24 04:50:00+00:00,1.34288,1.34288,1.34288,1.34288,0
2026-05-24 04:51:00+00:00,1.34288,1.34288,1.34288,1.34288,0
2026-05-24 04:52:00+00:00,1.34288,1.34288,1.34288,1.34288,0
2026-05-24 04:53:00+00:00,1.34288,1.34288,1.34288,1.34288,0
2026-05-24 04:54:00+00:00,1.34288,1.34288,1.34288,1.34288,0
2026-05-24 04:55:00+00:00,1.34288,1.34288,1.34288,1.34288,0
2026-05-24 04:56:00+00:00,1.34288,1.34288,1.34288,1.34288,0
2026-05-24 04:57:00+00:00,1.34288,1.34288,1.34288,1.34288,0
2026-05-24 04:58:00+00:00,1.34288,1.34288,1.34288,1.34288,0
2026-05-24 04:59:00+00:00,1.34288,1.34288,1.34288,1.34288,0
2026-05-24 05:00:00+00:00,1.34288,1.34288,1.34288,1.34288,0
2026-05-24 05:01:00+00:00,1.34288,1.34288,1.34288,1.34288,0
2026-05-24 05:02:00+00:00,1.34288,1.34288,1.34288,1.34288,0
2026-05-24 05:03:00+00:00,1.34288,1.34288,1.34288,1.34288,0
2026-05-24 05:04:00+00:00,1.34288,1.34288,1.34288,1.34288,0
2026-05-24 05:05:00+00:00,1.34288,1.34288,1.34288,1.34288,0
2026-05-24 05:06:00+00:00,1.34288,1.34288,1.34288,1.34288,0
2026-05-24 05:07:00+00:00,1.34288,1.34288,1.34288,1.34288,0
2026-05-24 05:08:00+00:00,1.34288,1.34288,1.34288,1.34288,0
2026-05-24 05:09:00+00:00,1.34288,1.34288,1.34288,1.34288,0
2026-05-24 05:10:00+00:00,1.34288,1.34288,1.34288,1.34288,0
2026-05-24 05:11:00+00:00,1.34288,1.34288,1.34288,1.34288,0
2026-05-24 05:12:00+00:00,1.34288,1.34288,1.34288,1.34288,0
2026-05-24 05:13:00+00:00,1.34288,1.34288,1.34288,1.34288,0
2026-05-24 05:14:00+00:00,1.34288,1.34288,1.34288,1.34288,0
2026-05-24 05:15:00+00:00,1.34288,1.34288,1.34288,1.34288,0
2026-05-24 05:16:00+00:00,1.34288,1.34288,1.34288,1.34288,0
2026-05-24 05:17:00+00:00,1.34288,1.34288,1.34288,1.34288,0
2026-05-24 05:18:00+00:00,1.34288,1.34288,1.34288,1.34288,0
2026-05-24 05:19:00+00:00,1.34288,1.34288,1.34288,1.34288,0
2026-05-24 05:20:00+00:00,1.34288,1.34288,1.34288,1.34288,0
2026-05-24 05:21:00+00:00,1.34288,1.34288,1.34288,1.34288,0
2026-05-24 05:22:00+00:00,1.34288,1.34288,1.34288,1.34288,0
2026-05-24 05:23:00+00:00,1.34288,1.34288,1.34288,1.34288,0
2026-05-24 05:24:00+00:00,1.34288,1.34288,1.34288,1.34288,0
2026-05-24 05:25:00+00:00,1.34288,1.34288,1.34288,1.34288,0
2026-05-24 05:26:00+00:00,1.34288,1.34288,1.34288,1.34288,0
2026-05-24 05:27:00+00:00,1.34288,1.34288,1.34288,1.34288,0
2026-05-24 05:28:00+00:00,1.34288,1.34288,1.34288,1.34288,0
2026-05-24 05:29:00+00:00,1.34288,1.34288,1.34288,1.34288,0
2026-05-24 05:30:00+00:00,1.34288,1.34288,1.34288,1.34288,0
2026-05-24 05:31:00+00:00,1.34288,1.34288,1.34288,1.34288,0
2026-05-24 05:32:00+00:00,1.34288,1.34288,1.34288,1.34288,0
2026-05-24 05:33:00+00:00,1.34288,1.34288,1.34288,1.34288,0
2026-05-24 05:34:00+00:00,1.34288,1.34288,1.34288,1.34288,0
2026-05-24 05:35:00+00:00,1.34288,1.34288,1.34288,1.34288,0
2026-05-24 05:36:00+00:00,1.34288,1.34288,1.34288,1.34288,0
2026-05-24 05:37:00+00:00,1.34288,1.34288,1.34288,1.34288,0
2026-05-24 05:38:00+00:00,1.34288,1.34288,1.34288,1.34288,0
2026-05-24 05:39:00+00:00,1.34288,1.34288,1.34288,1.34288,0
2026-05-24 05:40:00+00:00,1.34288,1.34288,1.34288,1.34288,0
2026-05-24 05:41:00+00:00,1.34288,1.34288,1.34288,1.34288,0
2026-05-24 05:42:00+00:00,1.34288,1.34288,1.34288,1.34288,0
2026-05-24 05:43:00+00:00,1.34288,1.34288,1.34288,1.34288,0
2026-05-24 05:44:00+00:00,1.34288,1.34288,1.34288,1.34288,0
2026-05-24 05:45:00+00:00,1.34288,1.34288,1.34288,1.34288,0
2026-05-24 05:46:00+00:00,1.34288,1.34288,1.34288,1.34288,0
2026-05-24 05:47:00+00:00,1.34288,1.34288,1.34288,1.34288,0
2026-05-24 05:48:00+00:00,1.34288,1.34288,1.34288,1.34288,0
2026-05-24 05:49:00+00:00,1.34288,1.34288,1.34288,1.34288,0
2026-05-24 05:50:00+00:00,1.34288,1.34288,1.34288,1.34288,0
2026-05-24 05:51:00+00:00,1.34288,1.34288,1.34288,1.34288,0
2026-05-24 05:52:00+00:00,1.34288,1.34288,1.34288,1.34288,0
2026-05-24 05:53:00+00:00,1.34288,1.34288,1.34288,1.34288,0
2026-05-24 05:54:00+00:00,1.34288,1.34288,1.34288,1.34288,0
2026-05-24 05:55:00+00:00,1.34288,1.34288,1.34288,1.34288,0
2026-05-24 05:56:00+00:00,1.34288,1.34288,1.34288,1.34288,0
2026-05-24 05:57:00+00:00,1.34288,1.34288,1.34288,1.34288,0
2026-05-24 05:58:00+00:00,1.34288,1.34288,1.34288,1.34288,0
2026-05-24 05:59:00+00:00,1.34288,1.34288,1.34288,1.34288,0
2026-05-24 06:00:00+00:00,1.34288,1.34288,1.34288,1.34288,0
2026-05-24 06:01:00+00:00,1.34288,1.34288,1.34288,1.34288,0
2026-05-24 06:02:00+00:00,1.34288,1.34288,1.34288,1.34288,0
2026-05-24 06:03:00+00:00,1.34288,1.34288,1.34288,1.34288,0
2026-05-24 06:04:00+00:00,1.34288,1.34288,1.34288,1.34288,0
2026-05-24 06:05:00+00:00,1.34288,1.34288,1.34288,1.34288,0
2026-05-24 06:06:00+00:00,1.34288,1.34288,1.34288,1.34288,0
2026-05-24 06:07:00+00:00,1.34288,1.34288,1.34288,1.34288,0
2026-05-24 06:08:00+00:00,1.34288,1.34288,1.34288,1.34288,0
2026-05-24 06:09:00+00:00,1.34288,1.34288,1.34288,1.34288,0
2026-05-24 06:10:00+00:00,1.34288,1.34288,1.34288,1.34288,0
2026-05-24 06:11:00+00:00,1.34288,1.34288,1.34288,1.34288,0
2026-05-24 06:12:00+00:00,1.34288,1.34288,1.34288,1.34288,0
2026-05-24 06:13:00+00:00,1.34288,1.34288,1.34288,1.34288,0
2026-05-24 06:14:00+00:00,1.34288,1.34288,1.34288,1.34288,0
2026-05-24 06:15:00+00:00,1.34288,1.34288,1.34288,1.34288,0
2026-05-24 06:16:00+00:00,1.34288,1.34288,1.34288,1.34288,0
2026-05-24 06:17:00+00:00,1.34288,1.34288,1.34288,1.34288,0
2026-05-24 06:18:00+00:00,1.34288,1.34288,1.34288,1.34288,0
2026-05-24 06:19:00+00:00,1.34288,1.34288,1.34288,1.34288,0
2026-05-24 06:20:00+00:00,1.34288,1.34288,1.34288,1.34288,0
2026-05-24 06:21:00+00:00,1.34288,1.34288,1.34288,1.34288,0
2026-05-24 06:22:00+00:00,1.34288,1.34288,1.34288,1.34288,0
2026-05-24 06:23:00+00:00,1.34288,1.34288,1.34288,1.34288,0
2026-05-24 06:24:00+00:00,1.34288,1.34288,1.34288,1.34288,0
2026-05-24 06:25:00+00:00,1.34288,1.34288,1.34288,1.34288,0
2026-05-24 06:26:00+00:00,1.34288,1.34288,1.34288,1.34288,0
2026-05-24 06:27:00+00:00,1.34288,1.34288,1.34288,1.34288,0
2026-05-24 06:28:00+00:00,1.34288,1.34288,1.34288,1.34288,0
2026-05-24 06:29:00+00:00,1.34288,1.34288,1.34288,1.34288,0
2026-05-24 06:30:00+00:00,1.34288,1.34288,1.34288,1.34288,0
2026-05-24 06:31:00+00:00,1.34288,1.34288,1.34288,1.34288,0
2026-05-24 06:32:00+00:00,1.34288,1.34288,1.34288,1.34288,0
2026-05-24 06:33:00+00:00,1.34288,1.34288,1.34288,1.34288,0
2026-05-24 06:34:00+00:00,1.34288,1.34288,1.34288,1.34288,0
2026-05-24 06:35:00+00:00,1.34288,1.34288,1.34288,1.34288,0
2026-05-24 06:36:00+00:00,1.34288,1.34288,1.34288,1.34288,0
2026-05-24 06:37:00+00:00,1.34288,1.34288,1.34288,1.34288,0
2026-05-24 06:38:00+00:00,1.34288,1.34288,1.34288,1.34288,0
2026-05-24 06:39:00+00:00,1.34288,1.34288,1.34288,1.34288,0
2026-05-24 06:40:00+00:00,1.34288,1.34288,1.34288,1.34288,0
2026-05-24 06:41:00+00:00,1.34288,1.34288,1.34288,1.34288,0
2026-05-24 06:42:00+00:00,1.34288,1.34288,1.34288,1.34288,0
2026-05-24 06:43:00+00:00,1.34288,1.34288,1.34288,1.34288,0
2026-05-24 06:44:00+00:00,1.34288,1.34288,1.34288,1.34288,0
2026-05-24 06:45:00+00:00,1.34288,1.34288,1.34288,1.34288,0
2026-05-24 06:46:00+00:00,1.34288,1.34288,1.34288,1.34288,0
2026-05-24 06:47:00+00:00,1.34288,1.34288,1.34288,1.34288,0
2026-05-24 06:48:00+00:00,1.34288,1.34288,1.34288,1.34288,0
2026-05-24 06:49:00+00:00,1.34288,1.34288,1.34288,1.34288,0
2026-05-24 06:50:00+00:00,1.34288,1.34288,1.34288,1.34288,0
2026-05-24 06:51:00+00:00,1.34288,1.34288,1.34288,1.34288,0
2026-05-24 06:52:00+00:00,1.34288,1.34288,1.34288,1.34288,0
2026-05-24 06:53:00+00:00,1.34288,1.34288,1.34288,1.34288,0
2026-05-24 06:54:00+00:00,1.34288,1.34288,1.34288,1.34288,0
2026-05-24 06:55:00+00:00,1.34288,1.34288,1.34288,1.34288,0
2026-05-24 06:56:00+00:00,1.34288,1.34288,1.34288,1.34288,0
2026-05-24 06:57:00+00:00,1.34288,1.34288,1.34288,1.34288,0
2026-05-24 06:58:00+00:00,1.34288,1.34288,1.34288,1.34288,0
2026-05-24 06:59:00+00:00,1.34288,1.34288,1.34288,1.34288,0
2026-05-24 07:00:00+00:00,1.34288,1.34288,1.34288,1.34288,0
2026-05-24 07:01:00+00:00,1.34288,1.34288,1.34288,1.34288,0
2026-05-24 07:02:00+00:00,1.34288,1.34288,1.34288,1.34288,0
2026-05-24 07:03:00+00:00,1.34288,1.34288,1.34288,1.34288,0
2026-05-24 07:04:00+00:00,1.34288,1.34288,1.34288,1.34288,0
2026-05-24 07:05:00+00:00,1.34288,1.34288,1.34288,1.34288,0
2026-05-24 07:06:00+00:00,1.34288,1.34288,1.34288,1.34288,0
2026-05-24 07:07:00+00:00,1.34288,1.34288,1.34288,1.34288,0
2026-05-24 07:08:00+00:00,1.34288,1.34288,1.34288,1.34288,0
2026-05-24 07:09:00+00:00,1.34288,1.34288,1.34288,1.34288,0
2026-05-24 07:10:00+00:00,1.34288,1.34288,1.34288,1.34288,0
2026-05-24 07:11:00+00:00,1.34288,1.34288,1.34288,1.34288,0
2026-05-24 07:12:00+00:00,1.34288,1.34288,1.34288,1.34288,0
2026-05-24 07:13:00+00:00,1.34288,1.34288,1.34288,1.34288,0
2026-05-24 07:14:00+00:00,1.34288,1.34288,1.34288,1.34288,0
2026-05-24 07:15:00+00:00,1.34288,1.34288,1.34288,1.34288,0
2026-05-24 07:16:00+00:00,1.34288,1.34288,1.34288,1.34288,0
2026-05-24 07:17:00+00:00,1.34288,1.34288,1.34288,1.34288,0
2026-05-24 07:18:00+00:00,1.34288,1.34288,1.34288,1.34288,0
2026-05-24 07:19:00+00:00,1.34288,1.34288,1.34288,1.34288,0
2026-05-24 07:20:00+00:00,1.34288,1.34288,1.34288,1.34288,0
2026-05-24 07:21:00+00:00,1.34288,1.34288,1.34288,1.34288,0
2026-05-24 07:22:00+00:00,1.34288,1.34288,1.34288,1.34288,0
2026-05-24 07:23:00+00:00,1.34288,1.34288,1.34288,1.34288,0
2026-05-24 07:24:00+00:00,1.34288,1.34288,1.34288,1.34288,0
2026-05-24 07:25:00+00:00,1.34288,1.34288,1.34288,1.34288,0
2026-05-24 07:26:00+00:00,1.34288,1.34288,1.34288,1.34288,0
2026-05-24 07:27:00+00:00,1.34288,1.34288,1.34288,1.34288,0
2026-05-24 07:28:00+00:00,1.34288,1.34288,1.34288,1.34288,0
2026-05-24 07:29:00+00:00,1.34288,1.34288,1.34288,1.34288,0
2026-05-24 07:30:00+00:00,1.34288,1.34288,1.34288,1.34288,0
2026-05-24 07:31:00+00:00,1.34288,1.34288,1.34288,1.34288,0
2026-05-24 07:32:00+00:00,1.34288,1.34288,1.34288,1.34288,0
2026-05-24 07:33:00+00:00,1.34288,1.34288,1.34288,1.34288,0
2026-05-24 07:34:00+00:00,1.34288,1.34288,1.34288,1.34288,0
2026-05-24 07:35:00+00:00,1.34288,1.34288,1.34288,1.34288,0
2026-05-24 07:36:00+00:00,1.34288,1.34288,1.34288,1.34288,0
2026-05-24 07:37:00+00:00,1.34288,1.34288,1.34288,1.34288,0
2026-05-24 07:38:00+00:00,1.34288,1.34288,1.34288,1.34288,0
2026-05-24 07:39:00+00:00,1.34288,1.34288,1.34288,1.34288,0
2026-05-24 07:40:00+00:00,1.34288,1.34288,1.34288,1.34288,0
2026-05-24 07:41:00+00:00,1.34288,1.34288,1.34288,1.34288,0
2026-05-24 07:42:00+00:00,1.34288,1.34288,1.34288,1.34288,0
2026-05-24 07:43:00+00:00,1.34288,1.34288,1.34288,1.34288,0
2026-05-24 07:44:00+00:00,1.34288,1.34288,1.34288,1.34288,0
2026-05-24 07:45:00+00:00,1.34288,1.34288,1.34288,1.34288,0
2026-05-24 07:46:00+00:00,1.34288,1.34288,1.34288,1.34288,0
2026-05-24 07:47:00+00:00,1.34288,1.34288,1.34288,1.34288,0
2026-05-24 07:48:00+00:00,1.34288,1.34288,1.34288,1.34288,0
2026-05-24 07:49:00+00:00,1.34288,1.34288,1.34288,1.34288,0
2026-05-24 07:50:00+00:00,1.34288,1.34288,1.34288,1.34288,0
2026-05-24 07:51:00+00:00,1.34288,1.34288,1.34288,1.34288,0
2026-05-24 07:52:00+00:00,1.34288,1.34288,1.34288,1.34288,0
2026-05-24 07:53:00+00:00,1.34288,1.34288,1.34288,1.34288,0
2026-05-24 07:54:00+00:00,1.34288,1.34288,1.34288,1.34288,0
2026-05-24 07:55:00+00:00,1.34288,1.34288,1.34288,1.34288,0
2026-05-24 07:56:00+00:00,1.34288,1.34288,1.34288,1.34288,0
2026-05-24 07:57:00+00:00,1.34288,1.34288,1.34288,1.34288,0
2026-05-24 07:58:00+00:00,1.34288,1.34288,1.34288,1.34288,0
2026-05-24 07:59:00+00:00,1.34288,1.34288,1.34288,1.34288,0
2026-05-24 08:00:00+00:00,1.34288,1.34288,1.34288,1.34288,0
2026-05-24 08:01:00+00:00,1.34288,1.34288,1.34288,1.34288,0
2026-05-24 08:02:00+00:00,1.34288,1.34288,1.34288,1.34288,0
2026-05-24 08:03:00+00:00,1.34288,1.34288,1.34288,1.34288,0
2026-05-24 08:04:00+00:00,1.34288,1.34288,1.34288,1.34288,0
2026-05-24 08:05:00+00:00,1.34288,1.34288,1.34288,1.34288,0
2026-05-24 08:06:00+00:00,1.34288,1.34288,1.34288,1.34288,0
2026-05-24 08:07:00+00:00,1.34288,1.34288,1.34288,1.34288,0
2026-05-24 08:08:00+00:00,1.34288,1.34288,1.34288,1.34288,0
2026-05-24 08:09:00+00:00,1.34288,1.34288,1.34288,1.34288,0
2026-05-24 08:10:00+00:00,1.34288,1.34288,1.34288,1.34288,0
2026-05-24 08:11:00+00:00,1.34288,1.34288,1.34288,1.34288,0
2026-05-24 08:12:00+00:00,1.34288,1.34288,1.34288,1.34288,0
2026-05-24 08:13:00+00:00,1.34288,1.34288,1.34288,1.34288,0
2026-05-24 08:14:00+00:00,1.34288,1.34288,1.34288,1.34288,0
2026-05-24 08:15:00+00:00,1.34288,1.34288,1.34288,1.34288,0
2026-05-24 08:16:00+00:00,1.34288,1.34288,1.34288,1.34288,0
2026-05-24 08:17:00+00:00,1.34288,1.34288,1.34288,1.34288,0
2026-05-24 08:18:00+00:00,1.34288,1.34288,1.34288,1.34288,0
2026-05-24 08:19:00+00:00,1.34288,1.34288,1.34288,1.34288,0
2026-05-24 08:20:00+00:00,1.34288,1.34288,1.34288,1.34288,0
2026-05-24 08:21:00+00:00,1.34288,1.34288,1.34288,1.34288,0
2026-05-24 08:22:00+00:00,1.34288,1.34288,1.34288,1.34288,0
2026-05-24 08:23:00+00:00,1.34288,1.34288,1.34288,1.34288,0
2026-05-24 08:24:00+00:00,1.34288,1.34288,1.34288,1.34288,0
2026-05-24 08:25:00+00:00,1.34288,1.34288,1.34288,1.34288,0
2026-05-24 08:26:00+00:00,1.34288,1.34288,1.34288,1.34288,0
2026-05-24 08:27:00+00:00,1.34288,1.34288,1.34288,1.34288,0
2026-05-24 08:28:00+00:00,1.34288,1.34288,1.34288,1.34288,0
2026-05-24 08:29:00+00:00,1.34288,1.34288,1.34288,1.34288,0
2026-05-24 08:30:00+00:00,1.34288,1.34288,1.34288,1.34288,0
2026-05-24 08:31:00+00:00,1.34288,1.34288,1.34288,1.34288,0
2026-05-24 08:32:00+00:00,1.34288,1.34288,1.34288,1.34288,0
2026-05-24 08:33:00+00:00,1.34288,1.34288,1.34288,1.34288,0
2026-05-24 08:34:00+00:00,1.34288,1.34288,1.34288,1.34288,0
2026-05-24 08:35:00+00:00,1.34288,1.34288,1.34288,1.34288,0
2026-05-24 08:36:00+00:00,1.34288,1.34288,1.34288,1.34288,0
2026-05-24 08:37:00+00:00,1.34288,1.34288,1.34288,1.34288,0
2026-05-24 08:38:00+00:00,1.34288,1.34288,1.34288,1.34288,0
2026-05-24 08:39:00+00:00,1.34288,1.34288,1.34288,1.34288,0
2026-05-24 08:40:00+00:00,1.34288,1.34288,1.34288,1.34288,0
2026-05-24 08:41:00+00:00,1.34288,1.34288,1.34288,1.34288,0
2026-05-24 08:42:00+00:00,1.34288,1.34288,1.34288,1.34288,0
2026-05-24 08:43:00+00:00,1.34288,1.34288,1.34288,1.34288,0
2026-05-24 08:44:00+00:00,1.34288,1.34288,1.34288,1.34288,0
2026-05-24 08:45:00+00:00,1.34288,1.34288,1.34288,1.34288,0
2026-05-24 08:46:00+00:00,1.34288,1.34288,1.34288,1.34288,0
2026-05-24 08:47:00+00:00,1.34288,1.34288,1.34288,1.34288,0
2026-05-24 08:48:00+00:00,1.34288,1.34288,1.34288,1.34288,0
2026-05-24 08:49:00+00:00,1.34288,1.34288,1.34288,1.34288,0
2026-05-24 08:50:00+00:00,1.34288,1.34288,1.34288,1.34288,0
2026-05-24 08:51:00+00:00,1.34288,1.34288,1.34288,1.34288,0
2026-05-24 08:52:00+00:00,1.34288,1.34288,1.34288,1.34288,0
2026-05-24 08:53:00+00:00,1.34288,1.34288,1.34288,1.34288,0
2026-05-24 08:54:00+00:00,1.34288,1.34288,1.34288,1.34288,0
2026-05-24 08:55:00+00:00,1.34288,1.34288,1.34288,1.34288,0
2026-05-24 08:56:00+00:00,1.34288,1.34288,1.34288,1.34288,0
2026-05-24 08:57:00+00:00,1.34288,1.34288,1.34288,1.34288,0
2026-05-24 08:58:00+00:00,1.34288,1.34288,1.34288,1.34288,0
2026-05-24 08:59:00+00:00,1.34288,1.34288,1.34288,1.34288,0
2026-05-24 09:00:00+00:00,1.34288,1.34288,1.34288,1.34288,0
2026-05-24 09:01:00+00:00,1.34288,1.34288,1.34288,1.34288,0
2026-05-24 09:02:00+00:00,1.34288,1.34288,1.34288,1.34288,0
2026-05-24 09:03:00+00:00,1.34288,1.34288,1.34288,1.34288,0
2026-05-24 09:04:00+00:00,1.34288,1.34288,1.34288,1.34288,0
2026-05-24 09:05:00+00:00,1.34288,1.34288,1.34288,1.34288,0
2026-05-24 09:06:00+00:00,1.34288,1.34288,1.34288,1.34288,0
2026-05-24 09:07:00+00:00,1.34288,1.34288,1.34288,1.34288,0
2026-05-24 09:08:00+00:00,1.34288,1.34288,1.34288,1.34288,0
2026-05-24 09:09:00+00:00,1.34288,1.34288,1.34288,1.34288,0
2026-05-24 09:10:00+00:00,1.34288,1.34288,1.34288,1.34288,0
2026-05-24 09:11:00+00:00,1.34288,1.34288,1.34288,1.34288,0
2026-05-24 09:12:00+00:00,1.34288,1.34288,1.34288,1.34288,0
2026-05-24 09:13:00+00:00,1.34288,1.34288,1.34288,1.34288,0
2026-05-24 09:14:00+00:00,1.34288,1.34288,1.34288,1.34288,0
2026-05-24 09:15:00+00:00,1.34288,1.34288,1.34288,1.34288,0
2026-05-24 09:16:00+00:00,1.34288,1.34288,1.34288,1.34288,0
2026-05-24 09:17:00+00:00,1.34288,1.34288,1.34288,1.34288,0
2026-05-24 09:18:00+00:00,1.34288,1.34288,1.34288,1.34288,0
2026-05-24 09:19:00+00:00,1.34288,1.34288,1.34288,1.34288,0
2026-05-24 09:20:00+00:00,1.34288,1.34288,1.34288,1.34288,0
2026-05-24 09:21:00+00:00,1.34288,1.34288,1.34288,1.34288,0
2026-05-24 09:22:00+00:00,1.34288,1.34288,1.34288,1.34288,0
2026-05-24 09:23:00+00:00,1.34288,1.34288,1.34288,1.34288,0
2026-05-24 09:24:00+00:00,1.34288,1.34288,1.34288,1.34288,0
2026-05-24 09:25:00+00:00,1.34288,1.34288,1.34288,1.34288,0
2026-05-24 09:26:00+00:00,1.34288,1.34288,1.34288,1.34288,0
2026-05-24 09:27:00+00:00,1.34288,1.34288,1.34288,1.34288,0
2026-05-24 09:28:00+00:00,1.34288,1.34288,1.34288,1.34288,0
2026-05-24 09:29:00+00:00,1.34288,1.34288,1.34288,1.34288,0
2026-05-24 09:30:00+00:00,1.34288,1.34288,1.34288,1.34288,0
2026-05-24 09:31:00+00:00,1.34288,1.34288,1.34288,1.34288,0
2026-05-24 09:32:00+00:00,1.34288,1.34288,1.34288,1.34288,0
2026-05-24 09:33:00+00:00,1.34288,1.34288,1.34288,1.34288,0
2026-05-24 09:34:00+00:00,1.34288,1.34288,1.34288,1.34288,0
2026-05-24 09:35:00+00:00,1.34288,1.34288,1.34288,1.34288,0
2026-05-24 09:36:00+00:00,1.34288,1.34288,1.34288,1.34288,0
2026-05-24 09:37:00+00:00,1.34288,1.34288,1.34288,1.34288,0
2026-05-24 09:38:00+00:00,1.34288,1.34288,1.34288,1.34288,0
2026-05-24 09:39:00+00:00,1.34288,1.34288,1.34288,1.34288,0
2026-05-24 09:40:00+00:00,1.34288,1.34288,1.34288,1.34288,0
2026-05-24 09:41:00+00:00,1.34288,1.34288,1.34288,1.34288,0
2026-05-24 09:42:00+00:00,1.34288,1.34288,1.34288,1.34288,0
2026-05-24 09:43:00+00:00,1.34288,1.34288,1.34288,1.34288,0
2026-05-24 09:44:00+00:00,1.34288,1.34288,1.34288,1.34288,0
2026-05-24 09:45:00+00:00,1.34288,1.34288,1.34288,1.34288,0
2026-05-24 09:46:00+00:00,1.34288,1.34288,1.34288,1.34288,0
2026-05-24 09:47:00+00:00,1.34288,1.34288,1.34288,1.34288,0
2026-05-24 09:48:00+00:00,1.34288,1.34288,1.34288,1.34288,0
2026-05-24 09:49:00+00:00,1.34288,1.34288,1.34288,1.34288,0
2026-05-24 09:50:00+00:00,1.34288,1.34288,1.34288,1.34288,0
2026-05-24 09:51:00+00:00,1.34288,1.34288,1.34288,1.34288,0
2026-05-24 09:52:00+00:00,1.34288,1.34288,1.34288,1.34288,0
2026-05-24 09:53:00+00:00,1.34288,1.34288,1.34288,1.34288,0
2026-05-24 09:54:00+00:00,1.34288,1.34288,1.34288,1.34288,0
2026-05-24 09:55:00+00:00,1.34288,1.34288,1.34288,1.34288,0
2026-05-24 09:56:00+00:00,1.34288,1.34288,1.34288,1.34288,0
2026-05-24 09:57:00+00:00,1.34288,1.34288,1.34288,1.34288,0
2026-05-24 09:58:00+00:00,1.34288,1.34288,1.34288,1.34288,0
2026-05-24 09:59:00+00:00,1.34288,1.34288,1.34288,1.34288,0
2026-05-24 10:00:00+00:00,1.34288,1.34288,1.34288,1.34288,0
2026-05-24 10:01:00+00:00,1.34288,1.34288,1.34288,1.34288,0
2026-05-24 10:02:00+00:00,1.34288,1.34288,1.34288,1.34288,0
2026-05-24 10:03:00+00:00,1.34288,1.34288,1.34288,1.34288,0
2026-05-24 10:04:00+00:00,1.34288,1.34288,1.34288,1.34288,0
2026-05-24 10:05:00+00:00,1.34288,1.34288,1.34288,1.34288,0
2026-05-24 10:06:00+00:00,1.34288,1.34288,1.34288,1.34288,0
2026-05-24 10:07:00+00:00,1.34288,1.34288,1.34288,1.34288,0
2026-05-24 10:08:00+00:00,1.34288,1.34288,1.34288,1.34288,0
2026-05-24 10:09:00+00:00,1.34288,1.34288,1.34288,1.34288,0
2026-05-24 10:10:00+00:00,1.34288,1.34288,1.34288,1.34288,0
2026-05-24 10:11:00+00:00,1.34288,1.34288,1.34288,1.34288,0
2026-05-24 10:12:00+00:00,1.34288,1.34288,1.34288,1.34288,0
2026-05-24 10:13:00+00:00,1.34288,1.34288,1.34288,1.34288,0
2026-05-24 10:14:00+00:00,1.34288,1.34288,1.34288,1.34288,0
2026-05-24 10:15:00+00:00,1.34288,1.34288,1.34288,1.34288,0
2026-05-24 10:16:00+00:00,1.34288,1.34288,1.34288,1.34288,0
2026-05-24 10:17:00+00:00,1.34288,1.34288,1.34288,1.34288,0
2026-05-24 10:18:00+00:00,1.34288,1.34288,1.34288,1.34288,0
2026-05-24 10:19:00+00:00,1.34288,1.34288,1.34288,1.34288,0
2026-05-24 10:20:00+00:00,1.34288,1.34288,1.34288,1.34288,0
2026-05-24 10:21:00+00:00,1.34288,1.34288,1.34288,1.34288,0
2026-05-24 10:22:00+00:00,1.34288,1.34288,1.34288,1.34288,0
2026-05-24 10:23:00+00:00,1.34288,1.34288,1.34288,1.34288,0
2026-05-24 10:24:00+00:00,1.34288,1.34288,1.34288,1.34288,0
2026-05-24 10:25:00+00:00,1.34288,1.34288,1.34288,1.34288,0
2026-05-24 10:26:00+00:00,1.34288,1.34288,1.34288,1.34288,0
2026-05-24 10:27:00+00:00,1.34288,1.34288,1.34288,1.34288,0
2026-05-24 10:28:00+00:00,1.34288,1.34288,1.34288,1.34288,0
2026-05-24 10:29:00+00:00,1.34288,1.34288,1.34288,1.34288,0
2026-05-24 10:30:00+00:00,1.34288,1.34288,1.34288,1.34288,0
2026-05-24 10:31:00+00:00,1.34288,1.34288,1.34288,1.34288,0
2026-05-24 10:32:00+00:00,1.34288,1.34288,1.34288,1.34288,0
2026-05-24 10:33:00+00:00,1.34288,1.34288,1.34288,1.34288,0
2026-05-24 10:34:00+00:00,1.34288,1.34288,1.34288,1.34288,0
2026-05-24 10:35:00+00:00,1.34288,1.34288,1.34288,1.34288,0
2026-05-24 10:36:00+00:00,1.34288,1.34288,1.34288,1.34288,0
2026-05-24 10:37:00+00:00,1.34288,1.34288,1.34288,1.34288,0
2026-05-24 10:38:00+00:00,1.34288,1.34288,1.34288,1.34288,0
2026-05-24 10:39:00+00:00,1.34288,1.34288,1.34288,1.34288,0
2026-05-24 10:40:00+00:00,1.34288,1.34288,1.34288,1.34288,0
2026-05-24 10:41:00+00:00,1.34288,1.34288,1.34288,1.34288,0
2026-05-24 10:42:00+00:00,1.34288,1.34288,1.34288,1.34288,0
2026-05-24 10:43:00+00:00,1.34288,1.34288,1.34288,1.34288,0
2026-05-24 10:44:00+00:00,1.34288,1.34288,1.34288,1.34288,0
2026-05-24 10:45:00+00:00,1.34288,1.34288,1.34288,1.34288,0
2026-05-24 10:46:00+00:00,1.34288,1.34288,1.34288,1.34288,0
2026-05-24 10:47:00+00:00,1.34288,1.34288,1.34288,1.34288,0
2026-05-24 10:48:00+00:00,1.34288,1.34288,1.34288,1.34288,0
2026-05-24 10:49:00+00:00,1.34288,1.34288,1.34288,1.34288,0
2026-05-24 10:50:00+00:00,1.34288,1.34288,1.34288,1.34288,0
2026-05-24 10:51:00+00:00,1.34288,1.34288,1.34288,1.34288,0
2026-05-24 10:52:00+00:00,1.34288,1.34288,1.34288,1.34288,0
2026-05-24 10:53:00+00:00,1.34288,1.34288,1.34288,1.34288,0
2026-05-24 10:54:00+00:00,1.34288,1.34288,1.34288,1.34288,0
2026-05-24 10:55:00+00:00,1.34288,1.34288,1.34288,1.34288,0
2026-05-24 10:56:00+00:00,1.34288,1.34288,1.34288,1.34288,0
2026-05-24 10:57:00+00:00,1.34288,1.34288,1.34288,1.34288,0
2026-05-24 10:58:00+00:00,1.34288,1.34288,1.34288,1.34288,0
2026-05-24 10:59:00+00:00,1.34288,1.34288,1.34288,1.34288,0
2026-05-24 11:00:00+00:00,1.34288,1.34288,1.34288,1.34288,0
2026-05-24 11:01:00+00:00,1.34288,1.34288,1.34288,1.34288,0
2026-05-24 11:02:00+00:00,1.34288,1.34288,1.34288,1.34288,0
2026-05-24 11:03:00+00:00,1.34288,1.34288,1.34288,1.34288,0
2026-05-24 11:04:00+00:00,1.34288,1.34288,1.34288,1.34288,0
2026-05-24 11:05:00+00:00,1.34288,1.34288,1.34288,1.34288,0
2026-05-24 11:06:00+00:00,1.34288,1.34288,1.34288,1.34288,0
2026-05-24 11:07:00+00:00,1.34288,1.34288,1.34288,1.34288,0
2026-05-24 11:08:00+00:00,1.34288,1.34288,1.34288,1.34288,0
2026-05-24 11:09:00+00:00,1.34288,1.34288,1.34288,1.34288,0
2026-05-24 11:10:00+00:00,1.34288,1.34288,1.34288,1.34288,0
2026-05-24 11:11:00+00:00,1.34288,1.34288,1.34288,1.34288,0
2026-05-24 11:12:00+00:00,1.34288,1.34288,1.34288,1.34288,0
2026-05-24 11:13:00+00:00,1.34288,1.34288,1.34288,1.34288,0
2026-05-24 11:14:00+00:00,1.34288,1.34288,1.34288,1.34288,0
2026-05-24 11:15:00+00:00,1.34288,1.34288,1.34288,1.34288,0
2026-05-24 11:16:00+00:00,1.34288,1.34288,1.34288,1.34288,0
2026-05-24 11:17:00+00:00,1.34288,1.34288,1.34288,1.34288,0
2026-05-24 11:18:00+00:00,1.34288,1.34288,1.34288,1.34288,0
2026-05-24 11:19:00+00:00,1.34288,1.34288,1.34288,1.34288,0
2026-05-24 11:20:00+00:00,1.34288,1.34288,1.34288,1.34288,0
2026-05-24 11:21:00+00:00,1.34288,1.34288,1.34288,1.34288,0
2026-05-24 11:22:00+00:00,1.34288,1.34288,1.34288,1.34288,0
2026-05-24 11:23:00+00:00,1.34288,1.34288,1.34288,1.34288,0
2026-05-24 11:24:00+00:00,1.34288,1.34288,1.34288,1.34288,0
2026-05-24 11:25:00+00:00,1.34288,1.34288,1.34288,1.34288,0
2026-05-24 11:26:00+00:00,1.34288,1.34288,1.34288,1.34288,0
2026-05-24 11:27:00+00:00,1.34288,1.34288,1.34288,1.34288,0
2026-05-24 11:28:00+00:00,1.34288,1.34288,1.34288,1.34288,0
2026-05-24 11:29:00+00:00,1.34288,1.34288,1.34288,1.34288,0
2026-05-24 11:30:00+00:00,1.34288,1.34288,1.34288,1.34288,0
2026-05-24 11:31:00+00:00,1.34288,1.34288,1.34288,1.34288,0
2026-05-24 11:32:00+00:00,1.34288,1.34288,1.34288,1.34288,0
2026-05-24 11:33:00+00:00,1.34288,1.34288,1.34288,1.34288,0
2026-05-24 11:34:00+00:00,1.34288,1.34288,1.34288,1.34288,0
2026-05-24 11:35:00+00:00,1.34288,1.34288,1.34288,1.34288,0
2026-05-24 11:36:00+00:00,1.34288,1.34288,1.34288,1.34288,0
2026-05-24 11:37:00+00:00,1.34288,1.34288,1.34288,1.34288,0
2026-05-24 11:38:00+00:00,1.34288,1.34288,1.34288,1.34288,0
2026-05-24 11:39:00+00:00,1.34288,1.34288,1.34288,1.34288,0
2026-05-24 11:40:00+00:00,1.34288,1.34288,1.34288,1.34288,0
2026-05-24 11:41:00+00:00,1.34288,1.34288,1.34288,1.34288,0
2026-05-24 11:42:00+00:00,1.34288,1.34288,1.34288,1.34288,0
2026-05-24 11:43:00+00:00,1.34288,1.34288,1.34288,1.34288,0
2026-05-24 11:44:00+00:00,1.34288,1.34288,1.34288,1.34288,0
2026-05-24 11:45:00+00:00,1.34288,1.34288,1.34288,1.34288,0
2026-05-24 11:46:00+00:00,1.34288,1.34288,1.34288,1.34288,0
2026-05-24 11:47:00+00:00,1.34288,1.34288,1.34288,1.34288,0
2026-05-24 11:48:00+00:00,1.34288,1.34288,1.34288,1.34288,0
2026-05-24 11:49:00+00:00,1.34288,1.34288,1.34288,1.34288,0
2026-05-24 11:50:00+00:00,1.34288,1.34288,1.34288,1.34288,0
2026-05-24 11:51:00+00:00,1.34288,1.34288,1.34288,1.34288,0
2026-05-24 11:52:00+00:00,1.34288,1.34288,1.34288,1.34288,0
2026-05-24 11:53:00+00:00,1.34288,1.34288,1.34288,1.34288,0
2026-05-24 11:54:00+00:00,1.34288,1.34288,1.34288,1.34288,0
2026-05-24 11:55:00+00:00,1.34288,1.34288,1.34288,1.34288,0
2026-05-24 11:56:00+00:00,1.34288,1.34288,1.34288,1.34288,0
2026-05-24 11:57:00+00:00,1.34288,1.34288,1.34288,1.34288,0
2026-05-24 11:58:00+00:00,1.34288,1.34288,1.34288,1.34288,0
2026-05-24 11:59:00+00:00,1.34288,1.34288,1.34288,1.34288,0
2026-05-24 12:00:00+00:00,1.34288,1.34288,1.34288,1.34288,0
2026-05-24 12:01:00+00:00,1.34288,1.34288,1.34288,1.34288,0
2026-05-24 12:02:00+00:00,1.34288,1.34288,1.34288,1.34288,0
2026-05-24 12:03:00+00:00,1.34288,1.34288,1.34288,1.34288,0
2026-05-24 12:04:00+00:00,1.34288,1.34288,1.34288,1.34288,0
2026-05-24 12:05:00+00:00,1.34288,1.34288,1.34288,1.34288,0
2026-05-24 12:06:00+00:00,1.34288,1.34288,1.34288,1.34288,0
2026-05-24 12:07:00+00:00,1.34288,1.34288,1.34288,1.34288,0
2026-05-24 12:08:00+00:00,1.34288,1.34288,1.34288,1.34288,0
2026-05-24 12:09:00+00:00,1.34288,1.34288,1.34288,1.34288,0
2026-05-24 12:10:00+00:00,1.34288,1.34288,1.34288,1.34288,0
2026-05-24 12:11:00+00:00,1.34288,1.34288,1.34288,1.34288,0
2026-05-24 12:12:00+00:00,1.34288,1.34288,1.34288,1.34288,0
2026-05-24 12:13:00+00:00,1.34288,1.34288,1.34288,1.34288,0
2026-05-24 12:14:00+00:00,1.34288,1.34288,1.34288,1.34288,0
2026-05-24 12:15:00+00:00,1.34288,1.34288,1.34288,1.34288,0
2026-05-24 12:16:00+00:00,1.34288,1.34288,1.34288,1.34288,0
2026-05-24 12:17:00+00:00,1.34288,1.34288,1.34288,1.34288,0
2026-05-24 12:18:00+00:00,1.34288,1.34288,1.34288,1.34288,0
2026-05-24 12:19:00+00:00,1.34288,1.34288,1.34288,1.34288,0
2026-05-24 12:20:00+00:00,1.34288,1.34288,1.34288,1.34288,0
2026-05-24 12:21:00+00:00,1.34288,1.34288,1.34288,1.34288,0
2026-05-24 12:22:00+00:00,1.34288,1.34288,1.34288,1.34288,0
2026-05-24 12:23:00+00:00,1.34288,1.34288,1.34288,1.34288,0
2026-05-24 12:24:00+00:00,1.34288,1.34288,1.34288,1.34288,0
2026-05-24 12:25:00+00:00,1.34288,1.34288,1.34288,1.34288,0
2026-05-24 12:26:00+00:00,1.34288,1.34288,1.34288,1.34288,0
2026-05-24 12:27:00+00:00,1.34288,1.34288,1.34288,1.34288,0
2026-05-24 12:28:00+00:00,1.34288,1.34288,1.34288,1.34288,0
2026-05-24 12:29:00+00:00,1.34288,1.34288,1.34288,1.34288,0
2026-05-24 12:30:00+00:00,1.34288,1.34288,1.34288,1.34288,0
2026-05-24 12:31:00+00:00,1.34288,1.34288,1.34288,1.34288,0
2026-05-24 12:32:00+00:00,1.34288,1.34288,1.34288,1.34288,0
2026-05-24 12:33:00+00:00,1.34288,1.34288,1.34288,1.34288,0
2026-05-24 12:34:00+00:00,1.34288,1.34288,1.34288,1.34288,0
2026-05-24 12:35:00+00:00,1.34288,1.34288,1.34288,1.34288,0
2026-05-24 12:36:00+00:00,1.34288,1.34288,1.34288,1.34288,0
2026-05-24 12:37:00+00:00,1.34288,1.34288,1.34288,1.34288,0
2026-05-24 12:38:00+00:00,1.34288,1.34288,1.34288,1.34288,0
2026-05-24 12:39:00+00:00,1.34288,1.34288,1.34288,1.34288,0
2026-05-24 12:40:00+00:00,1.34288,1.34288,1.34288,1.34288,0
2026-05-24 12:41:00+00:00,1.34288,1.34288,1.34288,1.34288,0
2026-05-24 12:42:00+00:00,1.34288,1.34288,1.34288,1.34288,0
2026-05-24 12:43:00+00:00,1.34288,1.34288,1.34288,1.34288,0
2026-05-24 12:44:00+00:00,1.34288,1.34288,1.34288,1.34288,0
2026-05-24 12:45:00+00:00,1.34288,1.34288,1.34288,1.34288,0
2026-05-24 12:46:00+00:00,1.34288,1.34288,1.34288,1.34288,0
2026-05-24 12:47:00+00:00,1.34288,1.34288,1.34288,1.34288,0
2026-05-24 12:48:00+00:00,1.34288,1.34288,1.34288,1.34288,0
2026-05-24 12:49:00+00:00,1.34288,1.34288,1.34288,1.34288,0
2026-05-24 12:50:00+00:00,1.34288,1.34288,1.34288,1.34288,0
2026-05-24 12:51:00+00:00,1.34288,1.34288,1.34288,1.34288,0
2026-05-24 12:52:00+00:00,1.34288,1.34288,1.34288,1.34288,0
2026-05-24 12:53:00+00:00,1.34288,1.34288,1.34288,1.34288,0
2026-05-24 12:54:00+00:00,1.34288,1.34288,1.34288,1.34288,0
2026-05-24 12:55:00+00:00,1.34288,1.34288,1.34288,1.34288,0
2026-05-24 12:56:00+00:00,1.34288,1.34288,1.34288,1.34288,0
2026-05-24 12:57:00+00:00,1.34288,1.34288,1.34288,1.34288,0
2026-05-24 12:58:00+00:00,1.34288,1.34288,1.34288,1.34288,0
2026-05-24 12:59:00+00:00,1.34288,1.34288,1.34288,1.34288,0
2026-05-24 13:00:00+00:00,1.34288,1.34288,1.34288,1.34288,0
2026-05-24 13:01:00+00:00,1.34288,1.34288,1.34288,1.34288,0
2026-05-24 13:02:00+00:00,1.34288,1.34288,1.34288,1.34288,0
2026-05-24 13:03:00+00:00,1.34288,1.34288,1.34288,1.34288,0
2026-05-24 13:04:00+00:00,1.34288,1.34288,1.34288,1.34288,0
2026-05-24 13:05:00+00:00,1.34288,1.34288,1.34288,1.34288,0
2026-05-24 13:06:00+00:00,1.34288,1.34288,1.34288,1.34288,0
2026-05-24 13:07:00+00:00,1.34288,1.34288,1.34288,1.34288,0
2026-05-24 13:08:00+00:00,1.34288,1.34288,1.34288,1.34288,0
2026-05-24 13:09:00+00:00,1.34288,1.34288,1.34288,1.34288,0
2026-05-24 13:10:00+00:00,1.34288,1.34288,1.34288,1.34288,0
2026-05-24 13:11:00+00:00,1.34288,1.34288,1.34288,1.34288,0
2026-05-24 13:12:00+00:00,1.34288,1.34288,1.34288,1.34288,0
2026-05-24 13:13:00+00:00,1.34288,1.34288,1.34288,1.34288,0
2026-05-24 13:14:00+00:00,1.34288,1.34288,1.34288,1.34288,0
2026-05-24 13:15:00+00:00,1.34288,1.34288,1.34288,1.34288,0
2026-05-24 13:16:00+00:00,1.34288,1.34288,1.34288,1.34288,0
2026-05-24 13:17:00+00:00,1.34288,1.34288,1.34288,1.34288,0
2026-05-24 13:18:00+00:00,1.34288,1.34288,1.34288,1.34288,0
2026-05-24 13:19:00+00:00,1.34288,1.34288,1.34288,1.34288,0
2026-05-24 13:20:00+00:00,1.34288,1.34288,1.34288,1.34288,0
2026-05-24 13:21:00+00:00,1.34288,1.34288,1.34288,1.34288,0
2026-05-24 13:22:00+00:00,1.34288,1.34288,1.34288,1.34288,0
2026-05-24 13:23:00+00:00,1.34288,1.34288,1.34288,1.34288,0
2026-05-24 13:24:00+00:00,1.34288,1.34288,1.34288,1.34288,0
2026-05-24 13:25:00+00:00,1.34288,1.34288,1.34288,1.34288,0
2026-05-24 13:26:00+00:00,1.34288,1.34288,1.34288,1.34288,0
2026-05-24 13:27:00+00:00,1.34288,1.34288,1.34288,1.34288,0
2026-05-24 13:28:00+00:00,1.34288,1.34288,1.34288,1.34288,0
2026-05-24 13:29:00+00:00,1.34288,1.34288,1.34288,1.34288,0
2026-05-24 13:30:00+00:00,1.34288,1.34288,1.34288,1.34288,0
2026-05-24 13:31:00+00:00,1.34288,1.34288,1.34288,1.34288,0
2026-05-24 13:32:00+00:00,1.34288,1.34288,1.34288,1.34288,0
2026-05-24 13:33:00+00:00,1.34288,1.34288,1.34288,1.34288,0
2026-05-24 13:34:00+00:00,1.34288,1.34288,1.34288,1.34288,0
2026-05-24 13:35:00+00:00,1.34288,1.34288,1.34288,1.34288,0
2026-05-24 13:36:00+00:00,1.34288,1.34288,1.34288,1.34288,0
2026-05-24 13:37:00+00:00,1.34288,1.34288,1.34288,1.34288,0
2026-05-24 13:38:00+00:00,1.34288,1.34288,1.34288,1.34288,0
2026-05-24 13:39:00+00:00,1.34288,1.34288,1.34288,1.34288,0
2026-05-24 13:40:00+00:00,1.34288,1.34288,1.34288,1.34288,0
2026-05-24 13:41:00+00:00,1.34288,1.34288,1.34288,1.34288,0
2026-05-24 13:42:00+00:00,1.34288,1.34288,1.34288,1.34288,0
2026-05-24 13:43:00+00:00,1.34288,1.34288,1.34288,1.34288,0
2026-05-24 13:44:00+00:00,1.34288,1.34288,1.34288,1.34288,0
2026-05-24 13:45:00+00:00,1.34288,1.34288,1.34288,1.34288,0
2026-05-24 13:46:00+00:00,1.34288,1.34288,1.34288,1.34288,0
2026-05-24 13:47:00+00:00,1.34288,1.34288,1.34288,1.34288,0
2026-05-24 13:48:00+00:00,1.34288,1.34288,1.34288,1.34288,0
2026-05-24 13:49:00+00:00,1.34288,1.34288,1.34288,1.34288,0
2026-05-24 13:50:00+00:00,1.34288,1.34288,1.34288,1.34288,0
2026-05-24 13:51:00+00:00,1.34288,1.34288,1.34288,1.34288,0
2026-05-24 13:52:00+00:00,1.34288,1.34288,1.34288,1.34288,0
2026-05-24 13:53:00+00:00,1.34288,1.34288,1.34288,1.34288,0
2026-05-24 13:54:00+00:00,1.34288,1.34288,1.34288,1.34288,0
2026-05-24 13:55:00+00:00,1.34288,1.34288,1.34288,1.34288,0
2026-05-24 13:56:00+00:00,1.34288,1.34288,1.34288,1.34288,0
2026-05-24 13:57:00+00:00,1.34288,1.34288,1.34288,1.34288,0
2026-05-24 13:58:00+00:00,1.34288,1.34288,1.34288,1.34288,0
2026-05-24 13:59:00+00:00,1.34288,1.34288,1.34288,1.34288,0
2026-05-24 14:00:00+00:00,1.34288,1.34288,1.34288,1.34288,0
2026-05-24 14:01:00+00:00,1.34288,1.34288,1.34288,1.34288,0
2026-05-24 14:02:00+00:00,1.34288,1.34288,1.34288,1.34288,0
2026-05-24 14:03:00+00:00,1.34288,1.34288,1.34288,1.34288,0
2026-05-24 14:04:00+00:00,1.34288,1.34288,1.34288,1.34288,0
2026-05-24 14:05:00+00:00,1.34288,1.34288,1.34288,1.34288,0
2026-05-24 14:06:00+00:00,1.34288,1.34288,1.34288,1.34288,0
2026-05-24 14:07:00+00:00,1.34288,1.34288,1.34288,1.34288,0
2026-05-24 14:08:00+00:00,1.34288,1.34288,1.34288,1.34288,0
2026-05-24 14:09:00+00:00,1.34288,1.34288,1.34288,1.34288,0
2026-05-24 14:10:00+00:00,1.34288,1.34288,1.34288,1.34288,0
2026-05-24 14:11:00+00:00,1.34288,1.34288,1.34288,1.34288,0
2026-05-24 14:12:00+00:00,1.34288,1.34288,1.34288,1.34288,0
2026-05-24 14:13:00+00:00,1.34288,1.34288,1.34288,1.34288,0
2026-05-24 14:14:00+00:00,1.34288,1.34288,1.34288,1.34288,0
2026-05-24 14:15:00+00:00,1.34288,1.34288,1.34288,1.34288,0
2026-05-24 14:16:00+00:00,1.34288,1.34288,1.34288,1.34288,0
2026-05-24 14:17:00+00:00,1.34288,1.34288,1.34288,1.34288,0
2026-05-24 14:18:00+00:00,1.34288,1.34288,1.34288,1.34288,0
2026-05-24 14:19:00+00:00,1.34288,1.34288,1.34288,1.34288,0
2026-05-24 14:20:00+00:00,1.34288,1.34288,1.34288,1.34288,0
2026-05-24 14:21:00+00:00,1.34288,1.34288,1.34288,1.34288,0
2026-05-24 14:22:00+00:00,1.34288,1.34288,1.34288,1.34288,0
2026-05-24 14:23:00+00:00,1.34288,1.34288,1.34288,1.34288,0
2026-05-24 14:24:00+00:00,1.34288,1.34288,1.34288,1.34288,0
2026-05-24 14:25:00+00:00,1.34288,1.34288,1.34288,1.34288,0
2026-05-24 14:26:00+00:00,1.34288,1.34288,1.34288,1.34288,0
2026-05-24 14:27:00+00:00,1.34288,1.34288,1.34288,1.34288,0
2026-05-24 14:28:00+00:00,1.34288,1.34288,1.34288,1.34288,0
2026-05-24 14:29:00+00:00,1.34288,1.34288,1.34288,1.34288,0
2026-05-24 14:30:00+00:00,1.34288,1.34288,1.34288,1.34288,0
2026-05-24 14:31:00+00:00,1.34288,1.34288,1.34288,1.34288,0
2026-05-24 14:32:00+00:00,1.34288,1.34288,1.34288,1.34288,0
2026-05-24 14:33:00+00:00,1.34288,1.34288,1.34288,1.34288,0
2026-05-24 14:34:00+00:00,1.34288,1.34288,1.34288,1.34288,0
2026-05-24 14:35:00+00:00,1.34288,1.34288,1.34288,1.34288,0
2026-05-24 14:36:00+00:00,1.34288,1.34288,1.34288,1.34288,0
2026-05-24 14:37:00+00:00,1.34288,1.34288,1.34288,1.34288,0
2026-05-24 14:38:00+00:00,1.34288,1.34288,1.34288,1.34288,0
2026-05-24 14:39:00+00:00,1.34288,1.34288,1.34288,1.34288,0
2026-05-24 14:40:00+00:00,1.34288,1.34288,1.34288,1.34288,0
2026-05-24 14:41:00+00:00,1.34288,1.34288,1.34288,1.34288,0
2026-05-24 14:42:00+00:00,1.34288,1.34288,1.34288,1.34288,0
2026-05-24 14:43:00+00:00,1.34288,1.34288,1.34288,1.34288,0
2026-05-24 14:44:00+00:00,1.34288,1.34288,1.34288,1.34288,0
2026-05-24 14:45:00+00:00,1.34288,1.34288,1.34288,1.34288,0
2026-05-24 14:46:00+00:00,1.34288,1.34288,1.34288,1.34288,0
2026-05-24 14:47:00+00:00,1.34288,1.34288,1.34288,1.34288,0
2026-05-24 14:48:00+00:00,1.34288,1.34288,1.34288,1.34288,0
2026-05-24 14:49:00+00:00,1.34288,1.34288,1.34288,1.34288,0
2026-05-24 14:50:00+00:00,1.34288,1.34288,1.34288,1.34288,0
2026-05-24 14:51:00+00:00,1.34288,1.34288,1.34288,1.34288,0
2026-05-24 14:52:00+00:00,1.34288,1.34288,1.34288,1.34288,0
2026-05-24 14:53:00+00:00,1.34288,1.34288,1.34288,1.34288,0
2026-05-24 14:54:00+00:00,1.34288,1.34288,1.34288,1.34288,0
2026-05-24 14:55:00+00:00,1.34288,1.34288,1.34288,1.34288,0
2026-05-24 14:56:00+00:00,1.34288,1.34288,1.34288,1.34288,0
2026-05-24 14:57:00+00:00,1.34288,1.34288,1.34288,1.34288,0
2026-05-24 14:58:00+00:00,1.34288,1.34288,1.34288,1.34288,0
2026-05-24 14:59:00+00:00,1.34288,1.34288,1.34288,1.34288,0
2026-05-24 15:00:00+00:00,1.34288,1.34288,1.34288,1.34288,0
2026-05-24 15:01:00+00:00,1.34288,1.34288,1.34288,1.34288,0
2026-05-24 15:02:00+00:00,1.34288,1.34288,1.34288,1.34288,0
2026-05-24 15:03:00+00:00,1.34288,1.34288,1.34288,1.34288,0
2026-05-24 15:04:00+00:00,1.34288,1.34288,1.34288,1.34288,0
2026-05-24 15:05:00+00:00,1.34288,1.34288,1.34288,1.34288,0
2026-05-24 15:06:00+00:00,1.34288,1.34288,1.34288,1.34288,0
2026-05-24 15:07:00+00:00,1.34288,1.34288,1.34288,1.34288,0
2026-05-24 15:08:00+00:00,1.34288,1.34288,1.34288,1.34288,0
2026-05-24 15:09:00+00:00,1.34288,1.34288,1.34288,1.34288,0
2026-05-24 15:10:00+00:00,1.34288,1.34288,1.34288,1.34288,0
2026-05-24 15:11:00+00:00,1.34288,1.34288,1.34288,1.34288,0
2026-05-24 15:12:00+00:00,1.34288,1.34288,1.34288,1.34288,0
2026-05-24 15:13:00+00:00,1.34288,1.34288,1.34288,1.34288,0
2026-05-24 15:14:00+00:00,1.34288,1.34288,1.34288,1.34288,0
2026-05-24 15:15:00+00:00,1.34288,1.34288,1.34288,1.34288,0
2026-05-24 15:16:00+00:00,1.34288,1.34288,1.34288,1.34288,0
2026-05-24 15:17:00+00:00,1.34288,1.34288,1.34288,1.34288,0
2026-05-24 15:18:00+00:00,1.34288,1.34288,1.34288,1.34288,0
2026-05-24 15:19:00+00:00,1.34288,1.34288,1.34288,1.34288,0
2026-05-24 15:20:00+00:00,1.34288,1.34288,1.34288,1.34288,0
2026-05-24 15:21:00+00:00,1.34288,1.34288,1.34288,1.34288,0
2026-05-24 15:22:00+00:00,1.34288,1.34288,1.34288,1.34288,0
2026-05-24 15:23:00+00:00,1.34288,1.34288,1.34288,1.34288,0
2026-05-24 15:24:00+00:00,1.34288,1.34288,1.34288,1.34288,0
2026-05-24 15:25:00+00:00,1.34288,1.34288,1.34288,1.34288,0
2026-05-24 15:26:00+00:00,1.34288,1.34288,1.34288,1.34288,0
2026-05-24 15:27:00+00:00,1.34288,1.34288,1.34288,1.34288,0
2026-05-24 15:28:00+00:00,1.34288,1.34288,1.34288,1.34288,0
2026-05-24 15:29:00+00:00,1.34288,1.34288,1.34288,1.34288,0
2026-05-24 15:30:00+00:00,1.34288,1.34288,1.34288,1.34288,0
2026-05-24 15:31:00+00:00,1.34288,1.34288,1.34288,1.34288,0
2026-05-24 15:32:00+00:00,1.34288,1.34288,1.34288,1.34288,0
2026-05-24 15:33:00+00:00,1.34288,1.34288,1.34288,1.34288,0
2026-05-24 15:34:00+00:00,1.34288,1.34288,1.34288,1.34288,0
2026-05-24 15:35:00+00:00,1.34288,1.34288,1.34288,1.34288,0
2026-05-24 15:36:00+00:00,1.34288,1.34288,1.34288,1.34288,0
2026-05-24 15:37:00+00:00,1.34288,1.34288,1.34288,1.34288,0
2026-05-24 15:38:00+00:00,1.34288,1.34288,1.34288,1.34288,0
2026-05-24 15:39:00+00:00,1.34288,1.34288,1.34288,1.34288,0
2026-05-24 15:40:00+00:00,1.34288,1.34288,1.34288,1.34288,0
2026-05-24 15:41:00+00:00,1.34288,1.34288,1.34288,1.34288,0
2026-05-24 15:42:00+00:00,1.34288,1.34288,1.34288,1.34288,0
2026-05-24 15:43:00+00:00,1.34288,1.34288,1.34288,1.34288,0
2026-05-24 15:44:00+00:00,1.34288,1.34288,1.34288,1.34288,0
2026-05-24 15:45:00+00:00,1.34288,1.34288,1.34288,1.34288,0
2026-05-24 15:46:00+00:00,1.34288,1.34288,1.34288,1.34288,0
2026-05-24 15:47:00+00:00,1.34288,1.34288,1.34288,1.34288,0
2026-05-24 15:48:00+00:00,1.34288,1.34288,1.34288,1.34288,0
2026-05-24 15:49:00+00:00,1.34288,1.34288,1.34288,1.34288,0
2026-05-24 15:50:00+00:00,1.34288,1.34288,1.34288,1.34288,0
2026-05-24 15:51:00+00:00,1.34288,1.34288,1.34288,1.34288,0
2026-05-24 15:52:00+00:00,1.34288,1.34288,1.34288,1.34288,0
2026-05-24 15:53:00+00:00,1.34288,1.34288,1.34288,1.34288,0
2026-05-24 15:54:00+00:00,1.34288,1.34288,1.34288,1.34288,0
2026-05-24 15:55:00+00:00,1.34288,1.34288,1.34288,1.34288,0
2026-05-24 15:56:00+00:00,1.34288,1.34288,1.34288,1.34288,0
2026-05-24 15:57:00+00:00,1.34288,1.34288,1.34288,1.34288,0
2026-05-24 15:58:00+00:00,1.34288,1.34288,1.34288,1.34288,0
2026-05-24 15:59:00+00:00,1.34288,1.34288,1.34288,1.34288,0
2026-05-24 16:00:00+00:00,1.34288,1.34288,1.34288,1.34288,0
2026-05-24 16:01:00+00:00,1.34288,1.34288,1.34288,1.34288,0
2026-05-24 16:02:00+00:00,1.34288,1.34288,1.34288,1.34288,0
2026-05-24 16:03:00+00:00,1.34288,1.34288,1.34288,1.34288,0
2026-05-24 16:04:00+00:00,1.34288,1.34288,1.34288,1.34288,0
2026-05-24 16:05:00+00:00,1.34288,1.34288,1.34288,1.34288,0
2026-05-24 16:06:00+00:00,1.34288,1.34288,1.34288,1.34288,0
2026-05-24 16:07:00+00:00,1.34288,1.34288,1.34288,1.34288,0
2026-05-24 16:08:00+00:00,1.34288,1.34288,1.34288,1.34288,0
2026-05-24 16:09:00+00:00,1.34288,1.34288,1.34288,1.34288,0
2026-05-24 16:10:00+00:00,1.34288,1.34288,1.34288,1.34288,0
2026-05-24 16:11:00+00:00,1.34288,1.34288,1.34288,1.34288,0
2026-05-24 16:12:00+00:00,1.34288,1.34288,1.34288,1.34288,0
2026-05-24 16:13:00+00:00,1.34288,1.34288,1.34288,1.34288,0
2026-05-24 16:14:00+00:00,1.34288,1.34288,1.34288,1.34288,0
2026-05-24 16:15:00+00:00,1.34288,1.34288,1.34288,1.34288,0
2026-05-24 16:16:00+00:00,1.34288,1.34288,1.34288,1.34288,0
2026-05-24 16:17:00+00:00,1.34288,1.34288,1.34288,1.34288,0
2026-05-24 16:18:00+00:00,1.34288,1.34288,1.34288,1.34288,0
2026-05-24 16:19:00+00:00,1.34288,1.34288,1.34288,1.34288,0
2026-05-24 16:20:00+00:00,1.34288,1.34288,1.34288,1.34288,0
2026-05-24 16:21:00+00:00,1.34288,1.34288,1.34288,1.34288,0
2026-05-24 16:22:00+00:00,1.34288,1.34288,1.34288,1.34288,0
2026-05-24 16:23:00+00:00,1.34288,1.34288,1.34288,1.34288,0
2026-05-24 16:24:00+00:00,1.34288,1.34288,1.34288,1.34288,0
2026-05-24 16:25:00+00:00,1.34288,1.34288,1.34288,1.34288,0
2026-05-24 16:26:00+00:00,1.34288,1.34288,1.34288,1.34288,0
2026-05-24 16:27:00+00:00,1.34288,1.34288,1.34288,1.34288,0
2026-05-24 16:28:00+00:00,1.34288,1.34288,1.34288,1.34288,0
2026-05-24 16:29:00+00:00,1.34288,1.34288,1.34288,1.34288,0
2026-05-24 16:30:00+00:00,1.34288,1.34288,1.34288,1.34288,0
2026-05-24 16:31:00+00:00,1.34288,1.34288,1.34288,1.34288,0
2026-05-24 16:32:00+00:00,1.34288,1.34288,1.34288,1.34288,0
2026-05-24 16:33:00+00:00,1.34288,1.34288,1.34288,1.34288,0
2026-05-24 16:34:00+00:00,1.34288,1.34288,1.34288,1.34288,0
2026-05-24 16:35:00+00:00,1.34288,1.34288,1.34288,1.34288,0
2026-05-24 16:36:00+00:00,1.34288,1.34288,1.34288,1.34288,0
2026-05-24 16:37:00+00:00,1.34288,1.34288,1.34288,1.34288,0
2026-05-24 16:38:00+00:00,1.34288,1.34288,1.34288,1.34288,0
2026-05-24 16:39:00+00:00,1.34288,1.34288,1.34288,1.34288,0
2026-05-24 16:40:00+00:00,1.34288,1.34288,1.34288,1.34288,0
2026-05-24 16:41:00+00:00,1.34288,1.34288,1.34288,1.34288,0
2026-05-24 16:42:00+00:00,1.34288,1.34288,1.34288,1.34288,0
2026-05-24 16:43:00+00:00,1.34288,1.34288,1.34288,1.34288,0
2026-05-24 16:44:00+00:00,1.34288,1.34288,1.34288,1.34288,0
2026-05-24 16:45:00+00:00,1.34288,1.34288,1.34288,1.34288,0
2026-05-24 16:46:00+00:00,1.34288,1.34288,1.34288,1.34288,0
2026-05-24 16:47:00+00:00,1.34288,1.34288,1.34288,1.34288,0
2026-05-24 16:48:00+00:00,1.34288,1.34288,1.34288,1.34288,0
2026-05-24 16:49:00+00:00,1.34288,1.34288,1.34288,1.34288,0
2026-05-24 16:50:00+00:00,1.34288,1.34288,1.34288,1.34288,0
2026-05-24 16:51:00+00:00,1.34288,1.34288,1.34288,1.34288,0
2026-05-24 16:52:00+00:00,1.34288,1.34288,1.34288,1.34288,0
2026-05-24 16:53:00+00:00,1.34288,1.34288,1.34288,1.34288,0
2026-05-24 16:54:00+00:00,1.34288,1.34288,1.34288,1.34288,0
2026-05-24 16:55:00+00:00,1.34288,1.34288,1.34288,1.34288,0
2026-05-24 16:56:00+00:00,1.34288,1.34288,1.34288,1.34288,0
2026-05-24 16:57:00+00:00,1.34288,1.34288,1.34288,1.34288,0
2026-05-24 16:58:00+00:00,1.34288,1.34288,1.34288,1.34288,0
2026-05-24 16:59:00+00:00,1.34288,1.34288,1.34288,1.34288,0
2026-05-24 17:00:00+00:00,1.34288,1.34288,1.34288,1.34288,0
2026-05-24 17:01:00+00:00,1.34288,1.34288,1.34288,1.34288,0
2026-05-24 17:02:00+00:00,1.34288,1.34288,1.34288,1.34288,0
2026-05-24 17:03:00+00:00,1.34288,1.34288,1.34288,1.34288,0
2026-05-24 17:04:00+00:00,1.34288,1.34288,1.34288,1.34288,0
2026-05-24 17:05:00+00:00,1.34288,1.34288,1.34288,1.34288,0
2026-05-24 17:06:00+00:00,1.34288,1.34288,1.34288,1.34288,0
2026-05-24 17:07:00+00:00,1.34288,1.34288,1.34288,1.34288,0
2026-05-24 17:08:00+00:00,1.34288,1.34288,1.34288,1.34288,0
2026-05-24 17:09:00+00:00,1.34288,1.34288,1.34288,1.34288,0
2026-05-24 17:10:00+00:00,1.34288,1.34288,1.34288,1.34288,0
2026-05-24 17:11:00+00:00,1.34288,1.34288,1.34288,1.34288,0
2026-05-24 17:12:00+00:00,1.34288,1.34288,1.34288,1.34288,0
2026-05-24 17:13:00+00:00,1.34288,1.34288,1.34288,1.34288,0
2026-05-24 17:14:00+00:00,1.34288,1.34288,1.34288,1.34288,0
2026-05-24 17:15:00+00:00,1.34288,1.34288,1.34288,1.34288,0
2026-05-24 17:16:00+00:00,1.34288,1.34288,1.34288,1.34288,0
2026-05-24 17:17:00+00:00,1.34288,1.34288,1.34288,1.34288,0
2026-05-24 17:18:00+00:00,1.34288,1.34288,1.34288,1.34288,0
2026-05-24 17:19:00+00:00,1.34288,1.34288,1.34288,1.34288,0
2026-05-24 17:20:00+00:00,1.34288,1.34288,1.34288,1.34288,0
2026-05-24 17:21:00+00:00,1.34288,1.34288,1.34288,1.34288,0
2026-05-24 17:22:00+00:00,1.34288,1.34288,1.34288,1.34288,0
2026-05-24 17:23:00+00:00,1.34288,1.34288,1.34288,1.34288,0
2026-05-24 17:24:00+00:00,1.34288,1.34288,1.34288,1.34288,0
2026-05-24 17:25:00+00:00,1.34288,1.34288,1.34288,1.34288,0
2026-05-24 17:26:00+00:00,1.34288,1.34288,1.34288,1.34288,0
2026-05-24 17:27:00+00:00,1.34288,1.34288,1.34288,1.34288,0
2026-05-24 17:28:00+00:00,1.34288,1.34288,1.34288,1.34288,0
2026-05-24 17:29:00+00:00,1.34288,1.34288,1.34288,1.34288,0
2026-05-24 17:30:00+00:00,1.34288,1.34288,1.34288,1.34288,0
2026-05-24 17:31:00+00:00,1.34288,1.34288,1.34288,1.34288,0
2026-05-24 17:32:00+00:00,1.34288,1.34288,1.34288,1.34288,0
2026-05-24 17:33:00+00:00,1.34288,1.34288,1.34288,1.34288,0
2026-05-24 17:34:00+00:00,1.34288,1.34288,1.34288,1.34288,0
2026-05-24 17:35:00+00:00,1.34288,1.34288,1.34288,1.34288,0
2026-05-24 17:36:00+00:00,1.34288,1.34288,1.34288,1.34288,0
2026-05-24 17:37:00+00:00,1.34288,1.34288,1.34288,1.34288,0
2026-05-24 17:38:00+00:00,1.34288,1.34288,1.34288,1.34288,0
2026-05-24 17:39:00+00:00,1.34288,1.34288,1.34288,1.34288,0
2026-05-24 17:40:00+00:00,1.34288,1.34288,1.34288,1.34288,0
2026-05-24 17:41:00+00:00,1.34288,1.34288,1.34288,1.34288,0
2026-05-24 17:42:00+00:00,1.34288,1.34288,1.34288,1.34288,0
2026-05-24 17:43:00+00:00,1.34288,1.34288,1.34288,1.34288,0
2026-05-24 17:44:00+00:00,1.34288,1.34288,1.34288,1.34288,0
2026-05-24 17:45:00+00:00,1.34288,1.34288,1.34288,1.34288,0
2026-05-24 17:46:00+00:00,1.34288,1.34288,1.34288,1.34288,0
2026-05-24 17:47:00+00:00,1.34288,1.34288,1.34288,1.34288,0
2026-05-24 17:48:00+00:00,1.34288,1.34288,1.34288,1.34288,0
2026-05-24 17:49:00+00:00,1.34288,1.34288,1.34288,1.34288,0
2026-05-24 17:50:00+00:00,1.34288,1.34288,1.34288,1.34288,0
2026-05-24 17:51:00+00:00,1.34288,1.34288,1.34288,1.34288,0
2026-05-24 17:52:00+00:00,1.34288,1.34288,1.34288,1.34288,0
2026-05-24 17:53:00+00:00,1.34288,1.34288,1.34288,1.34288,0
2026-05-24 17:54:00+00:00,1.34288,1.34288,1.34288,1.34288,0
2026-05-24 17:55:00+00:00,1.34288,1.34288,1.34288,1.34288,0
2026-05-24 17:56:00+00:00,1.34288,1.34288,1.34288,1.34288,0
2026-05-24 17:57:00+00:00,1.34288,1.34288,1.34288,1.34288,0
2026-05-24 17:58:00+00:00,1.34288,1.34288,1.34288,1.34288,0
2026-05-24 17:59:00+00:00,1.34288,1.34288,1.34288,1.34288,0
2026-05-24 18:00:00+00:00,1.34288,1.34288,1.34288,1.34288,0
2026-05-24 18:01:00+00:00,1.34288,1.34288,1.34288,1.34288,0
2026-05-24 18:02:00+00:00,1.34288,1.34288,1.34288,1.34288,0
2026-05-24 18:03:00+00:00,1.34288,1.34288,1.34288,1.34288,0
2026-05-24 18:04:00+00:00,1.34288,1.34288,1.34288,1.34288,0
2026-05-24 18:05:00+00:00,1.34288,1.34288,1.34288,1.34288,0
2026-05-24 18:06:00+00:00,1.34288,1.34288,1.34288,1.34288,0
2026-05-24 18:07:00+00:00,1.34288,1.34288,1.34288,1.34288,0
2026-05-24 18:08:00+00:00,1.34288,1.34288,1.34288,1.34288,0
2026-05-24 18:09:00+00:00,1.34288,1.34288,1.34288,1.34288,0
2026-05-24 18:10:00+00:00,1.34288,1.34288,1.34288,1.34288,0
2026-05-24 18:11:00+00:00,1.34288,1.34288,1.34288,1.34288,0
2026-05-24 18:12:00+00:00,1.34288,1.34288,1.34288,1.34288,0
2026-05-24 18:13:00+00:00,1.34288,1.34288,1.34288,1.34288,0
2026-05-24 18:14:00+00:00,1.34288,1.34288,1.34288,1.34288,0
2026-05-24 18:15:00+00:00,1.34288,1.34288,1.34288,1.34288,0
2026-05-24 18:16:00+00:00,1.34288,1.34288,1.34288,1.34288,0
2026-05-24 18:17:00+00:00,1.34288,1.34288,1.34288,1.34288,0
2026-05-24 18:18:00+00:00,1.34288,1.34288,1.34288,1.34288,0
2026-05-24 18:19:00+00:00,1.34288,1.34288,1.34288,1.34288,0
2026-05-24 18:20:00+00:00,1.34288,1.34288,1.34288,1.34288,0
2026-05-24 18:21:00+00:00,1.34288,1.34288,1.34288,1.34288,0
2026-05-24 18:22:00+00:00,1.34288,1.34288,1.34288,1.34288,0
2026-05-24 18:23:00+00:00,1.34288,1.34288,1.34288,1.34288,0
2026-05-24 18:24:00+00:00,1.34288,1.34288,1.34288,1.34288,0
2026-05-24 18:25:00+00:00,1.34288,1.34288,1.34288,1.34288,0
2026-05-24 18:26:00+00:00,1.34288,1.34288,1.34288,1.34288,0
2026-05-24 18:27:00+00:00,1.34288,1.34288,1.34288,1.34288,0
2026-05-24 18:28:00+00:00,1.34288,1.34288,1.34288,1.34288,0
2026-05-24 18:29:00+00:00,1.34288,1.34288,1.34288,1.34288,0
2026-05-24 18:30:00+00:00,1.34288,1.34288,1.34288,1.34288,0
2026-05-24 18:31:00+00:00,1.34288,1.34288,1.34288,1.34288,0
2026-05-24 18:32:00+00:00,1.34288,1.34288,1.34288,1.34288,0
2026-05-24 18:33:00+00:00,1.34288,1.34288,1.34288,1.34288,0
2026-05-24 18:34:00+00:00,1.34288,1.34288,1.34288,1.34288,0
2026-05-24 18:35:00+00:00,1.34288,1.34288,1.34288,1.34288,0
2026-05-24 18:36:00+00:00,1.34288,1.34288,1.34288,1.34288,0
2026-05-24 18:37:00+00:00,1.34288,1.34288,1.34288,1.34288,0
2026-05-24 18:38:00+00:00,1.34288,1.34288,1.34288,1.34288,0
2026-05-24 18:39:00+00:00,1.34288,1.34288,1.34288,1.34288,0
2026-05-24 18:40:00+00:00,1.34288,1.34288,1.34288,1.34288,0
2026-05-24 18:41:00+00:00,1.34288,1.34288,1.34288,1.34288,0
2026-05-24 18:42:00+00:00,1.34288,1.34288,1.34288,1.34288,0
2026-05-24 18:43:00+00:00,1.34288,1.34288,1.34288,1.34288,0
2026-05-24 18:44:00+00:00,1.34288,1.34288,1.34288,1.34288,0
2026-05-24 18:45:00+00:00,1.34288,1.34288,1.34288,1.34288,0
2026-05-24 18:46:00+00:00,1.34288,1.34288,1.34288,1.34288,0
2026-05-24 18:47:00+00:00,1.34288,1.34288,1.34288,1.34288,0
2026-05-24 18:48:00+00:00,1.34288,1.34288,1.34288,1.34288,0
2026-05-24 18:49:00+00:00,1.34288,1.34288,1.34288,1.34288,0
2026-05-24 18:50:00+00:00,1.34288,1.34288,1.34288,1.34288,0
2026-05-24 18:51:00+00:00,1.34288,1.34288,1.34288,1.34288,0
2026-05-24 18:52:00+00:00,1.34288,1.34288,1.34288,1.34288,0
2026-05-24 18:53:00+00:00,1.34288,1.34288,1.34288,1.34288,0
2026-05-24 18:54:00+00:00,1.34288,1.34288,1.34288,1.34288,0
2026-05-24 18:55:00+00:00,1.34288,1.34288,1.34288,1.34288,0
2026-05-24 18:56:00+00:00,1.34288,1.34288,1.34288,1.34288,0
2026-05-24 18:57:00+00:00,1.34288,1.34288,1.34288,1.34288,0
2026-05-24 18:58:00+00:00,1.34288,1.34288,1.34288,1.34288,0
2026-05-24 18:59:00+00:00,1.34288,1.34288,1.34288,1.34288,0
2026-05-24 19:00:00+00:00,1.34288,1.34288,1.34288,1.34288,0
2026-05-24 19:01:00+00:00,1.34288,1.34288,1.34288,1.34288,0
2026-05-24 19:02:00+00:00,1.34288,1.34288,1.34288,1.34288,0
2026-05-24 19:03:00+00:00,1.34288,1.34288,1.34288,1.34288,0
2026-05-24 19:04:00+00:00,1.34288,1.34288,1.34288,1.34288,0
2026-05-24 19:05:00+00:00,1.34288,1.34288,1.34288,1.34288,0
2026-05-24 19:06:00+00:00,1.34288,1.34288,1.34288,1.34288,0
2026-05-24 19:07:00+00:00,1.34288,1.34288,1.34288,1.34288,0
2026-05-24 19:08:00+00:00,1.34288,1.34288,1.34288,1.34288,0
2026-05-24 19:09:00+00:00,1.34288,1.34288,1.34288,1.34288,0
2026-05-24 19:10:00+00:00,1.34288,1.34288,1.34288,1.34288,0
2026-05-24 19:11:00+00:00,1.34288,1.34288,1.34288,1.34288,0
2026-05-24 19:12:00+00:00,1.34288,1.34288,1.34288,1.34288,0
2026-05-24 19:13:00+00:00,1.34288,1.34288,1.34288,1.34288,0
2026-05-24 19:14:00+00:00,1.34288,1.34288,1.34288,1.34288,0
2026-05-24 19:15:00+00:00,1.34288,1.34288,1.34288,1.34288,0
2026-05-24 19:16:00+00:00,1.34288,1.34288,1.34288,1.34288,0
2026-05-24 19:17:00+00:00,1.34288,1.34288,1.34288,1.34288,0
2026-05-24 19:18:00+00:00,1.34288,1.34288,1.34288,1.34288,0
2026-05-24 19:19:00+00:00,1.34288,1.34288,1.34288,1.34288,0
2026-05-24 19:20:00+00:00,1.34288,1.34288,1.34288,1.34288,0
2026-05-24 19:21:00+00:00,1.34288,1.34288,1.34288,1.34288,0
2026-05-24 19:22:00+00:00,1.34288,1.34288,1.34288,1.34288,0
2026-05-24 19:23:00+00:00,1.34288,1.34288,1.34288,1.34288,0
2026-05-24 19:24:00+00:00,1.34288,1.34288,1.34288,1.34288,0
2026-05-24 19:25:00+00:00,1.34288,1.34288,1.34288,1.34288,0
2026-05-24 19:26:00+00:00,1.34288,1.34288,1.34288,1.34288,0
2026-05-24 19:27:00+00:00,1.34288,1.34288,1.34288,1.34288,0
2026-05-24 19:28:00+00:00,1.34288,1.34288,1.34288,1.34288,0
2026-05-24 19:29:00+00:00,1.34288,1.34288,1.34288,1.34288,0
2026-05-24 19:30:00+00:00,1.34288,1.34288,1.34288,1.34288,0
2026-05-24 19:31:00+00:00,1.34288,1.34288,1.34288,1.34288,0
2026-05-24 19:32:00+00:00,1.34288,1.34288,1.34288,1.34288,0
2026-05-24 19:33:00+00:00,1.34288,1.34288,1.34288,1.34288,0
2026-05-24 19:34:00+00:00,1.34288,1.34288,1.34288,1.34288,0
2026-05-24 19:35:00+00:00,1.34288,1.34288,1.34288,1.34288,0
2026-05-24 19:36:00+00:00,1.34288,1.34288,1.34288,1.34288,0
2026-05-24 19:37:00+00:00,1.34288,1.34288,1.34288,1.34288,0
2026-05-24 19:38:00+00:00,1.34288,1.34288,1.34288,1.34288,0
2026-05-24 19:39:00+00:00,1.34288,1.34288,1.34288,1.34288,0
2026-05-24 19:40:00+00:00,1.34288,1.34288,1.34288,1.34288,0
2026-05-24 19:41:00+00:00,1.34288,1.34288,1.34288,1.34288,0
2026-05-24 19:42:00+00:00,1.34288,1.34288,1.34288,1.34288,0
2026-05-24 19:43:00+00:00,1.34288,1.34288,1.34288,1.34288,0
2026-05-24 19:44:00+00:00,1.34288,1.34288,1.34288,1.34288,0
2026-05-24 19:45:00+00:00,1.34288,1.34288,1.34288,1.34288,0
2026-05-24 19:46:00+00:00,1.34288,1.34288,1.34288,1.34288,0
2026-05-24 19:47:00+00:00,1.34288,1.34288,1.34288,1.34288,0
2026-05-24 19:48:00+00:00,1.34288,1.34288,1.34288,1.34288,0
2026-05-24 19:49:00+00:00,1.34288,1.34288,1.34288,1.34288,0
2026-05-24 19:50:00+00:00,1.34288,1.34288,1.34288,1.34288,0
2026-05-24 19:51:00+00:00,1.34288,1.34288,1.34288,1.34288,0
2026-05-24 19:52:00+00:00,1.34288,1.34288,1.34288,1.34288,0
2026-05-24 19:53:00+00:00,1.34288,1.34288,1.34288,1.34288,0
2026-05-24 19:54:00+00:00,1.34288,1.34288,1.34288,1.34288,0
2026-05-24 19:55:00+00:00,1.34288,1.34288,1.34288,1.34288,0
2026-05-24 19:56:00+00:00,1.34288,1.34288,1.34288,1.34288,0
2026-05-24 19:57:00+00:00,1.34288,1.34288,1.34288,1.34288,0
2026-05-24 19:58:00+00:00,1.34288,1.34288,1.34288,1.34288,0
2026-05-24 19:59:00+00:00,1.34288,1.34288,1.34288,1.34288,0
2026-05-24 20:00:00+00:00,1.34288,1.34288,1.34288,1.34288,0
2026-05-24 20:01:00+00:00,1.34288,1.34288,1.34288,1.34288,0
2026-05-24 20:02:00+00:00,1.34288,1.34288,1.34288,1.34288,0
2026-05-24 20:03:00+00:00,1.34288,1.34288,1.34288,1.34288,0
2026-05-24 20:04:00+00:00,1.34288,1.34288,1.34288,1.34288,0
2026-05-24 20:05:00+00:00,1.34288,1.34288,1.34288,1.34288,0
2026-05-24 20:06:00+00:00,1.34288,1.34288,1.34288,1.34288,0
2026-05-24 20:07:00+00:00,1.34288,1.34288,1.34288,1.34288,0
2026-05-24 20:08:00+00:00,1.34288,1.34288,1.34288,1.34288,0
2026-05-24 20:09:00+00:00,1.34288,1.34288,1.34288,1.34288,0
2026-05-24 20:10:00+00:00,1.34288,1.34288,1.34288,1.34288,0
2026-05-24 20:11:00+00:00,1.34288,1.34288,1.34288,1.34288,0
2026-05-24 20:12:00+00:00,1.34288,1.34288,1.34288,1.34288,0
2026-05-24 20:13:00+00:00,1.34288,1.34288,1.34288,1.34288,0
2026-05-24 20:14:00+00:00,1.34288,1.34288,1.34288,1.34288,0
2026-05-24 20:15:00+00:00,1.34288,1.34288,1.34288,1.34288,0
2026-05-24 20:16:00+00:00,1.34288,1.34288,1.34288,1.34288,0
2026-05-24 20:17:00+00:00,1.34288,1.34288,1.34288,1.34288,0
2026-05-24 20:18:00+00:00,1.34288,1.34288,1.34288,1.34288,0
2026-05-24 20:19:00+00:00,1.34288,1.34288,1.34288,1.34288,0
2026-05-24 20:20:00+00:00,1.34288,1.34288,1.34288,1.34288,0
2026-05-24 20:21:00+00:00,1.34288,1.34288,1.34288,1.34288,0
2026-05-24 20:22:00+00:00,1.34288,1.34288,1.34288,1.34288,0
2026-05-24 20:23:00+00:00,1.34288,1.34288,1.34288,1.34288,0
2026-05-24 20:24:00+00:00,1.34288,1.34288,1.34288,1.34288,0
2026-05-24 20:25:00+00:00,1.34288,1.34288,1.34288,1.34288,0
2026-05-24 20:26:00+00:00,1.34288,1.34288,1.34288,1.34288,0
2026-05-24 20:27:00+00:00,1.34288,1.34288,1.34288,1.34288,0
2026-05-24 20:28:00+00:00,1.34288,1.34288,1.34288,1.34288,0
2026-05-24 20:29:00+00:00,1.34288,1.34288,1.34288,1.34288,0
2026-05-24 20:30:00+00:00,1.34288,1.34288,1.34288,1.34288,0
2026-05-24 20:31:00+00:00,1.34288,1.34288,1.34288,1.34288,0
2026-05-24 20:32:00+00:00,1.34288,1.34288,1.34288,1.34288,0
2026-05-24 20:33:00+00:00,1.34288,1.34288,1.34288,1.34288,0
2026-05-24 20:34:00+00:00,1.34288,1.34288,1.34288,1.34288,0
2026-05-24 20:35:00+00:00,1.34288,1.34288,1.34288,1.34288,0
2026-05-24 20:36:00+00:00,1.34288,1.34288,1.34288,1.34288,0
2026-05-24 20:37:00+00:00,1.34288,1.34288,1.34288,1.34288,0
2026-05-24 20:38:00+00:00,1.34288,1.34288,1.34288,1.34288,0
2026-05-24 20:39:00+00:00,1.34288,1.34288,1.34288,1.34288,0
2026-05-24 20:40:00+00:00,1.34288,1.34288,1.34288,1.34288,0
2026-05-24 20:41:00+00:00,1.34288,1.34288,1.34288,1.34288,0
2026-05-24 20:42:00+00:00,1.34288,1.34288,1.34288,1.34288,0
2026-05-24 20:43:00+00:00,1.34288,1.34288,1.34288,1.34288,0
2026-05-24 20:44:00+00:00,1.34288,1.34288,1.34288,1.34288,0
2026-05-24 20:45:00+00:00,1.34288,1.34288,1.34288,1.34288,0
2026-05-24 20:46:00+00:00,1.34288,1.34288,1.34288,1.34288,0
2026-05-24 20:47:00+00:00,1.34288,1.34288,1.34288,1.34288,0
2026-05-24 20:48:00+00:00,1.34288,1.34288,1.34288,1.34288,0
2026-05-24 20:49:00+00:00,1.34288,1.34288,1.34288,1.34288,0
2026-05-24 20:50:00+00:00,1.34288,1.34288,1.34288,1.34288,0
2026-05-24 20:51:00+00:00,1.34288,1.34288,1.34288,1.34288,0
2026-05-24 20:52:00+00:00,1.34288,1.34288,1.34288,1.34288,0
2026-05-24 20:53:00+00:00,1.34288,1.34288,1.34288,1.34288,0
2026-05-24 20:54:00+00:00,1.34288,1.34288,1.34288,1.34288,0
2026-05-24 20:55:00+00:00,1.34288,1.34288,1.34288,1.34288,0
2026-05-24 20:56:00+00:00,1.34288,1.34288,1.34288,1.34288,0
2026-05-24 20:57:00+00:00,1.34288,1.34288,1.34288,1.34288,0
2026-05-24 20:58:00+00:00,1.34288,1.34288,1.34288,1.34288,0
2026-05-24 20:59:00+00:00,1.34288,1.34288,1.34288,1.34288,0
2026-05-24 21:00:00+00:00,1.34288,1.34288,1.34288,1.34288,0
2026-05-24 21:01:00+00:00,1.34288,1.34288,1.34288,1.34288,0
2026-05-24 21:02:00+00:00,1.34288,1.34288,1.34288,1.34288,0
2026-05-24 21:03:00+00:00,1.34288,1.34288,1.34288,1.34288,0
2026-05-24 21:04:00+00:00,1.34511,1.34511,1.34499,1.34499,0
2026-05-24 21:05:00+00:00,1.34461,1.34509,1.34461,1.34509,0
2026-05-24 21:06:00+00:00,1.34509,1.34533,1.34507,1.34532,0
2026-05-24 21:07:00+00:00,1.3453,1.3456,1.3453,1.34533,0
2026-05-24 21:08:00+00:00,1.34515,1.34533,1.34508,1.34533,0
2026-05-24 21:09:00+00:00,1.34532,1.34533,1.34515,1.34524,0
2026-05-24 21:10:00+00:00,1.34524,1.34524,1.34523,1.34524,0
2026-05-24 21:11:00+00:00,1.34508,1.34518,1.34508,1.34517,0
2026-05-24 21:12:00+00:00,1.34514,1.34532,1.34513,1.34528,0
2026-05-24 21:13:00+00:00,1.34529,1.34529,1.34529,1.34529,0
2026-05-24 21:14:00+00:00,1.3453,1.3453,1.34528,1.34528,0
2026-05-24 21:15:00+00:00,1.34528,1.34529,1.34524,1.34524,0
2026-05-24 21:16:00+00:00,1.34512,1.3452,1.34511,1.34511,0
2026-05-24 21:17:00+00:00,1.34516,1.3452,1.34515,1.34518,0
2026-05-24 21:18:00+00:00,1.34521,1.34521,1.34517,1.34519,0
2026-05-24 21:19:00+00:00,1.34516,1.34529,1.34516,1.34528,0
2026-05-24 21:20:00+00:00,1.34517,1.34536,1.3451,1.34527,0
2026-05-24 21:21:00+00:00,1.34527,1.34527,1.34527,1.34527,0
2026-05-24 21:22:00+00:00,1.34544,1.3455,1.34521,1.3455,0
2026-05-24 21:23:00+00:00,1.34549,1.34556,1.34549,1.34549,0
2026-05-24 21:24:00+00:00,1.3455,1.34554,1.34549,1.34549,0
2026-05-24 21:25:00+00:00,1.3455,1.3455,1.3455,1.3455,0
2026-05-24 21:26:00+00:00,1.34551,1.34554,1.34546,1.34549,0
2026-05-24 21:27:00+00:00,1.34547,1.34547,1.34547,1.34547,0
2026-05-24 21:28:00+00:00,1.34552,1.34552,1.34548,1.34548,0
2026-05-24 21:29:00+00:00,1.34551,1.34551,1.3455,1.3455,0
2026-05-24 21:30:00+00:00,1.34556,1.34556,1.34534,1.34534,0
2026-05-24 21:31:00+00:00,1.34533,1.34534,1.34533,1.34534,0
2026-05-24 21:32:00+00:00,1.34534,1.34534,1.34534,1.34534,0
2026-05-24 21:33:00+00:00,1.34523,1.34523,1.34516,1.34519,0
2026-05-24 21:34:00+00:00,1.34517,1.34517,1.34517,1.34517,0
2026-05-24 21:35:00+00:00,1.34517,1.34525,1.34517,1.34525,0
2026-05-24 21:36:00+00:00,1.34518,1.34518,1.34518,1.34518,0
2026-05-24 21:37:00+00:00,1.34518,1.34519,1.34517,1.34518,0
2026-05-24 21:38:00+00:00,1.34517,1.34517,1.34516,1.34516,0
2026-05-24 21:39:00+00:00,1.34517,1.34517,1.34516,1.34516,0
2026-05-24 21:40:00+00:00,1.34544,1.34544,1.34499,1.345,0
2026-05-24 21:41:00+00:00,1.34501,1.34522,1.34499,1.34514,0
2026-05-24 21:42:00+00:00,1.34512,1.34517,1.34507,1.34513,0
2026-05-24 21:43:00+00:00,1.34513,1.34513,1.34513,1.34513,0
2026-05-24 21:44:00+00:00,1.34513,1.34513,1.34513,1.34513,0
2026-05-24 21:45:00+00:00,1.34523,1.34523,1.34511,1.34511,0
2026-05-24 21:46:00+00:00,1.34513,1.34525,1.34511,1.34511,0
2026-05-24 21:47:00+00:00,1.34512,1.34524,1.34512,1.34524,0
2026-05-24 21:48:00+00:00,1.34524,1.34524,1.34523,1.34523,0
2026-05-24 21:49:00+00:00,1.34515,1.34515,1.34515,1.34515,0
2026-05-24 21:50:00+00:00,1.34523,1.34535,1.34523,1.34535,0
2026-05-24 21:51:00+00:00,1.3452,1.34535,1.3452,1.34535,0
2026-05-24 21:52:00+00:00,1.34519,1.34535,1.34519,1.34535,0
2026-05-24 21:53:00+00:00,1.34534,1.34534,1.34534,1.34534,0
2026-05-24 21:54:00+00:00,1.3452,1.34536,1.3452,1.34536,0
2026-05-24 21:55:00+00:00,1.34536,1.34536,1.34536,1.34536,0
2026-05-24 21:56:00+00:00,1.34535,1.34538,1.34518,1.34518,0
2026-05-24 21:57:00+00:00,1.34518,1.34549,1.34518,1.34543,0
2026-05-24 21:58:00+00:00,1.34519,1.34542,1.34519,1.34542,0
2026-05-24 21:59:00+00:00,1.34543,1.34544,1.34542,1.34544,0
2026-05-24 22:00:00+00:00,1.34546,1.34692,1.34539,1.34682,0
2026-05-24 22:01:00+00:00,1.34684,1.34722,1.34684,1.34722,0
2026-05-24 22:02:00+00:00,1.34721,1.34738,1.34715,1.34733,0
2026-05-24 22:03:00+00:00,1.34736,1.34743,1.34717,1.3474,0
2026-05-24 22:04:00+00:00,1.34741,1.3475,1.34741,1.34746,0
2026-05-24 22:05:00+00:00,1.34744,1.34763,1.3473,1.34762,0
2026-05-24 22:06:00+00:00,1.34763,1.34768,1.34755,1.34765,0
2026-05-24 22:07:00+00:00,1.34767,1.34771,1.34761,1.34762,0
2026-05-24 22:08:00+00:00,1.34767,1.34772,1.34754,1.34766,0
2026-05-24 22:09:00+00:00,1.34769,1.34772,1.34753,1.34772,0
2026-05-24 22:10:00+00:00,1.34769,1.34776,1.34767,1.34774,0
2026-05-24 22:11:00+00:00,1.34775,1.34775,1.34764,1.34773,0
2026-05-24 22:12:00+00:00,1.34767,1.34767,1.34754,1.34764,0
2026-05-24 22:13:00+00:00,1.34767,1.34781,1.34761,1.34772,0
2026-05-24 22:14:00+00:00,1.34771,1.34771,1.34761,1.34762,0
2026-05-24 22:15:00+00:00,1.34763,1.3478,1.34754,1.34754,0
2026-05-24 22:16:00+00:00,1.34753,1.34759,1.34746,1.34754,0
2026-05-24 22:17:00+00:00,1.34752,1.34764,1.34752,1.34756,0
2026-05-24 22:18:00+00:00,1.34757,1.34762,1.34752,1.34756,0
2026-05-24 22:19:00+00:00,1.34754,1.34761,1.34752,1.34756,0
2026-05-24 22:20:00+00:00,1.34757,1.34762,1.34751,1.34762,0
2026-05-24 22:21:00+00:00,1.34761,1.34777,1.34754,1.34773,0
2026-05-24 22:22:00+00:00,1.34771,1.34782,1.34765,1.34779,0
2026-05-24 22:23:00+00:00,1.34781,1.34783,1.34774,1.34777,0
2026-05-24 22:24:00+00:00,1.34777,1.34784,1.34773,1.34774,0
2026-05-24 22:25:00+00:00,1.34773,1.34795,1.34773,1.34786,0
2026-05-24 22:26:00+00:00,1.34787,1.34794,1.3478,1.34791,0
2026-05-24 22:27:00+00:00,1.34791,1.34839,1.34788,1.34829,0
2026-05-24 22:28:00+00:00,1.34829,1.34835,1.34825,1.34825,0
2026-05-24 22:29:00+00:00,1.34826,1.34839,1.34824,1.34826,0
2026-05-24 22:30:00+00:00,1.34825,1.34846,1.34823,1.34846,0
2026-05-24 22:31:00+00:00,1.34846,1.34857,1.34834,1.34842,0
2026-05-24 22:32:00+00:00,1.34845,1.3485,1.34836,1.34844,0
2026-05-24 22:33:00+00:00,1.34848,1.3485,1.34824,1.34829,0
2026-05-24 22:34:00+00:00,1.34829,1.34829,1.34819,1.34827,0
2026-05-24 22:35:00+00:00,1.34827,1.34838,1.34825,1.34828,0
2026-05-24 22:36:00+00:00,1.34828,1.34836,1.34802,1.34818,0
2026-05-24 22:37:00+00:00,1.3482,1.34828,1.34812,1.34819,0
2026-05-24 22:38:00+00:00,1.34822,1.34828,1.3481,1.34827,0
2026-05-24 22:39:00+00:00,1.34827,1.34828,1.3482,1.34826,0
2026-05-24 22:40:00+00:00,1.34827,1.34829,1.34816,1.3482,0
2026-05-24 22:41:00+00:00,1.3482,1.34824,1.34807,1.34815,0
2026-05-24 22:42:00+00:00,1.34818,1.34827,1.34814,1.34818,0
2026-05-24 22:43:00+00:00,1.34815,1.34818,1.34803,1.34811,0
2026-05-24 22:44:00+00:00,1.3481,1.34821,1.3481,1.34816,0
2026-05-24 22:45:00+00:00,1.3482,1.34822,1.34813,1.34822,0
2026-05-24 22:46:00+00:00,1.34822,1.34832,1.34822,1.34823,0
2026-05-24 22:47:00+00:00,1.34823,1.34825,1.34818,1.34825,0
2026-05-24 22:48:00+00:00,1.34826,1.34833,1.34826,1.34832,0
2026-05-24 22:49:00+00:00,1.3483,1.34831,1.34822,1.34824,0
2026-05-24 22:50:00+00:00,1.34825,1.34827,1.34822,1.34823,0
2026-05-24 22:51:00+00:00,1.34823,1.34823,1.34812,1.34816,0
2026-05-24 22:52:00+00:00,1.34815,1.34821,1.34813,1.34815,0
2026-05-24 22:53:00+00:00,1.34816,1.34818,1.34802,1.34802,0
2026-05-24 22:54:00+00:00,1.34804,1.34804,1.34797,1.34803,0
2026-05-24 22:55:00+00:00,1.34803,1.34813,1.34803,1.34805,0
2026-05-24 22:56:00+00:00,1.34805,1.34814,1.34805,1.34809,0
2026-05-24 22:57:00+00:00,1.34807,1.3481,1.34802,1.34802,0
2026-05-24 22:58:00+00:00,1.34803,1.34834,1.34802,1.34832,0
2026-05-24 22:59:00+00:00,1.34831,1.34835,1.34827,1.34833,0
2026-05-24 23:00:00+00:00,1.34833,1.34861,1.34833,1.34858,0
2026-05-24 23:01:00+00:00,1.34859,1.34861,1.34845,1.3485,0
2026-05-24 23:02:00+00:00,1.34851,1.34851,1.34848,1.3485,0
2026-05-24 23:03:00+00:00,1.34849,1.34861,1.34849,1.34861,0
2026-05-24 23:04:00+00:00,1.34859,1.34877,1.34859,1.34876,0
2026-05-24 23:05:00+00:00,1.34873,1.34875,1.34864,1.34866,0
2026-05-24 23:06:00+00:00,1.34868,1.34868,1.34862,1.34867,0
2026-05-24 23:07:00+00:00,1.34871,1.3488,1.3487,1.34875,0
2026-05-24 23:08:00+00:00,1.34874,1.34874,1.34872,1.34872,0
2026-05-24 23:09:00+00:00,1.34875,1.34875,1.34871,1.34873,0
2026-05-24 23:10:00+00:00,1.34873,1.34879,1.34872,1.34877,0
2026-05-24 23:11:00+00:00,1.34876,1.34876,1.34871,1.34874,0
2026-05-24 23:12:00+00:00,1.34872,1.34872,1.34864,1.34866,0
2026-05-24 23:13:00+00:00,1.34866,1.34866,1.34864,1.34864,0
2026-05-24 23:14:00+00:00,1.34866,1.34866,1.34862,1.34865,0
2026-05-24 23:15:00+00:00,1.34866,1.34866,1.34865,1.34866,0
2026-05-24 23:16:00+00:00,1.34864,1.34864,1.34855,1.34856,0
2026-05-24 23:17:00+00:00,1.34857,1.3487,1.34856,1.34866,0
2026-05-24 23:18:00+00:00,1.34864,1.34864,1.34855,1.34858,0
2026-05-24 23:19:00+00:00,1.34859,1.3486,1.34857,1.34858,0
2026-05-24 23:20:00+00:00,1.34858,1.34859,1.34857,1.34859,0
2026-05-24 23:21:00+00:00,1.34858,1.34868,1.34857,1.34863,0
2026-05-24 23:22:00+00:00,1.34864,1.34869,1.34861,1.34867,0
2026-05-24 23:23:00+00:00,1.34866,1.3487,1.34866,1.3487,0
2026-05-24 23:24:00+00:00,1.34871,1.34871,1.34858,1.34863,0
2026-05-24 23:25:00+00:00,1.34862,1.34862,1.34846,1.34848,0
2026-05-24 23:26:00+00:00,1.34846,1.34851,1.34846,1.34849,0
2026-05-24 23:27:00+00:00,1.34851,1.34852,1.34847,1.34848,0
2026-05-24 23:28:00+00:00,1.3485,1.34857,1.34847,1.34857,0
2026-05-24 23:29:00+00:00,1.34856,1.34856,1.3484,1.34841,0
2026-05-24 23:30:00+00:00,1.34839,1.34842,1.34825,1.34842,0
2026-05-24 23:31:00+00:00,1.34841,1.34848,1.34841,1.34847,0
2026-05-24 23:32:00+00:00,1.3485,1.34853,1.34846,1.34851,0
2026-05-24 23:33:00+00:00,1.34851,1.34851,1.34841,1.34844,0
2026-05-24 23:34:00+00:00,1.34845,1.34847,1.34837,1.34842,0
2026-05-24 23:35:00+00:00,1.34841,1.34843,1.34834,1.3484,0
2026-05-24 23:36:00+00:00,1.3484,1.3484,1.34837,1.34839,0
2026-05-24 23:37:00+00:00,1.34839,1.34842,1.34837,1.34839,0
2026-05-24 23:38:00+00:00,1.34839,1.34843,1.34838,1.34843,0
2026-05-24 23:39:00+00:00,1.34844,1.34852,1.34841,1.34852,0
2026-05-24 23:40:00+00:00,1.34853,1.34854,1.34847,1.34849,0
2026-05-24 23:41:00+00:00,1.3485,1.3485,1.34843,1.34843,0
2026-05-24 23:42:00+00:00,1.34848,1.3485,1.34842,1.34848,0
2026-05-24 23:43:00+00:00,1.34849,1.34851,1.34846,1.34849,0
2026-05-24 23:44:00+00:00,1.34849,1.34851,1.34841,1.34841,0
2026-05-24 23:45:00+00:00,1.34842,1.34845,1.34833,1.34844,0
2026-05-24 23:46:00+00:00,1.34842,1.3485,1.34838,1.34838,0
2026-05-24 23:47:00+00:00,1.34838,1.3484,1.34835,1.34837,0
2026-05-24 23:48:00+00:00,1.34836,1.3484,1.34834,1.34838,0
2026-05-24 23:49:00+00:00,1.34836,1.34842,1.34836,1.34838,0
2026-05-24 23:50:00+00:00,1.34837,1.34841,1.34834,1.34836,0
2026-05-24 23:51:00+00:00,1.34838,1.34838,1.34815,1.34823,0
2026-05-24 23:52:00+00:00,1.34822,1.34828,1.34816,1.34821,0
2026-05-24 23:53:00+00:00,1.34821,1.34834,1.3482,1.3483,0
2026-05-24 23:54:00+00:00,1.34832,1.34832,1.34822,1.34826,0
2026-05-24 23:55:00+00:00,1.34826,1.34826,1.34821,1.34822,0
2026-05-24 23:56:00+00:00,1.34821,1.34822,1.34812,1.34815,0
2026-05-24 23:57:00+00:00,1.34816,1.34816,1.3481,1.34813,0
2026-05-24 23:58:00+00:00,1.34816,1.34816,1.34808,1.34811,0
2026-05-24 23:59:00+00:00,1.34812,1.34812,1.34804,1.34808,0
2026-05-25 00:00:00+00:00,1.34807,1.34814,1.348,1.34807,0
2026-05-25 00:01:00+00:00,1.3481,1.34817,1.34794,1.34794,0
2026-05-25 00:02:00+00:00,1.34794,1.34806,1.34793,1.348,0
2026-05-25 00:03:00+00:00,1.34798,1.34804,1.34795,1.34797,0
2026-05-25 00:04:00+00:00,1.34797,1.34797,1.34785,1.34789,0
2026-05-25 00:05:00+00:00,1.34788,1.34803,1.34787,1.34803,0
2026-05-25 00:06:00+00:00,1.34804,1.34807,1.34785,1.34792,0
2026-05-25 00:07:00+00:00,1.3479,1.34797,1.3479,1.34795,0
2026-05-25 00:08:00+00:00,1.34799,1.34814,1.34799,1.34804,0
2026-05-25 00:09:00+00:00,1.34806,1.34806,1.34795,1.34802,0
2026-05-25 00:10:00+00:00,1.34804,1.34816,1.34804,1.34811,0
2026-05-25 00:11:00+00:00,1.3481,1.34816,1.34796,1.34802,0
2026-05-25 00:12:00+00:00,1.34801,1.34803,1.34794,1.34797,0
2026-05-25 00:13:00+00:00,1.34798,1.34803,1.34796,1.34799,0
2026-05-25 00:14:00+00:00,1.34797,1.34798,1.34792,1.34798,0
2026-05-25 00:15:00+00:00,1.34798,1.34804,1.3479,1.34796,0
2026-05-25 00:16:00+00:00,1.34797,1.34808,1.34793,1.34797,0
2026-05-25 00:17:00+00:00,1.34798,1.34798,1.34783,1.34791,0
2026-05-25 00:18:00+00:00,1.34789,1.34804,1.34788,1.34804,0
2026-05-25 00:19:00+00:00,1.34803,1.34817,1.34802,1.34817,0
2026-05-25 00:20:00+00:00,1.34817,1.34824,1.34808,1.34812,0
2026-05-25 00:21:00+00:00,1.34815,1.3482,1.34799,1.34803,0
2026-05-25 00:22:00+00:00,1.34804,1.34815,1.34804,1.34806,0
2026-05-25 00:23:00+00:00,1.34806,1.34825,1.34803,1.34817,0
2026-05-25 00:24:00+00:00,1.34818,1.34823,1.34815,1.34822,0
2026-05-25 00:25:00+00:00,1.3482,1.3482,1.34795,1.34796,0
2026-05-25 00:26:00+00:00,1.34794,1.34797,1.34785,1.34795,0
2026-05-25 00:27:00+00:00,1.34794,1.34794,1.34785,1.34787,0
2026-05-25 00:28:00+00:00,1.34788,1.34798,1.34785,1.34789,0
2026-05-25 00:29:00+00:00,1.34789,1.34814,1.34789,1.34814,0
2026-05-25 00:30:00+00:00,1.34814,1.34825,1.34814,1.34825,0
2026-05-25 00:31:00+00:00,1.34825,1.34827,1.3482,1.3482,0
2026-05-25 00:32:00+00:00,1.34824,1.34825,1.34818,1.34818,0
2026-05-25 00:33:00+00:00,1.34814,1.34814,1.34797,1.34802,0
2026-05-25 00:34:00+00:00,1.34803,1.34803,1.34796,1.34798,0
2026-05-25 00:35:00+00:00,1.34799,1.34804,1.34796,1.34796,0
2026-05-25 00:36:00+00:00,1.34794,1.34796,1.34784,1.34786,0
2026-05-25 00:37:00+00:00,1.34786,1.34794,1.34781,1.34792,0
2026-05-25 00:38:00+00:00,1.34791,1.34792,1.34784,1.34792,0
2026-05-25 00:39:00+00:00,1.34794,1.34794,1.34786,1.34786,0
2026-05-25 00:40:00+00:00,1.34786,1.34786,1.34776,1.34776,0
2026-05-25 00:41:00+00:00,1.34778,1.34782,1.34777,1.34778,0
2026-05-25 00:42:00+00:00,1.34777,1.34777,1.34765,1.34765,0
2026-05-25 00:43:00+00:00,1.34766,1.34773,1.34765,1.34766,0
2026-05-25 00:44:00+00:00,1.34766,1.34774,1.34765,1.34773,0
2026-05-25 00:45:00+00:00,1.34774,1.34787,1.34773,1.34784,0
2026-05-25 00:46:00+00:00,1.34785,1.34793,1.34783,1.34793,0
2026-05-25 00:47:00+00:00,1.34793,1.34807,1.34792,1.34807,0
2026-05-25 00:48:00+00:00,1.34806,1.34833,1.34806,1.34833,0
2026-05-25 00:49:00+00:00,1.34833,1.34879,1.34833,1.34857,0
2026-05-25 00:50:00+00:00,1.34858,1.34866,1.34856,1.34861,0
2026-05-25 00:51:00+00:00,1.34859,1.34868,1.34853,1.34863,0
2026-05-25 00:52:00+00:00,1.34864,1.34866,1.34847,1.34857,0
2026-05-25 00:53:00+00:00,1.34857,1.34867,1.34857,1.34861,0
2026-05-25 00:54:00+00:00,1.34863,1.34878,1.34856,1.34866,0
2026-05-25 00:55:00+00:00,1.34871,1.34874,1.34842,1.34848,0
2026-05-25 00:56:00+00:00,1.34847,1.34847,1.34827,1.34831,0
2026-05-25 00:57:00+00:00,1.3483,1.34836,1.3479,1.3479,0
2026-05-25 00:58:00+00:00,1.34787,1.34797,1.34776,1.34776,0
2026-05-25 00:59:00+00:00,1.34776,1.34787,1.34769,1.34785,0
2026-05-25 01:00:00+00:00,1.34787,1.34805,1.34777,1.34794,0
2026-05-25 01:01:00+00:00,1.34791,1.34801,1.34777,1.348,0
2026-05-25 01:02:00+00:00,1.34801,1.34818,1.34793,1.34814,0
2026-05-25 01:03:00+00:00,1.34815,1.34827,1.34805,1.34809,0
2026-05-25 01:04:00+00:00,1.34811,1.34818,1.34805,1.34809,0
2026-05-25 01:05:00+00:00,1.34809,1.34814,1.34805,1.34812,0
2026-05-25 01:06:00+00:00,1.34814,1.34824,1.3481,1.34824,0
2026-05-25 01:07:00+00:00,1.34826,1.34827,1.34816,1.34816,0
2026-05-25 01:08:00+00:00,1.34819,1.3482,1.3479,1.3479,0
2026-05-25 01:09:00+00:00,1.34789,1.34795,1.34779,1.34795,0
2026-05-25 01:10:00+00:00,1.34797,1.34797,1.3477,1.34773,0
2026-05-25 01:11:00+00:00,1.34775,1.34807,1.34775,1.34806,0
2026-05-25 01:12:00+00:00,1.34802,1.34807,1.34799,1.34805,0
2026-05-25 01:13:00+00:00,1.34805,1.34826,1.34803,1.34826,0
2026-05-25 01:14:00+00:00,1.34825,1.34868,1.34818,1.34865,0
2026-05-25 01:15:00+00:00,1.34866,1.34877,1.34866,1.3487,0
2026-05-25 01:16:00+00:00,1.3487,1.34874,1.34865,1.34866,0
2026-05-25 01:17:00+00:00,1.34869,1.34875,1.34865,1.3487,0
2026-05-25 01:18:00+00:00,1.3487,1.34872,1.34865,1.34865,0
2026-05-25 01:19:00+00:00,1.34865,1.34875,1.34857,1.34875,0
2026-05-25 01:20:00+00:00,1.34876,1.34882,1.34872,1.34874,0
2026-05-25 01:21:00+00:00,1.34873,1.34877,1.34866,1.34866,0
2026-05-25 01:22:00+00:00,1.34867,1.34875,1.34864,1.34868,0
2026-05-25 01:23:00+00:00,1.34869,1.34876,1.34869,1.34875,0
2026-05-25 01:24:00+00:00,1.34876,1.34878,1.34871,1.34871,0
2026-05-25 01:25:00+00:00,1.34873,1.34886,1.34867,1.34868,0
2026-05-25 01:26:00+00:00,1.34866,1.34877,1.34861,1.34866,0
2026-05-25 01:27:00+00:00,1.34866,1.34866,1.34861,1.34864,0
2026-05-25 01:28:00+00:00,1.34863,1.34869,1.34863,1.34867,0
2026-05-25 01:29:00+00:00,1.34873,1.349,1.34872,1.34895,0
2026-05-25 01:30:00+00:00,1.34896,1.34901,1.34862,1.34867,0
2026-05-25 01:31:00+00:00,1.34866,1.34871,1.34837,1.34837,0
2026-05-25 01:32:00+00:00,1.3484,1.34846,1.34814,1.34821,0
2026-05-25 01:33:00+00:00,1.3482,1.3484,1.3482,1.34838,0
2026-05-25 01:34:00+00:00,1.34838,1.34841,1.34828,1.3483,0
2026-05-25 01:35:00+00:00,1.34833,1.34861,1.34833,1.34857,0
2026-05-25 01:36:00+00:00,1.34859,1.34859,1.34854,1.34854,0
2026-05-25 01:37:00+00:00,1.34853,1.34867,1.34853,1.34866,0
2026-05-25 01:38:00+00:00,1.34867,1.34867,1.34859,1.34859,0
2026-05-25 01:39:00+00:00,1.3486,1.3487,1.3486,1.34865,0
2026-05-25 01:40:00+00:00,1.34865,1.34866,1.34855,1.34856,0
2026-05-25 01:41:00+00:00,1.3486,1.34865,1.34855,1.34855,0
2026-05-25 01:42:00+00:00,1.34853,1.34853,1.34837,1.34837,0
2026-05-25 01:43:00+00:00,1.34836,1.34838,1.34835,1.34836,0
2026-05-25 01:44:00+00:00,1.34837,1.34838,1.34825,1.34832,0
2026-05-25 01:45:00+00:00,1.34833,1.34836,1.34829,1.34836,0
2026-05-25 01:46:00+00:00,1.34837,1.34848,1.34826,1.34831,0
2026-05-25 01:47:00+00:00,1.34832,1.34836,1.34829,1.34831,0
2026-05-25 01:48:00+00:00,1.34831,1.34831,1.34825,1.34827,0
2026-05-25 01:49:00+00:00,1.34826,1.34826,1.34823,1.34826,0
2026-05-25 01:50:00+00:00,1.34825,1.34825,1.34811,1.34811,0
2026-05-25 01:51:00+00:00,1.34811,1.34817,1.34811,1.34817,0
2026-05-25 01:52:00+00:00,1.34818,1.34818,1.34816,1.34816,0
2026-05-25 01:53:00+00:00,1.34815,1.34815,1.34806,1.3481,0
2026-05-25 01:54:00+00:00,1.34813,1.34813,1.34806,1.3481,0
2026-05-25 01:55:00+00:00,1.3481,1.34815,1.34808,1.34815,0
2026-05-25 01:56:00+00:00,1.34814,1.34814,1.34796,1.34801,0
2026-05-25 01:57:00+00:00,1.348,1.34804,1.34792,1.34794,0
2026-05-25 01:58:00+00:00,1.34793,1.34797,1.34788,1.34797,0
2026-05-25 01:59:00+00:00,1.34798,1.348,1.34795,1.34795,0
2026-05-25 02:00:00+00:00,1.34797,1.3481,1.34795,1.34804,0
2026-05-25 02:01:00+00:00,1.34802,1.34806,1.34802,1.34805,0
2026-05-25 02:02:00+00:00,1.34806,1.34812,1.34804,1.34804,0
2026-05-25 02:03:00+00:00,1.34804,1.34814,1.34804,1.34808,0
2026-05-25 02:04:00+00:00,1.34809,1.34811,1.34804,1.34804,0
2026-05-25 02:05:00+00:00,1.34803,1.34814,1.34803,1.34813,0
2026-05-25 02:06:00+00:00,1.34814,1.34825,1.34809,1.34815,0
2026-05-25 02:07:00+00:00,1.34816,1.34833,1.34815,1.34825,0
2026-05-25 02:08:00+00:00,1.34825,1.34825,1.34818,1.34819,0
2026-05-25 02:09:00+00:00,1.3482,1.34827,1.3482,1.34825,0
2026-05-25 02:10:00+00:00,1.34824,1.34827,1.34823,1.34823,0
2026-05-25 02:11:00+00:00,1.34824,1.34824,1.34808,1.34811,0
2026-05-25 02:12:00+00:00,1.34813,1.34814,1.34807,1.34812,0
2026-05-25 02:13:00+00:00,1.34813,1.34815,1.34797,1.34797,0
2026-05-25 02:14:00+00:00,1.34797,1.34799,1.34794,1.34795,0
2026-05-25 02:15:00+00:00,1.34798,1.34799,1.34793,1.34796,0
2026-05-25 02:16:00+00:00,1.34793,1.34793,1.34786,1.34789,0
2026-05-25 02:17:00+00:00,1.34789,1.34789,1.34787,1.34787,0
2026-05-25 02:18:00+00:00,1.34788,1.34799,1.34788,1.34798,0
2026-05-25 02:19:00+00:00,1.34798,1.34798,1.34793,1.34796,0
2026-05-25 02:20:00+00:00,1.34795,1.34799,1.34793,1.34796,0
2026-05-25 02:21:00+00:00,1.34796,1.348,1.34794,1.34798,0
2026-05-25 02:22:00+00:00,1.34796,1.34798,1.34794,1.34794,0
2026-05-25 02:23:00+00:00,1.34794,1.3481,1.34794,1.34806,0
2026-05-25 02:24:00+00:00,1.34805,1.34807,1.34804,1.34807,0
2026-05-25 02:25:00+00:00,1.34806,1.34812,1.34803,1.34803,0
2026-05-25 02:26:00+00:00,1.34804,1.34806,1.34797,1.34798,0
2026-05-25 02:27:00+00:00,1.348,1.34802,1.34796,1.34798,0
2026-05-25 02:28:00+00:00,1.34798,1.34807,1.34793,1.34807,0
2026-05-25 02:29:00+00:00,1.34806,1.34814,1.34805,1.34807,0
2026-05-25 02:30:00+00:00,1.34808,1.34808,1.34802,1.34803,0
2026-05-25 02:31:00+00:00,1.34806,1.34806,1.34796,1.34796,0
2026-05-25 02:32:00+00:00,1.34798,1.34809,1.34797,1.34804,0
2026-05-25 02:33:00+00:00,1.34806,1.34807,1.34802,1.34802,0
2026-05-25 02:34:00+00:00,1.34803,1.34805,1.34802,1.34804,0
2026-05-25 02:35:00+00:00,1.34805,1.34809,1.34803,1.34805,0
2026-05-25 02:36:00+00:00,1.34806,1.34814,1.34806,1.34814,0
2026-05-25 02:37:00+00:00,1.34815,1.34815,1.34812,1.34813,0
2026-05-25 02:38:00+00:00,1.34811,1.34811,1.34805,1.34809,0
2026-05-25 02:39:00+00:00,1.34809,1.34813,1.34803,1.34803,0
2026-05-25 02:40:00+00:00,1.34802,1.34802,1.34782,1.34795,0
2026-05-25 02:41:00+00:00,1.34793,1.34794,1.34791,1.34794,0
2026-05-25 02:42:00+00:00,1.3479,1.34797,1.3479,1.34797,0
2026-05-25 02:43:00+00:00,1.34797,1.34801,1.34796,1.34796,0
2026-05-25 02:44:00+00:00,1.34797,1.34801,1.34796,1.34801,0
2026-05-25 02:45:00+00:00,1.34802,1.34805,1.34802,1.34805,0
2026-05-25 02:46:00+00:00,1.34803,1.34804,1.34783,1.34785,0
2026-05-25 02:47:00+00:00,1.34788,1.34797,1.34788,1.34797,0
2026-05-25 02:48:00+00:00,1.34795,1.34797,1.3479,1.34792,0
2026-05-25 02:49:00+00:00,1.34794,1.34794,1.34791,1.34791,0
2026-05-25 02:50:00+00:00,1.34791,1.34791,1.34791,1.34791,0
2026-05-25 02:51:00+00:00,1.34792,1.34792,1.3478,1.34782,0
2026-05-25 02:52:00+00:00,1.34784,1.34785,1.34776,1.34784,0
2026-05-25 02:53:00+00:00,1.34784,1.34785,1.34783,1.34783,0
2026-05-25 02:54:00+00:00,1.34783,1.34784,1.34772,1.34774,0
2026-05-25 02:55:00+00:00,1.34773,1.34774,1.34767,1.3477,0
2026-05-25 02:56:00+00:00,1.34772,1.34772,1.34756,1.34758,0
2026-05-25 02:57:00+00:00,1.34756,1.34765,1.34753,1.34764,0
2026-05-25 02:58:00+00:00,1.34766,1.34766,1.34757,1.34757,0
2026-05-25 02:59:00+00:00,1.34756,1.34767,1.34753,1.34764,0
2026-05-25 03:00:00+00:00,1.34766,1.34787,1.34766,1.34775,0
2026-05-25 03:01:00+00:00,1.34774,1.34775,1.34768,1.34772,0
2026-05-25 03:02:00+00:00,1.34772,1.34779,1.34752,1.34752,0
2026-05-25 03:03:00+00:00,1.34752,1.34753,1.34741,1.34747,0
2026-05-25 03:04:00+00:00,1.34747,1.34753,1.3474,1.34753,0
2026-05-25 03:05:00+00:00,1.34754,1.34754,1.34742,1.34749,0
2026-05-25 03:06:00+00:00,1.34748,1.34751,1.34745,1.34746,0
2026-05-25 03:07:00+00:00,1.34746,1.34754,1.34746,1.34752,0
2026-05-25 03:08:00+00:00,1.34754,1.34756,1.3475,1.34752,0
2026-05-25 03:09:00+00:00,1.34753,1.34756,1.34752,1.34752,0
2026-05-25 03:10:00+00:00,1.34752,1.34753,1.3475,1.34752,0
2026-05-25 03:11:00+00:00,1.34757,1.34757,1.34752,1.34755,0
2026-05-25 03:12:00+00:00,1.34755,1.34755,1.34753,1.34753,0
2026-05-25 03:13:00+00:00,1.34752,1.34763,1.34752,1.34755,0
2026-05-25 03:14:00+00:00,1.34754,1.34762,1.34753,1.34756,0
2026-05-25 03:15:00+00:00,1.34756,1.34759,1.34751,1.34753,0
2026-05-25 03:16:00+00:00,1.34752,1.34756,1.34751,1.34753,0
2026-05-25 03:17:00+00:00,1.34752,1.34757,1.34747,1.34757,0
2026-05-25 03:18:00+00:00,1.34754,1.34757,1.34752,1.34757,0
2026-05-25 03:19:00+00:00,1.34756,1.34756,1.34754,1.34754,0
2026-05-25 03:20:00+00:00,1.34756,1.34768,1.34755,1.34768,0
2026-05-25 03:21:00+00:00,1.34767,1.34782,1.34767,1.34778,0
2026-05-25 03:22:00+00:00,1.34779,1.34781,1.34762,1.34774,0
2026-05-25 03:23:00+00:00,1.34772,1.34773,1.34767,1.34768,0
2026-05-25 03:24:00+00:00,1.34768,1.34771,1.34762,1.34764,0
2026-05-25 03:25:00+00:00,1.34765,1.3477,1.34763,1.3477,0
2026-05-25 03:26:00+00:00,1.3477,1.3477,1.34763,1.34763,0
2026-05-25 03:27:00+00:00,1.34761,1.34766,1.34757,1.34766,0
2026-05-25 03:28:00+00:00,1.34766,1.34769,1.34757,1.34759,0
2026-05-25 03:29:00+00:00,1.34762,1.34763,1.34755,1.34762,0
2026-05-25 03:30:00+00:00,1.34763,1.34765,1.34759,1.34759,0
2026-05-25 03:31:00+00:00,1.3476,1.34777,1.3476,1.34764,0
2026-05-25 03:32:00+00:00,1.34764,1.3477,1.34764,1.34769,0
2026-05-25 03:33:00+00:00,1.34768,1.34775,1.34768,1.34773,0
2026-05-25 03:34:00+00:00,1.34772,1.34772,1.34768,1.3477,0
2026-05-25 03:35:00+00:00,1.34772,1.34792,1.34772,1.34781,0
2026-05-25 03:36:00+00:00,1.34779,1.34782,1.34774,1.34774,0
2026-05-25 03:37:00+00:00,1.34775,1.34779,1.34775,1.34776,0
2026-05-25 03:38:00+00:00,1.34776,1.34777,1.34774,1.34775,0
2026-05-25 03:39:00+00:00,1.34776,1.34776,1.34763,1.34768,0
2026-05-25 03:40:00+00:00,1.34768,1.34769,1.34764,1.34767,0
2026-05-25 03:41:00+00:00,1.34766,1.34773,1.34766,1.34771,0
2026-05-25 03:42:00+00:00,1.34771,1.34774,1.34767,1.34772,0
2026-05-25 03:43:00+00:00,1.34772,1.34776,1.3477,1.34773,0
2026-05-25 03:44:00+00:00,1.34772,1.34773,1.34759,1.34761,0
2026-05-25 03:45:00+00:00,1.3476,1.3476,1.3475,1.34756,0
2026-05-25 03:46:00+00:00,1.34756,1.34756,1.34747,1.34747,0
2026-05-25 03:47:00+00:00,1.34748,1.34757,1.34748,1.34756,0
2026-05-25 03:48:00+00:00,1.34753,1.34754,1.34753,1.34754,0
2026-05-25 03:49:00+00:00,1.34752,1.34754,1.3475,1.34753,0
2026-05-25 03:50:00+00:00,1.34752,1.34756,1.34748,1.34755,0
2026-05-25 03:51:00+00:00,1.34755,1.34757,1.34751,1.34753,0
2026-05-25 03:52:00+00:00,1.34753,1.34754,1.3475,1.34753,0
2026-05-25 03:53:00+00:00,1.34752,1.34753,1.34751,1.34752,0
2026-05-25 03:54:00+00:00,1.34752,1.34754,1.34741,1.34746,0
2026-05-25 03:55:00+00:00,1.34747,1.34748,1.34741,1.34748,0
2026-05-25 03:56:00+00:00,1.34746,1.34747,1.34741,1.34744,0
2026-05-25 03:57:00+00:00,1.34742,1.34756,1.34742,1.34747,0
2026-05-25 03:58:00+00:00,1.34748,1.34755,1.34746,1.34746,0
2026-05-25 03:59:00+00:00,1.34748,1.34753,1.34745,1.34747,0
2026-05-25 04:00:00+00:00,1.34748,1.34757,1.34743,1.34744,0
2026-05-25 04:01:00+00:00,1.34743,1.34745,1.34742,1.34742,0
2026-05-25 04:02:00+00:00,1.34743,1.34754,1.34743,1.34752,0
2026-05-25 04:03:00+00:00,1.34754,1.34757,1.34754,1.34757,0
2026-05-25 04:04:00+00:00,1.34757,1.34759,1.34757,1.34759,0
2026-05-25 04:05:00+00:00,1.3476,1.34761,1.34759,1.3476,0
2026-05-25 04:06:00+00:00,1.34761,1.34761,1.34756,1.34756,0
2026-05-25 04:07:00+00:00,1.34755,1.34756,1.34752,1.34754,0
2026-05-25 04:08:00+00:00,1.34755,1.34755,1.34748,1.34749,0
2026-05-25 04:09:00+00:00,1.34748,1.34748,1.34744,1.34745,0
2026-05-25 04:10:00+00:00,1.34748,1.34748,1.34745,1.34745,0
2026-05-25 04:11:00+00:00,1.34745,1.34755,1.34745,1.34752,0
2026-05-25 04:12:00+00:00,1.34752,1.34754,1.34749,1.34752,0
2026-05-25 04:13:00+00:00,1.34752,1.34752,1.34747,1.34748,0
2026-05-25 04:14:00+00:00,1.34748,1.34749,1.34745,1.34746,0
2026-05-25 04:15:00+00:00,1.34747,1.34748,1.34742,1.34743,0
2026-05-25 04:16:00+00:00,1.34743,1.34748,1.34742,1.34746,0
2026-05-25 04:17:00+00:00,1.34745,1.34747,1.34744,1.34744,0
2026-05-25 04:18:00+00:00,1.34745,1.3475,1.34745,1.34746,0
2026-05-25 04:19:00+00:00,1.34746,1.34747,1.34745,1.34746,0
2026-05-25 04:20:00+00:00,1.34744,1.34753,1.34744,1.34753,0
2026-05-25 04:21:00+00:00,1.34753,1.34761,1.34753,1.34756,0
2026-05-25 04:22:00+00:00,1.34755,1.34755,1.34748,1.34753,0
2026-05-25 04:23:00+00:00,1.34752,1.34754,1.34752,1.34754,0
2026-05-25 04:24:00+00:00,1.34751,1.34754,1.34747,1.34747,0
2026-05-25 04:25:00+00:00,1.34746,1.34759,1.34746,1.34755,0
2026-05-25 04:26:00+00:00,1.34757,1.3476,1.34757,1.34759,0
2026-05-25 04:27:00+00:00,1.34759,1.34761,1.34758,1.34761,0
2026-05-25 04:28:00+00:00,1.34761,1.34764,1.34757,1.34764,0
2026-05-25 04:29:00+00:00,1.34762,1.34764,1.34759,1.34764,0
2026-05-25 04:30:00+00:00,1.34764,1.34766,1.34764,1.34764,0
2026-05-25 04:31:00+00:00,1.34764,1.34779,1.34764,1.34778,0
2026-05-25 04:32:00+00:00,1.34778,1.34778,1.3477,1.34775,0
2026-05-25 04:33:00+00:00,1.34776,1.34778,1.34774,1.34778,0
2026-05-25 04:34:00+00:00,1.34777,1.34786,1.34776,1.34785,0
2026-05-25 04:35:00+00:00,1.34786,1.34788,1.34786,1.34788,0
2026-05-25 04:36:00+00:00,1.34786,1.34787,1.34775,1.34779,0
2026-05-25 04:37:00+00:00,1.34778,1.34796,1.34778,1.34796,0
2026-05-25 04:38:00+00:00,1.34797,1.34798,1.34793,1.34795,0
2026-05-25 04:39:00+00:00,1.34794,1.34794,1.34786,1.34786,0
2026-05-25 04:40:00+00:00,1.34788,1.348,1.34786,1.34798,0
2026-05-25 04:41:00+00:00,1.34797,1.34799,1.34796,1.34797,0
2026-05-25 04:42:00+00:00,1.34797,1.34806,1.34797,1.34804,0
2026-05-25 04:43:00+00:00,1.34802,1.34803,1.348,1.348,0
2026-05-25 04:44:00+00:00,1.34802,1.34806,1.34802,1.34805,0
2026-05-25 04:45:00+00:00,1.34806,1.34808,1.34806,1.34806,0
2026-05-25 04:46:00+00:00,1.34806,1.34806,1.34803,1.34805,0
2026-05-25 04:47:00+00:00,1.34805,1.34817,1.34805,1.34814,0
2026-05-25 04:48:00+00:00,1.34814,1.34824,1.34814,1.34823,0
2026-05-25 04:49:00+00:00,1.34824,1.34824,1.34815,1.34816,0
2026-05-25 04:50:00+00:00,1.34816,1.34819,1.34814,1.34818,0
2026-05-25 04:51:00+00:00,1.34818,1.34837,1.34818,1.34833,0
2026-05-25 04:52:00+00:00,1.34832,1.34836,1.34828,1.34828,0
2026-05-25 04:53:00+00:00,1.34826,1.34835,1.34826,1.34835,0
2026-05-25 04:54:00+00:00,1.34837,1.34838,1.34837,1.34837,0
2026-05-25 04:55:00+00:00,1.3484,1.34846,1.34839,1.34845,0
2026-05-25 04:56:00+00:00,1.34846,1.34847,1.34843,1.34846,0
2026-05-25 04:57:00+00:00,1.34845,1.34853,1.3484,1.34848,0
2026-05-25 04:58:00+00:00,1.34846,1.34853,1.34837,1.34837,0
2026-05-25 04:59:00+00:00,1.34839,1.3484,1.34827,1.34827,0
2026-05-25 05:00:00+00:00,1.34829,1.34839,1.34827,1.34829,0
2026-05-25 05:01:00+00:00,1.3483,1.34845,1.34827,1.34844,0
2026-05-25 05:02:00+00:00,1.34844,1.34848,1.34842,1.34848,0
2026-05-25 05:03:00+00:00,1.34847,1.34848,1.34837,1.34838,0
2026-05-25 05:04:00+00:00,1.34838,1.34843,1.34836,1.34838,0
2026-05-25 05:05:00+00:00,1.34837,1.34847,1.34836,1.34846,0
2026-05-25 05:06:00+00:00,1.34847,1.34861,1.34844,1.34858,0
2026-05-25 05:07:00+00:00,1.34859,1.34867,1.34859,1.34862,0
2026-05-25 05:08:00+00:00,1.34864,1.34864,1.34854,1.34856,0
2026-05-25 05:09:00+00:00,1.34857,1.34862,1.34853,1.34857,0
2026-05-25 05:10:00+00:00,1.34857,1.34868,1.34857,1.34867,0
2026-05-25 05:11:00+00:00,1.34866,1.34877,1.34866,1.34877,0
2026-05-25 05:12:00+00:00,1.34875,1.34887,1.34852,1.34855,0
2026-05-25 05:13:00+00:00,1.34854,1.3486,1.34854,1.34858,0
2026-05-25 05:14:00+00:00,1.34858,1.34859,1.34853,1.34859,0
2026-05-25 05:15:00+00:00,1.34856,1.34861,1.34855,1.34857,0
2026-05-25 05:16:00+00:00,1.34859,1.34864,1.34856,1.34863,0
2026-05-25 05:17:00+00:00,1.34861,1.34869,1.34857,1.34859,0
2026-05-25 05:18:00+00:00,1.34861,1.34861,1.34857,1.34857,0
2026-05-25 05:19:00+00:00,1.34857,1.34857,1.34854,1.34854,0
2026-05-25 05:20:00+00:00,1.34856,1.34856,1.34856,1.34856,0
2026-05-25 05:21:00+00:00,1.34855,1.34858,1.3485,1.34851,0
2026-05-25 05:22:00+00:00,1.34856,1.34858,1.34853,1.34855,0
2026-05-25 05:23:00+00:00,1.34858,1.34858,1.34851,1.34853,0
2026-05-25 05:24:00+00:00,1.34854,1.34857,1.34853,1.34855,0
2026-05-25 05:25:00+00:00,1.34853,1.34857,1.34851,1.34857,0
2026-05-25 05:26:00+00:00,1.34858,1.34865,1.34855,1.34855,0
2026-05-25 05:27:00+00:00,1.34857,1.34857,1.34853,1.34856,0
2026-05-25 05:28:00+00:00,1.34856,1.34857,1.34852,1.34857,0
2026-05-25 05:29:00+00:00,1.34856,1.34865,1.34855,1.34863,0
2026-05-25 05:30:00+00:00,1.34864,1.34864,1.34851,1.34857,0
2026-05-25 05:31:00+00:00,1.34855,1.34857,1.34852,1.34853,0
2026-05-25 05:32:00+00:00,1.34854,1.34859,1.34853,1.34857,0
2026-05-25 05:33:00+00:00,1.3486,1.34868,1.3486,1.34866,0
2026-05-25 05:34:00+00:00,1.34866,1.34876,1.34864,1.34867,0
2026-05-25 05:35:00+00:00,1.34867,1.34868,1.34865,1.34866,0
2026-05-25 05:36:00+00:00,1.34867,1.3487,1.34859,1.34867,0
2026-05-25 05:37:00+00:00,1.34866,1.34875,1.34866,1.34875,0
2026-05-25 05:38:00+00:00,1.34875,1.34876,1.34871,1.34876,0
2026-05-25 05:39:00+00:00,1.34877,1.34877,1.34871,1.34876,0
2026-05-25 05:40:00+00:00,1.34875,1.34876,1.34861,1.34863,0
2026-05-25 05:41:00+00:00,1.34861,1.34865,1.3486,1.34862,0
2026-05-25 05:42:00+00:00,1.34862,1.34863,1.34854,1.34857,0
2026-05-25 05:43:00+00:00,1.34857,1.34866,1.34857,1.34857,0
2026-05-25 05:44:00+00:00,1.34857,1.3487,1.34857,1.34867,0
2026-05-25 05:45:00+00:00,1.34867,1.34877,1.34866,1.34875,0
2026-05-25 05:46:00+00:00,1.34874,1.34877,1.34868,1.34872,0
2026-05-25 05:47:00+00:00,1.34872,1.34878,1.34867,1.34867,0
2026-05-25 05:48:00+00:00,1.34867,1.34867,1.34857,1.34857,0
2026-05-25 05:49:00+00:00,1.34855,1.34855,1.34852,1.34852,0
2026-05-25 05:50:00+00:00,1.34852,1.34857,1.34851,1.34854,0
2026-05-25 05:51:00+00:00,1.34852,1.34856,1.34852,1.34856,0
2026-05-25 05:52:00+00:00,1.34854,1.34856,1.34851,1.34854,0
2026-05-25 05:53:00+00:00,1.34856,1.34859,1.3485,1.34857,0
2026-05-25 05:54:00+00:00,1.34858,1.34859,1.34857,1.34859,0
2026-05-25 05:55:00+00:00,1.34857,1.34859,1.34834,1.34835,0
2026-05-25 05:56:00+00:00,1.34836,1.34837,1.34816,1.34816,0
2026-05-25 05:57:00+00:00,1.34815,1.34828,1.34811,1.34818,0
2026-05-25 05:58:00+00:00,1.34815,1.34818,1.34807,1.34818,0
2026-05-25 05:59:00+00:00,1.34816,1.34826,1.34811,1.34819,0
2026-05-25 06:00:00+00:00,1.34819,1.34819,1.34804,1.34814,0
2026-05-25 06:01:00+00:00,1.34817,1.34827,1.3481,1.34812,0
2026-05-25 06:02:00+00:00,1.34814,1.34816,1.34804,1.34807,0
2026-05-25 06:03:00+00:00,1.34805,1.34809,1.34801,1.34807,0
2026-05-25 06:04:00+00:00,1.34809,1.34809,1.34805,1.34808,0
2026-05-25 06:05:00+00:00,1.34807,1.34811,1.34803,1.3481,0
2026-05-25 06:06:00+00:00,1.34814,1.34818,1.34798,1.348,0
2026-05-25 06:07:00+00:00,1.34802,1.34807,1.34799,1.34803,0
2026-05-25 06:08:00+00:00,1.34803,1.34817,1.34801,1.34816,0
2026-05-25 06:09:00+00:00,1.34815,1.34817,1.34807,1.34809,0
2026-05-25 06:10:00+00:00,1.34808,1.34836,1.34806,1.34832,0
2026-05-25 06:11:00+00:00,1.34831,1.34837,1.34828,1.3483,0
2026-05-25 06:12:00+00:00,1.34833,1.34836,1.34831,1.34833,0
2026-05-25 06:13:00+00:00,1.34831,1.34834,1.34827,1.34831,0
2026-05-25 06:14:00+00:00,1.34832,1.34834,1.34825,1.34831,0
2026-05-25 06:15:00+00:00,1.34831,1.34831,1.34819,1.34823,0
2026-05-25 06:16:00+00:00,1.34823,1.34826,1.34808,1.34808,0
2026-05-25 06:17:00+00:00,1.34806,1.34809,1.34804,1.34809,0
2026-05-25 06:18:00+00:00,1.34811,1.34817,1.34811,1.34815,0
2026-05-25 06:19:00+00:00,1.34814,1.34814,1.34804,1.34804,0
2026-05-25 06:20:00+00:00,1.34803,1.34806,1.34789,1.3479,0
2026-05-25 06:21:00+00:00,1.3479,1.3479,1.34782,1.34784,0
2026-05-25 06:22:00+00:00,1.34783,1.34793,1.34783,1.34792,0
2026-05-25 06:23:00+00:00,1.34793,1.34806,1.34792,1.34806,0
2026-05-25 06:24:00+00:00,1.34807,1.3482,1.34806,1.34819,0
2026-05-25 06:25:00+00:00,1.3482,1.34828,1.34815,1.34816,0
2026-05-25 06:26:00+00:00,1.34819,1.34825,1.34818,1.34819,0
2026-05-25 06:27:00+00:00,1.34818,1.34818,1.34815,1.34818,0
2026-05-25 06:28:00+00:00,1.34818,1.34824,1.3481,1.3481,0
2026-05-25 06:29:00+00:00,1.3481,1.34814,1.34798,1.34802,0
2026-05-25 06:30:00+00:00,1.34802,1.34802,1.34786,1.3479,0
2026-05-25 06:31:00+00:00,1.34791,1.34809,1.34791,1.34809,0
2026-05-25 06:32:00+00:00,1.34808,1.34817,1.34803,1.34805,0
2026-05-25 06:33:00+00:00,1.34809,1.34815,1.34808,1.34812,0
2026-05-25 06:34:00+00:00,1.34811,1.34828,1.34808,1.34828,0
2026-05-25 06:35:00+00:00,1.34829,1.34838,1.34825,1.34838,0
2026-05-25 06:36:00+00:00,1.34838,1.34848,1.34836,1.34843,0
2026-05-25 06:37:00+00:00,1.3484,1.3484,1.34827,1.34831,0
2026-05-25 06:38:00+00:00,1.34832,1.34833,1.34827,1.34829,0
2026-05-25 06:39:00+00:00,1.34828,1.34846,1.34828,1.3484,0
2026-05-25 06:40:00+00:00,1.34838,1.34838,1.34827,1.34834,0
2026-05-25 06:41:00+00:00,1.34835,1.34836,1.34828,1.34829,0
2026-05-25 06:42:00+00:00,1.34829,1.34837,1.34828,1.34837,0
2026-05-25 06:43:00+00:00,1.34837,1.34837,1.34815,1.34817,0
2026-05-25 06:44:00+00:00,1.34818,1.34818,1.34809,1.34814,0
2026-05-25 06:45:00+00:00,1.34812,1.34833,1.34812,1.34827,0
2026-05-25 06:46:00+00:00,1.34827,1.3484,1.34827,1.3484,0
2026-05-25 06:47:00+00:00,1.34846,1.34847,1.34834,1.34834,0
2026-05-25 06:48:00+00:00,1.34834,1.34839,1.3483,1.34838,0
2026-05-25 06:49:00+00:00,1.34836,1.34846,1.34836,1.34841,0
2026-05-25 06:50:00+00:00,1.34839,1.34841,1.34838,1.34839,0
2026-05-25 06:51:00+00:00,1.34838,1.34854,1.34837,1.34853,0
2026-05-25 06:52:00+00:00,1.34853,1.34854,1.34842,1.3485,0
2026-05-25 06:53:00+00:00,1.3485,1.34858,1.34846,1.34858,0
2026-05-25 06:54:00+00:00,1.3486,1.3487,1.34855,1.3486,0
2026-05-25 06:55:00+00:00,1.34861,1.34869,1.34861,1.34868,0
2026-05-25 06:56:00+00:00,1.34866,1.34866,1.34862,1.34862,0
2026-05-25 06:57:00+00:00,1.34862,1.34862,1.3484,1.34846,0
2026-05-25 06:58:00+00:00,1.34845,1.34847,1.34838,1.34844,0
2026-05-25 06:59:00+00:00,1.34844,1.34859,1.34842,1.34859,0
2026-05-25 07:00:00+00:00,1.34859,1.34862,1.34839,1.34843,0
2026-05-25 07:01:00+00:00,1.34845,1.34853,1.34844,1.34848,0
2026-05-25 07:02:00+00:00,1.34849,1.34853,1.34842,1.34851,0
2026-05-25 07:03:00+00:00,1.34849,1.3485,1.34838,1.34839,0
2026-05-25 07:04:00+00:00,1.34839,1.34857,1.34839,1.34843,0
2026-05-25 07:05:00+00:00,1.3484,1.34842,1.34833,1.34835,0
2026-05-25 07:06:00+00:00,1.34834,1.34837,1.34807,1.34809,0
2026-05-25 07:07:00+00:00,1.34809,1.34813,1.34803,1.34803,0
2026-05-25 07:08:00+00:00,1.34805,1.34805,1.34787,1.34787,0
2026-05-25 07:09:00+00:00,1.34789,1.34807,1.34784,1.34807,0
2026-05-25 07:10:00+00:00,1.34806,1.34806,1.34784,1.34799,0
2026-05-25 07:11:00+00:00,1.348,1.34814,1.34795,1.34814,0
2026-05-25 07:12:00+00:00,1.34813,1.34827,1.34813,1.34825,0
2026-05-25 07:13:00+00:00,1.34826,1.34828,1.34814,1.34815,0
2026-05-25 07:14:00+00:00,1.34815,1.34819,1.34811,1.34817,0
2026-05-25 07:15:00+00:00,1.34817,1.34818,1.34808,1.34812,0
2026-05-25 07:16:00+00:00,1.34812,1.34818,1.34807,1.34809,0
2026-05-25 07:17:00+00:00,1.34806,1.34806,1.34785,1.34786,0
2026-05-25 07:18:00+00:00,1.34785,1.34789,1.34709,1.34709,0
2026-05-25 07:19:00+00:00,1.34707,1.34738,1.34705,1.34719,0
2026-05-25 07:20:00+00:00,1.34718,1.34734,1.34709,1.34718,0
2026-05-25 07:21:00+00:00,1.34718,1.34735,1.34718,1.34727,0
2026-05-25 07:22:00+00:00,1.34729,1.34742,1.34706,1.34707,0
2026-05-25 07:23:00+00:00,1.34708,1.34726,1.34707,1.34718,0
2026-05-25 07:24:00+00:00,1.34718,1.3475,1.34718,1.34743,0
2026-05-25 07:25:00+00:00,1.34745,1.34748,1.34731,1.34739,0
2026-05-25 07:26:00+00:00,1.34741,1.34746,1.34726,1.3474,0
2026-05-25 07:27:00+00:00,1.34738,1.34747,1.34735,1.34742,0
2026-05-25 07:28:00+00:00,1.3474,1.34741,1.34736,1.34737,0
2026-05-25 07:29:00+00:00,1.34739,1.34739,1.34733,1.34735,0
2026-05-25 07:30:00+00:00,1.34735,1.34744,1.34734,1.34737,0
2026-05-25 07:31:00+00:00,1.34737,1.3475,1.34735,1.34747,0
2026-05-25 07:32:00+00:00,1.34748,1.34783,1.34747,1.34778,0
2026-05-25 07:33:00+00:00,1.34776,1.34797,1.3477,1.34772,0
2026-05-25 07:34:00+00:00,1.34771,1.34775,1.34753,1.34759,0
2026-05-25 07:35:00+00:00,1.3476,1.34774,1.34758,1.34772,0
2026-05-25 07:36:00+00:00,1.34773,1.34779,1.3477,1.34773,0
2026-05-25 07:37:00+00:00,1.34775,1.34775,1.34762,1.34769,0
2026-05-25 07:38:00+00:00,1.3477,1.3477,1.34763,1.34767,0
2026-05-25 07:39:00+00:00,1.34768,1.34772,1.34764,1.34765,0
2026-05-25 07:40:00+00:00,1.34764,1.34766,1.34763,1.34765,0
2026-05-25 07:41:00+00:00,1.34764,1.34774,1.34764,1.3477,0
2026-05-25 07:42:00+00:00,1.34773,1.34784,1.3477,1.34778,0
2026-05-25 07:43:00+00:00,1.34777,1.34778,1.34765,1.34774,0
2026-05-25 07:44:00+00:00,1.34775,1.34778,1.34764,1.34765,0
2026-05-25 07:45:00+00:00,1.34762,1.34767,1.34762,1.34765,0
2026-05-25 07:46:00+00:00,1.34766,1.34773,1.34752,1.34768,0
2026-05-25 07:47:00+00:00,1.34767,1.3478,1.34765,1.34779,0
2026-05-25 07:48:00+00:00,1.34777,1.34783,1.34775,1.34775,0
2026-05-25 07:49:00+00:00,1.34775,1.34783,1.34775,1.34783,0
2026-05-25 07:50:00+00:00,1.34784,1.34786,1.34777,1.34785,0
2026-05-25 07:51:00+00:00,1.34787,1.34788,1.34778,1.34778,0
2026-05-25 07:52:00+00:00,1.34776,1.34793,1.34774,1.34793,0
2026-05-25 07:53:00+00:00,1.34793,1.34797,1.34784,1.34786,0
2026-05-25 07:54:00+00:00,1.34792,1.34793,1.34783,1.34784,0
2026-05-25 07:55:00+00:00,1.34787,1.34797,1.34783,1.34785,0
2026-05-25 07:56:00+00:00,1.34785,1.3479,1.34781,1.34785,0
2026-05-25 07:57:00+00:00,1.34786,1.34831,1.34781,1.34831,0
2026-05-25 07:58:00+00:00,1.34829,1.34837,1.34817,1.34824,0
2026-05-25 07:59:00+00:00,1.34825,1.34845,1.34824,1.34845,0
2026-05-25 08:00:00+00:00,1.34847,1.34847,1.34803,1.34805,0
2026-05-25 08:01:00+00:00,1.34807,1.34815,1.34805,1.3481,0
2026-05-25 08:02:00+00:00,1.34809,1.34811,1.34783,1.34784,0
2026-05-25 08:03:00+00:00,1.34783,1.3481,1.34782,1.34804,0
2026-05-25 08:04:00+00:00,1.34805,1.34818,1.34805,1.34809,0
2026-05-25 08:05:00+00:00,1.34809,1.34819,1.34806,1.34811,0
2026-05-25 08:06:00+00:00,1.3481,1.34838,1.3481,1.34837,0
2026-05-25 08:07:00+00:00,1.34837,1.34855,1.34831,1.34855,0
2026-05-25 08:08:00+00:00,1.34854,1.34868,1.34854,1.34867,0
2026-05-25 08:09:00+00:00,1.34865,1.34878,1.3486,1.34875,0
2026-05-25 08:10:00+00:00,1.34877,1.34895,1.34877,1.34894,0
2026-05-25 08:11:00+00:00,1.34892,1.34896,1.34877,1.34881,0
2026-05-25 08:12:00+00:00,1.34879,1.34883,1.34872,1.34874,0
2026-05-25 08:13:00+00:00,1.34871,1.34871,1.34861,1.34865,0
2026-05-25 08:14:00+00:00,1.34869,1.34877,1.34861,1.34867,0
2026-05-25 08:15:00+00:00,1.34869,1.34872,1.34861,1.34863,0
2026-05-25 08:16:00+00:00,1.34864,1.34865,1.34861,1.34863,0
2026-05-25 08:17:00+00:00,1.34864,1.34866,1.34863,1.34864,0
2026-05-25 08:18:00+00:00,1.34862,1.34865,1.34862,1.34863,0
2026-05-25 08:19:00+00:00,1.34864,1.34876,1.34864,1.34874,0
2026-05-25 08:20:00+00:00,1.34876,1.34883,1.34871,1.34874,0
2026-05-25 08:21:00+00:00,1.34872,1.34875,1.34866,1.34869,0
2026-05-25 08:22:00+00:00,1.3487,1.34872,1.34864,1.34865,0
2026-05-25 08:23:00+00:00,1.34866,1.34868,1.34862,1.34867,0
2026-05-25 08:24:00+00:00,1.34866,1.34872,1.34866,1.34867,0
2026-05-25 08:25:00+00:00,1.34867,1.34874,1.34864,1.34869,0
2026-05-25 08:26:00+00:00,1.34872,1.34873,1.34867,1.34872,0
2026-05-25 08:27:00+00:00,1.34871,1.34878,1.34868,1.34874,0
2026-05-25 08:28:00+00:00,1.34875,1.34876,1.34869,1.34872,0
2026-05-25 08:29:00+00:00,1.34873,1.34877,1.34872,1.34874,0
2026-05-25 08:30:00+00:00,1.34874,1.34892,1.34871,1.34892,0
2026-05-25 08:31:00+00:00,1.34892,1.34898,1.34889,1.34897,0
2026-05-25 08:32:00+00:00,1.34898,1.349,1.34897,1.34898,0
2026-05-25 08:33:00+00:00,1.34898,1.34904,1.34898,1.34904,0
2026-05-25 08:34:00+00:00,1.34902,1.34902,1.34894,1.349,0
2026-05-25 08:35:00+00:00,1.34901,1.34909,1.34894,1.34894,0
2026-05-25 08:36:00+00:00,1.34893,1.34894,1.34882,1.34886,0
2026-05-25 08:37:00+00:00,1.34887,1.34894,1.34883,1.34884,0
2026-05-25 08:38:00+00:00,1.34885,1.34886,1.34876,1.34877,0
2026-05-25 08:39:00+00:00,1.34877,1.34887,1.34875,1.34887,0
2026-05-25 08:40:00+00:00,1.34887,1.34893,1.34886,1.34892,0
2026-05-25 08:41:00+00:00,1.34893,1.34895,1.34885,1.34886,0
2026-05-25 08:42:00+00:00,1.34884,1.34886,1.34876,1.34878,0
2026-05-25 08:43:00+00:00,1.34875,1.34876,1.34863,1.34863,0
2026-05-25 08:44:00+00:00,1.34865,1.34867,1.34863,1.34866,0
2026-05-25 08:45:00+00:00,1.34867,1.34879,1.34865,1.34876,0
2026-05-25 08:46:00+00:00,1.34876,1.34879,1.34873,1.34874,0
2026-05-25 08:47:00+00:00,1.34875,1.34886,1.34875,1.34886,0
2026-05-25 08:48:00+00:00,1.34887,1.34897,1.34886,1.34896,0
2026-05-25 08:49:00+00:00,1.34894,1.34903,1.34894,1.34898,0
2026-05-25 08:50:00+00:00,1.34898,1.34899,1.34895,1.34895,0
2026-05-25 08:51:00+00:00,1.34893,1.34895,1.34887,1.34888,0
2026-05-25 08:52:00+00:00,1.34888,1.3489,1.34878,1.34882,0
2026-05-25 08:53:00+00:00,1.34883,1.34885,1.34877,1.34877,0
2026-05-25 08:54:00+00:00,1.34879,1.34898,1.34877,1.34898,0
2026-05-25 08:55:00+00:00,1.34898,1.34899,1.34889,1.34889,0
2026-05-25 08:56:00+00:00,1.34887,1.34887,1.34878,1.34883,0
2026-05-25 08:57:00+00:00,1.34882,1.34918,1.34882,1.34916,0
2026-05-25 08:58:00+00:00,1.34917,1.34929,1.34917,1.34927,0
2026-05-25 08:59:00+00:00,1.34928,1.34936,1.34928,1.34932,0
2026-05-25 09:00:00+00:00,1.34933,1.34935,1.34923,1.34929,0
2026-05-25 09:01:00+00:00,1.34929,1.34939,1.34929,1.34937,0
2026-05-25 09:02:00+00:00,1.34936,1.34942,1.34936,1.34937,0
2026-05-25 09:03:00+00:00,1.34937,1.34937,1.34935,1.34936,0
2026-05-25 09:04:00+00:00,1.34937,1.34937,1.34936,1.34936,0
2026-05-25 09:05:00+00:00,1.34935,1.34951,1.34935,1.3495,0
2026-05-25 09:06:00+00:00,1.34951,1.34954,1.34935,1.34936,0
2026-05-25 09:07:00+00:00,1.34935,1.34939,1.34935,1.34938,0
2026-05-25 09:08:00+00:00,1.34938,1.34938,1.34927,1.34928,0
2026-05-25 09:09:00+00:00,1.34934,1.3494,1.34934,1.34935,0
2026-05-25 09:10:00+00:00,1.34937,1.34948,1.34937,1.34948,0
2026-05-25 09:11:00+00:00,1.34949,1.3495,1.34948,1.3495,0
2026-05-25 09:12:00+00:00,1.34948,1.34949,1.34939,1.34946,0
2026-05-25 09:13:00+00:00,1.34945,1.34945,1.34927,1.34933,0
2026-05-25 09:14:00+00:00,1.34931,1.34931,1.34924,1.34925,0
2026-05-25 09:15:00+00:00,1.34926,1.34928,1.34916,1.34916,0
2026-05-25 09:16:00+00:00,1.34915,1.34927,1.34912,1.34927,0
2026-05-25 09:17:00+00:00,1.34926,1.34929,1.34926,1.34928,0
2026-05-25 09:18:00+00:00,1.34927,1.34938,1.34927,1.34935,0
2026-05-25 09:19:00+00:00,1.34936,1.34936,1.34927,1.34931,0
2026-05-25 09:20:00+00:00,1.34933,1.34936,1.34925,1.34926,0
2026-05-25 09:21:00+00:00,1.34925,1.34926,1.34922,1.34924,0
2026-05-25 09:22:00+00:00,1.34924,1.34927,1.34924,1.34926,0
2026-05-25 09:23:00+00:00,1.34925,1.34925,1.34922,1.34925,0
2026-05-25 09:24:00+00:00,1.34926,1.34933,1.34926,1.34929,0
2026-05-25 09:25:00+00:00,1.34929,1.34933,1.34927,1.3493,0
2026-05-25 09:26:00+00:00,1.3493,1.34937,1.34927,1.34933,0
2026-05-25 09:27:00+00:00,1.34933,1.34947,1.34933,1.34946,0
2026-05-25 09:28:00+00:00,1.34945,1.3495,1.34937,1.34941,0
2026-05-25 09:29:00+00:00,1.34941,1.34941,1.34933,1.34933,0
2026-05-25 09:30:00+00:00,1.34934,1.34939,1.34929,1.34935,0
2026-05-25 09:31:00+00:00,1.34936,1.3494,1.34936,1.34938,0
2026-05-25 09:32:00+00:00,1.34941,1.34943,1.34939,1.34943,0
2026-05-25 09:33:00+00:00,1.34944,1.34947,1.34937,1.34939,0
2026-05-25 09:34:00+00:00,1.34942,1.34946,1.34937,1.34939,0
2026-05-25 09:35:00+00:00,1.34937,1.34942,1.34936,1.3494,0
2026-05-25 09:36:00+00:00,1.34941,1.34943,1.34936,1.34938,0
2026-05-25 09:37:00+00:00,1.34937,1.34944,1.34937,1.34943,0
2026-05-25 09:38:00+00:00,1.34942,1.34942,1.34939,1.34942,0
2026-05-25 09:39:00+00:00,1.34942,1.34945,1.34934,1.34944,0
2026-05-25 09:40:00+00:00,1.34945,1.34948,1.34943,1.34946,0
2026-05-25 09:41:00+00:00,1.34947,1.34951,1.34944,1.34944,0
2026-05-25 09:42:00+00:00,1.34944,1.34947,1.34943,1.34946,0
2026-05-25 09:43:00+00:00,1.34948,1.34951,1.34948,1.34948,0
2026-05-25 09:44:00+00:00,1.3495,1.34954,1.34949,1.34953,0
2026-05-25 09:45:00+00:00,1.34953,1.34954,1.34944,1.34946,0
2026-05-25 09:46:00+00:00,1.34947,1.34958,1.34946,1.34957,0
2026-05-25 09:47:00+00:00,1.34957,1.34958,1.34948,1.3495,0
2026-05-25 09:48:00+00:00,1.34951,1.34951,1.34936,1.34938,0
2026-05-25 09:49:00+00:00,1.34938,1.34946,1.34938,1.34942,0
2026-05-25 09:50:00+00:00,1.34941,1.34945,1.34939,1.34943,0
2026-05-25 09:51:00+00:00,1.34942,1.34945,1.34937,1.34937,0
2026-05-25 09:52:00+00:00,1.34938,1.34938,1.34933,1.34937,0
2026-05-25 09:53:00+00:00,1.34938,1.34942,1.34937,1.34938,0
2026-05-25 09:54:00+00:00,1.34938,1.34939,1.34936,1.34937,0
2026-05-25 09:55:00+00:00,1.34936,1.34943,1.34936,1.3494,0
2026-05-25 09:56:00+00:00,1.34942,1.34943,1.34939,1.34943,0
2026-05-25 09:57:00+00:00,1.34942,1.34945,1.34942,1.34942,0
2026-05-25 09:58:00+00:00,1.34942,1.34942,1.34926,1.34926,0
2026-05-25 09:59:00+00:00,1.34929,1.34929,1.34923,1.34924,0
2026-05-25 10:00:00+00:00,1.34923,1.34938,1.34923,1.34936,0
2026-05-25 10:01:00+00:00,1.34936,1.3494,1.34936,1.34937,0
2026-05-25 10:02:00+00:00,1.34937,1.34943,1.34936,1.34943,0
2026-05-25 10:03:00+00:00,1.34944,1.34945,1.34932,1.34934,0
2026-05-25 10:04:00+00:00,1.34934,1.34935,1.34931,1.34932,0
2026-05-25 10:05:00+00:00,1.34932,1.34936,1.34931,1.34936,0
2026-05-25 10:06:00+00:00,1.34936,1.34936,1.34927,1.34928,0
2026-05-25 10:07:00+00:00,1.34934,1.34937,1.34933,1.34935,0
2026-05-25 10:08:00+00:00,1.34935,1.34935,1.34927,1.34928,0
2026-05-25 10:09:00+00:00,1.3493,1.34934,1.34928,1.34928,0
2026-05-25 10:10:00+00:00,1.34927,1.34932,1.34916,1.34921,0
2026-05-25 10:11:00+00:00,1.34918,1.34922,1.34914,1.34916,0
2026-05-25 10:12:00+00:00,1.34915,1.34919,1.34914,1.34915,0
2026-05-25 10:13:00+00:00,1.34916,1.34917,1.34914,1.34914,0
2026-05-25 10:14:00+00:00,1.34914,1.34915,1.3491,1.3491,0
2026-05-25 10:15:00+00:00,1.34914,1.34916,1.34908,1.34912,0
2026-05-25 10:16:00+00:00,1.34913,1.34917,1.34913,1.34917,0
2026-05-25 10:17:00+00:00,1.34918,1.34933,1.34918,1.34929,0
2026-05-25 10:18:00+00:00,1.34929,1.34929,1.34924,1.34924,0
2026-05-25 10:19:00+00:00,1.34924,1.34924,1.34917,1.34917,0
2026-05-25 10:20:00+00:00,1.34917,1.34917,1.34897,1.34897,0
2026-05-25 10:21:00+00:00,1.34897,1.34908,1.34896,1.34907,0
2026-05-25 10:22:00+00:00,1.34908,1.34908,1.34905,1.34905,0
2026-05-25 10:23:00+00:00,1.34905,1.34906,1.349,1.34905,0
2026-05-25 10:24:00+00:00,1.34905,1.34906,1.34898,1.34898,0
2026-05-25 10:25:00+00:00,1.34897,1.349,1.34891,1.34896,0
2026-05-25 10:26:00+00:00,1.34893,1.34902,1.34892,1.34902,0
2026-05-25 10:27:00+00:00,1.34899,1.34905,1.34898,1.34904,0
2026-05-25 10:28:00+00:00,1.34903,1.34907,1.34902,1.34907,0
2026-05-25 10:29:00+00:00,1.34909,1.34914,1.34898,1.34903,0
2026-05-25 10:30:00+00:00,1.34902,1.34906,1.34896,1.34905,0
2026-05-25 10:31:00+00:00,1.34906,1.34906,1.34899,1.34901,0
2026-05-25 10:32:00+00:00,1.34902,1.34903,1.34894,1.34896,0
2026-05-25 10:33:00+00:00,1.34897,1.34898,1.34896,1.34897,0
2026-05-25 10:34:00+00:00,1.34902,1.34902,1.34897,1.34898,0
2026-05-25 10:35:00+00:00,1.34896,1.349,1.34896,1.34899,0
2026-05-25 10:36:00+00:00,1.34898,1.34904,1.34894,1.34904,0
2026-05-25 10:37:00+00:00,1.34904,1.34905,1.34898,1.34899,0
2026-05-25 10:38:00+00:00,1.349,1.34904,1.34899,1.34899,0
2026-05-25 10:39:00+00:00,1.34902,1.34907,1.34902,1.34903,0
2026-05-25 10:40:00+00:00,1.34903,1.34904,1.34898,1.34901,0
2026-05-25 10:41:00+00:00,1.34902,1.34906,1.34901,1.34905,0
2026-05-25 10:42:00+00:00,1.34907,1.34907,1.34904,1.34904,0
2026-05-25 10:43:00+00:00,1.34906,1.34907,1.34903,1.34907,0
2026-05-25 10:44:00+00:00,1.34912,1.34916,1.34912,1.34916,0
2026-05-25 10:45:00+00:00,1.34922,1.34922,1.34913,1.34916,0
2026-05-25 10:46:00+00:00,1.34916,1.34916,1.34912,1.34913,0
2026-05-25 10:47:00+00:00,1.34914,1.34915,1.34913,1.34914,0
2026-05-25 10:48:00+00:00,1.34915,1.34917,1.34914,1.34914,0
2026-05-25 10:49:00+00:00,1.34915,1.34915,1.34914,1.34914,0
2026-05-25 10:50:00+00:00,1.34913,1.34914,1.34912,1.34912,0
2026-05-25 10:51:00+00:00,1.34913,1.34913,1.34903,1.34903,0
2026-05-25 10:52:00+00:00,1.34903,1.34906,1.349,1.34901,0
2026-05-25 10:53:00+00:00,1.34902,1.34903,1.349,1.34903,0
2026-05-25 10:54:00+00:00,1.34902,1.34903,1.34898,1.34903,0
2026-05-25 10:55:00+00:00,1.34903,1.34903,1.349,1.34902,0
2026-05-25 10:56:00+00:00,1.34903,1.34904,1.349,1.34904,0
2026-05-25 10:57:00+00:00,1.34903,1.34906,1.34898,1.34899,0
2026-05-25 10:58:00+00:00,1.34897,1.34909,1.34895,1.34907,0
2026-05-25 10:59:00+00:00,1.34909,1.34909,1.34903,1.34907,0
2026-05-25 11:00:00+00:00,1.3491,1.34911,1.34895,1.34897,0
2026-05-25 11:01:00+00:00,1.349,1.349,1.34895,1.34896,0
2026-05-25 11:02:00+00:00,1.34897,1.34901,1.34892,1.34896,0
2026-05-25 11:03:00+00:00,1.34895,1.34896,1.34893,1.34895,0
2026-05-25 11:04:00+00:00,1.34893,1.34897,1.34893,1.34896,0
2026-05-25 11:05:00+00:00,1.34895,1.34897,1.34894,1.34895,0
2026-05-25 11:06:00+00:00,1.34893,1.34895,1.34872,1.34874,0
2026-05-25 11:07:00+00:00,1.34874,1.34877,1.34873,1.34873,0
2026-05-25 11:08:00+00:00,1.34874,1.34877,1.34874,1.34876,0
2026-05-25 11:09:00+00:00,1.34876,1.34887,1.34875,1.34883,0
2026-05-25 11:10:00+00:00,1.34885,1.34897,1.34885,1.34894,0
2026-05-25 11:11:00+00:00,1.34893,1.34895,1.34887,1.34894,0
2026-05-25 11:12:00+00:00,1.34893,1.34899,1.34888,1.34896,0
2026-05-25 11:13:00+00:00,1.34896,1.34907,1.34896,1.34903,0
2026-05-25 11:14:00+00:00,1.34902,1.34907,1.349,1.34905,0
2026-05-25 11:15:00+00:00,1.34907,1.3491,1.34905,1.34908,0
2026-05-25 11:16:00+00:00,1.34907,1.34917,1.34906,1.34914,0
2026-05-25 11:17:00+00:00,1.34915,1.34923,1.34915,1.34921,0
2026-05-25 11:18:00+00:00,1.34923,1.34926,1.34923,1.34925,0
2026-05-25 11:19:00+00:00,1.34925,1.3493,1.34925,1.34928,0
2026-05-25 11:20:00+00:00,1.34927,1.34928,1.34926,1.34926,0
2026-05-25 11:21:00+00:00,1.34928,1.34937,1.34925,1.34937,0
2026-05-25 11:22:00+00:00,1.34936,1.3494,1.34935,1.3494,0
2026-05-25 11:23:00+00:00,1.3494,1.3494,1.34935,1.34936,0
2026-05-25 11:24:00+00:00,1.34936,1.34948,1.34935,1.34945,0
2026-05-25 11:25:00+00:00,1.34945,1.34948,1.34944,1.34946,0
2026-05-25 11:26:00+00:00,1.34946,1.34948,1.34936,1.34937,0
2026-05-25 11:27:00+00:00,1.34937,1.34949,1.34937,1.34944,0
2026-05-25 11:28:00+00:00,1.34943,1.34946,1.34937,1.34945,0
2026-05-25 11:29:00+00:00,1.34945,1.34952,1.34944,1.34949,0
2026-05-25 11:30:00+00:00,1.34951,1.34965,1.34949,1.34956,0
2026-05-25 11:31:00+00:00,1.34958,1.34959,1.3495,1.3495,0
2026-05-25 11:32:00+00:00,1.34952,1.34965,1.3495,1.34965,0
2026-05-25 11:33:00+00:00,1.34965,1.34992,1.34965,1.34968,0
2026-05-25 11:34:00+00:00,1.34968,1.34976,1.34963,1.34968,0
2026-05-25 11:35:00+00:00,1.34969,1.34975,1.34965,1.34973,0
2026-05-25 11:36:00+00:00,1.34975,1.34998,1.34973,1.34995,0
2026-05-25 11:37:00+00:00,1.34995,1.35005,1.34988,1.35,0
2026-05-25 11:38:00+00:00,1.35001,1.35001,1.34994,1.34996,0
2026-05-25 11:39:00+00:00,1.34997,1.3502,1.34996,1.35019,0
2026-05-25 11:40:00+00:00,1.3502,1.35034,1.35019,1.35029,0
2026-05-25 11:41:00+00:00,1.3503,1.35032,1.35024,1.35028,0
2026-05-25 11:42:00+00:00,1.35027,1.3503,1.35025,1.35027,0
2026-05-25 11:43:00+00:00,1.35027,1.35034,1.35026,1.35028,0
2026-05-25 11:44:00+00:00,1.35028,1.35041,1.35028,1.3504,0
2026-05-25 11:45:00+00:00,1.35039,1.35059,1.3503,1.35032,0
2026-05-25 11:46:00+00:00,1.35032,1.35049,1.3503,1.35049,0
2026-05-25 11:47:00+00:00,1.3505,1.35052,1.35026,1.35026,0
2026-05-25 11:48:00+00:00,1.35026,1.3503,1.35014,1.35018,0
2026-05-25 11:49:00+00:00,1.35017,1.35019,1.35012,1.35014,0
2026-05-25 11:50:00+00:00,1.35012,1.35017,1.35012,1.35016,0
2026-05-25 11:51:00+00:00,1.35015,1.35024,1.3501,1.35021,0
2026-05-25 11:52:00+00:00,1.35022,1.35028,1.35018,1.35025,0
2026-05-25 11:53:00+00:00,1.35026,1.35027,1.3502,1.3502,0
2026-05-25 11:54:00+00:00,1.35021,1.35027,1.35017,1.35027,0
2026-05-25 11:55:00+00:00,1.35026,1.35026,1.35007,1.35013,0
2026-05-25 11:56:00+00:00,1.35016,1.35029,1.35015,1.35017,0
2026-05-25 11:57:00+00:00,1.35017,1.35017,1.34993,1.35,0
2026-05-25 11:58:00+00:00,1.34999,1.35002,1.34989,1.34989,0
2026-05-25 11:59:00+00:00,1.34987,1.3499,1.34979,1.34981,0
2026-05-25 12:00:00+00:00,1.34982,1.34985,1.34966,1.3498,0
2026-05-25 12:01:00+00:00,1.3498,1.34984,1.34977,1.34984,0
2026-05-25 12:02:00+00:00,1.3498,1.34996,1.34979,1.3499,0
2026-05-25 12:03:00+00:00,1.34992,1.34997,1.34987,1.34993,0
2026-05-25 12:04:00+00:00,1.34994,1.35008,1.34994,1.35004,0
2026-05-25 12:05:00+00:00,1.35002,1.35004,1.34986,1.34987,0
2026-05-25 12:06:00+00:00,1.34985,1.34992,1.34975,1.34988,0
2026-05-25 12:07:00+00:00,1.34986,1.34994,1.34984,1.34988,0
2026-05-25 12:08:00+00:00,1.3499,1.35008,1.34988,1.35004,0
2026-05-25 12:09:00+00:00,1.35006,1.35008,1.3499,1.34991,0
2026-05-25 12:10:00+00:00,1.34989,1.35004,1.34989,1.34995,0
2026-05-25 12:11:00+00:00,1.34994,1.35,1.34991,1.34999,0
2026-05-25 12:12:00+00:00,1.35,1.35007,1.34997,1.35007,0
2026-05-25 12:13:00+00:00,1.35007,1.35016,1.35005,1.35016,0
2026-05-25 12:14:00+00:00,1.35015,1.35015,1.35003,1.35005,0
2026-05-25 12:15:00+00:00,1.35006,1.35007,1.35003,1.35004,0
2026-05-25 12:16:00+00:00,1.35004,1.35014,1.35004,1.35013,0
2026-05-25 12:17:00+00:00,1.35013,1.35017,1.35,1.35002,0
2026-05-25 12:18:00+00:00,1.34999,1.35014,1.34998,1.35014,0
2026-05-25 12:19:00+00:00,1.35012,1.35016,1.35007,1.35007,0
2026-05-25 12:20:00+00:00,1.35005,1.35006,1.34993,1.34995,0
2026-05-25 12:21:00+00:00,1.34993,1.34999,1.34992,1.34999,0
2026-05-25 12:22:00+00:00,1.34999,1.35001,1.34996,1.34997,0
2026-05-25 12:23:00+00:00,1.34995,1.3502,1.34987,1.35012,0
2026-05-25 12:24:00+00:00,1.35011,1.35019,1.35004,1.35006,0
2026-05-25 12:25:00+00:00,1.35004,1.35012,1.34998,1.35004,0
2026-05-25 12:26:00+00:00,1.35005,1.35006,1.34994,1.34996,0
2026-05-25 12:27:00+00:00,1.34995,1.35006,1.34995,1.34995,0
2026-05-25 12:28:00+00:00,1.34994,1.34998,1.34994,1.34997,0
2026-05-25 12:29:00+00:00,1.34997,1.34997,1.34995,1.34995,0
2026-05-25 12:30:00+00:00,1.34996,1.35001,1.34995,1.34998,0
2026-05-25 12:31:00+00:00,1.35001,1.35036,1.35001,1.35036,0
2026-05-25 12:32:00+00:00,1.35034,1.35043,1.35034,1.35041,0
2026-05-25 12:33:00+00:00,1.3504,1.35042,1.35033,1.35035,0
2026-05-25 12:34:00+00:00,1.35035,1.35058,1.35035,1.35055,0
2026-05-25 12:35:00+00:00,1.35056,1.35056,1.35039,1.35048,0
2026-05-25 12:36:00+00:00,1.35048,1.35048,1.35038,1.35042,0
2026-05-25 12:37:00+00:00,1.35041,1.35046,1.35037,1.35038,0
2026-05-25 12:38:00+00:00,1.35039,1.35042,1.35027,1.35027,0
2026-05-25 12:39:00+00:00,1.35027,1.3503,1.35026,1.35027,0
2026-05-25 12:40:00+00:00,1.35026,1.35034,1.35025,1.35028,0
2026-05-25 12:41:00+00:00,1.3503,1.35036,1.3503,1.35032,0
2026-05-25 12:42:00+00:00,1.35034,1.35039,1.35034,1.35039,0
2026-05-25 12:43:00+00:00,1.35043,1.35046,1.35035,1.35038,0
2026-05-25 12:44:00+00:00,1.35039,1.3505,1.35039,1.3505,0
2026-05-25 12:45:00+00:00,1.35052,1.35053,1.35027,1.35049,0
2026-05-25 12:46:00+00:00,1.35048,1.35063,1.35045,1.3506,0
2026-05-25 12:47:00+00:00,1.35059,1.35059,1.35045,1.35045,0
2026-05-25 12:48:00+00:00,1.35046,1.35051,1.35035,1.35035,0
2026-05-25 12:49:00+00:00,1.35036,1.35036,1.35022,1.35024,0
2026-05-25 12:50:00+00:00,1.35024,1.35033,1.35018,1.35018,0
2026-05-25 12:51:00+00:00,1.35019,1.35023,1.35011,1.35013,0
2026-05-25 12:52:00+00:00,1.35012,1.35014,1.35006,1.3501,0
2026-05-25 12:53:00+00:00,1.3501,1.3501,1.35005,1.35006,0
2026-05-25 12:54:00+00:00,1.35006,1.35013,1.35005,1.35013,0
2026-05-25 12:55:00+00:00,1.35013,1.35013,1.35008,1.35008,0
2026-05-25 12:56:00+00:00,1.35009,1.35015,1.35004,1.35015,0
2026-05-25 12:57:00+00:00,1.35013,1.35015,1.35004,1.35004,0
2026-05-25 12:58:00+00:00,1.35004,1.35006,1.34996,1.35004,0
2026-05-25 12:59:00+00:00,1.35003,1.35008,1.35003,1.35004,0
2026-05-25 13:00:00+00:00,1.35002,1.35005,1.34993,1.35003,0
2026-05-25 13:01:00+00:00,1.35005,1.35013,1.35005,1.3501,0
2026-05-25 13:02:00+00:00,1.35012,1.35014,1.35004,1.3501,0
2026-05-25 13:03:00+00:00,1.3501,1.35017,1.35008,1.35015,0
2026-05-25 13:04:00+00:00,1.35014,1.35024,1.35008,1.35013,0
2026-05-25 13:05:00+00:00,1.35011,1.35016,1.35011,1.35016,0
2026-05-25 13:06:00+00:00,1.35014,1.35024,1.35014,1.35015,0
2026-05-25 13:07:00+00:00,1.35014,1.35028,1.35014,1.35026,0
2026-05-25 13:08:00+00:00,1.35026,1.35027,1.35023,1.35023,0
2026-05-25 13:09:00+00:00,1.35021,1.35024,1.35013,1.35024,0
2026-05-25 13:10:00+00:00,1.35023,1.35023,1.35016,1.35018,0
2026-05-25 13:11:00+00:00,1.35017,1.35017,1.34991,1.34991,0
2026-05-25 13:12:00+00:00,1.34991,1.34994,1.34981,1.34984,0
2026-05-25 13:13:00+00:00,1.34985,1.3499,1.3498,1.34986,0
2026-05-25 13:14:00+00:00,1.34985,1.34994,1.34984,1.34991,0
2026-05-25 13:15:00+00:00,1.34992,1.34992,1.3498,1.34989,0
2026-05-25 13:16:00+00:00,1.34989,1.3499,1.3498,1.3499,0
2026-05-25 13:17:00+00:00,1.34991,1.34991,1.34981,1.34986,0
2026-05-25 13:18:00+00:00,1.34985,1.34994,1.34982,1.34993,0
2026-05-25 13:19:00+00:00,1.34994,1.34998,1.34986,1.34994,0
2026-05-25 13:20:00+00:00,1.34996,1.35003,1.34995,1.35003,0
2026-05-25 13:21:00+00:00,1.35004,1.35007,1.34994,1.35005,0
2026-05-25 13:22:00+00:00,1.35003,1.35015,1.35002,1.35011,0
2026-05-25 13:23:00+00:00,1.3501,1.35011,1.34998,1.35006,0
2026-05-25 13:24:00+00:00,1.35004,1.35009,1.35003,1.35006,0
2026-05-25 13:25:00+00:00,1.35005,1.35005,1.35001,1.35001,0
2026-05-25 13:26:00+00:00,1.35002,1.35016,1.35002,1.35016,0
2026-05-25 13:27:00+00:00,1.35014,1.35018,1.35013,1.35013,0
2026-05-25 13:28:00+00:00,1.35014,1.35014,1.35003,1.35007,0
2026-05-25 13:29:00+00:00,1.35007,1.35017,1.35007,1.35016,0
2026-05-25 13:30:00+00:00,1.35015,1.35018,1.35012,1.35013,0
2026-05-25 13:31:00+00:00,1.35013,1.35033,1.35013,1.35032,0
2026-05-25 13:32:00+00:00,1.35034,1.35036,1.35025,1.35026,0
2026-05-25 13:33:00+00:00,1.35026,1.35037,1.35022,1.35033,0
2026-05-25 13:34:00+00:00,1.35031,1.35032,1.35026,1.35026,0
2026-05-25 13:35:00+00:00,1.35027,1.3503,1.35022,1.35022,0
2026-05-25 13:36:00+00:00,1.35023,1.35025,1.35011,1.35012,0
2026-05-25 13:37:00+00:00,1.35014,1.35024,1.35014,1.35022,0
2026-05-25 13:38:00+00:00,1.35021,1.35021,1.3501,1.35011,0
2026-05-25 13:39:00+00:00,1.35013,1.35025,1.35013,1.35016,0
2026-05-25 13:40:00+00:00,1.35017,1.35022,1.35014,1.35015,0
2026-05-25 13:41:00+00:00,1.35017,1.35018,1.35,1.35005,0
2026-05-25 13:42:00+00:00,1.35004,1.35005,1.34985,1.34991,0
2026-05-25 13:43:00+00:00,1.34991,1.34996,1.34988,1.34988,0
2026-05-25 13:44:00+00:00,1.34988,1.34996,1.34986,1.34986,0
2026-05-25 13:45:00+00:00,1.34986,1.34988,1.34983,1.34983,0
2026-05-25 13:46:00+00:00,1.34981,1.34988,1.34981,1.34987,0
2026-05-25 13:47:00+00:00,1.34987,1.34987,1.34962,1.34965,0
2026-05-25 13:48:00+00:00,1.34965,1.34985,1.34965,1.34985,0
2026-05-25 13:49:00+00:00,1.34982,1.34986,1.34982,1.34984,0
2026-05-25 13:50:00+00:00,1.34985,1.34988,1.34977,1.34977,0
2026-05-25 13:51:00+00:00,1.34977,1.34994,1.34976,1.34994,0
2026-05-25 13:52:00+00:00,1.34996,1.34999,1.34988,1.34996,0
2026-05-25 13:53:00+00:00,1.34997,1.35002,1.3498,1.34984,0
2026-05-25 13:54:00+00:00,1.34984,1.34985,1.34975,1.34978,0
2026-05-25 13:55:00+00:00,1.34977,1.34979,1.34972,1.34979,0
2026-05-25 13:56:00+00:00,1.34977,1.34977,1.34968,1.34968,0
2026-05-25 13:57:00+00:00,1.34967,1.34967,1.34946,1.34955,0
2026-05-25 13:58:00+00:00,1.34957,1.34958,1.34946,1.34947,0
2026-05-25 13:59:00+00:00,1.34947,1.34954,1.34935,1.34937,0
2026-05-25 14:00:00+00:00,1.34936,1.34941,1.34933,1.34935,0
2026-05-25 14:01:00+00:00,1.34934,1.34947,1.34926,1.34947,0
2026-05-25 14:02:00+00:00,1.34947,1.34961,1.34941,1.3495,0
2026-05-25 14:03:00+00:00,1.3495,1.34961,1.3495,1.34961,0
2026-05-25 14:04:00+00:00,1.34962,1.34976,1.34962,1.34969,0
2026-05-25 14:05:00+00:00,1.34969,1.3497,1.3496,1.3496,0
2026-05-25 14:06:00+00:00,1.34961,1.34964,1.3496,1.3496,0
2026-05-25 14:07:00+00:00,1.34959,1.34959,1.34946,1.34949,0
2026-05-25 14:08:00+00:00,1.3495,1.3495,1.34945,1.34948,0
2026-05-25 14:09:00+00:00,1.34946,1.34958,1.34946,1.34958,0
2026-05-25 14:10:00+00:00,1.34958,1.34958,1.34946,1.34946,0
2026-05-25 14:11:00+00:00,1.34944,1.34948,1.34944,1.34945,0
2026-05-25 14:12:00+00:00,1.34946,1.34948,1.34928,1.3493,0
2026-05-25 14:13:00+00:00,1.34933,1.34935,1.34925,1.34925,0
2026-05-25 14:14:00+00:00,1.34926,1.34939,1.34926,1.34937,0
2026-05-25 14:15:00+00:00,1.34939,1.34946,1.34939,1.34944,0
2026-05-25 14:16:00+00:00,1.34949,1.34954,1.34947,1.3495,0
2026-05-25 14:17:00+00:00,1.34949,1.34949,1.34943,1.34945,0
2026-05-25 14:18:00+00:00,1.34946,1.34949,1.34939,1.34945,0
2026-05-25 14:19:00+00:00,1.34947,1.34958,1.34946,1.34958,0
2026-05-25 14:20:00+00:00,1.34959,1.34968,1.34957,1.34961,0
2026-05-25 14:21:00+00:00,1.34962,1.34977,1.34962,1.34971,0
2026-05-25 14:22:00+00:00,1.3497,1.34972,1.34958,1.34968,0
2026-05-25 14:23:00+00:00,1.34969,1.34975,1.34965,1.34975,0
2026-05-25 14:24:00+00:00,1.34974,1.34977,1.34971,1.34976,0
2026-05-25 14:25:00+00:00,1.34977,1.34978,1.34975,1.34976,0
2026-05-25 14:26:00+00:00,1.34971,1.34975,1.34967,1.34975,0
2026-05-25 14:27:00+00:00,1.34975,1.34976,1.34973,1.34974,0
2026-05-25 14:28:00+00:00,1.34976,1.34978,1.34967,1.34969,0
2026-05-25 14:29:00+00:00,1.3497,1.34972,1.34965,1.34965,0
2026-05-25 14:30:00+00:00,1.34964,1.34965,1.34956,1.34956,0
2026-05-25 14:31:00+00:00,1.34955,1.34956,1.34945,1.34947,0
2026-05-25 14:32:00+00:00,1.34951,1.34954,1.34947,1.34948,0
2026-05-25 14:33:00+00:00,1.34947,1.34954,1.34946,1.34949,0
2026-05-25 14:34:00+00:00,1.34949,1.34966,1.34949,1.34961,0
2026-05-25 14:35:00+00:00,1.34961,1.34963,1.34958,1.3496,0
2026-05-25 14:36:00+00:00,1.34962,1.34969,1.34961,1.34966,0
2026-05-25 14:37:00+00:00,1.34967,1.34968,1.34962,1.34962,0
2026-05-25 14:38:00+00:00,1.34963,1.34968,1.34961,1.34966,0
2026-05-25 14:39:00+00:00,1.34964,1.34971,1.34963,1.34968,0
2026-05-25 14:40:00+00:00,1.34969,1.34971,1.34964,1.34964,0
2026-05-25 14:41:00+00:00,1.34965,1.35005,1.34965,1.35005,0
2026-05-25 14:42:00+00:00,1.35004,1.35007,1.3499,1.3499,0
2026-05-25 14:43:00+00:00,1.34989,1.34998,1.34989,1.34996,0
2026-05-25 14:44:00+00:00,1.34996,1.35008,1.34996,1.35004,0
2026-05-25 14:45:00+00:00,1.35005,1.35005,1.34998,1.35,0
2026-05-25 14:46:00+00:00,1.35001,1.35014,1.34989,1.35005,0
2026-05-25 14:47:00+00:00,1.35005,1.35005,1.34991,1.34999,0
2026-05-25 14:48:00+00:00,1.35001,1.35014,1.34999,1.35005,0
2026-05-25 14:49:00+00:00,1.35007,1.35008,1.34998,1.34998,0
2026-05-25 14:50:00+00:00,1.35001,1.35001,1.34993,1.34994,0
2026-05-25 14:51:00+00:00,1.34995,1.34997,1.34986,1.34995,0
2026-05-25 14:52:00+00:00,1.34996,1.34997,1.34994,1.34994,0
2026-05-25 14:53:00+00:00,1.34993,1.34999,1.34993,1.34996,0
2026-05-25 14:54:00+00:00,1.34996,1.34996,1.34973,1.34981,0
2026-05-25 14:55:00+00:00,1.34981,1.35007,1.34981,1.35004,0
2026-05-25 14:56:00+00:00,1.35005,1.35014,1.35003,1.35005,0
2026-05-25 14:57:00+00:00,1.35005,1.35013,1.34992,1.34997,0
2026-05-25 14:58:00+00:00,1.34997,1.35016,1.34997,1.35016,0
2026-05-25 14:59:00+00:00,1.35014,1.35016,1.35004,1.35004,0
2026-05-25 15:00:00+00:00,1.35004,1.35006,1.34997,1.35,0
2026-05-25 15:01:00+00:00,1.35,1.35004,1.34992,1.34998,0
2026-05-25 15:02:00+00:00,1.34998,1.34998,1.34971,1.34982,0
2026-05-25 15:03:00+00:00,1.34982,1.34985,1.34976,1.3498,0
2026-05-25 15:04:00+00:00,1.34979,1.34982,1.34969,1.3498,0
2026-05-25 15:05:00+00:00,1.34979,1.34985,1.34973,1.3498,0
2026-05-25 15:06:00+00:00,1.34979,1.34984,1.34969,1.3498,0
2026-05-25 15:07:00+00:00,1.3498,1.3499,1.34974,1.34979,0
2026-05-25 15:08:00+00:00,1.34979,1.34981,1.34976,1.34979,0
2026-05-25 15:09:00+00:00,1.34978,1.34979,1.34956,1.34957,0
2026-05-25 15:10:00+00:00,1.34958,1.35019,1.34955,1.35018,0
2026-05-25 15:11:00+00:00,1.35018,1.35053,1.34998,1.35025,0
2026-05-25 15:12:00+00:00,1.3503,1.35035,1.35015,1.35024,0
2026-05-25 15:13:00+00:00,1.35024,1.35031,1.35013,1.35014,0
2026-05-25 15:14:00+00:00,1.35014,1.35015,1.34995,1.34996,0
2026-05-25 15:15:00+00:00,1.34997,1.35004,1.34991,1.34999,0
2026-05-25 15:16:00+00:00,1.34998,1.34999,1.34984,1.34994,0
2026-05-25 15:17:00+00:00,1.34996,1.35,1.34992,1.34996,0
2026-05-25 15:18:00+00:00,1.34999,1.35007,1.34998,1.35003,0
2026-05-25 15:19:00+00:00,1.35006,1.35018,1.35004,1.35016,0
2026-05-25 15:20:00+00:00,1.35017,1.3503,1.35017,1.35026,0
2026-05-25 15:21:00+00:00,1.35025,1.35028,1.35006,1.35013,0
2026-05-25 15:22:00+00:00,1.35014,1.35018,1.35014,1.35018,0
2026-05-25 15:23:00+00:00,1.35018,1.35025,1.35009,1.35025,0
2026-05-25 15:24:00+00:00,1.35024,1.35027,1.35014,1.35017,0
2026-05-25 15:25:00+00:00,1.35017,1.35019,1.35013,1.35016,0
2026-05-25 15:26:00+00:00,1.35017,1.35035,1.35017,1.35031,0
2026-05-25 15:27:00+00:00,1.35031,1.35036,1.35022,1.35022,0
2026-05-25 15:28:00+00:00,1.35022,1.35022,1.3501,1.35017,0
2026-05-25 15:29:00+00:00,1.3502,1.35028,1.3502,1.35024,0
2026-05-25 15:30:00+00:00,1.35024,1.35024,1.3501,1.35013,0
2026-05-25 15:31:00+00:00,1.35013,1.35022,1.35007,1.35019,0
2026-05-25 15:32:00+00:00,1.35017,1.35019,1.35016,1.35016,0
2026-05-25 15:33:00+00:00,1.35017,1.35022,1.35014,1.35018,0
2026-05-25 15:34:00+00:00,1.35017,1.35028,1.35017,1.35028,0
2026-05-25 15:35:00+00:00,1.35029,1.35035,1.35024,1.35032,0
2026-05-25 15:36:00+00:00,1.35031,1.35032,1.35027,1.35027,0
2026-05-25 15:37:00+00:00,1.35027,1.35028,1.35023,1.35027,0
2026-05-25 15:38:00+00:00,1.35027,1.35032,1.35027,1.3503,0
2026-05-25 15:39:00+00:00,1.35028,1.35035,1.35028,1.35034,0
2026-05-25 15:40:00+00:00,1.35031,1.35031,1.35026,1.35028,0
2026-05-25 15:41:00+00:00,1.35026,1.35028,1.35021,1.35023,0
2026-05-25 15:42:00+00:00,1.35025,1.35042,1.35025,1.35042,0
2026-05-25 15:43:00+00:00,1.35044,1.35044,1.35037,1.35037,0
2026-05-25 15:44:00+00:00,1.35037,1.35046,1.35037,1.35044,0
2026-05-25 15:45:00+00:00,1.35043,1.35043,1.35037,1.35039,0
2026-05-25 15:46:00+00:00,1.35046,1.35048,1.35045,1.35048,0
2026-05-25 15:47:00+00:00,1.35049,1.3505,1.35045,1.35046,0
2026-05-25 15:48:00+00:00,1.35045,1.35047,1.35028,1.35029,0
2026-05-25 15:49:00+00:00,1.35028,1.35028,1.35017,1.35019,0
2026-05-25 15:50:00+00:00,1.3502,1.35026,1.35017,1.35025,0
2026-05-25 15:51:00+00:00,1.35024,1.35031,1.35024,1.35027,0
2026-05-25 15:52:00+00:00,1.35029,1.3503,1.35028,1.35029,0
2026-05-25 15:53:00+00:00,1.3503,1.35032,1.35019,1.35019,0
2026-05-25 15:54:00+00:00,1.35019,1.35019,1.35017,1.35018,0
2026-05-25 15:55:00+00:00,1.35025,1.35028,1.35025,1.35028,0
2026-05-25 15:56:00+00:00,1.35035,1.35046,1.35035,1.35045,0
2026-05-25 15:57:00+00:00,1.35044,1.35045,1.35029,1.35032,0
2026-05-25 15:58:00+00:00,1.35032,1.35032,1.35021,1.35024,0
2026-05-25 15:59:00+00:00,1.35022,1.35022,1.35014,1.35015,0
2026-05-25 16:00:00+00:00,1.35017,1.35018,1.35003,1.35003,0
2026-05-25 16:01:00+00:00,1.35002,1.35002,1.34992,1.34998,0
2026-05-25 16:02:00+00:00,1.34996,1.35013,1.34996,1.35013,0
2026-05-25 16:03:00+00:00,1.35014,1.35018,1.35006,1.35006,0
2026-05-25 16:04:00+00:00,1.35007,1.35007,1.35005,1.35007,0
2026-05-25 16:05:00+00:00,1.35006,1.35007,1.34994,1.34994,0
2026-05-25 16:06:00+00:00,1.34995,1.34997,1.34995,1.34997,0
2026-05-25 16:07:00+00:00,1.34998,1.34998,1.34998,1.34998,0
2026-05-25 16:08:00+00:00,1.34999,1.35004,1.34999,1.35003,0
2026-05-25 16:09:00+00:00,1.35002,1.35002,1.34994,1.34994,0
2026-05-25 16:10:00+00:00,1.34992,1.34999,1.34989,1.34996,0
2026-05-25 16:11:00+00:00,1.34997,1.34999,1.34997,1.34998,0
2026-05-25 16:12:00+00:00,1.34997,1.34997,1.34991,1.34995,0
2026-05-25 16:13:00+00:00,1.34996,1.34997,1.34994,1.34997,0
2026-05-25 16:14:00+00:00,1.34998,1.35007,1.34998,1.35007,0
2026-05-25 16:15:00+00:00,1.35007,1.35007,1.35007,1.35007,0
2026-05-25 16:16:00+00:00,1.35006,1.35006,1.35005,1.35005,0
2026-05-25 16:17:00+00:00,1.35007,1.35008,1.35007,1.35007,0
2026-05-25 16:18:00+00:00,1.35007,1.35007,1.35004,1.35005,0
2026-05-25 16:19:00+00:00,1.35003,1.35004,1.34997,1.34997,0
2026-05-25 16:20:00+00:00,1.34996,1.34998,1.34996,1.34998,0
2026-05-25 16:21:00+00:00,1.34997,1.35009,1.34997,1.35009,0
2026-05-25 16:22:00+00:00,1.35008,1.35014,1.34998,1.35004,0
2026-05-25 16:23:00+00:00,1.35006,1.35007,1.34996,1.34997,0
2026-05-25 16:24:00+00:00,1.34998,1.35006,1.34998,1.35004,0
2026-05-25 16:25:00+00:00,1.35004,1.35015,1.35004,1.35012,0
2026-05-25 16:26:00+00:00,1.3501,1.3501,1.35002,1.35004,0
2026-05-25 16:27:00+00:00,1.35003,1.35007,1.35003,1.35005,0
2026-05-25 16:28:00+00:00,1.35005,1.35005,1.35005,1.35005,0
2026-05-25 16:29:00+00:00,1.35006,1.35006,1.34997,1.34998,0
2026-05-25 16:30:00+00:00,1.34999,1.35004,1.34995,1.34995,0
2026-05-25 16:31:00+00:00,1.34997,1.34999,1.34996,1.34998,0
2026-05-25 16:32:00+00:00,1.34997,1.35007,1.34997,1.35003,0
2026-05-25 16:33:00+00:00,1.35005,1.35005,1.34995,1.34997,0
2026-05-25 16:34:00+00:00,1.34996,1.35,1.34995,1.35,0
2026-05-25 16:35:00+00:00,1.35,1.35007,1.34992,1.35004,0
2026-05-25 16:36:00+00:00,1.35004,1.35007,1.34999,1.35007,0
2026-05-25 16:37:00+00:00,1.35007,1.35011,1.35004,1.35009,0
2026-05-25 16:38:00+00:00,1.35011,1.35014,1.35007,1.35009,0
2026-05-25 16:39:00+00:00,1.35007,1.35007,1.34992,1.34993,0
2026-05-25 16:40:00+00:00,1.34992,1.34996,1.34991,1.34994,0
2026-05-25 16:41:00+00:00,1.34993,1.34995,1.34991,1.34995,0
2026-05-25 16:42:00+00:00,1.34995,1.34996,1.34994,1.34995,0
2026-05-25 16:43:00+00:00,1.34997,1.35007,1.34996,1.35006,0
2026-05-25 16:44:00+00:00,1.35007,1.35011,1.35007,1.35007,0
2026-05-25 16:45:00+00:00,1.35009,1.35013,1.35006,1.35011,0
2026-05-25 16:46:00+00:00,1.35014,1.35015,1.3501,1.35012,0
2026-05-25 16:47:00+00:00,1.35011,1.35016,1.35006,1.35015,0
2026-05-25 16:48:00+00:00,1.35016,1.35018,1.35014,1.35016,0
2026-05-25 16:49:00+00:00,1.35016,1.3502,1.35016,1.35019,0
2026-05-25 16:50:00+00:00,1.35017,1.35027,1.35017,1.35025,0
2026-05-25 16:51:00+00:00,1.35025,1.35032,1.35025,1.35026,0
2026-05-25 16:52:00+00:00,1.35025,1.35031,1.35022,1.3503,0
2026-05-25 16:53:00+00:00,1.35029,1.35029,1.35009,1.35015,0
2026-05-25 16:54:00+00:00,1.35016,1.35018,1.35012,1.35014,0
2026-05-25 16:55:00+00:00,1.35015,1.35033,1.35015,1.35024,0
2026-05-25 16:56:00+00:00,1.35024,1.3504,1.35023,1.35035,0
2026-05-25 16:57:00+00:00,1.35034,1.35037,1.35034,1.35037,0
2026-05-25 16:58:00+00:00,1.35038,1.35044,1.35037,1.35044,0
2026-05-25 16:59:00+00:00,1.35044,1.35048,1.35038,1.35038,0
2026-05-25 17:00:00+00:00,1.35037,1.35037,1.35035,1.35035,0
2026-05-25 17:01:00+00:00,1.35036,1.35038,1.35034,1.35035,0
2026-05-25 17:02:00+00:00,1.35037,1.35037,1.35037,1.35037,0
2026-05-25 17:03:00+00:00,1.35035,1.35037,1.35035,1.35035,0
2026-05-25 17:04:00+00:00,1.35041,1.35041,1.35037,1.35037,0
2026-05-25 17:05:00+00:00,1.35037,1.35039,1.35035,1.35035,0
2026-05-25 17:06:00+00:00,1.35035,1.35036,1.35033,1.35033,0
2026-05-25 17:07:00+00:00,1.35034,1.35035,1.35034,1.35035,0
2026-05-25 17:08:00+00:00,1.35036,1.35036,1.35031,1.35034,0
2026-05-25 17:09:00+00:00,1.35034,1.35034,1.35033,1.35034,0
2026-05-25 17:10:00+00:00,1.35033,1.35036,1.35033,1.35036,0
2026-05-25 17:11:00+00:00,1.35036,1.35037,1.35036,1.35037,0
2026-05-25 17:12:00+00:00,1.3504,1.35049,1.3504,1.35049,0
2026-05-25 17:13:00+00:00,1.35048,1.35049,1.35047,1.35047,0
2026-05-25 17:14:00+00:00,1.35047,1.35048,1.35042,1.35042,0
2026-05-25 17:15:00+00:00,1.35043,1.35056,1.35043,1.35056,0
2026-05-25 17:16:00+00:00,1.35057,1.35058,1.35056,1.35058,0
2026-05-25 17:17:00+00:00,1.35058,1.35058,1.35056,1.35056,0
2026-05-25 17:18:00+00:00,1.35057,1.35057,1.35057,1.35057,0
2026-05-25 17:19:00+00:00,1.35055,1.35055,1.35053,1.35054,0
2026-05-25 17:20:00+00:00,1.35055,1.35055,1.35055,1.35055,0
2026-05-25 17:21:00+00:00,1.35056,1.35056,1.35047,1.35048,0
2026-05-25 17:22:00+00:00,1.35048,1.35054,1.35048,1.35052,0
2026-05-25 17:23:00+00:00,1.35053,1.35053,1.3505,1.3505,0
2026-05-25 17:24:00+00:00,1.35051,1.35057,1.35051,1.35056,0
2026-05-25 17:25:00+00:00,1.35055,1.35056,1.35052,1.35056,0
2026-05-25 17:26:00+00:00,1.35055,1.35058,1.35055,1.35055,0
2026-05-25 17:27:00+00:00,1.35055,1.35055,1.35053,1.35053,0
2026-05-25 17:28:00+00:00,1.35054,1.35062,1.35054,1.35061,0
2026-05-25 17:29:00+00:00,1.35063,1.35064,1.35061,1.35063,0
2026-05-25 17:30:00+00:00,1.35061,1.35062,1.35061,1.35062,0
2026-05-25 17:31:00+00:00,1.35061,1.35065,1.35061,1.35063,0
2026-05-25 17:32:00+00:00,1.35064,1.35065,1.35064,1.35064,0
2026-05-25 17:33:00+00:00,1.35064,1.35064,1.35062,1.35062,0
2026-05-25 17:34:00+00:00,1.35062,1.35064,1.35062,1.35063,0
2026-05-25 17:35:00+00:00,1.3506,1.3506,1.35056,1.35057,0
2026-05-25 17:36:00+00:00,1.35057,1.35059,1.35057,1.35057,0
2026-05-25 17:37:00+00:00,1.35057,1.35057,1.35054,1.35056,0
2026-05-25 17:38:00+00:00,1.35056,1.35057,1.35055,1.35057,0
2026-05-25 17:39:00+00:00,1.35058,1.35061,1.35058,1.35061,0
2026-05-25 17:40:00+00:00,1.35062,1.35064,1.35062,1.35064,0
2026-05-25 17:41:00+00:00,1.35066,1.35066,1.35064,1.35064,0
2026-05-25 17:42:00+00:00,1.35067,1.3507,1.35067,1.3507,0
2026-05-25 17:43:00+00:00,1.3507,1.3507,1.3507,1.3507,0
2026-05-25 17:44:00+00:00,1.35069,1.35069,1.35066,1.35066,0
2026-05-25 17:45:00+00:00,1.35065,1.35065,1.35044,1.35045,0
2026-05-25 17:46:00+00:00,1.35044,1.35044,1.35044,1.35044,0
2026-05-25 17:47:00+00:00,1.35046,1.35049,1.35044,1.35045,0
2026-05-25 17:48:00+00:00,1.35043,1.35047,1.35038,1.35045,0
2026-05-25 17:49:00+00:00,1.35046,1.35046,1.35046,1.35046,0
2026-05-25 17:50:00+00:00,1.35048,1.35048,1.35045,1.35045,0
2026-05-25 17:51:00+00:00,1.35045,1.35045,1.35045,1.35045,0
2026-05-25 17:52:00+00:00,1.35045,1.35046,1.35044,1.35046,0
2026-05-25 17:53:00+00:00,1.35046,1.35054,1.35046,1.35054,0
2026-05-25 17:54:00+00:00,1.35052,1.35056,1.3505,1.35056,0
2026-05-25 17:55:00+00:00,1.35055,1.35056,1.35055,1.35056,0
2026-05-25 17:56:00+00:00,1.35055,1.35055,1.35047,1.35047,0
2026-05-25 17:57:00+00:00,1.35048,1.35049,1.35047,1.35049,0
2026-05-25 17:58:00+00:00,1.35049,1.35049,1.35047,1.35047,0
2026-05-25 17:59:00+00:00,1.35049,1.35053,1.35049,1.35052,0
2026-05-25 18:00:00+00:00,1.35053,1.35057,1.35052,1.35056,0
2026-05-25 18:01:00+00:00,1.35057,1.35057,1.35049,1.3505,0
2026-05-25 18:02:00+00:00,1.35048,1.35048,1.35047,1.35047,0
2026-05-25 18:03:00+00:00,1.35047,1.35048,1.35047,1.35048,0
2026-05-25 18:04:00+00:00,1.35048,1.35048,1.35046,1.35047,0
2026-05-25 18:05:00+00:00,1.35047,1.35047,1.35045,1.35047,0
2026-05-25 18:06:00+00:00,1.35047,1.35049,1.35047,1.35049,0
2026-05-25 18:07:00+00:00,1.3505,1.3505,1.3505,1.3505,0
2026-05-25 18:08:00+00:00,1.35049,1.35059,1.35047,1.35059,0
2026-05-25 18:09:00+00:00,1.35062,1.35066,1.35061,1.35061,0
2026-05-25 18:10:00+00:00,1.3506,1.35066,1.3506,1.35066,0
2026-05-25 18:11:00+00:00,1.35066,1.35066,1.35063,1.35064,0
2026-05-25 18:12:00+00:00,1.35064,1.35064,1.35064,1.35064,0
2026-05-25 18:13:00+00:00,1.35062,1.35067,1.35062,1.35067,0
2026-05-25 18:14:00+00:00,1.35066,1.35066,1.35063,1.35063,0
2026-05-25 18:15:00+00:00,1.35064,1.35064,1.35064,1.35064,0
2026-05-25 18:16:00+00:00,1.35066,1.35066,1.3506,1.3506,0
2026-05-25 18:17:00+00:00,1.35059,1.35059,1.35059,1.35059,0
2026-05-25 18:18:00+00:00,1.35059,1.35059,1.35057,1.35057,0
2026-05-25 18:19:00+00:00,1.35056,1.35056,1.35056,1.35056,0
2026-05-25 18:20:00+00:00,1.35058,1.35058,1.35058,1.35058,0
2026-05-25 18:21:00+00:00,1.35057,1.35057,1.3505,1.3505,0
2026-05-25 18:22:00+00:00,1.35052,1.35057,1.35052,1.35056,0
2026-05-25 18:23:00+00:00,1.35057,1.35057,1.35054,1.35054,0
2026-05-25 18:24:00+00:00,1.35054,1.35054,1.35054,1.35054,0
2026-05-25 18:25:00+00:00,1.35055,1.35056,1.35052,1.35055,0
2026-05-25 18:26:00+00:00,1.35055,1.35056,1.35055,1.35056,0
2026-05-25 18:27:00+00:00,1.35057,1.35057,1.35056,1.35056,0
2026-05-25 18:28:00+00:00,1.35053,1.35053,1.35052,1.35053,0
2026-05-25 18:29:00+00:00,1.35053,1.35053,1.35053,1.35053,0
2026-05-25 18:30:00+00:00,1.35053,1.35055,1.35052,1.35055,0
2026-05-25 18:31:00+00:00,1.35056,1.35056,1.35052,1.35052,0
2026-05-25 18:32:00+00:00,1.35051,1.35053,1.35051,1.35052,0
2026-05-25 18:33:00+00:00,1.3505,1.35054,1.3505,1.35054,0
2026-05-25 18:34:00+00:00,1.35054,1.35054,1.35052,1.35053,0
2026-05-25 18:35:00+00:00,1.35055,1.35057,1.35055,1.35057,0
2026-05-25 18:36:00+00:00,1.35059,1.35063,1.35059,1.35063,0
2026-05-25 18:37:00+00:00,1.35063,1.35063,1.35063,1.35063,0
2026-05-25 18:38:00+00:00,1.35065,1.35065,1.35065,1.35065,0
2026-05-25 18:39:00+00:00,1.35065,1.35069,1.35065,1.35069,0
2026-05-25 18:40:00+00:00,1.35069,1.35069,1.35057,1.35057,0
2026-05-25 18:41:00+00:00,1.35057,1.35057,1.35056,1.35056,0
2026-05-25 18:42:00+00:00,1.35053,1.35053,1.35048,1.35048,0
2026-05-25 18:43:00+00:00,1.3505,1.35053,1.3505,1.35053,0
2026-05-25 18:44:00+00:00,1.35056,1.35056,1.35052,1.35053,0
2026-05-25 18:45:00+00:00,1.35054,1.35054,1.35052,1.35052,0
2026-05-25 18:46:00+00:00,1.35053,1.35059,1.35053,1.35058,0
2026-05-25 18:47:00+00:00,1.35058,1.35058,1.35058,1.35058,0
2026-05-25 18:48:00+00:00,1.35058,1.35058,1.35058,1.35058,0
2026-05-25 18:49:00+00:00,1.35059,1.35059,1.35058,1.35058,0
2026-05-25 18:50:00+00:00,1.3506,1.35064,1.3506,1.35061,0
2026-05-25 18:51:00+00:00,1.35062,1.35062,1.35062,1.35062,0
2026-05-25 18:52:00+00:00,1.35062,1.35062,1.35061,1.35061,0
2026-05-25 18:53:00+00:00,1.35059,1.3506,1.35059,1.3506,0
2026-05-25 18:54:00+00:00,1.35062,1.35063,1.3506,1.3506,0
2026-05-25 18:55:00+00:00,1.35061,1.35066,1.35061,1.35066,0
2026-05-25 18:56:00+00:00,1.35066,1.35066,1.35066,1.35066,0
2026-05-25 18:57:00+00:00,1.35066,1.35066,1.35064,1.35065,0
2026-05-25 18:58:00+00:00,1.35065,1.35065,1.35065,1.35065,0
2026-05-25 18:59:00+00:00,1.35064,1.35068,1.35063,1.35066,0
2026-05-25 19:00:00+00:00,1.35067,1.35067,1.35063,1.35063,0
2026-05-25 19:01:00+00:00,1.35063,1.35063,1.35063,1.35063,0
2026-05-25 19:02:00+00:00,1.35063,1.35063,1.35063,1.35063,0
2026-05-25 19:03:00+00:00,1.35065,1.35065,1.35063,1.35064,0
2026-05-25 19:04:00+00:00,1.35066,1.35066,1.35065,1.35065,0
2026-05-25 19:05:00+00:00,1.35066,1.35066,1.35064,1.35065,0
2026-05-25 19:06:00+00:00,1.35063,1.35065,1.35063,1.35065,0
2026-05-25 19:07:00+00:00,1.35065,1.35066,1.35059,1.35059,0
2026-05-25 19:08:00+00:00,1.35062,1.35066,1.35062,1.35065,0
2026-05-25 19:09:00+00:00,1.35064,1.35064,1.3506,1.3506,0
2026-05-25 19:10:00+00:00,1.35059,1.35059,1.35058,1.35058,0
2026-05-25 19:11:00+00:00,1.35059,1.35061,1.35059,1.35061,0
2026-05-25 19:12:00+00:00,1.35058,1.35059,1.35055,1.35055,0
2026-05-25 19:13:00+00:00,1.35054,1.35054,1.35054,1.35054,0
2026-05-25 19:14:00+00:00,1.35056,1.35056,1.35056,1.35056,0
2026-05-25 19:15:00+00:00,1.35056,1.35056,1.35056,1.35056,0
2026-05-25 19:16:00+00:00,1.35053,1.35054,1.35053,1.35054,0
2026-05-25 19:17:00+00:00,1.35055,1.35057,1.35055,1.35056,0
2026-05-25 19:18:00+00:00,1.35055,1.35059,1.35055,1.35059,0
2026-05-25 19:19:00+00:00,1.35059,1.35059,1.35059,1.35059,0
2026-05-25 19:20:00+00:00,1.3506,1.3506,1.35056,1.35058,0
2026-05-25 19:21:00+00:00,1.35059,1.35059,1.35059,1.35059,0
2026-05-25 19:22:00+00:00,1.35059,1.35059,1.35059,1.35059,0
2026-05-25 19:23:00+00:00,1.3506,1.35064,1.3506,1.35064,0
2026-05-25 19:24:00+00:00,1.35064,1.35064,1.35064,1.35064,0
2026-05-25 19:25:00+00:00,1.35063,1.35063,1.3506,1.35063,0
2026-05-25 19:26:00+00:00,1.35065,1.35065,1.35065,1.35065,0
2026-05-25 19:27:00+00:00,1.35067,1.35067,1.35067,1.35067,0
2026-05-25 19:28:00+00:00,1.35065,1.35066,1.35064,1.35064,0
2026-05-25 19:29:00+00:00,1.35066,1.35068,1.35064,1.35064,0
2026-05-25 19:30:00+00:00,1.35065,1.35065,1.35063,1.35064,0
2026-05-25 19:31:00+00:00,1.35064,1.35064,1.3506,1.3506,0
2026-05-25 19:32:00+00:00,1.35058,1.35059,1.35058,1.35059,0
2026-05-25 19:33:00+00:00,1.35057,1.35059,1.35057,1.35058,0
2026-05-25 19:34:00+00:00,1.35059,1.35059,1.35058,1.35058,0
2026-05-25 19:35:00+00:00,1.35057,1.35059,1.35053,1.35059,0
2026-05-25 19:36:00+00:00,1.35061,1.35069,1.35059,1.35068,0
2026-05-25 19:37:00+00:00,1.35069,1.35089,1.35069,1.35088,0
2026-05-25 19:38:00+00:00,1.35087,1.35088,1.35087,1.35088,0
2026-05-25 19:39:00+00:00,1.35088,1.35088,1.35079,1.35079,0
2026-05-25 19:40:00+00:00,1.3508,1.35089,1.3508,1.35086,0
2026-05-25 19:41:00+00:00,1.35087,1.35087,1.35082,1.35083,0
2026-05-25 19:42:00+00:00,1.35083,1.35083,1.35081,1.35081,0
2026-05-25 19:43:00+00:00,1.35081,1.35084,1.3508,1.35083,0
2026-05-25 19:44:00+00:00,1.35082,1.35083,1.35082,1.35082,0
2026-05-25 19:45:00+00:00,1.35081,1.35083,1.35081,1.35083,0
2026-05-25 19:46:00+00:00,1.35083,1.35083,1.35078,1.3508,0
2026-05-25 19:47:00+00:00,1.35078,1.35078,1.35076,1.35076,0
2026-05-25 19:48:00+00:00,1.35077,1.35079,1.35077,1.35079,0
2026-05-25 19:49:00+00:00,1.35079,1.35079,1.35078,1.35079,0
2026-05-25 19:50:00+00:00,1.35078,1.35079,1.3507,1.35075,0
2026-05-25 19:51:00+00:00,1.35076,1.35076,1.35073,1.35073,0
2026-05-25 19:52:00+00:00,1.35073,1.35074,1.35073,1.35074,0
2026-05-25 19:53:00+00:00,1.35074,1.35076,1.35073,1.35073,0
2026-05-25 19:54:00+00:00,1.35074,1.35074,1.35074,1.35074,0
2026-05-25 19:55:00+00:00,1.35074,1.35088,1.35071,1.3508,0
2026-05-25 19:56:00+00:00,1.35081,1.35086,1.35079,1.3508,0
2026-05-25 19:57:00+00:00,1.35081,1.35081,1.3508,1.3508,0
2026-05-25 19:58:00+00:00,1.35083,1.35083,1.35079,1.35079,0
2026-05-25 19:59:00+00:00,1.35079,1.35079,1.35077,1.35077,0
2026-05-25 20:00:00+00:00,1.35078,1.3508,1.35076,1.35076,0
2026-05-25 20:01:00+00:00,1.35079,1.35079,1.35077,1.35079,0
2026-05-25 20:02:00+00:00,1.35079,1.35079,1.35078,1.35079,0
2026-05-25 20:03:00+00:00,1.35078,1.35078,1.35078,1.35078,0
2026-05-25 20:04:00+00:00,1.3508,1.35083,1.35076,1.35076,0
2026-05-25 20:05:00+00:00,1.35075,1.35076,1.35074,1.35076,0
2026-05-25 20:06:00+00:00,1.35076,1.35076,1.35076,1.35076,0
2026-05-25 20:07:00+00:00,1.35077,1.35077,1.35077,1.35077,0
2026-05-25 20:08:00+00:00,1.35078,1.35078,1.35078,1.35078,0
2026-05-25 20:09:00+00:00,1.35078,1.35078,1.35078,1.35078,0
2026-05-25 20:10:00+00:00,1.35078,1.35078,1.35078,1.35078,0
2026-05-25 20:11:00+00:00,1.35077,1.35078,1.35077,1.35078,0
2026-05-25 20:12:00+00:00,1.35076,1.35076,1.35076,1.35076,0
2026-05-25 20:13:00+00:00,1.35076,1.35076,1.35076,1.35076,0
2026-05-25 20:14:00+00:00,1.35075,1.35076,1.35075,1.35076,0
2026-05-25 20:15:00+00:00,1.35075,1.35077,1.35075,1.35075,0
2026-05-25 20:16:00+00:00,1.35077,1.3508,1.35076,1.3508,0
2026-05-25 20:17:00+00:00,1.35078,1.35078,1.35076,1.35077,0
2026-05-25 20:18:00+00:00,1.35075,1.35075,1.35074,1.35075,0
2026-05-25 20:19:00+00:00,1.35073,1.35075,1.35073,1.35075,0
2026-05-25 20:20:00+00:00,1.35075,1.35075,1.35074,1.35074,0
2026-05-25 20:21:00+00:00,1.35073,1.35073,1.35073,1.35073,0
2026-05-25 20:22:00+00:00,1.35071,1.35071,1.35066,1.35066,0
2026-05-25 20:23:00+00:00,1.35067,1.35067,1.35064,1.35066,0
2026-05-25 20:24:00+00:00,1.35064,1.35066,1.35063,1.35066,0
2026-05-25 20:25:00+00:00,1.35067,1.35067,1.35066,1.35066,0
2026-05-25 20:26:00+00:00,1.35066,1.35066,1.35066,1.35066,0
2026-05-25 20:27:00+00:00,1.35067,1.35068,1.35067,1.35068,0
2026-05-25 20:28:00+00:00,1.35068,1.35068,1.35068,1.35068,0
2026-05-25 20:29:00+00:00,1.35067,1.35077,1.35067,1.35077,0
2026-05-25 20:30:00+00:00,1.35079,1.35079,1.35077,1.35079,0
2026-05-25 20:31:00+00:00,1.35078,1.35079,1.35078,1.35079,0
2026-05-25 20:32:00+00:00,1.35078,1.35078,1.35078,1.35078,0
2026-05-25 20:33:00+00:00,1.35076,1.35076,1.35073,1.35074,0
2026-05-25 20:34:00+00:00,1.35076,1.35078,1.35075,1.35078,0
2026-05-25 20:35:00+00:00,1.35076,1.35076,1.3507,1.35072,0
2026-05-25 20:36:00+00:00,1.35072,1.35072,1.35072,1.35072,0
2026-05-25 20:37:00+00:00,1.35074,1.35074,1.3507,1.35072,0
2026-05-25 20:38:00+00:00,1.35071,1.35072,1.3507,1.35072,0
2026-05-25 20:39:00+00:00,1.3507,1.35072,1.35064,1.35064,0
2026-05-25 20:40:00+00:00,1.35063,1.35066,1.35051,1.35055,0
2026-05-25 20:41:00+00:00,1.35056,1.35063,1.35055,1.35061,0
2026-05-25 20:42:00+00:00,1.35061,1.35062,1.3506,1.3506,0
2026-05-25 20:43:00+00:00,1.3506,1.35063,1.3506,1.3506,0
2026-05-25 20:44:00+00:00,1.3506,1.35064,1.35059,1.35064,0
2026-05-25 20:45:00+00:00,1.35065,1.35066,1.35063,1.35065,0
2026-05-25 20:46:00+00:00,1.35066,1.35072,1.35064,1.35069,0
2026-05-25 20:47:00+00:00,1.35069,1.35075,1.35069,1.35073,0
2026-05-25 20:48:00+00:00,1.35073,1.35074,1.35068,1.35074,0
2026-05-25 20:49:00+00:00,1.35073,1.35074,1.35072,1.35073,0
2026-05-25 20:50:00+00:00,1.35072,1.35076,1.3507,1.35075,0
2026-05-25 20:51:00+00:00,1.35075,1.3508,1.35074,1.35074,0
2026-05-25 20:52:00+00:00,1.35074,1.35074,1.35073,1.35073,0
2026-05-25 20:53:00+00:00,1.3507,1.3507,1.35064,1.35064,0
2026-05-25 20:54:00+00:00,1.35066,1.35072,1.35066,1.35069,0
2026-05-25 20:55:00+00:00,1.35065,1.35071,1.35064,1.35065,0
2026-05-25 20:56:00+00:00,1.35064,1.35069,1.35064,1.35064,0
2026-05-25 20:57:00+00:00,1.35064,1.35066,1.35063,1.35065,0
2026-05-25 20:58:00+00:00,1.35064,1.35064,1.35063,1.35064,0
2026-05-25 20:59:00+00:00,1.35062,1.35066,1.35028,1.35028,0
2026-05-25 21:00:00+00:00,1.35028,1.35029,1.35028,1.35028,0
2026-05-25 21:01:00+00:00,1.35028,1.35028,1.35028,1.35028,0
2026-05-25 21:02:00+00:00,1.35028,1.35028,1.35028,1.35028,0
2026-05-25 21:03:00+00:00,1.35028,1.35028,1.35028,1.35028,0
2026-05-25 21:04:00+00:00,1.34944,1.34954,1.34943,1.34954,0
2026-05-25 21:05:00+00:00,1.34954,1.34997,1.34954,1.34996,0
2026-05-25 21:06:00+00:00,1.34993,1.34994,1.34993,1.34994,0
2026-05-25 21:07:00+00:00,1.34997,1.35036,1.34994,1.35016,0
2026-05-25 21:08:00+00:00,1.35014,1.3502,1.35014,1.35018,0
2026-05-25 21:09:00+00:00,1.35018,1.35021,1.35018,1.35021,0
2026-05-25 21:10:00+00:00,1.35022,1.35025,1.35022,1.35025,0
2026-05-25 21:11:00+00:00,1.35024,1.35026,1.35024,1.35025,0
2026-05-25 21:12:00+00:00,1.35023,1.35037,1.35022,1.35037,0
2026-05-25 21:13:00+00:00,1.35031,1.3505,1.35031,1.3505,0
2026-05-25 21:14:00+00:00,1.3505,1.35051,1.34993,1.34994,0
2026-05-25 21:15:00+00:00,1.34997,1.35013,1.34997,1.35013,0
2026-05-25 21:16:00+00:00,1.35009,1.35014,1.34997,1.35014,0
2026-05-25 21:17:00+00:00,1.35009,1.35009,1.35008,1.35009,0
2026-05-25 21:18:00+00:00,1.35003,1.35009,1.35003,1.35003,0
2026-05-25 21:19:00+00:00,1.35004,1.35004,1.35003,1.35003,0
2026-05-25 21:20:00+00:00,1.34997,1.34997,1.34952,1.34952,0
2026-05-25 21:21:00+00:00,1.34947,1.34947,1.34941,1.34944,0
2026-05-25 21:22:00+00:00,1.34944,1.34994,1.34944,1.34994,0
2026-05-25 21:23:00+00:00,1.34957,1.34957,1.34954,1.34954,0
2026-05-25 21:24:00+00:00,1.34954,1.34954,1.34941,1.34941,0
2026-05-25 21:25:00+00:00,1.34934,1.34934,1.34925,1.34926,0
2026-05-25 21:26:00+00:00,1.34926,1.34926,1.34926,1.34926,0
2026-05-25 21:27:00+00:00,1.3493,1.34967,1.34927,1.34967,0
2026-05-25 21:28:00+00:00,1.34965,1.34965,1.34965,1.34965,0
2026-05-25 21:29:00+00:00,1.34971,1.34971,1.34952,1.34952,0
2026-05-25 21:30:00+00:00,1.34952,1.34965,1.34952,1.34958,0
2026-05-25 21:31:00+00:00,1.34965,1.34965,1.34963,1.34963,0
2026-05-25 21:32:00+00:00,1.34962,1.34974,1.34962,1.34967,0
2026-05-25 21:33:00+00:00,1.3497,1.34977,1.34963,1.34971,0
2026-05-25 21:34:00+00:00,1.34995,1.34995,1.34995,1.34995,0
2026-05-25 21:35:00+00:00,1.34969,1.3501,1.34966,1.3501,0
2026-05-25 21:36:00+00:00,1.35012,1.35012,1.35007,1.35007,0
2026-05-25 21:37:00+00:00,1.35009,1.35022,1.34996,1.34999,0
2026-05-25 21:38:00+00:00,1.34998,1.35006,1.34995,1.34997,0
2026-05-25 21:39:00+00:00,1.34994,1.34994,1.34994,1.34994,0
2026-05-25 21:40:00+00:00,1.34982,1.34994,1.3498,1.34994,0
2026-05-25 21:41:00+00:00,1.34994,1.34994,1.34993,1.34993,0
2026-05-25 21:42:00+00:00,1.34994,1.35002,1.34994,1.35002,0
2026-05-25 21:43:00+00:00,1.34998,1.35002,1.34996,1.35002,0
2026-05-25 21:44:00+00:00,1.34994,1.35004,1.34994,1.35,0
2026-05-25 21:45:00+00:00,1.35002,1.35004,1.35001,1.35001,0
2026-05-25 21:46:00+00:00,1.35002,1.35002,1.34993,1.34999,0
2026-05-25 21:47:00+00:00,1.34999,1.35,1.34996,1.34996,0
2026-05-25 21:48:00+00:00,1.34995,1.35006,1.34969,1.34987,0
2026-05-25 21:49:00+00:00,1.34984,1.34994,1.34979,1.34994,0
2026-05-25 21:50:00+00:00,1.34989,1.34989,1.34977,1.34988,0
2026-05-25 21:51:00+00:00,1.34988,1.34999,1.34988,1.34999,0
2026-05-25 21:52:00+00:00,1.34999,1.34999,1.34998,1.34998,0
2026-05-25 21:53:00+00:00,1.34999,1.34999,1.34999,1.34999,0
2026-05-25 21:54:00+00:00,1.35004,1.35004,1.35003,1.35003,0
2026-05-25 21:55:00+00:00,1.35003,1.35004,1.35003,1.35003,0
2026-05-25 21:56:00+00:00,1.35003,1.35008,1.35003,1.35007,0
2026-05-25 21:57:00+00:00,1.35009,1.35017,1.35006,1.35006,0
2026-05-25 21:58:00+00:00,1.35006,1.35007,1.35006,1.35006,0
2026-05-25 21:59:00+00:00,1.35006,1.3502,1.35006,1.3502,0
2026-05-25 22:00:00+00:00,1.3502,1.35023,1.34982,1.35021,0
2026-05-25 22:01:00+00:00,1.35019,1.35027,1.35002,1.35006,0
2026-05-25 22:02:00+00:00,1.35005,1.35018,1.35004,1.35018,0
2026-05-25 22:03:00+00:00,1.35016,1.35018,1.35008,1.35011,0
2026-05-25 22:04:00+00:00,1.3501,1.3501,1.35,1.35,0
2026-05-25 22:05:00+00:00,1.35001,1.35013,1.35001,1.35009,0
2026-05-25 22:06:00+00:00,1.35013,1.35016,1.35012,1.35012,0
2026-05-25 22:07:00+00:00,1.35013,1.35028,1.35009,1.35024,0
2026-05-25 22:08:00+00:00,1.35023,1.35025,1.35019,1.35023,0
2026-05-25 22:09:00+00:00,1.35023,1.35024,1.35023,1.35023,0
2026-05-25 22:10:00+00:00,1.35023,1.35027,1.35021,1.35027,0
2026-05-25 22:11:00+00:00,1.35025,1.35049,1.35025,1.35041,0
2026-05-25 22:12:00+00:00,1.35043,1.35044,1.35041,1.35043,0
2026-05-25 22:13:00+00:00,1.35042,1.35042,1.35037,1.35039,0
2026-05-25 22:14:00+00:00,1.35038,1.35038,1.35032,1.35037,0
2026-05-25 22:15:00+00:00,1.35037,1.35037,1.35033,1.35033,0
2026-05-25 22:16:00+00:00,1.35034,1.35036,1.35032,1.35032,0
2026-05-25 22:17:00+00:00,1.3503,1.3503,1.35022,1.35023,0
2026-05-25 22:18:00+00:00,1.35023,1.35023,1.35023,1.35023,0
2026-05-25 22:19:00+00:00,1.35022,1.35023,1.35022,1.35022,0
2026-05-25 22:20:00+00:00,1.35024,1.35025,1.35023,1.35024,0
2026-05-25 22:21:00+00:00,1.3503,1.3503,1.35027,1.35027,0
2026-05-25 22:22:00+00:00,1.35032,1.35032,1.35031,1.35031,0
2026-05-25 22:23:00+00:00,1.35031,1.35033,1.35029,1.35031,0
2026-05-25 22:24:00+00:00,1.35032,1.35033,1.35032,1.35033,0
2026-05-25 22:25:00+00:00,1.35034,1.35035,1.35034,1.35034,0
2026-05-25 22:26:00+00:00,1.35034,1.35034,1.35034,1.35034,0
2026-05-25 22:27:00+00:00,1.35033,1.35033,1.35031,1.35032,0
2026-05-25 22:28:00+00:00,1.35032,1.35032,1.35032,1.35032,0
2026-05-25 22:29:00+00:00,1.35033,1.35033,1.35027,1.35029,0
2026-05-25 22:30:00+00:00,1.35029,1.35032,1.35022,1.35024,0
2026-05-25 22:31:00+00:00,1.35023,1.35024,1.35019,1.35022,0
2026-05-25 22:32:00+00:00,1.35023,1.35026,1.35023,1.35026,0
2026-05-25 22:33:00+00:00,1.35025,1.35025,1.35024,1.35025,0
2026-05-25 22:34:00+00:00,1.35025,1.35025,1.35025,1.35025,0
2026-05-25 22:35:00+00:00,1.35023,1.35023,1.35023,1.35023,0
2026-05-25 22:36:00+00:00,1.35025,1.35026,1.35022,1.35026,0
2026-05-25 22:37:00+00:00,1.35026,1.35026,1.35026,1.35026,0
2026-05-25 22:38:00+00:00,1.35026,1.35034,1.35026,1.35033,0
2026-05-25 22:39:00+00:00,1.35033,1.35034,1.35033,1.35034,0
2026-05-25 22:40:00+00:00,1.35033,1.35044,1.35033,1.35044,0
2026-05-25 22:41:00+00:00,1.35045,1.35045,1.35043,1.35043,0
2026-05-25 22:42:00+00:00,1.35044,1.35045,1.35042,1.35043,0
2026-05-25 22:43:00+00:00,1.35046,1.35046,1.35045,1.35045,0
2026-05-25 22:44:00+00:00,1.35043,1.35043,1.35043,1.35043,0
2026-05-25 22:45:00+00:00,1.35044,1.35044,1.35044,1.35044,0
2026-05-25 22:46:00+00:00,1.35044,1.35044,1.35043,1.35044,0
2026-05-25 22:47:00+00:00,1.35046,1.35046,1.35043,1.35043,0
2026-05-25 22:48:00+00:00,1.35043,1.35044,1.35043,1.35044,0
2026-05-25 22:49:00+00:00,1.35045,1.35045,1.35043,1.35044,0
2026-05-25 22:50:00+00:00,1.35044,1.35044,1.35043,1.35044,0
2026-05-25 22:51:00+00:00,1.35045,1.35045,1.35043,1.35043,0
2026-05-25 22:52:00+00:00,1.35043,1.35043,1.35043,1.35043,0
2026-05-25 22:53:00+00:00,1.35043,1.35043,1.35042,1.35043,0
2026-05-25 22:54:00+00:00,1.35044,1.35044,1.35042,1.35042,0
2026-05-25 22:55:00+00:00,1.35043,1.35043,1.35034,1.35034,0
2026-05-25 22:56:00+00:00,1.35034,1.35036,1.35032,1.35035,0
2026-05-25 22:57:00+00:00,1.35036,1.35037,1.35031,1.35032,0
2026-05-25 22:58:00+00:00,1.35032,1.35032,1.3503,1.3503,0
2026-05-25 22:59:00+00:00,1.35031,1.35031,1.35027,1.35027,0
2026-05-25 23:00:00+00:00,1.3503,1.35041,1.3503,1.35033,0
2026-05-25 23:01:00+00:00,1.35034,1.35041,1.35031,1.35039,0
2026-05-25 23:02:00+00:00,1.35038,1.35045,1.35034,1.35043,0
2026-05-25 23:03:00+00:00,1.35044,1.35046,1.35042,1.35043,0
2026-05-25 23:04:00+00:00,1.35043,1.35047,1.35043,1.35045,0
2026-05-25 23:05:00+00:00,1.35045,1.35045,1.35045,1.35045,0
2026-05-25 23:06:00+00:00,1.35047,1.35047,1.35044,1.35045,0
2026-05-25 23:07:00+00:00,1.35044,1.35044,1.35044,1.35044,0
2026-05-25 23:08:00+00:00,1.35042,1.35044,1.35038,1.35042,0
2026-05-25 23:09:00+00:00,1.35045,1.35045,1.35028,1.35028,0
2026-05-25 23:10:00+00:00,1.35027,1.35036,1.35027,1.35036,0
2026-05-25 23:11:00+00:00,1.35036,1.35036,1.35036,1.35036,0
2026-05-25 23:12:00+00:00,1.35035,1.35035,1.35034,1.35034,0
2026-05-25 23:13:00+00:00,1.35036,1.35036,1.35035,1.35035,0
2026-05-25 23:14:00+00:00,1.35036,1.35036,1.35035,1.35035,0
2026-05-25 23:15:00+00:00,1.35034,1.35036,1.35034,1.35036,0
2026-05-25 23:16:00+00:00,1.35036,1.35036,1.35036,1.35036,0
2026-05-25 23:17:00+00:00,1.35035,1.35036,1.35035,1.35036,0
2026-05-25 23:18:00+00:00,1.35036,1.35036,1.35036,1.35036,0
2026-05-25 23:19:00+00:00,1.35035,1.35039,1.35032,1.35032,0
2026-05-25 23:20:00+00:00,1.35035,1.35035,1.35034,1.35034,0
2026-05-25 23:21:00+00:00,1.35034,1.35034,1.35034,1.35034,0
2026-05-25 23:22:00+00:00,1.35037,1.35037,1.35033,1.35035,0
2026-05-25 23:23:00+00:00,1.35036,1.35036,1.35035,1.35036,0
2026-05-25 23:24:00+00:00,1.35036,1.35036,1.35009,1.35015,0
2026-05-25 23:25:00+00:00,1.35016,1.35019,1.35015,1.35019,0
2026-05-25 23:26:00+00:00,1.35018,1.35019,1.35014,1.35014,0
2026-05-25 23:27:00+00:00,1.35015,1.35015,1.35009,1.35009,0
2026-05-25 23:28:00+00:00,1.35009,1.35009,1.35,1.35001,0
2026-05-25 23:29:00+00:00,1.35002,1.35004,1.35,1.35004,0
2026-05-25 23:30:00+00:00,1.35002,1.35004,1.35,1.35003,0
2026-05-25 23:31:00+00:00,1.35003,1.35004,1.35001,1.35004,0
2026-05-25 23:32:00+00:00,1.35004,1.35004,1.34994,1.34995,0
2026-05-25 23:33:00+00:00,1.34994,1.34995,1.34992,1.34993,0
2026-05-25 23:34:00+00:00,1.34989,1.34996,1.34986,1.34994,0
2026-05-25 23:35:00+00:00,1.34994,1.34994,1.34993,1.34994,0
2026-05-25 23:36:00+00:00,1.34991,1.34994,1.34991,1.34993,0
2026-05-25 23:37:00+00:00,1.3499,1.34996,1.34988,1.34996,0
2026-05-25 23:38:00+00:00,1.34997,1.34997,1.34994,1.34995,0
2026-05-25 23:39:00+00:00,1.34996,1.34996,1.34994,1.34994,0
2026-05-25 23:40:00+00:00,1.34995,1.34996,1.34989,1.34994,0
2026-05-25 23:41:00+00:00,1.34995,1.34995,1.34994,1.34994,0
2026-05-25 23:42:00+00:00,1.34995,1.34997,1.34995,1.34997,0
2026-05-25 23:43:00+00:00,1.34996,1.34996,1.34995,1.34995,0
2026-05-25 23:44:00+00:00,1.34996,1.34996,1.34975,1.34981,0
2026-05-25 23:45:00+00:00,1.3498,1.35018,1.3498,1.35017,0
2026-05-25 23:46:00+00:00,1.35016,1.35016,1.35005,1.35005,0
2026-05-25 23:47:00+00:00,1.35007,1.35007,1.35,1.35006,0
2026-05-25 23:48:00+00:00,1.35004,1.35004,1.34979,1.34985,0
2026-05-25 23:49:00+00:00,1.34984,1.34986,1.34984,1.34985,0
2026-05-25 23:50:00+00:00,1.34984,1.34985,1.34963,1.34966,0
2026-05-25 23:51:00+00:00,1.34963,1.34967,1.34953,1.34966,0
2026-05-25 23:52:00+00:00,1.34966,1.34967,1.34963,1.34965,0
2026-05-25 23:53:00+00:00,1.34964,1.34964,1.34957,1.34964,0
2026-05-25 23:54:00+00:00,1.34964,1.34967,1.34964,1.34967,0
2026-05-25 23:55:00+00:00,1.34969,1.34979,1.34965,1.34965,0
2026-05-25 23:56:00+00:00,1.34966,1.34973,1.34965,1.34966,0
2026-05-25 23:57:00+00:00,1.34967,1.34967,1.34961,1.34963,0
2026-05-25 23:58:00+00:00,1.34959,1.34959,1.34952,1.34952,0
2026-05-25 23:59:00+00:00,1.34952,1.34954,1.34952,1.34954,0
2026-05-26 00:00:00+00:00,1.34956,1.34958,1.34934,1.34949,0
2026-05-26 00:01:00+00:00,1.34949,1.34956,1.34923,1.34927,0
2026-05-26 00:02:00+00:00,1.34927,1.34937,1.34924,1.34928,0
2026-05-26 00:03:00+00:00,1.3493,1.34957,1.3493,1.34955,0
2026-05-26 00:04:00+00:00,1.34953,1.34965,1.34948,1.34959,0
2026-05-26 00:05:00+00:00,1.34956,1.34965,1.34948,1.3495,0
2026-05-26 00:06:00+00:00,1.3495,1.34961,1.34944,1.34944,0
2026-05-26 00:07:00+00:00,1.34946,1.34948,1.34943,1.34946,0
2026-05-26 00:08:00+00:00,1.34945,1.34958,1.34945,1.34952,0
2026-05-26 00:09:00+00:00,1.34951,1.34951,1.34933,1.34935,0
2026-05-26 00:10:00+00:00,1.34937,1.3494,1.34926,1.34936,0
2026-05-26 00:11:00+00:00,1.34936,1.34946,1.34935,1.34945,0
2026-05-26 00:12:00+00:00,1.34949,1.34955,1.34943,1.34945,0
2026-05-26 00:13:00+00:00,1.34946,1.34946,1.34934,1.34935,0
2026-05-26 00:14:00+00:00,1.34935,1.34945,1.34923,1.34927,0
2026-05-26 00:15:00+00:00,1.34928,1.34939,1.34928,1.34935,0
2026-05-26 00:16:00+00:00,1.34936,1.34939,1.34929,1.34934,0
2026-05-26 00:17:00+00:00,1.34935,1.34935,1.34915,1.34917,0
2026-05-26 00:18:00+00:00,1.34916,1.34916,1.34894,1.34895,0
2026-05-26 00:19:00+00:00,1.34895,1.34897,1.34884,1.34888,0
2026-05-26 00:20:00+00:00,1.34889,1.34895,1.34885,1.34887,0
2026-05-26 00:21:00+00:00,1.34888,1.34898,1.34888,1.34894,0
2026-05-26 00:22:00+00:00,1.34894,1.34894,1.34878,1.34889,0
2026-05-26 00:23:00+00:00,1.34888,1.34898,1.34888,1.34897,0
2026-05-26 00:24:00+00:00,1.34898,1.34909,1.34896,1.34898,0
2026-05-26 00:25:00+00:00,1.349,1.34904,1.34896,1.34901,0
2026-05-26 00:26:00+00:00,1.349,1.34906,1.34898,1.34903,0
2026-05-26 00:27:00+00:00,1.34904,1.34926,1.34904,1.34924,0
2026-05-26 00:28:00+00:00,1.34924,1.34926,1.34919,1.34923,0
2026-05-26 00:29:00+00:00,1.34923,1.34925,1.34923,1.34925,0
2026-05-26 00:30:00+00:00,1.34923,1.34937,1.34923,1.3493,0
2026-05-26 00:31:00+00:00,1.34931,1.34939,1.3492,1.34928,0
2026-05-26 00:32:00+00:00,1.34929,1.34929,1.34918,1.34919,0
2026-05-26 00:33:00+00:00,1.34919,1.34923,1.34909,1.34915,0
2026-05-26 00:34:00+00:00,1.34917,1.34922,1.34908,1.34921,0
2026-05-26 00:35:00+00:00,1.34919,1.34928,1.34915,1.34927,0
2026-05-26 00:36:00+00:00,1.34927,1.34929,1.34926,1.34928,0
2026-05-26 00:37:00+00:00,1.34926,1.34926,1.34915,1.34916,0
2026-05-26 00:38:00+00:00,1.34917,1.34917,1.34907,1.34908,0
2026-05-26 00:39:00+00:00,1.34911,1.34918,1.34909,1.34909,0
2026-05-26 00:40:00+00:00,1.34911,1.34913,1.34904,1.34905,0
2026-05-26 00:41:00+00:00,1.34906,1.3492,1.34906,1.34907,0
2026-05-26 00:42:00+00:00,1.3491,1.34919,1.3491,1.34918,0
2026-05-26 00:43:00+00:00,1.34918,1.34922,1.34915,1.34921,0
2026-05-26 00:44:00+00:00,1.34923,1.34926,1.34913,1.34913,0
2026-05-26 00:45:00+00:00,1.34913,1.34913,1.34902,1.34906,0
2026-05-26 00:46:00+00:00,1.34906,1.34934,1.34906,1.34929,0
2026-05-26 00:47:00+00:00,1.34932,1.34932,1.3492,1.34926,0
2026-05-26 00:48:00+00:00,1.34928,1.34928,1.34923,1.34925,0
2026-05-26 00:49:00+00:00,1.34926,1.34926,1.34921,1.34924,0
2026-05-26 00:50:00+00:00,1.34924,1.34927,1.34924,1.34925,0
2026-05-26 00:51:00+00:00,1.34925,1.34927,1.34921,1.34924,0
2026-05-26 00:52:00+00:00,1.34925,1.34934,1.34925,1.34928,0
2026-05-26 00:53:00+00:00,1.34928,1.34929,1.34924,1.34928,0
2026-05-26 00:54:00+00:00,1.34933,1.34936,1.3492,1.34923,0
2026-05-26 00:55:00+00:00,1.34929,1.34947,1.34928,1.34946,0
2026-05-26 00:56:00+00:00,1.34947,1.34948,1.34944,1.34948,0
2026-05-26 00:57:00+00:00,1.34946,1.34946,1.34939,1.34944,0
2026-05-26 00:58:00+00:00,1.34944,1.34951,1.34943,1.34949,0
2026-05-26 00:59:00+00:00,1.3495,1.34951,1.34937,1.34941,0
2026-05-26 01:00:00+00:00,1.34941,1.34948,1.34927,1.34937,0
2026-05-26 01:01:00+00:00,1.34936,1.34948,1.34934,1.34944,0
2026-05-26 01:02:00+00:00,1.34943,1.34946,1.34939,1.34941,0
2026-05-26 01:03:00+00:00,1.34941,1.34941,1.34926,1.34926,0
2026-05-26 01:04:00+00:00,1.34925,1.34928,1.34914,1.34918,0
2026-05-26 01:05:00+00:00,1.34916,1.34918,1.34911,1.34915,0
2026-05-26 01:06:00+00:00,1.34916,1.34918,1.349,1.34901,0
2026-05-26 01:07:00+00:00,1.34901,1.34904,1.34891,1.34891,0
2026-05-26 01:08:00+00:00,1.3489,1.34904,1.34886,1.34901,0
2026-05-26 01:09:00+00:00,1.34902,1.34912,1.349,1.34909,0
2026-05-26 01:10:00+00:00,1.34909,1.34914,1.34904,1.34904,0
2026-05-26 01:11:00+00:00,1.34904,1.34912,1.34904,1.34905,0
2026-05-26 01:12:00+00:00,1.34906,1.34915,1.34906,1.34915,0
2026-05-26 01:13:00+00:00,1.34915,1.34922,1.34914,1.34919,0
2026-05-26 01:14:00+00:00,1.34917,1.34939,1.34916,1.34933,0
2026-05-26 01:15:00+00:00,1.34931,1.34937,1.34924,1.3493,0
2026-05-26 01:16:00+00:00,1.34931,1.34935,1.34927,1.34929,0
2026-05-26 01:17:00+00:00,1.34926,1.34935,1.34924,1.34933,0
2026-05-26 01:18:00+00:00,1.34932,1.34934,1.34922,1.34922,0
2026-05-26 01:19:00+00:00,1.34923,1.34934,1.34917,1.34926,0
2026-05-26 01:20:00+00:00,1.34926,1.34937,1.34914,1.34915,0
2026-05-26 01:21:00+00:00,1.34915,1.34916,1.34901,1.34912,0
2026-05-26 01:22:00+00:00,1.34913,1.34927,1.34913,1.34927,0
2026-05-26 01:23:00+00:00,1.34924,1.34928,1.34913,1.34916,0
2026-05-26 01:24:00+00:00,1.34918,1.34925,1.34913,1.34917,0
2026-05-26 01:25:00+00:00,1.34916,1.34916,1.34897,1.34899,0
2026-05-26 01:26:00+00:00,1.34897,1.34903,1.34893,1.34896,0
2026-05-26 01:27:00+00:00,1.34897,1.34898,1.34895,1.34895,0
2026-05-26 01:28:00+00:00,1.34897,1.34904,1.34897,1.34897,0
2026-05-26 01:29:00+00:00,1.34898,1.34907,1.34896,1.34906,0
2026-05-26 01:30:00+00:00,1.34906,1.34909,1.34894,1.34902,0
2026-05-26 01:31:00+00:00,1.34901,1.3491,1.34894,1.34902,0
2026-05-26 01:32:00+00:00,1.34902,1.34905,1.34889,1.3489,0
2026-05-26 01:33:00+00:00,1.34889,1.34894,1.34887,1.34888,0
2026-05-26 01:34:00+00:00,1.34888,1.3489,1.34881,1.34887,0
2026-05-26 01:35:00+00:00,1.34886,1.34888,1.34883,1.34887,0
2026-05-26 01:36:00+00:00,1.34887,1.34889,1.34864,1.34865,0
2026-05-26 01:37:00+00:00,1.34864,1.34867,1.34856,1.34859,0
2026-05-26 01:38:00+00:00,1.34863,1.34865,1.34849,1.34862,0
2026-05-26 01:39:00+00:00,1.34865,1.34865,1.34834,1.34837,0
2026-05-26 01:40:00+00:00,1.34838,1.34838,1.34831,1.34834,0
2026-05-26 01:41:00+00:00,1.34833,1.34834,1.34822,1.34826,0
2026-05-26 01:42:00+00:00,1.34825,1.34836,1.34823,1.34836,0
2026-05-26 01:43:00+00:00,1.34834,1.34845,1.34834,1.34838,0
2026-05-26 01:44:00+00:00,1.34839,1.34842,1.34831,1.34838,0
2026-05-26 01:45:00+00:00,1.34839,1.34844,1.34835,1.34841,0
2026-05-26 01:46:00+00:00,1.34842,1.34844,1.34838,1.34844,0
2026-05-26 01:47:00+00:00,1.34846,1.3485,1.34845,1.34847,0
2026-05-26 01:48:00+00:00,1.34847,1.34847,1.34834,1.34838,0
2026-05-26 01:49:00+00:00,1.34837,1.34858,1.34837,1.34853,0
2026-05-26 01:50:00+00:00,1.34855,1.34858,1.34852,1.34854,0
2026-05-26 01:51:00+00:00,1.34855,1.34857,1.34853,1.34853,0
2026-05-26 01:52:00+00:00,1.34854,1.34855,1.34847,1.34851,0
2026-05-26 01:53:00+00:00,1.34852,1.34864,1.34849,1.34862,0
2026-05-26 01:54:00+00:00,1.34861,1.34866,1.34859,1.34865,0
2026-05-26 01:55:00+00:00,1.34865,1.34872,1.34862,1.34864,0
2026-05-26 01:56:00+00:00,1.34863,1.34875,1.34863,1.3487,0
2026-05-26 01:57:00+00:00,1.34868,1.34872,1.34861,1.34867,0
2026-05-26 01:58:00+00:00,1.34865,1.34868,1.34861,1.34865,0
2026-05-26 01:59:00+00:00,1.34865,1.34869,1.34861,1.34869,0
2026-05-26 02:00:00+00:00,1.34866,1.34869,1.34862,1.34867,0
2026-05-26 02:01:00+00:00,1.34866,1.34875,1.34866,1.34871,0
2026-05-26 02:02:00+00:00,1.34871,1.34876,1.34868,1.34876,0
2026-05-26 02:03:00+00:00,1.34874,1.34883,1.34874,1.34878,0
2026-05-26 02:04:00+00:00,1.34878,1.34879,1.34871,1.34872,0
2026-05-26 02:05:00+00:00,1.34871,1.34885,1.34867,1.34881,0
2026-05-26 02:06:00+00:00,1.34881,1.34888,1.3488,1.34887,0
2026-05-26 02:07:00+00:00,1.34888,1.34891,1.34885,1.34887,0
2026-05-26 02:08:00+00:00,1.34887,1.34888,1.34886,1.34887,0
2026-05-26 02:09:00+00:00,1.34888,1.34899,1.34887,1.34894,0
2026-05-26 02:10:00+00:00,1.34894,1.34895,1.34886,1.34886,0
2026-05-26 02:11:00+00:00,1.34887,1.34889,1.34886,1.34886,0
2026-05-26 02:12:00+00:00,1.34887,1.34888,1.34877,1.34878,0
2026-05-26 02:13:00+00:00,1.34878,1.34878,1.34868,1.34868,0
2026-05-26 02:14:00+00:00,1.34868,1.34874,1.34861,1.34865,0
2026-05-26 02:15:00+00:00,1.34867,1.34875,1.34863,1.34874,0
2026-05-26 02:16:00+00:00,1.34872,1.34875,1.3487,1.34874,0
2026-05-26 02:17:00+00:00,1.34875,1.34878,1.34873,1.34877,0
2026-05-26 02:18:00+00:00,1.34878,1.34878,1.34863,1.34866,0
2026-05-26 02:19:00+00:00,1.34865,1.34872,1.34865,1.34871,0
2026-05-26 02:20:00+00:00,1.34869,1.34873,1.34863,1.34866,0
2026-05-26 02:21:00+00:00,1.34866,1.34875,1.34857,1.34873,0
2026-05-26 02:22:00+00:00,1.34871,1.34876,1.34868,1.34874,0
2026-05-26 02:23:00+00:00,1.34875,1.34877,1.34869,1.34872,0
2026-05-26 02:24:00+00:00,1.34873,1.34875,1.34869,1.34872,0
2026-05-26 02:25:00+00:00,1.34872,1.34876,1.34864,1.34869,0
2026-05-26 02:26:00+00:00,1.34868,1.34875,1.34868,1.34874,0
2026-05-26 02:27:00+00:00,1.34875,1.34882,1.3487,1.34877,0
2026-05-26 02:28:00+00:00,1.34877,1.34878,1.34874,1.34874,0
2026-05-26 02:29:00+00:00,1.34872,1.34877,1.34866,1.34867,0
2026-05-26 02:30:00+00:00,1.34868,1.3487,1.34866,1.3487,0
2026-05-26 02:31:00+00:00,1.3487,1.34873,1.34867,1.34871,0
2026-05-26 02:32:00+00:00,1.34871,1.34877,1.3487,1.34874,0
2026-05-26 02:33:00+00:00,1.34874,1.34874,1.34866,1.34867,0
2026-05-26 02:34:00+00:00,1.34872,1.34875,1.34872,1.34873,0
2026-05-26 02:35:00+00:00,1.34875,1.34875,1.34865,1.34868,0
2026-05-26 02:36:00+00:00,1.34867,1.34868,1.34861,1.34867,0
2026-05-26 02:37:00+00:00,1.34868,1.34878,1.34866,1.34871,0
2026-05-26 02:38:00+00:00,1.34867,1.34877,1.34866,1.34876,0
2026-05-26 02:39:00+00:00,1.34878,1.34878,1.34868,1.34871,0
2026-05-26 02:40:00+00:00,1.34873,1.34875,1.3487,1.34871,0
2026-05-26 02:41:00+00:00,1.3487,1.34872,1.34858,1.3486,0
2026-05-26 02:42:00+00:00,1.3486,1.34862,1.34857,1.3486,0
2026-05-26 02:43:00+00:00,1.3486,1.3486,1.34843,1.34845,0
2026-05-26 02:44:00+00:00,1.34845,1.34845,1.3484,1.34843,0
2026-05-26 02:45:00+00:00,1.34842,1.34845,1.3483,1.34833,0
2026-05-26 02:46:00+00:00,1.34836,1.34849,1.34836,1.34848,0
2026-05-26 02:47:00+00:00,1.34849,1.34856,1.34848,1.34856,0
2026-05-26 02:48:00+00:00,1.34856,1.34856,1.34855,1.34855,0
2026-05-26 02:49:00+00:00,1.34855,1.34858,1.34847,1.34851,0
2026-05-26 02:50:00+00:00,1.34847,1.34857,1.34845,1.34857,0
2026-05-26 02:51:00+00:00,1.34857,1.34863,1.34857,1.34858,0
2026-05-26 02:52:00+00:00,1.34858,1.34863,1.34848,1.34849,0
2026-05-26 02:53:00+00:00,1.34848,1.34854,1.34847,1.34853,0
2026-05-26 02:54:00+00:00,1.34853,1.34854,1.34847,1.34851,0
2026-05-26 02:55:00+00:00,1.34855,1.34861,1.34849,1.34861,0
2026-05-26 02:56:00+00:00,1.34859,1.34859,1.34856,1.34858,0
2026-05-26 02:57:00+00:00,1.34855,1.34856,1.34854,1.34855,0
2026-05-26 02:58:00+00:00,1.34856,1.34864,1.34856,1.34863,0
2026-05-26 02:59:00+00:00,1.34864,1.34876,1.34864,1.34869,0
2026-05-26 03:00:00+00:00,1.3487,1.34873,1.34866,1.34871,0
2026-05-26 03:01:00+00:00,1.34871,1.34882,1.34871,1.34877,0
2026-05-26 03:02:00+00:00,1.34878,1.34878,1.34869,1.34869,0
2026-05-26 03:03:00+00:00,1.34868,1.34869,1.34866,1.34868,0
2026-05-26 03:04:00+00:00,1.34867,1.34868,1.34864,1.34864,0
2026-05-26 03:05:00+00:00,1.34863,1.34878,1.34862,1.34877,0
2026-05-26 03:06:00+00:00,1.34878,1.3488,1.34876,1.34877,0
2026-05-26 03:07:00+00:00,1.34878,1.34883,1.34878,1.34879,0
2026-05-26 03:08:00+00:00,1.34877,1.34878,1.34875,1.34877,0
2026-05-26 03:09:00+00:00,1.34878,1.34887,1.34875,1.34875,0
2026-05-26 03:10:00+00:00,1.34873,1.34875,1.34871,1.34875,0
2026-05-26 03:11:00+00:00,1.34874,1.34887,1.34874,1.34886,0
2026-05-26 03:12:00+00:00,1.34887,1.34888,1.34885,1.34888,0
2026-05-26 03:13:00+00:00,1.34889,1.34893,1.34884,1.34884,0
2026-05-26 03:14:00+00:00,1.34883,1.34888,1.34879,1.34882,0
2026-05-26 03:15:00+00:00,1.34881,1.34886,1.3488,1.34886,0
2026-05-26 03:16:00+00:00,1.34886,1.34886,1.34884,1.34886,0
2026-05-26 03:17:00+00:00,1.34888,1.34888,1.34886,1.34887,0
2026-05-26 03:18:00+00:00,1.34888,1.34893,1.34886,1.34891,0
2026-05-26 03:19:00+00:00,1.34892,1.34897,1.34892,1.34894,0
2026-05-26 03:20:00+00:00,1.34894,1.34904,1.34894,1.34904,0
2026-05-26 03:21:00+00:00,1.34901,1.34908,1.34899,1.34908,0
2026-05-26 03:22:00+00:00,1.34907,1.34908,1.34905,1.34905,0
2026-05-26 03:23:00+00:00,1.34904,1.34907,1.349,1.349,0
2026-05-26 03:24:00+00:00,1.34902,1.34906,1.34902,1.34904,0
2026-05-26 03:25:00+00:00,1.34903,1.34919,1.34903,1.34913,0
2026-05-26 03:26:00+00:00,1.34915,1.34915,1.34906,1.34906,0
2026-05-26 03:27:00+00:00,1.34906,1.34906,1.34896,1.34896,0
2026-05-26 03:28:00+00:00,1.34896,1.34899,1.34894,1.34895,0
2026-05-26 03:29:00+00:00,1.34896,1.34896,1.34884,1.34885,0
2026-05-26 03:30:00+00:00,1.34886,1.34887,1.34879,1.34886,0
2026-05-26 03:31:00+00:00,1.34887,1.34887,1.34883,1.34884,0
2026-05-26 03:32:00+00:00,1.34885,1.34887,1.34885,1.34885,0
2026-05-26 03:33:00+00:00,1.34885,1.34887,1.34884,1.34884,0
2026-05-26 03:34:00+00:00,1.34885,1.34887,1.34884,1.34885,0
2026-05-26 03:35:00+00:00,1.34885,1.34886,1.34885,1.34886,0
2026-05-26 03:36:00+00:00,1.34887,1.34887,1.34884,1.34887,0
2026-05-26 03:37:00+00:00,1.34884,1.34887,1.34883,1.34885,0
2026-05-26 03:38:00+00:00,1.34887,1.34893,1.34886,1.34888,0
2026-05-26 03:39:00+00:00,1.34886,1.34886,1.34879,1.34879,0
2026-05-26 03:40:00+00:00,1.34877,1.34877,1.34874,1.34876,0
2026-05-26 03:41:00+00:00,1.34877,1.34877,1.34876,1.34876,0
2026-05-26 03:42:00+00:00,1.34878,1.34878,1.34874,1.34874,0
2026-05-26 03:43:00+00:00,1.34877,1.34882,1.34875,1.34879,0
2026-05-26 03:44:00+00:00,1.34877,1.34886,1.34877,1.34877,0
2026-05-26 03:45:00+00:00,1.34878,1.34879,1.34876,1.34876,0
2026-05-26 03:46:00+00:00,1.34878,1.34884,1.34877,1.34881,0
2026-05-26 03:47:00+00:00,1.34879,1.34882,1.34875,1.34876,0
2026-05-26 03:48:00+00:00,1.34877,1.34877,1.34874,1.34875,0
2026-05-26 03:49:00+00:00,1.34877,1.34878,1.34877,1.34878,0
2026-05-26 03:50:00+00:00,1.34879,1.34879,1.34874,1.34876,0
2026-05-26 03:51:00+00:00,1.34877,1.34877,1.34867,1.34867,0
2026-05-26 03:52:00+00:00,1.34867,1.34879,1.34866,1.34877,0
2026-05-26 03:53:00+00:00,1.34875,1.34875,1.34875,1.34875,0
2026-05-26 03:54:00+00:00,1.34876,1.34877,1.34874,1.34876,0
2026-05-26 03:55:00+00:00,1.34874,1.34876,1.34868,1.34873,0
2026-05-26 03:56:00+00:00,1.34872,1.34877,1.34872,1.34876,0
2026-05-26 03:57:00+00:00,1.34876,1.34884,1.34874,1.34884,0
2026-05-26 03:58:00+00:00,1.34884,1.34885,1.34881,1.34883,0
2026-05-26 03:59:00+00:00,1.34885,1.34885,1.3488,1.34883,0
2026-05-26 04:00:00+00:00,1.34885,1.34885,1.3488,1.34883,0
2026-05-26 04:01:00+00:00,1.34883,1.34885,1.34883,1.34885,0
2026-05-26 04:02:00+00:00,1.34884,1.34885,1.34883,1.34883,0
2026-05-26 04:03:00+00:00,1.34884,1.34884,1.34866,1.34866,0
2026-05-26 04:04:00+00:00,1.34868,1.34868,1.34858,1.34858,0
2026-05-26 04:05:00+00:00,1.34857,1.34862,1.34847,1.34854,0
2026-05-26 04:06:00+00:00,1.34855,1.34855,1.34854,1.34854,0
2026-05-26 04:07:00+00:00,1.34857,1.34863,1.34857,1.34862,0
2026-05-26 04:08:00+00:00,1.34864,1.34865,1.34861,1.34864,0
2026-05-26 04:09:00+00:00,1.34868,1.34868,1.34865,1.34867,0
2026-05-26 04:10:00+00:00,1.34872,1.34874,1.34868,1.34871,0
2026-05-26 04:11:00+00:00,1.34873,1.34875,1.34873,1.34875,0
2026-05-26 04:12:00+00:00,1.34872,1.34872,1.34865,1.34866,0
2026-05-26 04:13:00+00:00,1.34864,1.3487,1.34864,1.3487,0
2026-05-26 04:14:00+00:00,1.34871,1.34886,1.3487,1.34886,0
2026-05-26 04:15:00+00:00,1.34882,1.34882,1.34867,1.34874,0
2026-05-26 04:16:00+00:00,1.34874,1.34875,1.34867,1.34868,0
2026-05-26 04:17:00+00:00,1.34867,1.34875,1.34866,1.34875,0
2026-05-26 04:18:00+00:00,1.34875,1.34875,1.34868,1.3487,0
2026-05-26 04:19:00+00:00,1.3487,1.34871,1.34868,1.3487,0
2026-05-26 04:20:00+00:00,1.34869,1.34869,1.34867,1.34867,0
2026-05-26 04:21:00+00:00,1.34866,1.34868,1.34865,1.34868,0
2026-05-26 04:22:00+00:00,1.34867,1.3487,1.34863,1.34863,0
2026-05-26 04:23:00+00:00,1.34864,1.34864,1.34859,1.34863,0
2026-05-26 04:24:00+00:00,1.34863,1.34865,1.34863,1.34865,0
2026-05-26 04:25:00+00:00,1.34864,1.34864,1.34853,1.34854,0
2026-05-26 04:26:00+00:00,1.34853,1.34857,1.34852,1.34855,0
2026-05-26 04:27:00+00:00,1.34855,1.34857,1.34855,1.34856,0
2026-05-26 04:28:00+00:00,1.34856,1.34856,1.34854,1.34856,0
2026-05-26 04:29:00+00:00,1.34856,1.34856,1.34851,1.34852,0
2026-05-26 04:30:00+00:00,1.34852,1.34854,1.34843,1.34844,0
2026-05-26 04:31:00+00:00,1.34846,1.34854,1.34842,1.34854,0
2026-05-26 04:32:00+00:00,1.34854,1.34865,1.34854,1.34865,0
2026-05-26 04:33:00+00:00,1.34865,1.34865,1.34863,1.34863,0
2026-05-26 04:34:00+00:00,1.34865,1.34865,1.34862,1.34862,0
2026-05-26 04:35:00+00:00,1.34863,1.34863,1.34857,1.34858,0
2026-05-26 04:36:00+00:00,1.34857,1.34857,1.34849,1.3485,0
2026-05-26 04:37:00+00:00,1.34848,1.34848,1.34843,1.34846,0
2026-05-26 04:38:00+00:00,1.34846,1.34846,1.34843,1.34843,0
2026-05-26 04:39:00+00:00,1.34845,1.34846,1.34843,1.34846,0
2026-05-26 04:40:00+00:00,1.34845,1.34849,1.34842,1.34846,0
2026-05-26 04:41:00+00:00,1.34848,1.34848,1.34847,1.34848,0
2026-05-26 04:42:00+00:00,1.34847,1.34847,1.34836,1.34842,0
2026-05-26 04:43:00+00:00,1.34844,1.34848,1.34843,1.34847,0
2026-05-26 04:44:00+00:00,1.34848,1.34849,1.34845,1.34845,0
2026-05-26 04:45:00+00:00,1.34843,1.34843,1.34839,1.3484,0
2026-05-26 04:46:00+00:00,1.34839,1.34839,1.34832,1.34837,0
2026-05-26 04:47:00+00:00,1.34835,1.34837,1.34831,1.34833,0
2026-05-26 04:48:00+00:00,1.34835,1.34835,1.34833,1.34833,0
2026-05-26 04:49:00+00:00,1.34833,1.34837,1.34831,1.34837,0
2026-05-26 04:50:00+00:00,1.34837,1.34843,1.34837,1.34838,0
2026-05-26 04:51:00+00:00,1.34837,1.34837,1.34835,1.34835,0
2026-05-26 04:52:00+00:00,1.34835,1.34835,1.34819,1.34822,0
2026-05-26 04:53:00+00:00,1.34822,1.34827,1.3482,1.34827,0
2026-05-26 04:54:00+00:00,1.34827,1.34835,1.34827,1.34833,0
2026-05-26 04:55:00+00:00,1.34832,1.34832,1.3482,1.34821,0
2026-05-26 04:56:00+00:00,1.34821,1.34826,1.34814,1.34817,0
2026-05-26 04:57:00+00:00,1.34818,1.34818,1.34815,1.34817,0
2026-05-26 04:58:00+00:00,1.34816,1.34824,1.34814,1.34822,0
2026-05-26 04:59:00+00:00,1.34822,1.34823,1.34802,1.34807,0
2026-05-26 05:00:00+00:00,1.34805,1.34815,1.34798,1.34815,0
2026-05-26 05:01:00+00:00,1.34811,1.34812,1.34796,1.34803,0
2026-05-26 05:02:00+00:00,1.34805,1.34808,1.34804,1.34806,0
2026-05-26 05:03:00+00:00,1.34807,1.34807,1.34794,1.34794,0
2026-05-26 05:04:00+00:00,1.34795,1.34795,1.34786,1.34791,0
2026-05-26 05:05:00+00:00,1.34792,1.34795,1.34788,1.34788,0
2026-05-26 05:06:00+00:00,1.34788,1.34788,1.34781,1.34784,0
2026-05-26 05:07:00+00:00,1.34786,1.34798,1.34784,1.34798,0
2026-05-26 05:08:00+00:00,1.34799,1.34802,1.34798,1.34798,0
2026-05-26 05:09:00+00:00,1.348,1.34806,1.34793,1.34793,0
2026-05-26 05:10:00+00:00,1.34795,1.34795,1.34786,1.34788,0
2026-05-26 05:11:00+00:00,1.34787,1.34788,1.34785,1.34785,0
2026-05-26 05:12:00+00:00,1.34787,1.34788,1.34783,1.34786,0
2026-05-26 05:13:00+00:00,1.34786,1.34788,1.34785,1.34787,0
2026-05-26 05:14:00+00:00,1.34785,1.34787,1.34778,1.34786,0
2026-05-26 05:15:00+00:00,1.34784,1.34788,1.3478,1.34788,0
2026-05-26 05:16:00+00:00,1.34786,1.34789,1.34786,1.34789,0
2026-05-26 05:17:00+00:00,1.34791,1.34792,1.34785,1.34785,0
2026-05-26 05:18:00+00:00,1.34785,1.34788,1.34783,1.34784,0
2026-05-26 05:19:00+00:00,1.34783,1.34786,1.34775,1.34775,0
2026-05-26 05:20:00+00:00,1.34775,1.34778,1.34773,1.34776,0
2026-05-26 05:21:00+00:00,1.34777,1.34778,1.34775,1.34777,0
2026-05-26 05:22:00+00:00,1.34775,1.34775,1.34772,1.34774,0
2026-05-26 05:23:00+00:00,1.34774,1.34775,1.34773,1.34774,0
2026-05-26 05:24:00+00:00,1.34775,1.34776,1.34772,1.34775,0
2026-05-26 05:25:00+00:00,1.34773,1.34776,1.34773,1.34776,0
2026-05-26 05:26:00+00:00,1.34774,1.34779,1.34773,1.34776,0
2026-05-26 05:27:00+00:00,1.34779,1.34783,1.34777,1.34779,0
2026-05-26 05:28:00+00:00,1.3478,1.34781,1.34774,1.34777,0
2026-05-26 05:29:00+00:00,1.34777,1.34783,1.34777,1.34781,0
2026-05-26 05:30:00+00:00,1.34778,1.34795,1.34778,1.34784,0
2026-05-26 05:31:00+00:00,1.34783,1.34788,1.34778,1.34783,0
2026-05-26 05:32:00+00:00,1.34783,1.34785,1.34779,1.34784,0
2026-05-26 05:33:00+00:00,1.34785,1.34785,1.34779,1.34779,0
2026-05-26 05:34:00+00:00,1.34778,1.3478,1.34775,1.34779,0
2026-05-26 05:35:00+00:00,1.34782,1.34783,1.34776,1.34779,0
2026-05-26 05:36:00+00:00,1.34782,1.34784,1.34782,1.34782,0
2026-05-26 05:37:00+00:00,1.34785,1.34791,1.34782,1.34786,0
2026-05-26 05:38:00+00:00,1.34785,1.34787,1.34774,1.34784,0
2026-05-26 05:39:00+00:00,1.34786,1.34786,1.34778,1.34779,0
2026-05-26 05:40:00+00:00,1.3478,1.3478,1.34774,1.34775,0
2026-05-26 05:41:00+00:00,1.34776,1.34776,1.34763,1.34767,0
2026-05-26 05:42:00+00:00,1.34767,1.3477,1.34765,1.34768,0
2026-05-26 05:43:00+00:00,1.34767,1.34776,1.34766,1.34774,0
2026-05-26 05:44:00+00:00,1.34775,1.34775,1.34775,1.34775,0
2026-05-26 05:45:00+00:00,1.34775,1.34775,1.34767,1.34774,0
2026-05-26 05:46:00+00:00,1.34774,1.34774,1.34764,1.34764,0
2026-05-26 05:47:00+00:00,1.34764,1.34766,1.34756,1.34758,0
2026-05-26 05:48:00+00:00,1.34759,1.34766,1.34758,1.34766,0
2026-05-26 05:49:00+00:00,1.34766,1.34769,1.34757,1.34762,0
2026-05-26 05:50:00+00:00,1.34762,1.34762,1.34754,1.34758,0
2026-05-26 05:51:00+00:00,1.34759,1.34759,1.34755,1.34755,0
2026-05-26 05:52:00+00:00,1.34756,1.3476,1.34756,1.34756,0
2026-05-26 05:53:00+00:00,1.34755,1.34758,1.34755,1.34757,0
2026-05-26 05:54:00+00:00,1.34756,1.34756,1.34752,1.34756,0
2026-05-26 05:55:00+00:00,1.34757,1.34757,1.34744,1.34745,0
2026-05-26 05:56:00+00:00,1.34744,1.34747,1.3474,1.34744,0
2026-05-26 05:57:00+00:00,1.34747,1.34747,1.34744,1.34746,0
2026-05-26 05:58:00+00:00,1.34745,1.34757,1.34745,1.34755,0
2026-05-26 05:59:00+00:00,1.34752,1.34755,1.34746,1.34746,0
2026-05-26 06:00:00+00:00,1.34746,1.34746,1.34734,1.34744,0
2026-05-26 06:01:00+00:00,1.3474,1.3475,1.34738,1.34746,0
2026-05-26 06:02:00+00:00,1.34745,1.34747,1.3474,1.34743,0
2026-05-26 06:03:00+00:00,1.34746,1.34755,1.34745,1.34747,0
2026-05-26 06:04:00+00:00,1.34747,1.34747,1.34738,1.3474,0
2026-05-26 06:05:00+00:00,1.34739,1.3475,1.34739,1.34747,0
2026-05-26 06:06:00+00:00,1.34747,1.34748,1.34738,1.34738,0
2026-05-26 06:07:00+00:00,1.34738,1.34755,1.34738,1.34755,0
2026-05-26 06:08:00+00:00,1.34755,1.34756,1.34749,1.34754,0
2026-05-26 06:09:00+00:00,1.34754,1.34755,1.34749,1.34751,0
2026-05-26 06:10:00+00:00,1.34752,1.34761,1.34749,1.34757,0
2026-05-26 06:11:00+00:00,1.34758,1.34764,1.34757,1.34763,0
2026-05-26 06:12:00+00:00,1.34763,1.34763,1.34754,1.34754,0
2026-05-26 06:13:00+00:00,1.34756,1.34765,1.34756,1.34765,0
2026-05-26 06:14:00+00:00,1.34764,1.34765,1.34763,1.34764,0
2026-05-26 06:15:00+00:00,1.34764,1.34764,1.34756,1.3476,0
2026-05-26 06:16:00+00:00,1.34761,1.34767,1.34757,1.34767,0
2026-05-26 06:17:00+00:00,1.34768,1.34768,1.34756,1.34766,0
2026-05-26 06:18:00+00:00,1.34768,1.34778,1.34766,1.34773,0
2026-05-26 06:19:00+00:00,1.34774,1.34779,1.34768,1.34777,0
2026-05-26 06:20:00+00:00,1.34776,1.34783,1.34775,1.34778,0
2026-05-26 06:21:00+00:00,1.34777,1.34784,1.34777,1.34784,0
2026-05-26 06:22:00+00:00,1.34785,1.34789,1.34783,1.34786,0
2026-05-26 06:23:00+00:00,1.34786,1.34789,1.34779,1.34788,0
2026-05-26 06:24:00+00:00,1.34789,1.34807,1.34787,1.34806,0
2026-05-26 06:25:00+00:00,1.34807,1.34839,1.34807,1.34836,0
2026-05-26 06:26:00+00:00,1.34834,1.34848,1.34834,1.34846,0
2026-05-26 06:27:00+00:00,1.34845,1.34849,1.3483,1.34849,0
2026-05-26 06:28:00+00:00,1.34849,1.34849,1.34799,1.34806,0
2026-05-26 06:29:00+00:00,1.34806,1.34826,1.34795,1.34795,0
2026-05-26 06:30:00+00:00,1.34794,1.34808,1.3479,1.34806,0
2026-05-26 06:31:00+00:00,1.34808,1.34808,1.34776,1.34781,0
2026-05-26 06:32:00+00:00,1.34779,1.34785,1.34749,1.34756,0
2026-05-26 06:33:00+00:00,1.34757,1.34779,1.34757,1.34774,0
2026-05-26 06:34:00+00:00,1.34774,1.34778,1.34766,1.34778,0
2026-05-26 06:35:00+00:00,1.34778,1.34781,1.34773,1.34774,0
2026-05-26 06:36:00+00:00,1.3478,1.34796,1.34778,1.34792,0
2026-05-26 06:37:00+00:00,1.34793,1.34803,1.34786,1.34795,0
2026-05-26 06:38:00+00:00,1.34797,1.34798,1.34783,1.34785,0
2026-05-26 06:39:00+00:00,1.34786,1.34796,1.34786,1.34788,0
2026-05-26 06:40:00+00:00,1.34792,1.34793,1.34775,1.34786,0
2026-05-26 06:41:00+00:00,1.34788,1.34789,1.34773,1.34774,0
2026-05-26 06:42:00+00:00,1.34778,1.34778,1.34765,1.34766,0
2026-05-26 06:43:00+00:00,1.34765,1.34765,1.34758,1.34764,0
2026-05-26 06:44:00+00:00,1.34766,1.34789,1.34766,1.34788,0
2026-05-26 06:45:00+00:00,1.34789,1.34795,1.34774,1.34777,0
2026-05-26 06:46:00+00:00,1.34776,1.34783,1.34776,1.34778,0
2026-05-26 06:47:00+00:00,1.34778,1.34778,1.34765,1.34768,0
2026-05-26 06:48:00+00:00,1.34771,1.34784,1.34765,1.34784,0
2026-05-26 06:49:00+00:00,1.34783,1.34789,1.34773,1.34789,0
2026-05-26 06:50:00+00:00,1.34789,1.34798,1.34789,1.34792,0
2026-05-26 06:51:00+00:00,1.34795,1.34798,1.34788,1.34788,0
2026-05-26 06:52:00+00:00,1.34788,1.34799,1.34787,1.34795,0
2026-05-26 06:53:00+00:00,1.34795,1.34795,1.34787,1.34787,0
2026-05-26 06:54:00+00:00,1.34785,1.34789,1.34778,1.34785,0
2026-05-26 06:55:00+00:00,1.34786,1.34788,1.34775,1.34781,0
2026-05-26 06:56:00+00:00,1.34782,1.34786,1.34776,1.3478,0
2026-05-26 06:57:00+00:00,1.34779,1.34785,1.3477,1.34771,0
2026-05-26 06:58:00+00:00,1.34773,1.34774,1.34768,1.34773,0
2026-05-26 06:59:00+00:00,1.34772,1.34775,1.3476,1.34774,0
2026-05-26 07:00:00+00:00,1.34775,1.34776,1.34765,1.34771,0
2026-05-26 07:01:00+00:00,1.34771,1.3478,1.34764,1.34768,0
2026-05-26 07:02:00+00:00,1.34766,1.34776,1.34766,1.34773,0
2026-05-26 07:03:00+00:00,1.34777,1.34777,1.34735,1.34735,0
2026-05-26 07:04:00+00:00,1.34736,1.34737,1.34694,1.34698,0
2026-05-26 07:05:00+00:00,1.34697,1.34699,1.34648,1.34654,0
2026-05-26 07:06:00+00:00,1.34655,1.34713,1.34646,1.34709,0
2026-05-26 07:07:00+00:00,1.34709,1.3473,1.34706,1.34728,0
2026-05-26 07:08:00+00:00,1.34728,1.3474,1.34712,1.34716,0
2026-05-26 07:09:00+00:00,1.34714,1.34714,1.34685,1.34685,0
2026-05-26 07:10:00+00:00,1.34685,1.34721,1.34685,1.34719,0
2026-05-26 07:11:00+00:00,1.34719,1.34725,1.34707,1.34708,0
2026-05-26 07:12:00+00:00,1.34709,1.34724,1.34705,1.34705,0
2026-05-26 07:13:00+00:00,1.34705,1.34729,1.3469,1.34729,0
2026-05-26 07:14:00+00:00,1.34728,1.34738,1.34726,1.34736,0
2026-05-26 07:15:00+00:00,1.34735,1.34735,1.34688,1.34699,0
2026-05-26 07:16:00+00:00,1.347,1.34705,1.3469,1.34697,0
2026-05-26 07:17:00+00:00,1.34697,1.34708,1.34693,1.34705,0
2026-05-26 07:18:00+00:00,1.34705,1.34723,1.34704,1.34714,0
2026-05-26 07:19:00+00:00,1.34715,1.3472,1.34711,1.34716,0
2026-05-26 07:20:00+00:00,1.34717,1.34729,1.34713,1.34728,0
2026-05-26 07:21:00+00:00,1.34729,1.34736,1.3472,1.3472,0
2026-05-26 07:22:00+00:00,1.34719,1.3472,1.34706,1.34708,0
2026-05-26 07:23:00+00:00,1.3471,1.34719,1.34697,1.34699,0
2026-05-26 07:24:00+00:00,1.34701,1.34707,1.34688,1.3469,0
2026-05-26 07:25:00+00:00,1.34688,1.34699,1.34675,1.34695,0
2026-05-26 07:26:00+00:00,1.34696,1.34705,1.34691,1.34693,0
2026-05-26 07:27:00+00:00,1.34695,1.34698,1.34681,1.34698,0
2026-05-26 07:28:00+00:00,1.34698,1.34709,1.34695,1.34709,0
2026-05-26 07:29:00+00:00,1.34708,1.34715,1.34697,1.34709,0
2026-05-26 07:30:00+00:00,1.34709,1.34716,1.34691,1.34715,0
2026-05-26 07:31:00+00:00,1.34715,1.34768,1.34708,1.34764,0
2026-05-26 07:32:00+00:00,1.34758,1.34767,1.34713,1.34716,0
2026-05-26 07:33:00+00:00,1.34718,1.3472,1.3468,1.34711,0
2026-05-26 07:34:00+00:00,1.3471,1.34732,1.34708,1.3472,0
2026-05-26 07:35:00+00:00,1.3472,1.3472,1.34706,1.34716,0
2026-05-26 07:36:00+00:00,1.34717,1.34721,1.347,1.34707,0
2026-05-26 07:37:00+00:00,1.34707,1.34716,1.34692,1.34698,0
2026-05-26 07:38:00+00:00,1.34698,1.3471,1.34696,1.34708,0
2026-05-26 07:39:00+00:00,1.34709,1.34719,1.34706,1.34708,0
2026-05-26 07:40:00+00:00,1.34707,1.34716,1.347,1.34716,0
2026-05-26 07:41:00+00:00,1.34718,1.3472,1.34705,1.34708,0
2026-05-26 07:42:00+00:00,1.34709,1.34719,1.34702,1.34706,0
2026-05-26 07:43:00+00:00,1.34705,1.3471,1.34695,1.34695,0
2026-05-26 07:44:00+00:00,1.34694,1.34705,1.34694,1.34705,0
2026-05-26 07:45:00+00:00,1.34702,1.34705,1.34675,1.34678,0
2026-05-26 07:46:00+00:00,1.34676,1.34697,1.34675,1.3469,0
2026-05-26 07:47:00+00:00,1.34688,1.34693,1.34684,1.34684,0
2026-05-26 07:48:00+00:00,1.34685,1.34718,1.34685,1.34717,0
2026-05-26 07:49:00+00:00,1.34724,1.34735,1.34719,1.34734,0
2026-05-26 07:50:00+00:00,1.34736,1.34744,1.34726,1.34734,0
2026-05-26 07:51:00+00:00,1.34731,1.34735,1.34715,1.34715,0
2026-05-26 07:52:00+00:00,1.34717,1.34717,1.34708,1.34715,0
2026-05-26 07:53:00+00:00,1.34715,1.3472,1.34709,1.34717,0
2026-05-26 07:54:00+00:00,1.34716,1.34717,1.34707,1.34707,0
2026-05-26 07:55:00+00:00,1.34709,1.34737,1.34709,1.34725,0
2026-05-26 07:56:00+00:00,1.34724,1.34726,1.34718,1.34724,0
2026-05-26 07:57:00+00:00,1.34726,1.34754,1.34726,1.34749,0
2026-05-26 07:58:00+00:00,1.34746,1.34751,1.34738,1.34742,0
2026-05-26 07:59:00+00:00,1.34743,1.34747,1.34741,1.34746,0
2026-05-26 08:00:00+00:00,1.34746,1.34756,1.34717,1.34717,0
2026-05-26 08:01:00+00:00,1.34717,1.34737,1.34714,1.34728,0
2026-05-26 08:02:00+00:00,1.34727,1.34754,1.34727,1.34748,0
2026-05-26 08:03:00+00:00,1.34749,1.34761,1.34742,1.34757,0
2026-05-26 08:04:00+00:00,1.34758,1.34766,1.34746,1.34753,0
2026-05-26 08:05:00+00:00,1.34753,1.34759,1.34753,1.34756,0
2026-05-26 08:06:00+00:00,1.34757,1.34764,1.34749,1.34755,0
2026-05-26 08:07:00+00:00,1.34753,1.34768,1.3475,1.34768,0
2026-05-26 08:08:00+00:00,1.34765,1.34767,1.34751,1.34756,0
2026-05-26 08:09:00+00:00,1.34758,1.34765,1.34757,1.34759,0
2026-05-26 08:10:00+00:00,1.34758,1.34775,1.34755,1.34775,0
2026-05-26 08:11:00+00:00,1.34771,1.34799,1.34769,1.3479,0
2026-05-26 08:12:00+00:00,1.34791,1.34808,1.34787,1.34807,0
2026-05-26 08:13:00+00:00,1.34805,1.34805,1.34769,1.34771,0
2026-05-26 08:14:00+00:00,1.3477,1.34772,1.34751,1.34758,0
2026-05-26 08:15:00+00:00,1.34758,1.34769,1.34756,1.34759,0
2026-05-26 08:16:00+00:00,1.34758,1.3477,1.34756,1.34757,0
2026-05-26 08:17:00+00:00,1.34757,1.34764,1.34756,1.34758,0
2026-05-26 08:18:00+00:00,1.34759,1.34767,1.34758,1.34767,0
2026-05-26 08:19:00+00:00,1.34767,1.34778,1.34764,1.34768,0
2026-05-26 08:20:00+00:00,1.3477,1.3477,1.34766,1.34768,0
2026-05-26 08:21:00+00:00,1.34769,1.34793,1.34767,1.34786,0
2026-05-26 08:22:00+00:00,1.34784,1.34785,1.34776,1.3478,0
2026-05-26 08:23:00+00:00,1.34781,1.34787,1.34778,1.34783,0
2026-05-26 08:24:00+00:00,1.34785,1.34789,1.34784,1.34786,0
2026-05-26 08:25:00+00:00,1.34785,1.34785,1.34771,1.34772,0
2026-05-26 08:26:00+00:00,1.3477,1.3477,1.34748,1.34757,0
2026-05-26 08:27:00+00:00,1.34755,1.34755,1.34741,1.34744,0
2026-05-26 08:28:00+00:00,1.34747,1.34754,1.34734,1.34754,0
2026-05-26 08:29:00+00:00,1.34753,1.3476,1.34745,1.34754,0
2026-05-26 08:30:00+00:00,1.34753,1.34765,1.34746,1.34754,0
2026-05-26 08:31:00+00:00,1.34756,1.34778,1.34753,1.34778,0
2026-05-26 08:32:00+00:00,1.34776,1.34778,1.34768,1.34773,0
2026-05-26 08:33:00+00:00,1.34774,1.34777,1.34766,1.34767,0
2026-05-26 08:34:00+00:00,1.34767,1.34767,1.34739,1.34755,0
2026-05-26 08:35:00+00:00,1.34754,1.34758,1.34745,1.34758,0
2026-05-26 08:36:00+00:00,1.34757,1.34769,1.34752,1.34755,0
2026-05-26 08:37:00+00:00,1.34755,1.34759,1.34748,1.34758,0
2026-05-26 08:38:00+00:00,1.34758,1.3476,1.34754,1.34754,0
2026-05-26 08:39:00+00:00,1.34753,1.3476,1.3474,1.34744,0
2026-05-26 08:40:00+00:00,1.34746,1.34749,1.34739,1.34748,0
2026-05-26 08:41:00+00:00,1.34748,1.34749,1.34739,1.34745,0
2026-05-26 08:42:00+00:00,1.34746,1.3475,1.34739,1.3474,0
2026-05-26 08:43:00+00:00,1.34744,1.34747,1.34731,1.34734,0
2026-05-26 08:44:00+00:00,1.34734,1.34734,1.34721,1.34726,0
2026-05-26 08:45:00+00:00,1.34726,1.34728,1.3472,1.34724,0
2026-05-26 08:46:00+00:00,1.34725,1.34736,1.34716,1.34734,0
2026-05-26 08:47:00+00:00,1.34734,1.34735,1.34726,1.3473,0
2026-05-26 08:48:00+00:00,1.3473,1.34739,1.34722,1.34739,0
2026-05-26 08:49:00+00:00,1.34737,1.34743,1.34736,1.34738,0
2026-05-26 08:50:00+00:00,1.34737,1.34758,1.34734,1.34758,0
2026-05-26 08:51:00+00:00,1.34759,1.34772,1.34758,1.34766,0
2026-05-26 08:52:00+00:00,1.34767,1.34776,1.34767,1.34774,0
2026-05-26 08:53:00+00:00,1.34773,1.34791,1.34769,1.34785,0
2026-05-26 08:54:00+00:00,1.34787,1.34789,1.34777,1.34778,0
2026-05-26 08:55:00+00:00,1.34779,1.34779,1.34754,1.34756,0
2026-05-26 08:56:00+00:00,1.34757,1.34758,1.34753,1.34755,0
2026-05-26 08:57:00+00:00,1.34755,1.34765,1.3475,1.34761,0
2026-05-26 08:58:00+00:00,1.34762,1.34766,1.34747,1.34747,0
2026-05-26 08:59:00+00:00,1.34747,1.34755,1.34738,1.34747,0
2026-05-26 09:00:00+00:00,1.34749,1.3475,1.34725,1.34726,0
2026-05-26 09:01:00+00:00,1.34726,1.34742,1.34721,1.3474,0
2026-05-26 09:02:00+00:00,1.34739,1.34745,1.34737,1.34737,0
2026-05-26 09:03:00+00:00,1.34736,1.34736,1.34722,1.34727,0
2026-05-26 09:04:00+00:00,1.34726,1.34738,1.34726,1.34737,0
2026-05-26 09:05:00+00:00,1.3474,1.34751,1.34726,1.34749,0
2026-05-26 09:06:00+00:00,1.34749,1.34761,1.34749,1.34759,0
2026-05-26 09:07:00+00:00,1.3476,1.34776,1.34752,1.34753,0
2026-05-26 09:08:00+00:00,1.34754,1.34777,1.3475,1.34772,0
2026-05-26 09:09:00+00:00,1.34772,1.34779,1.34768,1.34778,0
2026-05-26 09:10:00+00:00,1.34777,1.34777,1.34766,1.34774,0
2026-05-26 09:11:00+00:00,1.34774,1.34776,1.34766,1.34768,0
2026-05-26 09:12:00+00:00,1.34768,1.34784,1.34768,1.34782,0
2026-05-26 09:13:00+00:00,1.3478,1.34783,1.34767,1.34778,0
2026-05-26 09:14:00+00:00,1.34777,1.34778,1.3477,1.34774,0
2026-05-26 09:15:00+00:00,1.34773,1.34773,1.34765,1.34767,0
2026-05-26 09:16:00+00:00,1.34768,1.34768,1.34748,1.34768,0
2026-05-26 09:17:00+00:00,1.34768,1.34811,1.34768,1.34788,0
2026-05-26 09:18:00+00:00,1.34788,1.34791,1.34776,1.34785,0
2026-05-26 09:19:00+00:00,1.34784,1.34807,1.34778,1.34795,0
2026-05-26 09:20:00+00:00,1.34795,1.34811,1.34795,1.34798,0
2026-05-26 09:21:00+00:00,1.348,1.34806,1.34798,1.34799,0
2026-05-26 09:22:00+00:00,1.34799,1.34799,1.34784,1.34786,0
2026-05-26 09:23:00+00:00,1.34785,1.34785,1.34765,1.34782,0
2026-05-26 09:24:00+00:00,1.3478,1.34788,1.3478,1.34787,0
2026-05-26 09:25:00+00:00,1.34785,1.34785,1.34766,1.34778,0
2026-05-26 09:26:00+00:00,1.34778,1.34789,1.34777,1.34783,0
2026-05-26 09:27:00+00:00,1.34783,1.34792,1.34779,1.34789,0
2026-05-26 09:28:00+00:00,1.34789,1.34796,1.34785,1.34793,0
2026-05-26 09:29:00+00:00,1.34796,1.34818,1.34793,1.34814,0
2026-05-26 09:30:00+00:00,1.34814,1.34823,1.34803,1.34813,0
2026-05-26 09:31:00+00:00,1.34813,1.3483,1.34811,1.3483,0
2026-05-26 09:32:00+00:00,1.34829,1.3483,1.34814,1.34817,0
2026-05-26 09:33:00+00:00,1.34817,1.34829,1.34815,1.34819,0
2026-05-26 09:34:00+00:00,1.34823,1.34828,1.34816,1.34825,0
2026-05-26 09:35:00+00:00,1.34822,1.34826,1.34812,1.34814,0
2026-05-26 09:36:00+00:00,1.34814,1.34821,1.34808,1.34815,0
2026-05-26 09:37:00+00:00,1.34815,1.34815,1.34807,1.34809,0
2026-05-26 09:38:00+00:00,1.34807,1.34807,1.34796,1.34798,0
2026-05-26 09:39:00+00:00,1.34798,1.34809,1.34798,1.34806,0
2026-05-26 09:40:00+00:00,1.34809,1.34816,1.34791,1.34791,0
2026-05-26 09:41:00+00:00,1.34792,1.34798,1.34785,1.34796,0
2026-05-26 09:42:00+00:00,1.34797,1.34798,1.34786,1.34798,0
2026-05-26 09:43:00+00:00,1.34798,1.34801,1.34796,1.34798,0
2026-05-26 09:44:00+00:00,1.34796,1.34796,1.34783,1.34786,0
2026-05-26 09:45:00+00:00,1.34785,1.34791,1.34782,1.34786,0
2026-05-26 09:46:00+00:00,1.34787,1.34809,1.34787,1.34804,0
2026-05-26 09:47:00+00:00,1.34803,1.34808,1.34803,1.34806,0
2026-05-26 09:48:00+00:00,1.34806,1.34813,1.34806,1.34809,0
2026-05-26 09:49:00+00:00,1.3481,1.34816,1.34809,1.34814,0
2026-05-26 09:50:00+00:00,1.34814,1.34815,1.34796,1.34797,0
2026-05-26 09:51:00+00:00,1.34798,1.34799,1.3479,1.34798,0
2026-05-26 09:52:00+00:00,1.34799,1.34801,1.34792,1.34795,0
2026-05-26 09:53:00+00:00,1.34798,1.34799,1.34792,1.34792,0
2026-05-26 09:54:00+00:00,1.34793,1.34811,1.34788,1.34809,0
2026-05-26 09:55:00+00:00,1.3481,1.34839,1.3481,1.34838,0
2026-05-26 09:56:00+00:00,1.34838,1.34847,1.34836,1.34847,0
2026-05-26 09:57:00+00:00,1.34846,1.34846,1.34829,1.34836,0
2026-05-26 09:58:00+00:00,1.34836,1.34836,1.34825,1.34829,0
2026-05-26 09:59:00+00:00,1.34829,1.34839,1.34827,1.34836,0
2026-05-26 10:00:00+00:00,1.34836,1.34836,1.3481,1.34815,0
2026-05-26 10:01:00+00:00,1.34814,1.34815,1.34797,1.34811,0
2026-05-26 10:02:00+00:00,1.34809,1.34809,1.34803,1.34806,0
2026-05-26 10:03:00+00:00,1.34807,1.34816,1.34801,1.34803,0
2026-05-26 10:04:00+00:00,1.34804,1.34804,1.34786,1.34787,0
2026-05-26 10:05:00+00:00,1.34786,1.34789,1.34776,1.34786,0
2026-05-26 10:06:00+00:00,1.34785,1.34791,1.34781,1.34787,0
2026-05-26 10:07:00+00:00,1.34788,1.3481,1.34788,1.34808,0
2026-05-26 10:08:00+00:00,1.34809,1.34816,1.34799,1.34799,0
2026-05-26 10:09:00+00:00,1.348,1.34816,1.348,1.34814,0
2026-05-26 10:10:00+00:00,1.34814,1.34817,1.34811,1.34815,0
2026-05-26 10:11:00+00:00,1.34813,1.34814,1.34807,1.3481,0
2026-05-26 10:12:00+00:00,1.34809,1.34819,1.34808,1.34818,0
2026-05-26 10:13:00+00:00,1.34817,1.34819,1.34809,1.34809,0
2026-05-26 10:14:00+00:00,1.3481,1.34816,1.34808,1.34809,0
2026-05-26 10:15:00+00:00,1.34809,1.34821,1.34808,1.34808,0
2026-05-26 10:16:00+00:00,1.34808,1.3481,1.34806,1.34809,0
2026-05-26 10:17:00+00:00,1.34808,1.34809,1.34801,1.34807,0
2026-05-26 10:18:00+00:00,1.34805,1.34819,1.34804,1.34819,0
2026-05-26 10:19:00+00:00,1.34819,1.3482,1.34814,1.34816,0
2026-05-26 10:20:00+00:00,1.34817,1.3482,1.34799,1.34799,0
2026-05-26 10:21:00+00:00,1.34799,1.34807,1.34799,1.348,0
2026-05-26 10:22:00+00:00,1.34797,1.34808,1.34788,1.34808,0
2026-05-26 10:23:00+00:00,1.34809,1.34811,1.34805,1.34807,0
2026-05-26 10:24:00+00:00,1.34811,1.34816,1.348,1.348,0
2026-05-26 10:25:00+00:00,1.34799,1.34804,1.34796,1.34799,0
2026-05-26 10:26:00+00:00,1.34802,1.34804,1.34799,1.34804,0
2026-05-26 10:27:00+00:00,1.34805,1.34817,1.34805,1.34809,0
2026-05-26 10:28:00+00:00,1.34807,1.34835,1.34801,1.34835,0
2026-05-26 10:29:00+00:00,1.34837,1.34837,1.34817,1.34829,0
2026-05-26 10:30:00+00:00,1.34829,1.3486,1.34829,1.34846,0
2026-05-26 10:31:00+00:00,1.34845,1.34845,1.34819,1.3483,0
2026-05-26 10:32:00+00:00,1.34829,1.34838,1.34825,1.34832,0
2026-05-26 10:33:00+00:00,1.3483,1.3485,1.3483,1.34837,0
2026-05-26 10:34:00+00:00,1.34837,1.34845,1.34835,1.34844,0
2026-05-26 10:35:00+00:00,1.34844,1.3486,1.34839,1.3484,0
2026-05-26 10:36:00+00:00,1.34841,1.34842,1.34826,1.34827,0
2026-05-26 10:37:00+00:00,1.34826,1.34828,1.34823,1.34826,0
2026-05-26 10:38:00+00:00,1.34825,1.34829,1.34813,1.34815,0
2026-05-26 10:39:00+00:00,1.34814,1.34818,1.34807,1.34811,0
2026-05-26 10:40:00+00:00,1.34813,1.34831,1.34808,1.34821,0
2026-05-26 10:41:00+00:00,1.34823,1.34824,1.34812,1.34814,0
2026-05-26 10:42:00+00:00,1.34812,1.34812,1.34801,1.34805,0
2026-05-26 10:43:00+00:00,1.34806,1.34821,1.34806,1.34814,0
2026-05-26 10:44:00+00:00,1.34815,1.34825,1.3481,1.34823,0
2026-05-26 10:45:00+00:00,1.34824,1.34835,1.34821,1.3483,0
2026-05-26 10:46:00+00:00,1.34831,1.34831,1.34819,1.34819,0
2026-05-26 10:47:00+00:00,1.34821,1.34824,1.34814,1.34823,0
2026-05-26 10:48:00+00:00,1.34822,1.34825,1.34816,1.34819,0
2026-05-26 10:49:00+00:00,1.34817,1.34829,1.34817,1.34828,0
2026-05-26 10:50:00+00:00,1.3483,1.34835,1.34829,1.34834,0
2026-05-26 10:51:00+00:00,1.34835,1.34857,1.34835,1.3485,0
2026-05-26 10:52:00+00:00,1.34849,1.34863,1.34847,1.34862,0
2026-05-26 10:53:00+00:00,1.34862,1.3487,1.34859,1.34869,0
2026-05-26 10:54:00+00:00,1.34869,1.34873,1.34861,1.34869,0
2026-05-26 10:55:00+00:00,1.34869,1.3489,1.34869,1.34874,0
2026-05-26 10:56:00+00:00,1.34873,1.34873,1.34863,1.34866,0
2026-05-26 10:57:00+00:00,1.34866,1.34872,1.34861,1.34866,0
2026-05-26 10:58:00+00:00,1.34868,1.34875,1.34863,1.34866,0
2026-05-26 10:59:00+00:00,1.34866,1.34869,1.34846,1.34846,0
2026-05-26 11:00:00+00:00,1.34846,1.34853,1.34841,1.34841,0
2026-05-26 11:01:00+00:00,1.34839,1.34851,1.34837,1.34846,0
2026-05-26 11:02:00+00:00,1.34846,1.34859,1.34845,1.34858,0
2026-05-26 11:03:00+00:00,1.34858,1.34881,1.34858,1.34879,0
2026-05-26 11:04:00+00:00,1.3488,1.34881,1.34859,1.3487,0
2026-05-26 11:05:00+00:00,1.34871,1.3488,1.34868,1.34876,0
2026-05-26 11:06:00+00:00,1.34874,1.34884,1.3487,1.34876,0
2026-05-26 11:07:00+00:00,1.34875,1.3488,1.34871,1.34878,0
2026-05-26 11:08:00+00:00,1.34878,1.34879,1.34873,1.34875,0
2026-05-26 11:09:00+00:00,1.34874,1.34885,1.34873,1.34881,0
2026-05-26 11:10:00+00:00,1.34882,1.34891,1.34882,1.34889,0
2026-05-26 11:11:00+00:00,1.34891,1.34891,1.34879,1.34879,0
2026-05-26 11:12:00+00:00,1.34879,1.34887,1.34876,1.34886,0
2026-05-26 11:13:00+00:00,1.34886,1.34886,1.3486,1.3486,0
2026-05-26 11:14:00+00:00,1.34858,1.3486,1.34847,1.34847,0
2026-05-26 11:15:00+00:00,1.34848,1.34857,1.34842,1.34849,0
2026-05-26 11:16:00+00:00,1.34848,1.34857,1.34841,1.34855,0
2026-05-26 11:17:00+00:00,1.34854,1.34885,1.34854,1.34878,0
2026-05-26 11:18:00+00:00,1.34879,1.34879,1.34856,1.34857,0
2026-05-26 11:19:00+00:00,1.34856,1.34863,1.34852,1.34855,0
2026-05-26 11:20:00+00:00,1.34853,1.34853,1.34841,1.34845,0
2026-05-26 11:21:00+00:00,1.34844,1.3485,1.34841,1.34848,0
2026-05-26 11:22:00+00:00,1.34847,1.3485,1.34845,1.34845,0
2026-05-26 11:23:00+00:00,1.34846,1.34846,1.34836,1.34837,0
2026-05-26 11:24:00+00:00,1.34838,1.3484,1.34836,1.34839,0
2026-05-26 11:25:00+00:00,1.34842,1.34842,1.34818,1.34826,0
2026-05-26 11:26:00+00:00,1.34827,1.34829,1.34818,1.34819,0
2026-05-26 11:27:00+00:00,1.34818,1.34818,1.3481,1.34813,0
2026-05-26 11:28:00+00:00,1.34811,1.34817,1.34808,1.34817,0
2026-05-26 11:29:00+00:00,1.34816,1.34816,1.34804,1.34808,0
2026-05-26 11:30:00+00:00,1.34806,1.34808,1.34797,1.34808,0
2026-05-26 11:31:00+00:00,1.34809,1.3481,1.34806,1.34807,0
2026-05-26 11:32:00+00:00,1.34808,1.34819,1.34808,1.34816,0
2026-05-26 11:33:00+00:00,1.34817,1.3482,1.34809,1.34809,0
2026-05-26 11:34:00+00:00,1.3481,1.3481,1.34777,1.34791,0
2026-05-26 11:35:00+00:00,1.34791,1.34805,1.34754,1.34757,0
2026-05-26 11:36:00+00:00,1.34755,1.3477,1.34743,1.34769,0
2026-05-26 11:37:00+00:00,1.34767,1.34785,1.34759,1.34781,0
2026-05-26 11:38:00+00:00,1.34782,1.34784,1.34775,1.34778,0
2026-05-26 11:39:00+00:00,1.34779,1.34783,1.34764,1.34764,0
2026-05-26 11:40:00+00:00,1.34765,1.34766,1.34747,1.34751,0
2026-05-26 11:41:00+00:00,1.3475,1.34752,1.34737,1.34738,0
2026-05-26 11:42:00+00:00,1.34738,1.34739,1.34719,1.34726,0
2026-05-26 11:43:00+00:00,1.34724,1.3473,1.34713,1.3472,0
2026-05-26 11:44:00+00:00,1.34718,1.34718,1.34693,1.34693,0
2026-05-26 11:45:00+00:00,1.34696,1.34704,1.34683,1.34686,0
2026-05-26 11:46:00+00:00,1.34685,1.34704,1.34684,1.34699,0
2026-05-26 11:47:00+00:00,1.34699,1.34707,1.34697,1.34698,0
2026-05-26 11:48:00+00:00,1.34698,1.34702,1.34684,1.34694,0
2026-05-26 11:49:00+00:00,1.34693,1.34698,1.34688,1.34697,0
2026-05-26 11:50:00+00:00,1.34697,1.34707,1.34691,1.34699,0
2026-05-26 11:51:00+00:00,1.34699,1.34702,1.34696,1.34698,0
2026-05-26 11:52:00+00:00,1.34696,1.34698,1.34685,1.34691,0
2026-05-26 11:53:00+00:00,1.34688,1.347,1.34688,1.34697,0
2026-05-26 11:54:00+00:00,1.34699,1.34702,1.34691,1.34692,0
2026-05-26 11:55:00+00:00,1.34691,1.34698,1.34688,1.34698,0
2026-05-26 11:56:00+00:00,1.34697,1.34699,1.34687,1.34696,0
2026-05-26 11:57:00+00:00,1.34695,1.347,1.34686,1.34688,0
2026-05-26 11:58:00+00:00,1.34687,1.34697,1.34683,1.3469,0
2026-05-26 11:59:00+00:00,1.34688,1.34689,1.34681,1.34689,0
2026-05-26 12:00:00+00:00,1.34688,1.34694,1.34668,1.34673,0
2026-05-26 12:01:00+00:00,1.34672,1.34684,1.34666,1.34684,0
2026-05-26 12:02:00+00:00,1.34685,1.34692,1.34683,1.34686,0
2026-05-26 12:03:00+00:00,1.34687,1.34688,1.34684,1.34687,0
2026-05-26 12:04:00+00:00,1.34687,1.34688,1.3468,1.34686,0
2026-05-26 12:05:00+00:00,1.34688,1.34694,1.34672,1.34673,0
2026-05-26 12:06:00+00:00,1.34676,1.34695,1.34676,1.34684,0
2026-05-26 12:07:00+00:00,1.34685,1.34696,1.34681,1.3469,0
2026-05-26 12:08:00+00:00,1.34689,1.3469,1.34657,1.34661,0
2026-05-26 12:09:00+00:00,1.3466,1.34698,1.34657,1.34689,0
2026-05-26 12:10:00+00:00,1.34687,1.34697,1.34673,1.34696,0
2026-05-26 12:11:00+00:00,1.34695,1.34698,1.34687,1.34694,0
2026-05-26 12:12:00+00:00,1.34695,1.34705,1.34694,1.34697,0
2026-05-26 12:13:00+00:00,1.34697,1.34712,1.34697,1.34711,0
2026-05-26 12:14:00+00:00,1.34709,1.34709,1.34687,1.34687,0
2026-05-26 12:15:00+00:00,1.34685,1.34694,1.34681,1.34687,0
2026-05-26 12:16:00+00:00,1.34688,1.34697,1.34688,1.34693,0
2026-05-26 12:17:00+00:00,1.34693,1.34707,1.3469,1.34697,0
2026-05-26 12:18:00+00:00,1.34697,1.34699,1.34684,1.34696,0
2026-05-26 12:19:00+00:00,1.34696,1.34725,1.34696,1.34716,0
2026-05-26 12:20:00+00:00,1.34714,1.34726,1.34714,1.3472,0
2026-05-26 12:21:00+00:00,1.34725,1.34732,1.34718,1.3473,0
2026-05-26 12:22:00+00:00,1.34733,1.34748,1.34727,1.34729,0
2026-05-26 12:23:00+00:00,1.34727,1.3474,1.34724,1.3473,0
2026-05-26 12:24:00+00:00,1.34729,1.34731,1.34724,1.34726,0
2026-05-26 12:25:00+00:00,1.34726,1.34734,1.34721,1.34734,0
2026-05-26 12:26:00+00:00,1.34734,1.34738,1.34723,1.34734,0
2026-05-26 12:27:00+00:00,1.34736,1.3474,1.34736,1.34739,0
2026-05-26 12:28:00+00:00,1.3474,1.3474,1.3473,1.34736,0
2026-05-26 12:29:00+00:00,1.34739,1.34746,1.34738,1.34738,0
2026-05-26 12:30:00+00:00,1.34738,1.34738,1.34723,1.34726,0
2026-05-26 12:31:00+00:00,1.34725,1.34729,1.34723,1.34725,0
2026-05-26 12:32:00+00:00,1.34729,1.34737,1.34719,1.34727,0
2026-05-26 12:33:00+00:00,1.34726,1.34728,1.3472,1.34726,0
2026-05-26 12:34:00+00:00,1.34723,1.34739,1.34723,1.34738,0
2026-05-26 12:35:00+00:00,1.34736,1.34736,1.34714,1.3472,0
2026-05-26 12:36:00+00:00,1.34719,1.34723,1.34712,1.34718,0
2026-05-26 12:37:00+00:00,1.34715,1.34715,1.34699,1.34702,0
2026-05-26 12:38:00+00:00,1.34703,1.34708,1.34689,1.3469,0
2026-05-26 12:39:00+00:00,1.3469,1.34692,1.34678,1.34678,0
2026-05-26 12:40:00+00:00,1.3468,1.347,1.3468,1.34695,0
2026-05-26 12:41:00+00:00,1.34695,1.34699,1.34678,1.34687,0
2026-05-26 12:42:00+00:00,1.34686,1.34709,1.34681,1.34707,0
2026-05-26 12:43:00+00:00,1.34707,1.34719,1.34706,1.34709,0
2026-05-26 12:44:00+00:00,1.34709,1.34716,1.3469,1.34697,0
2026-05-26 12:45:00+00:00,1.34695,1.34707,1.34691,1.34707,0
2026-05-26 12:46:00+00:00,1.34708,1.34715,1.34693,1.34698,0
2026-05-26 12:47:00+00:00,1.34698,1.34699,1.34678,1.3468,0
2026-05-26 12:48:00+00:00,1.34679,1.34682,1.34677,1.34682,0
2026-05-26 12:49:00+00:00,1.34682,1.34699,1.34682,1.34691,0
2026-05-26 12:50:00+00:00,1.34691,1.34701,1.34691,1.34695,0
2026-05-26 12:51:00+00:00,1.34696,1.34701,1.34692,1.34698,0
2026-05-26 12:52:00+00:00,1.34697,1.34699,1.34687,1.34689,0
2026-05-26 12:53:00+00:00,1.34691,1.34698,1.34686,1.3469,0
2026-05-26 12:54:00+00:00,1.3469,1.3469,1.34679,1.34682,0
2026-05-26 12:55:00+00:00,1.34681,1.34688,1.34671,1.34673,0
2026-05-26 12:56:00+00:00,1.3467,1.34678,1.34667,1.3467,0
2026-05-26 12:57:00+00:00,1.34669,1.34671,1.34666,1.34666,0
2026-05-26 12:58:00+00:00,1.34666,1.34681,1.34665,1.3468,0
2026-05-26 12:59:00+00:00,1.34678,1.34684,1.34666,1.34666,0
2026-05-26 13:00:00+00:00,1.34666,1.34667,1.34658,1.34662,0
2026-05-26 13:01:00+00:00,1.34663,1.34668,1.34657,1.34667,0
2026-05-26 13:02:00+00:00,1.34667,1.34687,1.34665,1.34679,0
2026-05-26 13:03:00+00:00,1.34679,1.34687,1.34662,1.34669,0
2026-05-26 13:04:00+00:00,1.34669,1.34669,1.34643,1.34654,0
2026-05-26 13:05:00+00:00,1.34655,1.34665,1.3465,1.34654,0
2026-05-26 13:06:00+00:00,1.34652,1.34666,1.34652,1.34665,0
2026-05-26 13:07:00+00:00,1.34663,1.34671,1.34658,1.34669,0
2026-05-26 13:08:00+00:00,1.34669,1.34669,1.34647,1.34652,0
2026-05-26 13:09:00+00:00,1.34652,1.34663,1.34647,1.34657,0
2026-05-26 13:10:00+00:00,1.34658,1.34679,1.34656,1.34672,0
2026-05-26 13:11:00+00:00,1.3467,1.34679,1.34658,1.34679,0
2026-05-26 13:12:00+00:00,1.34677,1.34677,1.34656,1.34658,0
2026-05-26 13:13:00+00:00,1.34658,1.34659,1.34651,1.34656,0
2026-05-26 13:14:00+00:00,1.34658,1.34666,1.34655,1.34664,0
2026-05-26 13:15:00+00:00,1.34663,1.34676,1.3466,1.34668,0
2026-05-26 13:16:00+00:00,1.34668,1.34669,1.34663,1.34668,0
2026-05-26 13:17:00+00:00,1.34669,1.34678,1.34667,1.34668,0
2026-05-26 13:18:00+00:00,1.34669,1.34675,1.34657,1.34667,0
2026-05-26 13:19:00+00:00,1.34666,1.34668,1.34655,1.34656,0
2026-05-26 13:20:00+00:00,1.34657,1.34681,1.34655,1.3468,0
2026-05-26 13:21:00+00:00,1.34678,1.347,1.34678,1.34696,0
2026-05-26 13:22:00+00:00,1.34693,1.34697,1.34683,1.34689,0
2026-05-26 13:23:00+00:00,1.34689,1.34696,1.34687,1.34692,0
2026-05-26 13:24:00+00:00,1.34691,1.34691,1.34678,1.34687,0
2026-05-26 13:25:00+00:00,1.34689,1.34698,1.34681,1.34682,0
2026-05-26 13:26:00+00:00,1.34682,1.34685,1.34679,1.34684,0
2026-05-26 13:27:00+00:00,1.34683,1.34683,1.34661,1.34669,0
2026-05-26 13:28:00+00:00,1.34668,1.34671,1.34646,1.34646,0
2026-05-26 13:29:00+00:00,1.34645,1.34651,1.34633,1.34635,0
2026-05-26 13:30:00+00:00,1.34636,1.34658,1.34636,1.34655,0
2026-05-26 13:31:00+00:00,1.34657,1.34659,1.34647,1.34647,0
2026-05-26 13:32:00+00:00,1.34644,1.34644,1.34625,1.34629,0
2026-05-26 13:33:00+00:00,1.34633,1.34647,1.34632,1.34638,0
2026-05-26 13:34:00+00:00,1.3464,1.34646,1.34635,1.34639,0
2026-05-26 13:35:00+00:00,1.34637,1.34648,1.34626,1.34636,0
2026-05-26 13:36:00+00:00,1.34638,1.34662,1.34637,1.34652,0
2026-05-26 13:37:00+00:00,1.34654,1.34673,1.34651,1.34669,0
2026-05-26 13:38:00+00:00,1.3467,1.34679,1.3466,1.3466,0
2026-05-26 13:39:00+00:00,1.34658,1.34668,1.34652,1.34661,0
2026-05-26 13:40:00+00:00,1.3466,1.34661,1.34643,1.34644,0
2026-05-26 13:41:00+00:00,1.34645,1.34654,1.34634,1.34637,0
2026-05-26 13:42:00+00:00,1.34637,1.34637,1.34619,1.34634,0
2026-05-26 13:43:00+00:00,1.34633,1.34649,1.34626,1.34647,0
2026-05-26 13:44:00+00:00,1.34646,1.3465,1.34623,1.34627,0
2026-05-26 13:45:00+00:00,1.34628,1.3464,1.34619,1.34636,0
2026-05-26 13:46:00+00:00,1.34635,1.34657,1.34635,1.34656,0
2026-05-26 13:47:00+00:00,1.34656,1.34665,1.34654,1.34657,0
2026-05-26 13:48:00+00:00,1.34657,1.34677,1.34657,1.34658,0
2026-05-26 13:49:00+00:00,1.34657,1.34672,1.34657,1.34666,0
2026-05-26 13:50:00+00:00,1.34663,1.34672,1.34629,1.3463,0
2026-05-26 13:51:00+00:00,1.3463,1.3463,1.34605,1.34611,0
2026-05-26 13:52:00+00:00,1.34609,1.34635,1.346,1.34627,0
2026-05-26 13:53:00+00:00,1.34626,1.34626,1.34566,1.34578,0
2026-05-26 13:54:00+00:00,1.34579,1.34601,1.34577,1.346,0
2026-05-26 13:55:00+00:00,1.34604,1.34619,1.34602,1.34609,0
2026-05-26 13:56:00+00:00,1.34607,1.34613,1.34601,1.34609,0
2026-05-26 13:57:00+00:00,1.34611,1.34624,1.34608,1.3462,0
2026-05-26 13:58:00+00:00,1.3462,1.34629,1.34619,1.34626,0
2026-05-26 13:59:00+00:00,1.34626,1.34635,1.34625,1.34629,0
2026-05-26 14:00:00+00:00,1.34633,1.34635,1.34601,1.34604,0
2026-05-26 14:01:00+00:00,1.34606,1.34665,1.34606,1.34661,0
2026-05-26 14:02:00+00:00,1.34662,1.34687,1.34659,1.34659,0
2026-05-26 14:03:00+00:00,1.34661,1.3468,1.3466,1.34679,0
2026-05-26 14:04:00+00:00,1.34678,1.34679,1.34658,1.34659,0
2026-05-26 14:05:00+00:00,1.34659,1.34659,1.34634,1.34636,0
2026-05-26 14:06:00+00:00,1.34639,1.34648,1.34637,1.34645,0
2026-05-26 14:07:00+00:00,1.34646,1.34658,1.34632,1.34637,0
2026-05-26 14:08:00+00:00,1.34638,1.3464,1.34622,1.34627,0
2026-05-26 14:09:00+00:00,1.34626,1.3463,1.34619,1.3463,0
2026-05-26 14:10:00+00:00,1.34633,1.34647,1.34626,1.34643,0
2026-05-26 14:11:00+00:00,1.34643,1.34644,1.34626,1.34627,0
2026-05-26 14:12:00+00:00,1.34626,1.34629,1.34616,1.34616,0
2026-05-26 14:13:00+00:00,1.34618,1.34622,1.34603,1.34607,0
2026-05-26 14:14:00+00:00,1.34608,1.34623,1.34603,1.34618,0
2026-05-26 14:15:00+00:00,1.34619,1.34623,1.34604,1.34605,0
2026-05-26 14:16:00+00:00,1.34605,1.34621,1.346,1.346,0
2026-05-26 14:17:00+00:00,1.34598,1.34616,1.34597,1.34609,0
2026-05-26 14:18:00+00:00,1.34612,1.34623,1.34612,1.34618,0
2026-05-26 14:19:00+00:00,1.34618,1.3462,1.34606,1.34606,0
2026-05-26 14:20:00+00:00,1.34605,1.34609,1.34595,1.34599,0
2026-05-26 14:21:00+00:00,1.346,1.34616,1.34598,1.34616,0
2026-05-26 14:22:00+00:00,1.34614,1.34637,1.34614,1.34619,0
2026-05-26 14:23:00+00:00,1.34619,1.34625,1.34605,1.34607,0
2026-05-26 14:24:00+00:00,1.34607,1.34618,1.34605,1.34608,0
2026-05-26 14:25:00+00:00,1.34608,1.34619,1.34604,1.34605,0
2026-05-26 14:26:00+00:00,1.34604,1.34612,1.34589,1.34594,0
2026-05-26 14:27:00+00:00,1.34595,1.34595,1.34579,1.34587,0
2026-05-26 14:28:00+00:00,1.3459,1.34596,1.34578,1.3459,0
2026-05-26 14:29:00+00:00,1.3459,1.34606,1.34583,1.346,0
2026-05-26 14:30:00+00:00,1.346,1.34603,1.34592,1.34592,0
2026-05-26 14:31:00+00:00,1.34592,1.34616,1.34587,1.34616,0
2026-05-26 14:32:00+00:00,1.34617,1.34643,1.34617,1.34632,0
2026-05-26 14:33:00+00:00,1.34632,1.34632,1.34596,1.3461,0
2026-05-26 14:34:00+00:00,1.34609,1.34638,1.34609,1.34638,0
2026-05-26 14:35:00+00:00,1.3464,1.34686,1.34639,1.34677,0
2026-05-26 14:36:00+00:00,1.34677,1.34678,1.34648,1.34651,0
2026-05-26 14:37:00+00:00,1.34651,1.34651,1.34634,1.34646,0
2026-05-26 14:38:00+00:00,1.34648,1.34648,1.34633,1.3464,0
2026-05-26 14:39:00+00:00,1.34638,1.34646,1.34634,1.34637,0
2026-05-26 14:40:00+00:00,1.34638,1.34661,1.34635,1.34658,0
2026-05-26 14:41:00+00:00,1.3466,1.3466,1.34639,1.34647,0
2026-05-26 14:42:00+00:00,1.34645,1.34657,1.34636,1.34636,0
2026-05-26 14:43:00+00:00,1.34636,1.34638,1.34617,1.3462,0
2026-05-26 14:44:00+00:00,1.3462,1.34623,1.34607,1.34611,0
2026-05-26 14:45:00+00:00,1.3461,1.34614,1.346,1.34611,0
2026-05-26 14:46:00+00:00,1.34612,1.34623,1.346,1.34617,0
2026-05-26 14:47:00+00:00,1.34619,1.34625,1.34606,1.34608,0
2026-05-26 14:48:00+00:00,1.34607,1.34627,1.34595,1.34619,0
2026-05-26 14:49:00+00:00,1.3462,1.34631,1.34608,1.34609,0
2026-05-26 14:50:00+00:00,1.34612,1.34619,1.346,1.34603,0
2026-05-26 14:51:00+00:00,1.34601,1.34603,1.34587,1.34589,0
2026-05-26 14:52:00+00:00,1.3459,1.34597,1.34584,1.34587,0
2026-05-26 14:53:00+00:00,1.34587,1.34593,1.34548,1.34552,0
2026-05-26 14:54:00+00:00,1.34552,1.34554,1.34538,1.34547,0
2026-05-26 14:55:00+00:00,1.34545,1.34555,1.34537,1.34542,0
2026-05-26 14:56:00+00:00,1.34542,1.34553,1.34536,1.34537,0
2026-05-26 14:57:00+00:00,1.34537,1.34537,1.34501,1.34506,0
2026-05-26 14:58:00+00:00,1.34505,1.34524,1.34505,1.34524,0
2026-05-26 14:59:00+00:00,1.34524,1.34526,1.34494,1.34495,0
2026-05-26 15:00:00+00:00,1.34495,1.34499,1.34488,1.34496,0
2026-05-26 15:01:00+00:00,1.34496,1.34499,1.34487,1.34495,0
2026-05-26 15:02:00+00:00,1.34494,1.34497,1.34441,1.34455,0
2026-05-26 15:03:00+00:00,1.34454,1.34469,1.34446,1.34458,0
2026-05-26 15:04:00+00:00,1.3446,1.3446,1.34448,1.34456,0
2026-05-26 15:05:00+00:00,1.34455,1.3448,1.34447,1.34473,0
2026-05-26 15:06:00+00:00,1.34472,1.34476,1.34461,1.34476,0
2026-05-26 15:07:00+00:00,1.34476,1.34478,1.34436,1.34441,0
2026-05-26 15:08:00+00:00,1.34439,1.34456,1.34436,1.34439,0
2026-05-26 15:09:00+00:00,1.34438,1.34438,1.34417,1.34422,0
2026-05-26 15:10:00+00:00,1.34422,1.34439,1.34415,1.34419,0
2026-05-26 15:11:00+00:00,1.3442,1.34448,1.34416,1.34446,0
2026-05-26 15:12:00+00:00,1.34446,1.34463,1.34442,1.34462,0
2026-05-26 15:13:00+00:00,1.34463,1.3447,1.34443,1.34467,0
2026-05-26 15:14:00+00:00,1.34467,1.34473,1.34436,1.34439,0
2026-05-26 15:15:00+00:00,1.34435,1.34444,1.34417,1.34417,0
2026-05-26 15:16:00+00:00,1.34417,1.34428,1.34411,1.34415,0
2026-05-26 15:17:00+00:00,1.34415,1.34416,1.34376,1.34377,0
2026-05-26 15:18:00+00:00,1.3438,1.34406,1.34378,1.34405,0
2026-05-26 15:19:00+00:00,1.34403,1.34416,1.34382,1.34391,0
2026-05-26 15:20:00+00:00,1.3439,1.34397,1.34378,1.34384,0
2026-05-26 15:21:00+00:00,1.34383,1.34398,1.34378,1.34397,0
2026-05-26 15:22:00+00:00,1.34394,1.34394,1.34384,1.34387,0
2026-05-26 15:23:00+00:00,1.34387,1.34387,1.3436,1.34362,0
2026-05-26 15:24:00+00:00,1.34364,1.34366,1.34343,1.34348,0
2026-05-26 15:25:00+00:00,1.34347,1.34376,1.34345,1.34371,0
2026-05-26 15:26:00+00:00,1.3437,1.34403,1.34367,1.34397,0
2026-05-26 15:27:00+00:00,1.34397,1.34401,1.34386,1.34398,0
2026-05-26 15:28:00+00:00,1.34398,1.3443,1.34398,1.3442,0
2026-05-26 15:29:00+00:00,1.3442,1.34427,1.34415,1.34419,0
2026-05-26 15:30:00+00:00,1.3442,1.34446,1.3442,1.34439,0
2026-05-26 15:31:00+00:00,1.34437,1.34438,1.34414,1.34414,0
2026-05-26 15:32:00+00:00,1.34414,1.34425,1.34402,1.34418,0
2026-05-26 15:33:00+00:00,1.34418,1.34426,1.34404,1.34409,0
2026-05-26 15:34:00+00:00,1.3441,1.34417,1.34405,1.34409,0
2026-05-26 15:35:00+00:00,1.34406,1.34418,1.34401,1.34407,0
2026-05-26 15:36:00+00:00,1.34408,1.34409,1.3437,1.34373,0
2026-05-26 15:37:00+00:00,1.34373,1.34389,1.34365,1.34385,0
2026-05-26 15:38:00+00:00,1.34384,1.34385,1.34369,1.34383,0
2026-05-26 15:39:00+00:00,1.34383,1.34385,1.34374,1.34383,0
2026-05-26 15:40:00+00:00,1.34381,1.3439,1.34358,1.34366,0
2026-05-26 15:41:00+00:00,1.34365,1.34385,1.34365,1.34379,0
2026-05-26 15:42:00+00:00,1.3438,1.34391,1.34376,1.34386,0
2026-05-26 15:43:00+00:00,1.34383,1.34388,1.34382,1.34386,0
2026-05-26 15:44:00+00:00,1.34384,1.34394,1.34379,1.34386,0
2026-05-26 15:45:00+00:00,1.34387,1.34393,1.34368,1.3439,0
2026-05-26 15:46:00+00:00,1.3439,1.34397,1.34374,1.34388,0
2026-05-26 15:47:00+00:00,1.34387,1.34399,1.34384,1.34397,0
2026-05-26 15:48:00+00:00,1.34398,1.34402,1.34387,1.34399,0
2026-05-26 15:49:00+00:00,1.34403,1.3441,1.34395,1.34395,0
2026-05-26 15:50:00+00:00,1.34396,1.34399,1.34382,1.34385,0
2026-05-26 15:51:00+00:00,1.34386,1.34399,1.3438,1.34398,0
2026-05-26 15:52:00+00:00,1.34398,1.344,1.34374,1.34377,0
2026-05-26 15:53:00+00:00,1.34378,1.34383,1.34376,1.3438,0
2026-05-26 15:54:00+00:00,1.3438,1.34389,1.34372,1.34387,0
2026-05-26 15:55:00+00:00,1.34387,1.34398,1.34381,1.34387,0
2026-05-26 15:56:00+00:00,1.34387,1.34389,1.34366,1.34374,0
2026-05-26 15:57:00+00:00,1.34375,1.34379,1.34349,1.34359,0
2026-05-26 15:58:00+00:00,1.34359,1.34361,1.34344,1.34352,0
2026-05-26 15:59:00+00:00,1.34353,1.34356,1.34348,1.34356,0
2026-05-26 16:00:00+00:00,1.3436,1.34366,1.34355,1.34358,0
2026-05-26 16:01:00+00:00,1.34357,1.34361,1.34344,1.34357,0
2026-05-26 16:02:00+00:00,1.34358,1.34366,1.34352,1.34363,0
2026-05-26 16:03:00+00:00,1.34363,1.3438,1.34362,1.34365,0
2026-05-26 16:04:00+00:00,1.34366,1.34382,1.34364,1.34379,0
2026-05-26 16:05:00+00:00,1.34377,1.34394,1.34377,1.3439,0
2026-05-26 16:06:00+00:00,1.34389,1.34392,1.34375,1.34377,0
2026-05-26 16:07:00+00:00,1.34384,1.34392,1.34384,1.34392,0
2026-05-26 16:08:00+00:00,1.34393,1.344,1.3439,1.34399,0
2026-05-26 16:09:00+00:00,1.34399,1.34408,1.34397,1.34407,0
2026-05-26 16:10:00+00:00,1.34406,1.3441,1.34392,1.3441,0
2026-05-26 16:11:00+00:00,1.34408,1.34425,1.34408,1.34424,0
2026-05-26 16:12:00+00:00,1.34427,1.34435,1.34409,1.34416,0
2026-05-26 16:13:00+00:00,1.34416,1.34422,1.34408,1.34414,0
2026-05-26 16:14:00+00:00,1.34415,1.3442,1.34412,1.34419,0
2026-05-26 16:15:00+00:00,1.34419,1.34449,1.34419,1.34436,0
2026-05-26 16:16:00+00:00,1.34437,1.34441,1.3443,1.3444,0
2026-05-26 16:17:00+00:00,1.34438,1.34439,1.34428,1.34429,0
2026-05-26 16:18:00+00:00,1.34428,1.34448,1.34428,1.34446,0
2026-05-26 16:19:00+00:00,1.34448,1.34479,1.34447,1.34477,0
2026-05-26 16:20:00+00:00,1.34478,1.34486,1.34469,1.34485,0
2026-05-26 16:21:00+00:00,1.34482,1.34483,1.34455,1.34459,0
2026-05-26 16:22:00+00:00,1.34458,1.34464,1.34455,1.34458,0
2026-05-26 16:23:00+00:00,1.34457,1.34462,1.34455,1.34458,0
2026-05-26 16:24:00+00:00,1.34459,1.34461,1.34453,1.34458,0
2026-05-26 16:25:00+00:00,1.34457,1.3446,1.34439,1.34443,0
2026-05-26 16:26:00+00:00,1.34441,1.34448,1.34438,1.34448,0
2026-05-26 16:27:00+00:00,1.34448,1.34449,1.34445,1.34447,0
2026-05-26 16:28:00+00:00,1.34447,1.3446,1.34447,1.34452,0
2026-05-26 16:29:00+00:00,1.34453,1.34459,1.34449,1.34455,0
2026-05-26 16:30:00+00:00,1.34454,1.34469,1.3445,1.34463,0
2026-05-26 16:31:00+00:00,1.34464,1.34467,1.34458,1.34458,0
2026-05-26 16:32:00+00:00,1.34459,1.34466,1.34457,1.34461,0
2026-05-26 16:33:00+00:00,1.3446,1.34478,1.34452,1.34467,0
2026-05-26 16:34:00+00:00,1.34469,1.34477,1.34467,1.34469,0
2026-05-26 16:35:00+00:00,1.34469,1.3447,1.34456,1.34467,0
2026-05-26 16:36:00+00:00,1.34466,1.34467,1.34436,1.34437,0
2026-05-26 16:37:00+00:00,1.34437,1.34444,1.34429,1.34439,0
2026-05-26 16:38:00+00:00,1.34439,1.34439,1.34429,1.34438,0
2026-05-26 16:39:00+00:00,1.3444,1.34441,1.34431,1.34435,0
2026-05-26 16:40:00+00:00,1.34435,1.34444,1.34429,1.3443,0
2026-05-26 16:41:00+00:00,1.3443,1.3443,1.34412,1.34417,0
2026-05-26 16:42:00+00:00,1.34417,1.34427,1.34416,1.34424,0
2026-05-26 16:43:00+00:00,1.34425,1.34426,1.34416,1.34418,0
2026-05-26 16:44:00+00:00,1.3442,1.3442,1.34407,1.34412,0
2026-05-26 16:45:00+00:00,1.34411,1.34429,1.34406,1.34427,0
2026-05-26 16:46:00+00:00,1.34428,1.34428,1.34397,1.34405,0
2026-05-26 16:47:00+00:00,1.34406,1.34418,1.34405,1.34408,0
2026-05-26 16:48:00+00:00,1.34407,1.3441,1.34396,1.34398,0
2026-05-26 16:49:00+00:00,1.34399,1.34419,1.34399,1.34412,0
2026-05-26 16:50:00+00:00,1.3441,1.34418,1.34404,1.34404,0
2026-05-26 16:51:00+00:00,1.34403,1.3441,1.344,1.34407,0
2026-05-26 16:52:00+00:00,1.34409,1.34414,1.34398,1.34409,0
2026-05-26 16:53:00+00:00,1.34408,1.34419,1.34398,1.34399,0
2026-05-26 16:54:00+00:00,1.34397,1.34408,1.34394,1.34398,0
2026-05-26 16:55:00+00:00,1.34397,1.3441,1.34397,1.3441,0
2026-05-26 16:56:00+00:00,1.34408,1.34415,1.34406,1.34406,0
2026-05-26 16:57:00+00:00,1.34408,1.34414,1.34408,1.34412,0
2026-05-26 16:58:00+00:00,1.34412,1.34414,1.34407,1.34407,0
2026-05-26 16:59:00+00:00,1.34408,1.3441,1.34401,1.34409,0
2026-05-26 17:00:00+00:00,1.34412,1.34418,1.34408,1.34416,0
2026-05-26 17:01:00+00:00,1.34417,1.34429,1.34414,1.3442,0
2026-05-26 17:02:00+00:00,1.34421,1.34424,1.34415,1.34419,0
2026-05-26 17:03:00+00:00,1.3442,1.34428,1.34418,1.34419,0
2026-05-26 17:04:00+00:00,1.34418,1.34425,1.34409,1.34409,0
2026-05-26 17:05:00+00:00,1.34409,1.34418,1.34407,1.34418,0
2026-05-26 17:06:00+00:00,1.34416,1.34433,1.34416,1.34433,0
2026-05-26 17:07:00+00:00,1.34433,1.34444,1.34427,1.3443,0
2026-05-26 17:08:00+00:00,1.3443,1.34441,1.3443,1.34438,0
2026-05-26 17:09:00+00:00,1.3444,1.34453,1.34439,1.34448,0
2026-05-26 17:10:00+00:00,1.34449,1.34466,1.34439,1.34466,0
2026-05-26 17:11:00+00:00,1.34465,1.3448,1.34465,1.34468,0
2026-05-26 17:12:00+00:00,1.34468,1.34478,1.34462,1.34465,0
2026-05-26 17:13:00+00:00,1.34466,1.34468,1.34458,1.3446,0
2026-05-26 17:14:00+00:00,1.34462,1.34465,1.34457,1.34459,0
2026-05-26 17:15:00+00:00,1.34458,1.34469,1.34454,1.34469,0
2026-05-26 17:16:00+00:00,1.34469,1.34469,1.34459,1.34461,0
2026-05-26 17:17:00+00:00,1.34461,1.34463,1.34459,1.3446,0
2026-05-26 17:18:00+00:00,1.3446,1.34462,1.3446,1.3446,0
2026-05-26 17:19:00+00:00,1.3446,1.34461,1.34459,1.34461,0
2026-05-26 17:20:00+00:00,1.34459,1.34459,1.34453,1.34456,0
2026-05-26 17:21:00+00:00,1.34458,1.34464,1.34458,1.34461,0
2026-05-26 17:22:00+00:00,1.34461,1.34461,1.3445,1.3445,0
2026-05-26 17:23:00+00:00,1.34449,1.34455,1.34446,1.34449,0
2026-05-26 17:24:00+00:00,1.34448,1.34449,1.34439,1.34445,0
2026-05-26 17:25:00+00:00,1.34446,1.3445,1.34439,1.34441,0
2026-05-26 17:26:00+00:00,1.34441,1.34451,1.34441,1.34446,0
2026-05-26 17:27:00+00:00,1.34445,1.3445,1.34445,1.34449,0
2026-05-26 17:28:00+00:00,1.34449,1.34453,1.3443,1.3443,0
2026-05-26 17:29:00+00:00,1.34429,1.34431,1.34424,1.34428,0
2026-05-26 17:30:00+00:00,1.34426,1.34432,1.34424,1.34429,0
2026-05-26 17:31:00+00:00,1.34429,1.3444,1.34429,1.3444,0
2026-05-26 17:32:00+00:00,1.3444,1.3446,1.3444,1.34459,0
2026-05-26 17:33:00+00:00,1.34458,1.3446,1.34451,1.34451,0
2026-05-26 17:34:00+00:00,1.34451,1.34459,1.34449,1.34457,0
2026-05-26 17:35:00+00:00,1.34454,1.34456,1.34443,1.34444,0
2026-05-26 17:36:00+00:00,1.34442,1.34442,1.34426,1.34434,0
2026-05-26 17:37:00+00:00,1.34433,1.34439,1.34429,1.34434,0
2026-05-26 17:38:00+00:00,1.34434,1.34438,1.34433,1.34438,0
2026-05-26 17:39:00+00:00,1.34437,1.34437,1.34425,1.34425,0
2026-05-26 17:40:00+00:00,1.34427,1.34427,1.34387,1.3439,0
2026-05-26 17:41:00+00:00,1.34388,1.34401,1.34386,1.34399,0
2026-05-26 17:42:00+00:00,1.34398,1.34398,1.34395,1.34396,0
2026-05-26 17:43:00+00:00,1.34397,1.34399,1.34395,1.34397,0
2026-05-26 17:44:00+00:00,1.34395,1.34397,1.3439,1.34393,0
2026-05-26 17:45:00+00:00,1.34393,1.34398,1.34385,1.34396,0
2026-05-26 17:46:00+00:00,1.34395,1.344,1.34383,1.34385,0
2026-05-26 17:47:00+00:00,1.34386,1.34407,1.34383,1.34407,0
2026-05-26 17:48:00+00:00,1.34409,1.34416,1.34406,1.34411,0
2026-05-26 17:49:00+00:00,1.34413,1.34416,1.34404,1.34414,0
2026-05-26 17:50:00+00:00,1.34416,1.34416,1.34395,1.34406,0
2026-05-26 17:51:00+00:00,1.34406,1.34412,1.34404,1.34406,0
2026-05-26 17:52:00+00:00,1.34407,1.3441,1.34398,1.34403,0
2026-05-26 17:53:00+00:00,1.34405,1.34421,1.34405,1.34416,0
2026-05-26 17:54:00+00:00,1.34415,1.34415,1.34407,1.34407,0
2026-05-26 17:55:00+00:00,1.34406,1.34416,1.34406,1.34415,0
2026-05-26 17:56:00+00:00,1.34416,1.34416,1.34395,1.34397,0
2026-05-26 17:57:00+00:00,1.34397,1.34399,1.34388,1.3439,0
2026-05-26 17:58:00+00:00,1.34389,1.34406,1.34387,1.34405,0
2026-05-26 17:59:00+00:00,1.34403,1.34411,1.34399,1.3441,0
2026-05-26 18:00:00+00:00,1.34409,1.34412,1.344,1.34406,0
2026-05-26 18:01:00+00:00,1.34404,1.34404,1.34395,1.34397,0
2026-05-26 18:02:00+00:00,1.34397,1.34403,1.34391,1.34398,0
2026-05-26 18:03:00+00:00,1.34399,1.34413,1.34398,1.34407,0
2026-05-26 18:04:00+00:00,1.34408,1.34408,1.34405,1.34406,0
2026-05-26 18:05:00+00:00,1.34406,1.3441,1.34396,1.34405,0
2026-05-26 18:06:00+00:00,1.34406,1.34408,1.34406,1.34408,0
2026-05-26 18:07:00+00:00,1.34407,1.34407,1.34396,1.34396,0
2026-05-26 18:08:00+00:00,1.34399,1.34414,1.34399,1.34406,0
2026-05-26 18:09:00+00:00,1.34408,1.3441,1.34405,1.34409,0
2026-05-26 18:10:00+00:00,1.34415,1.3443,1.34414,1.34429,0
2026-05-26 18:11:00+00:00,1.34429,1.34431,1.34417,1.34418,0
2026-05-26 18:12:00+00:00,1.34417,1.34422,1.34416,1.34418,0
2026-05-26 18:13:00+00:00,1.34419,1.34425,1.34416,1.34425,0
2026-05-26 18:14:00+00:00,1.34423,1.34425,1.34418,1.34425,0
2026-05-26 18:15:00+00:00,1.34426,1.3443,1.34419,1.34423,0
2026-05-26 18:16:00+00:00,1.34421,1.34423,1.34405,1.34405,0
2026-05-26 18:17:00+00:00,1.34407,1.34427,1.34405,1.34427,0
2026-05-26 18:18:00+00:00,1.34425,1.34426,1.34423,1.34425,0
2026-05-26 18:19:00+00:00,1.34423,1.34429,1.34421,1.34429,0
2026-05-26 18:20:00+00:00,1.34427,1.34428,1.34416,1.34417,0
2026-05-26 18:21:00+00:00,1.34418,1.34421,1.34416,1.34419,0
2026-05-26 18:22:00+00:00,1.34422,1.3443,1.34422,1.34429,0
2026-05-26 18:23:00+00:00,1.34433,1.34433,1.34423,1.3443,0
2026-05-26 18:24:00+00:00,1.34429,1.34429,1.34419,1.34419,0
2026-05-26 18:25:00+00:00,1.34419,1.34419,1.34418,1.34419,0
2026-05-26 18:26:00+00:00,1.34422,1.34422,1.34415,1.34416,0
2026-05-26 18:27:00+00:00,1.34419,1.34421,1.34417,1.34418,0
2026-05-26 18:28:00+00:00,1.34418,1.34427,1.34417,1.3442,0
2026-05-26 18:29:00+00:00,1.3442,1.34422,1.34416,1.34417,0
2026-05-26 18:30:00+00:00,1.34418,1.34425,1.34417,1.3442,0
2026-05-26 18:31:00+00:00,1.3442,1.34436,1.3442,1.34427,0
2026-05-26 18:32:00+00:00,1.34425,1.34436,1.34423,1.34436,0
2026-05-26 18:33:00+00:00,1.34436,1.34438,1.3443,1.34431,0
2026-05-26 18:34:00+00:00,1.34432,1.34434,1.34426,1.34432,0
2026-05-26 18:35:00+00:00,1.34433,1.34436,1.34428,1.34431,0
2026-05-26 18:36:00+00:00,1.34433,1.34435,1.34427,1.34429,0
2026-05-26 18:37:00+00:00,1.34427,1.34432,1.34427,1.34431,0
2026-05-26 18:38:00+00:00,1.34432,1.34436,1.34425,1.34425,0
2026-05-26 18:39:00+00:00,1.34425,1.3443,1.34425,1.3443,0
2026-05-26 18:40:00+00:00,1.34428,1.34429,1.34416,1.34416,0
2026-05-26 18:41:00+00:00,1.34416,1.34418,1.34415,1.34417,0
2026-05-26 18:42:00+00:00,1.34416,1.34416,1.34409,1.3441,0
2026-05-26 18:43:00+00:00,1.3441,1.34418,1.34408,1.34418,0
2026-05-26 18:44:00+00:00,1.34419,1.3443,1.34418,1.34428,0
2026-05-26 18:45:00+00:00,1.34426,1.34438,1.34426,1.34434,0
2026-05-26 18:46:00+00:00,1.34433,1.34435,1.34428,1.34434,0
2026-05-26 18:47:00+00:00,1.34434,1.34439,1.34434,1.34439,0
2026-05-26 18:48:00+00:00,1.34437,1.34439,1.34435,1.34435,0
2026-05-26 18:49:00+00:00,1.34437,1.34437,1.34431,1.34431,0
2026-05-26 18:50:00+00:00,1.34431,1.34439,1.34426,1.34438,0
2026-05-26 18:51:00+00:00,1.34437,1.34448,1.34437,1.34446,0
2026-05-26 18:52:00+00:00,1.34448,1.34453,1.34447,1.34448,0
2026-05-26 18:53:00+00:00,1.34449,1.34457,1.34446,1.34452,0
2026-05-26 18:54:00+00:00,1.34452,1.34456,1.34441,1.34446,0
2026-05-26 18:55:00+00:00,1.34445,1.34448,1.34436,1.34437,0
2026-05-26 18:56:00+00:00,1.34436,1.3444,1.34436,1.34439,0
2026-05-26 18:57:00+00:00,1.34439,1.34448,1.34434,1.34446,0
2026-05-26 18:58:00+00:00,1.34447,1.34449,1.34444,1.34449,0
2026-05-26 18:59:00+00:00,1.34448,1.34449,1.34445,1.34446,0
2026-05-26 19:00:00+00:00,1.34445,1.34446,1.34423,1.34428,0
2026-05-26 19:01:00+00:00,1.34426,1.34441,1.34426,1.34437,0
2026-05-26 19:02:00+00:00,1.34436,1.34437,1.34431,1.34433,0
2026-05-26 19:03:00+00:00,1.34432,1.34454,1.34432,1.34454,0
2026-05-26 19:04:00+00:00,1.34453,1.34455,1.34445,1.34446,0
2026-05-26 19:05:00+00:00,1.34448,1.34452,1.34444,1.34445,0
2026-05-26 19:06:00+00:00,1.34444,1.34447,1.34437,1.34437,0
2026-05-26 19:07:00+00:00,1.34438,1.34438,1.34424,1.34426,0
2026-05-26 19:08:00+00:00,1.34426,1.34429,1.34425,1.34428,0
2026-05-26 19:09:00+00:00,1.34428,1.34435,1.34428,1.34435,0
2026-05-26 19:10:00+00:00,1.34438,1.34445,1.34438,1.34443,0
2026-05-26 19:11:00+00:00,1.34444,1.34447,1.34439,1.34442,0
2026-05-26 19:12:00+00:00,1.34442,1.34442,1.34423,1.34424,0
2026-05-26 19:13:00+00:00,1.34423,1.34429,1.34423,1.34426,0
2026-05-26 19:14:00+00:00,1.34426,1.34436,1.34425,1.34425,0
2026-05-26 19:15:00+00:00,1.34425,1.34427,1.34424,1.34424,0
2026-05-26 19:16:00+00:00,1.34426,1.34433,1.34422,1.3443,0
2026-05-26 19:17:00+00:00,1.3443,1.3444,1.3443,1.34436,0
2026-05-26 19:18:00+00:00,1.34434,1.34435,1.34431,1.34432,0
2026-05-26 19:19:00+00:00,1.34433,1.34436,1.3443,1.34436,0
2026-05-26 19:20:00+00:00,1.34437,1.34445,1.34437,1.34445,0
2026-05-26 19:21:00+00:00,1.34445,1.34445,1.34438,1.34443,0
2026-05-26 19:22:00+00:00,1.34446,1.34452,1.34444,1.3445,0
2026-05-26 19:23:00+00:00,1.34453,1.34455,1.34448,1.34455,0
2026-05-26 19:24:00+00:00,1.34455,1.34457,1.3445,1.34457,0
2026-05-26 19:25:00+00:00,1.34459,1.34459,1.34449,1.34455,0
2026-05-26 19:26:00+00:00,1.34456,1.34457,1.34454,1.34455,0
2026-05-26 19:27:00+00:00,1.34454,1.34454,1.34449,1.34452,0
2026-05-26 19:28:00+00:00,1.34454,1.34454,1.34445,1.34446,0
2026-05-26 19:29:00+00:00,1.34449,1.3445,1.34444,1.34446,0
2026-05-26 19:30:00+00:00,1.34448,1.34459,1.34447,1.34459,0
2026-05-26 19:31:00+00:00,1.34457,1.34459,1.34453,1.34459,0
2026-05-26 19:32:00+00:00,1.34459,1.34463,1.34458,1.34462,0
2026-05-26 19:33:00+00:00,1.34462,1.34465,1.34462,1.34465,0
2026-05-26 19:34:00+00:00,1.34464,1.34478,1.34464,1.34474,0
2026-05-26 19:35:00+00:00,1.34475,1.34475,1.34465,1.34466,0
2026-05-26 19:36:00+00:00,1.34468,1.34476,1.34467,1.34474,0
2026-05-26 19:37:00+00:00,1.34476,1.34478,1.34473,1.34474,0
2026-05-26 19:38:00+00:00,1.34473,1.34489,1.34473,1.34483,0
2026-05-26 19:39:00+00:00,1.34482,1.34484,1.34472,1.34472,0
2026-05-26 19:40:00+00:00,1.34472,1.34474,1.34471,1.34474,0
2026-05-26 19:41:00+00:00,1.34475,1.34476,1.34474,1.34476,0
2026-05-26 19:42:00+00:00,1.34478,1.34481,1.34475,1.34477,0
2026-05-26 19:43:00+00:00,1.34474,1.34483,1.3447,1.34483,0
2026-05-26 19:44:00+00:00,1.34482,1.34485,1.3448,1.34482,0
2026-05-26 19:45:00+00:00,1.34481,1.34485,1.3448,1.34485,0
2026-05-26 19:46:00+00:00,1.34483,1.34483,1.34474,1.34475,0
2026-05-26 19:47:00+00:00,1.34475,1.34482,1.34475,1.34477,0
2026-05-26 19:48:00+00:00,1.34479,1.34484,1.34477,1.34482,0
2026-05-26 19:49:00+00:00,1.34484,1.34487,1.34484,1.34487,0
2026-05-26 19:50:00+00:00,1.34489,1.3449,1.34485,1.34486,0
2026-05-26 19:51:00+00:00,1.34488,1.34495,1.34485,1.34495,0
2026-05-26 19:52:00+00:00,1.34496,1.34497,1.34485,1.34487,0
2026-05-26 19:53:00+00:00,1.34485,1.34493,1.34485,1.34487,0
2026-05-26 19:54:00+00:00,1.34488,1.34495,1.34485,1.34485,0
2026-05-26 19:55:00+00:00,1.34485,1.34488,1.34479,1.34484,0
2026-05-26 19:56:00+00:00,1.34485,1.34486,1.34476,1.34483,0
2026-05-26 19:57:00+00:00,1.34483,1.34485,1.34474,1.34482,0
2026-05-26 19:58:00+00:00,1.34482,1.34484,1.34474,1.34474,0
2026-05-26 19:59:00+00:00,1.34474,1.34485,1.34473,1.34484,0
2026-05-26 20:00:00+00:00,1.34484,1.34498,1.34479,1.34498,0
2026-05-26 20:01:00+00:00,1.345,1.34505,1.34498,1.34499,0
2026-05-26 20:02:00+00:00,1.34499,1.34508,1.34498,1.34507,0
2026-05-26 20:03:00+00:00,1.34507,1.34508,1.34505,1.34507,0
2026-05-26 20:04:00+00:00,1.34507,1.34511,1.34505,1.34507,0
2026-05-26 20:05:00+00:00,1.34506,1.34519,1.34506,1.34518,0
2026-05-26 20:06:00+00:00,1.34519,1.34526,1.34518,1.34524,0
2026-05-26 20:07:00+00:00,1.34527,1.34528,1.34524,1.34528,0
2026-05-26 20:08:00+00:00,1.34526,1.34536,1.34525,1.34525,0
2026-05-26 20:09:00+00:00,1.34522,1.34524,1.34515,1.34515,0
2026-05-26 20:10:00+00:00,1.34516,1.34517,1.34515,1.34516,0
2026-05-26 20:11:00+00:00,1.34518,1.34526,1.34518,1.34526,0
2026-05-26 20:12:00+00:00,1.34526,1.34526,1.34523,1.34523,0
2026-05-26 20:13:00+00:00,1.34522,1.34522,1.34515,1.34515,0
2026-05-26 20:14:00+00:00,1.34515,1.34515,1.34514,1.34515,0
2026-05-26 20:15:00+00:00,1.34516,1.34517,1.34514,1.34515,0
2026-05-26 20:16:00+00:00,1.34516,1.34516,1.34512,1.34513,0
2026-05-26 20:17:00+00:00,1.34514,1.34515,1.34514,1.34515,0
2026-05-26 20:18:00+00:00,1.34515,1.34515,1.34509,1.34509,0
2026-05-26 20:19:00+00:00,1.34508,1.3451,1.34507,1.34508,0
2026-05-26 20:20:00+00:00,1.34508,1.34515,1.34508,1.34512,0
2026-05-26 20:21:00+00:00,1.34511,1.34511,1.34503,1.34503,0
2026-05-26 20:22:00+00:00,1.34504,1.34504,1.34499,1.345,0
2026-05-26 20:23:00+00:00,1.34499,1.345,1.34499,1.345,0
2026-05-26 20:24:00+00:00,1.34501,1.34501,1.34495,1.34497,0
2026-05-26 20:25:00+00:00,1.34498,1.34501,1.34498,1.34499,0
2026-05-26 20:26:00+00:00,1.34496,1.34496,1.34488,1.3449,0
2026-05-26 20:27:00+00:00,1.34489,1.34494,1.34485,1.34494,0
2026-05-26 20:28:00+00:00,1.34495,1.34496,1.34484,1.34488,0
2026-05-26 20:29:00+00:00,1.34486,1.3449,1.34476,1.34476,0
2026-05-26 20:30:00+00:00,1.34476,1.34485,1.34476,1.34485,0
2026-05-26 20:31:00+00:00,1.34485,1.34496,1.34485,1.34496,0
2026-05-26 20:32:00+00:00,1.34499,1.34499,1.34494,1.34494,0
2026-05-26 20:33:00+00:00,1.34493,1.34495,1.34484,1.34485,0
2026-05-26 20:34:00+00:00,1.34486,1.34488,1.34486,1.34486,0
2026-05-26 20:35:00+00:00,1.34487,1.34487,1.34483,1.34483,0
2026-05-26 20:36:00+00:00,1.34483,1.34489,1.34482,1.34487,0
2026-05-26 20:37:00+00:00,1.3449,1.34494,1.34485,1.34486,0
2026-05-26 20:38:00+00:00,1.34484,1.34484,1.34482,1.34482,0
2026-05-26 20:39:00+00:00,1.34482,1.34482,1.34474,1.34477,0
2026-05-26 20:40:00+00:00,1.34477,1.34483,1.34477,1.34478,0
2026-05-26 20:41:00+00:00,1.34477,1.34477,1.34473,1.34473,0
2026-05-26 20:42:00+00:00,1.34474,1.34475,1.34474,1.34475,0
2026-05-26 20:43:00+00:00,1.34474,1.34477,1.34474,1.34477,0
2026-05-26 20:44:00+00:00,1.34477,1.34478,1.34475,1.34475,0
2026-05-26 20:45:00+00:00,1.34477,1.34481,1.34477,1.34481,0
2026-05-26 20:46:00+00:00,1.34481,1.34481,1.34481,1.34481,0
2026-05-26 20:47:00+00:00,1.34484,1.34485,1.34484,1.34485,0
2026-05-26 20:48:00+00:00,1.34484,1.34484,1.34484,1.34484,0
2026-05-26 20:49:00+00:00,1.34485,1.34486,1.34483,1.34484,0
2026-05-26 20:50:00+00:00,1.34481,1.34481,1.34475,1.34475,0
2026-05-26 20:51:00+00:00,1.34474,1.34475,1.34472,1.34475,0
2026-05-26 20:52:00+00:00,1.34477,1.34477,1.34475,1.34475,0
2026-05-26 20:53:00+00:00,1.34473,1.34476,1.34473,1.34476,0
2026-05-26 20:54:00+00:00,1.34477,1.34478,1.34477,1.34477,0
2026-05-26 20:55:00+00:00,1.34478,1.3448,1.3446,1.34461,0
2026-05-26 20:56:00+00:00,1.34462,1.34464,1.34447,1.34453,0
2026-05-26 20:57:00+00:00,1.34453,1.34466,1.34446,1.34462,0
2026-05-26 20:58:00+00:00,1.34463,1.34463,1.34453,1.34459,0
2026-05-26 20:59:00+00:00,1.3446,1.34463,1.34443,1.34443,0
2026-05-26 21:00:00+00:00,1.34431,1.34431,1.34427,1.34429,0
2026-05-26 21:01:00+00:00,1.34429,1.34429,1.34353,1.34353,0
2026-05-26 21:02:00+00:00,1.34353,1.34353,1.34353,1.34353,0
2026-05-26 21:03:00+00:00,1.34359,1.34441,1.34359,1.34441,0
2026-05-26 21:04:00+00:00,1.34442,1.34446,1.34442,1.34446,0
2026-05-26 21:05:00+00:00,1.34443,1.34451,1.34443,1.3445,0
2026-05-26 21:06:00+00:00,1.34448,1.34451,1.34448,1.3445,0
2026-05-26 21:07:00+00:00,1.3445,1.3445,1.34448,1.34449,0
2026-05-26 21:08:00+00:00,1.3445,1.3445,1.34449,1.34449,0
2026-05-26 21:09:00+00:00,1.3445,1.3445,1.3445,1.3445,0
2026-05-26 21:10:00+00:00,1.34444,1.34451,1.34441,1.34451,0
2026-05-26 21:11:00+00:00,1.3445,1.3445,1.34449,1.3445,0
2026-05-26 21:12:00+00:00,1.3445,1.34451,1.3445,1.34451,0
2026-05-26 21:13:00+00:00,1.34449,1.34451,1.34449,1.3445,0
2026-05-26 21:14:00+00:00,1.34451,1.34451,1.3445,1.3445,0
2026-05-26 21:15:00+00:00,1.34451,1.34451,1.34449,1.34449,0
2026-05-26 21:16:00+00:00,1.34451,1.34451,1.34449,1.3445,0
2026-05-26 21:17:00+00:00,1.34451,1.34451,1.3445,1.34451,0
2026-05-26 21:18:00+00:00,1.3445,1.34451,1.3445,1.34451,0
2026-05-26 21:19:00+00:00,1.34449,1.34449,1.34449,1.34449,0
2026-05-26 21:20:00+00:00,1.34449,1.34451,1.34449,1.34449,0
2026-05-26 21:21:00+00:00,1.34451,1.34451,1.3445,1.3445,0
2026-05-26 21:22:00+00:00,1.3445,1.34451,1.3445,1.3445,0
2026-05-26 21:23:00+00:00,1.3445,1.3445,1.3445,1.3445,0
2026-05-26 21:24:00+00:00,1.3445,1.34459,1.3445,1.34459,0
2026-05-26 21:25:00+00:00,1.34455,1.34455,1.34455,1.34455,0
2026-05-26 21:26:00+00:00,1.34455,1.34455,1.34455,1.34455,0
2026-05-26 21:27:00+00:00,1.34455,1.34456,1.34455,1.34456,0
2026-05-26 21:28:00+00:00,1.34455,1.34455,1.34455,1.34455,0
2026-05-26 21:29:00+00:00,1.34457,1.34457,1.34457,1.34457,0
2026-05-26 21:30:00+00:00,1.34451,1.34458,1.34451,1.34457,0
2026-05-26 21:31:00+00:00,1.3446,1.34461,1.34459,1.34459,0
2026-05-26 21:32:00+00:00,1.3446,1.3446,1.3445,1.3445,0
2026-05-26 21:33:00+00:00,1.34452,1.34453,1.34449,1.34452,0
2026-05-26 21:34:00+00:00,1.3445,1.3446,1.34449,1.34452,0
2026-05-26 21:35:00+00:00,1.34452,1.3446,1.34449,1.3446,0
2026-05-26 21:36:00+00:00,1.34461,1.34493,1.34454,1.34466,0
2026-05-26 21:37:00+00:00,1.34467,1.34482,1.34465,1.3447,0
2026-05-26 21:38:00+00:00,1.34472,1.34474,1.34466,1.34469,0
2026-05-26 21:39:00+00:00,1.3447,1.34473,1.34458,1.34464,0
2026-05-26 21:40:00+00:00,1.34466,1.3447,1.34454,1.34455,0
2026-05-26 21:41:00+00:00,1.34459,1.34466,1.34452,1.34457,0
2026-05-26 21:42:00+00:00,1.34455,1.34459,1.34445,1.34452,0
2026-05-26 21:43:00+00:00,1.34456,1.34456,1.34448,1.34454,0
2026-05-26 21:44:00+00:00,1.34453,1.34456,1.34446,1.3445,0
2026-05-26 21:45:00+00:00,1.3447,1.34475,1.34449,1.34473,0
2026-05-26 21:46:00+00:00,1.34474,1.34479,1.34451,1.34473,0
2026-05-26 21:47:00+00:00,1.34474,1.34481,1.34466,1.34466,0
2026-05-26 21:48:00+00:00,1.34466,1.34474,1.34464,1.34465,0
2026-05-26 21:49:00+00:00,1.34464,1.34465,1.34464,1.34464,0
2026-05-26 21:50:00+00:00,1.34461,1.34461,1.34459,1.34459,0
2026-05-26 21:51:00+00:00,1.3446,1.34462,1.3446,1.34462,0
2026-05-26 21:52:00+00:00,1.34461,1.34461,1.34461,1.34461,0
2026-05-26 21:53:00+00:00,1.34462,1.34479,1.34462,1.34479,0
2026-05-26 21:54:00+00:00,1.34475,1.34475,1.34464,1.34465,0
2026-05-26 21:55:00+00:00,1.34468,1.34473,1.34464,1.34465,0
2026-05-26 21:56:00+00:00,1.34465,1.34474,1.34464,1.34465,0
2026-05-26 21:57:00+00:00,1.34466,1.34472,1.34464,1.34469,0
2026-05-26 21:58:00+00:00,1.3447,1.34471,1.34469,1.3447,0
2026-05-26 21:59:00+00:00,1.34469,1.34471,1.34469,1.34469,0
2026-05-26 22:00:00+00:00,1.3447,1.34494,1.3447,1.34487,0
2026-05-26 22:01:00+00:00,1.34489,1.34495,1.34482,1.34491,0
2026-05-26 22:02:00+00:00,1.34491,1.34494,1.34482,1.34488,0
2026-05-26 22:03:00+00:00,1.34488,1.34498,1.34483,1.34483,0
2026-05-26 22:04:00+00:00,1.34484,1.34493,1.34484,1.34489,0
2026-05-26 22:05:00+00:00,1.3449,1.34493,1.34481,1.34483,0
2026-05-26 22:06:00+00:00,1.34483,1.34491,1.34482,1.34485,0
2026-05-26 22:07:00+00:00,1.34488,1.34491,1.34484,1.34491,0
2026-05-26 22:08:00+00:00,1.34492,1.34492,1.34484,1.34484,0
2026-05-26 22:09:00+00:00,1.34483,1.34483,1.3448,1.34482,0
2026-05-26 22:10:00+00:00,1.34483,1.34485,1.34475,1.34478,0
2026-05-26 22:11:00+00:00,1.34482,1.34482,1.34477,1.34477,0
2026-05-26 22:12:00+00:00,1.34478,1.34481,1.34476,1.34479,0
2026-05-26 22:13:00+00:00,1.34479,1.34479,1.34479,1.34479,0
2026-05-26 22:14:00+00:00,1.34478,1.34478,1.34478,1.34478,0
2026-05-26 22:15:00+00:00,1.34483,1.34483,1.34478,1.34478,0
2026-05-26 22:16:00+00:00,1.34476,1.34477,1.34472,1.34475,0
2026-05-26 22:17:00+00:00,1.34476,1.34483,1.34473,1.34476,0
2026-05-26 22:18:00+00:00,1.34475,1.34482,1.34475,1.3448,0
2026-05-26 22:19:00+00:00,1.34478,1.34481,1.34477,1.34477,0
2026-05-26 22:20:00+00:00,1.34475,1.34483,1.34475,1.34479,0
2026-05-26 22:21:00+00:00,1.34477,1.34483,1.34471,1.3448,0
2026-05-26 22:22:00+00:00,1.34483,1.34483,1.3448,1.3448,0
2026-05-26 22:23:00+00:00,1.3448,1.34484,1.34477,1.34484,0
2026-05-26 22:24:00+00:00,1.34483,1.34483,1.34479,1.34483,0
2026-05-26 22:25:00+00:00,1.34482,1.34486,1.34481,1.34481,0
2026-05-26 22:26:00+00:00,1.34481,1.34481,1.34481,1.34481,0
2026-05-26 22:27:00+00:00,1.34482,1.34482,1.34481,1.34482,0
2026-05-26 22:28:00+00:00,1.34481,1.34481,1.34481,1.34481,0
2026-05-26 22:29:00+00:00,1.3448,1.34482,1.34476,1.34481,0
2026-05-26 22:30:00+00:00,1.34481,1.34481,1.34481,1.34481,0
2026-05-26 22:31:00+00:00,1.34478,1.34479,1.34478,1.34479,0
2026-05-26 22:32:00+00:00,1.34479,1.34479,1.34479,1.34479,0
2026-05-26 22:33:00+00:00,1.34479,1.34479,1.34479,1.34479,0
2026-05-26 22:34:00+00:00,1.34479,1.3448,1.34479,1.3448,0
2026-05-26 22:35:00+00:00,1.3448,1.3448,1.3448,1.3448,0
2026-05-26 22:36:00+00:00,1.3448,1.3448,1.3448,1.3448,0
2026-05-26 22:37:00+00:00,1.3448,1.34481,1.3448,1.3448,0
2026-05-26 22:38:00+00:00,1.34481,1.34481,1.34481,1.34481,0
2026-05-26 22:39:00+00:00,1.34481,1.34483,1.34481,1.34483,0
2026-05-26 22:40:00+00:00,1.34484,1.34486,1.34483,1.34485,0
2026-05-26 22:41:00+00:00,1.34485,1.34485,1.34485,1.34485,0
2026-05-26 22:42:00+00:00,1.34485,1.34485,1.34485,1.34485,0
2026-05-26 22:43:00+00:00,1.34492,1.34492,1.34486,1.34487,0
2026-05-26 22:44:00+00:00,1.34486,1.34487,1.34485,1.34487,0
2026-05-26 22:45:00+00:00,1.34485,1.34488,1.34485,1.34487,0
2026-05-26 22:46:00+00:00,1.34485,1.34489,1.34485,1.34489,0
2026-05-26 22:47:00+00:00,1.34487,1.34488,1.34485,1.34485,0
2026-05-26 22:48:00+00:00,1.34485,1.34485,1.34483,1.34483,0
2026-05-26 22:49:00+00:00,1.34483,1.34483,1.34483,1.34483,0
2026-05-26 22:50:00+00:00,1.34485,1.34487,1.34485,1.34487,0
2026-05-26 22:51:00+00:00,1.34487,1.34487,1.34487,1.34487,0
2026-05-26 22:52:00+00:00,1.34488,1.3449,1.34486,1.3449,0
2026-05-26 22:53:00+00:00,1.3449,1.3449,1.3449,1.3449,0
2026-05-26 22:54:00+00:00,1.3449,1.3449,1.3449,1.3449,0
2026-05-26 22:55:00+00:00,1.3449,1.3449,1.3449,1.3449,0
2026-05-26 22:56:00+00:00,1.34491,1.34503,1.34491,1.34503,0
2026-05-26 22:57:00+00:00,1.345,1.345,1.34494,1.34499,0
2026-05-26 22:58:00+00:00,1.34498,1.34498,1.34497,1.34497,0
2026-05-26 22:59:00+00:00,1.34498,1.34498,1.34496,1.34498,0
2026-05-26 23:00:00+00:00,1.345,1.34506,1.34493,1.34504,0
2026-05-26 23:01:00+00:00,1.34504,1.34504,1.34504,1.34504,0
2026-05-26 23:02:00+00:00,1.34506,1.34508,1.34505,1.34505,0
2026-05-26 23:03:00+00:00,1.34505,1.34505,1.34505,1.34505,0
2026-05-26 23:04:00+00:00,1.34506,1.34506,1.34503,1.34503,0
2026-05-26 23:05:00+00:00,1.34502,1.34502,1.34502,1.34502,0
2026-05-26 23:06:00+00:00,1.34504,1.34507,1.34504,1.34505,0
2026-05-26 23:07:00+00:00,1.34504,1.34504,1.34503,1.34503,0
2026-05-26 23:08:00+00:00,1.34503,1.34504,1.34503,1.34504,0
2026-05-26 23:09:00+00:00,1.345,1.34503,1.345,1.34502,0
2026-05-26 23:10:00+00:00,1.34503,1.34503,1.34503,1.34503,0
2026-05-26 23:11:00+00:00,1.34502,1.34504,1.34502,1.34504,0
2026-05-26 23:12:00+00:00,1.34504,1.34504,1.34504,1.34504,0
2026-05-26 23:13:00+00:00,1.34505,1.34505,1.34505,1.34505,0
2026-05-26 23:14:00+00:00,1.34505,1.34505,1.34504,1.34504,0
2026-05-26 23:15:00+00:00,1.34504,1.34516,1.34504,1.34516,0
2026-05-26 23:16:00+00:00,1.34515,1.34524,1.34515,1.34523,0
2026-05-26 23:17:00+00:00,1.34523,1.34523,1.34515,1.34516,0
2026-05-26 23:18:00+00:00,1.34516,1.34517,1.34516,1.34517,0
2026-05-26 23:19:00+00:00,1.34517,1.34517,1.34517,1.34517,0
2026-05-26 23:20:00+00:00,1.34522,1.34522,1.34521,1.34521,0
2026-05-26 23:21:00+00:00,1.34522,1.34525,1.34522,1.34525,0
2026-05-26 23:22:00+00:00,1.34525,1.34525,1.34525,1.34525,0
2026-05-26 23:23:00+00:00,1.34525,1.34525,1.34525,1.34525,0
2026-05-26 23:24:00+00:00,1.34525,1.34533,1.34525,1.34533,0
2026-05-26 23:25:00+00:00,1.34531,1.34536,1.34531,1.34535,0
2026-05-26 23:26:00+00:00,1.34535,1.34535,1.34535,1.34535,0
2026-05-26 23:27:00+00:00,1.34535,1.34535,1.34535,1.34535,0
2026-05-26 23:28:00+00:00,1.34535,1.34537,1.34533,1.34534,0
2026-05-26 23:29:00+00:00,1.34535,1.34541,1.34535,1.34541,0
2026-05-26 23:30:00+00:00,1.34539,1.34544,1.34535,1.34543,0
2026-05-26 23:31:00+00:00,1.34546,1.34547,1.34545,1.34545,0
2026-05-26 23:32:00+00:00,1.34548,1.34554,1.34548,1.34554,0
2026-05-26 23:33:00+00:00,1.34555,1.34557,1.34555,1.34557,0
2026-05-26 23:34:00+00:00,1.34561,1.34561,1.34554,1.34557,0
2026-05-26 23:35:00+00:00,1.34557,1.34557,1.34554,1.34554,0
2026-05-26 23:36:00+00:00,1.34556,1.34556,1.34554,1.34554,0
2026-05-26 23:37:00+00:00,1.34556,1.34556,1.34556,1.34556,0
2026-05-26 23:38:00+00:00,1.34555,1.34562,1.34555,1.34562,0
2026-05-26 23:39:00+00:00,1.34562,1.34563,1.34562,1.34563,0
2026-05-26 23:40:00+00:00,1.34564,1.34564,1.34562,1.34562,0
2026-05-26 23:41:00+00:00,1.34563,1.34564,1.34563,1.34564,0
2026-05-26 23:42:00+00:00,1.34564,1.34567,1.34564,1.34567,0
2026-05-26 23:43:00+00:00,1.34565,1.34583,1.34565,1.34577,0
2026-05-26 23:44:00+00:00,1.34576,1.34584,1.34576,1.34578,0
2026-05-26 23:45:00+00:00,1.34581,1.34586,1.34581,1.34586,0
2026-05-26 23:46:00+00:00,1.34585,1.34585,1.34574,1.34575,0
2026-05-26 23:47:00+00:00,1.34577,1.34583,1.34573,1.34576,0
2026-05-26 23:48:00+00:00,1.34575,1.34578,1.34574,1.34577,0
2026-05-26 23:49:00+00:00,1.34577,1.34577,1.34566,1.34566,0
2026-05-26 23:50:00+00:00,1.34564,1.34564,1.3456,1.34563,0
2026-05-26 23:51:00+00:00,1.34563,1.34563,1.34556,1.34561,0
2026-05-26 23:52:00+00:00,1.34559,1.34567,1.34559,1.34564,0
2026-05-26 23:53:00+00:00,1.34564,1.34569,1.34563,1.34563,0
2026-05-26 23:54:00+00:00,1.34564,1.34567,1.34564,1.34567,0
2026-05-26 23:55:00+00:00,1.34567,1.34567,1.34552,1.34553,0
2026-05-26 23:56:00+00:00,1.34555,1.34556,1.34551,1.34553,0
2026-05-26 23:57:00+00:00,1.3455,1.34551,1.34544,1.34546,0
2026-05-26 23:58:00+00:00,1.34547,1.34548,1.34543,1.34543,0
2026-05-26 23:59:00+00:00,1.34543,1.34544,1.34538,1.34543,0
2026-05-27 00:00:00+00:00,1.34542,1.34571,1.34538,1.34562,0
2026-05-27 00:01:00+00:00,1.34563,1.34572,1.34556,1.34565,0
2026-05-27 00:02:00+00:00,1.34567,1.34567,1.34561,1.34562,0
2026-05-27 00:03:00+00:00,1.34563,1.34563,1.34551,1.34551,0
2026-05-27 00:04:00+00:00,1.34553,1.34561,1.34552,1.34557,0
2026-05-27 00:05:00+00:00,1.34562,1.34563,1.34553,1.34563,0
2026-05-27 00:06:00+00:00,1.34563,1.34563,1.34553,1.34553,0
2026-05-27 00:07:00+00:00,1.34553,1.34563,1.34545,1.34547,0
2026-05-27 00:08:00+00:00,1.34548,1.34567,1.34547,1.34558,0
2026-05-27 00:09:00+00:00,1.34559,1.34561,1.34545,1.34547,0
2026-05-27 00:10:00+00:00,1.34547,1.34552,1.34545,1.34546,0
2026-05-27 00:11:00+00:00,1.34548,1.34553,1.34545,1.34549,0
2026-05-27 00:12:00+00:00,1.34546,1.34562,1.34546,1.34562,0
2026-05-27 00:13:00+00:00,1.34561,1.34563,1.34558,1.34561,0
2026-05-27 00:14:00+00:00,1.34562,1.34563,1.34556,1.34563,0
2026-05-27 00:15:00+00:00,1.34564,1.34564,1.3455,1.3455,0
2026-05-27 00:16:00+00:00,1.34552,1.34574,1.3455,1.34565,0
2026-05-27 00:17:00+00:00,1.34566,1.34567,1.34557,1.34557,0
2026-05-27 00:18:00+00:00,1.34558,1.34562,1.34555,1.34555,0
2026-05-27 00:19:00+00:00,1.34556,1.34563,1.34554,1.34562,0
2026-05-27 00:20:00+00:00,1.34562,1.34563,1.34555,1.34556,0
2026-05-27 00:21:00+00:00,1.34558,1.34564,1.34554,1.34554,0
2026-05-27 00:22:00+00:00,1.3455,1.34555,1.3455,1.34554,0
2026-05-27 00:23:00+00:00,1.34554,1.34561,1.34552,1.34557,0
2026-05-27 00:24:00+00:00,1.3456,1.34572,1.3456,1.34562,0
2026-05-27 00:25:00+00:00,1.34561,1.34565,1.34558,1.34563,0
2026-05-27 00:26:00+00:00,1.34561,1.34566,1.34559,1.34559,0
2026-05-27 00:27:00+00:00,1.34559,1.34571,1.34554,1.34564,0
2026-05-27 00:28:00+00:00,1.34561,1.34563,1.34557,1.34563,0
2026-05-27 00:29:00+00:00,1.34561,1.34563,1.34554,1.34563,0
2026-05-27 00:30:00+00:00,1.34563,1.34563,1.34554,1.34559,0
2026-05-27 00:31:00+00:00,1.34559,1.34563,1.34555,1.34563,0
2026-05-27 00:32:00+00:00,1.34562,1.34564,1.34555,1.34555,0
2026-05-27 00:33:00+00:00,1.34555,1.34563,1.34555,1.34562,0
2026-05-27 00:34:00+00:00,1.34559,1.34559,1.34552,1.34552,0
2026-05-27 00:35:00+00:00,1.34553,1.34553,1.34545,1.34545,0
2026-05-27 00:36:00+00:00,1.34545,1.34562,1.34544,1.34559,0
2026-05-27 00:37:00+00:00,1.34556,1.34563,1.34553,1.34557,0
2026-05-27 00:38:00+00:00,1.34557,1.34558,1.34543,1.34545,0
2026-05-27 00:39:00+00:00,1.34545,1.34547,1.34541,1.34545,0
2026-05-27 00:40:00+00:00,1.34544,1.34557,1.34544,1.34552,0
2026-05-27 00:41:00+00:00,1.34551,1.34551,1.34541,1.34544,0
2026-05-27 00:42:00+00:00,1.34546,1.34554,1.34542,1.34553,0
2026-05-27 00:43:00+00:00,1.34551,1.34557,1.34549,1.34555,0
2026-05-27 00:44:00+00:00,1.34555,1.34565,1.34554,1.3456,0
2026-05-27 00:45:00+00:00,1.34561,1.34577,1.34559,1.34572,0
2026-05-27 00:46:00+00:00,1.34573,1.34577,1.34564,1.34568,0
2026-05-27 00:47:00+00:00,1.34567,1.34573,1.34566,1.34566,0
2026-05-27 00:48:00+00:00,1.34566,1.34572,1.34561,1.34563,0
2026-05-27 00:49:00+00:00,1.34564,1.34568,1.34557,1.34558,0
2026-05-27 00:50:00+00:00,1.34562,1.34562,1.34542,1.34544,0
2026-05-27 00:51:00+00:00,1.34544,1.34558,1.34542,1.34554,0
2026-05-27 00:52:00+00:00,1.34552,1.34564,1.34551,1.34561,0
2026-05-27 00:53:00+00:00,1.34561,1.34562,1.34551,1.3456,0
2026-05-27 00:54:00+00:00,1.3456,1.3456,1.34542,1.3455,0
2026-05-27 00:55:00+00:00,1.34548,1.34553,1.34543,1.34547,0
2026-05-27 00:56:00+00:00,1.34548,1.34548,1.34538,1.34541,0
2026-05-27 00:57:00+00:00,1.34537,1.34554,1.34537,1.34546,0
2026-05-27 00:58:00+00:00,1.34547,1.34552,1.3454,1.34549,0
2026-05-27 00:59:00+00:00,1.34551,1.34552,1.34544,1.34552,0
2026-05-27 01:00:00+00:00,1.3455,1.34552,1.34538,1.34545,0
2026-05-27 01:01:00+00:00,1.34542,1.34547,1.34536,1.34542,0
2026-05-27 01:02:00+00:00,1.34545,1.34553,1.34542,1.34542,0
2026-05-27 01:03:00+00:00,1.34545,1.34548,1.3454,1.34542,0
2026-05-27 01:04:00+00:00,1.34541,1.34547,1.3454,1.34547,0
2026-05-27 01:05:00+00:00,1.34547,1.34547,1.34532,1.34534,0
2026-05-27 01:06:00+00:00,1.34535,1.34545,1.34531,1.34544,0
2026-05-27 01:07:00+00:00,1.34541,1.34552,1.34541,1.34543,0
2026-05-27 01:08:00+00:00,1.34541,1.34544,1.34534,1.34536,0
2026-05-27 01:09:00+00:00,1.34537,1.34543,1.34531,1.34531,0
2026-05-27 01:10:00+00:00,1.34532,1.34551,1.34532,1.34544,0
2026-05-27 01:11:00+00:00,1.34544,1.34544,1.34532,1.34532,0
2026-05-27 01:12:00+00:00,1.34534,1.34546,1.34533,1.34546,0
2026-05-27 01:13:00+00:00,1.34547,1.34547,1.34541,1.34547,0
2026-05-27 01:14:00+00:00,1.34546,1.3455,1.34541,1.34543,0
2026-05-27 01:15:00+00:00,1.34543,1.34544,1.3453,1.34543,0
2026-05-27 01:16:00+00:00,1.34542,1.34545,1.3454,1.34541,0
2026-05-27 01:17:00+00:00,1.34541,1.34549,1.34533,1.34547,0
2026-05-27 01:18:00+00:00,1.34548,1.34552,1.34545,1.34548,0
2026-05-27 01:19:00+00:00,1.34548,1.34549,1.3453,1.34531,0
2026-05-27 01:20:00+00:00,1.34531,1.34537,1.34528,1.34537,0
2026-05-27 01:21:00+00:00,1.34537,1.34539,1.34534,1.34534,0
2026-05-27 01:22:00+00:00,1.34534,1.34538,1.34534,1.34537,0
2026-05-27 01:23:00+00:00,1.34538,1.34551,1.34538,1.34549,0
2026-05-27 01:24:00+00:00,1.34551,1.34554,1.34541,1.34541,0
2026-05-27 01:25:00+00:00,1.34541,1.34543,1.34538,1.34542,0
2026-05-27 01:26:00+00:00,1.34541,1.34543,1.34532,1.34533,0
2026-05-27 01:27:00+00:00,1.34534,1.34535,1.34518,1.34519,0
2026-05-27 01:28:00+00:00,1.34521,1.34526,1.34519,1.34524,0
2026-05-27 01:29:00+00:00,1.34527,1.34529,1.34524,1.34526,0
2026-05-27 01:30:00+00:00,1.34527,1.34527,1.34497,1.3451,0
2026-05-27 01:31:00+00:00,1.34509,1.34515,1.34501,1.34503,0
2026-05-27 01:32:00+00:00,1.34502,1.34519,1.34495,1.34512,0
2026-05-27 01:33:00+00:00,1.3451,1.34519,1.34506,1.34507,0
2026-05-27 01:34:00+00:00,1.34508,1.34515,1.34491,1.34492,0
2026-05-27 01:35:00+00:00,1.34492,1.34498,1.34484,1.34495,0
2026-05-27 01:36:00+00:00,1.34497,1.34502,1.34484,1.34491,0
2026-05-27 01:37:00+00:00,1.34489,1.34505,1.34482,1.34501,0
2026-05-27 01:38:00+00:00,1.34502,1.34502,1.34483,1.34483,0
2026-05-27 01:39:00+00:00,1.34482,1.34482,1.3447,1.34476,0
2026-05-27 01:40:00+00:00,1.34479,1.34487,1.34479,1.34482,0
2026-05-27 01:41:00+00:00,1.34482,1.34492,1.34475,1.34487,0
2026-05-27 01:42:00+00:00,1.34488,1.34496,1.34488,1.3449,0
2026-05-27 01:43:00+00:00,1.34489,1.34493,1.34483,1.34492,0
2026-05-27 01:44:00+00:00,1.34492,1.34494,1.34487,1.34492,0
2026-05-27 01:45:00+00:00,1.34491,1.34493,1.34484,1.34486,0
2026-05-27 01:46:00+00:00,1.34485,1.34485,1.34471,1.34471,0
2026-05-27 01:47:00+00:00,1.34471,1.34474,1.34455,1.34457,0
2026-05-27 01:48:00+00:00,1.34455,1.34469,1.34455,1.34469,0
2026-05-27 01:49:00+00:00,1.34468,1.34476,1.34467,1.34476,0
2026-05-27 01:50:00+00:00,1.34475,1.34479,1.34472,1.34472,0
2026-05-27 01:51:00+00:00,1.34473,1.34474,1.34464,1.34473,0
2026-05-27 01:52:00+00:00,1.34472,1.34474,1.34464,1.34464,0
2026-05-27 01:53:00+00:00,1.34465,1.34474,1.34465,1.3447,0
2026-05-27 01:54:00+00:00,1.34468,1.34472,1.34464,1.34469,0
2026-05-27 01:55:00+00:00,1.34466,1.34466,1.34458,1.34463,0
2026-05-27 01:56:00+00:00,1.34465,1.34466,1.34462,1.34462,0
2026-05-27 01:57:00+00:00,1.34463,1.34466,1.34461,1.34463,0
2026-05-27 01:58:00+00:00,1.34464,1.34472,1.34464,1.34467,0
2026-05-27 01:59:00+00:00,1.3447,1.34472,1.34464,1.34468,0
2026-05-27 02:00:00+00:00,1.34466,1.3451,1.34465,1.34496,0
2026-05-27 02:01:00+00:00,1.34495,1.34502,1.34479,1.34491,0
2026-05-27 02:02:00+00:00,1.34491,1.34494,1.34482,1.34482,0
2026-05-27 02:03:00+00:00,1.34482,1.34513,1.34482,1.34503,0
2026-05-27 02:04:00+00:00,1.34503,1.34522,1.34503,1.34514,0
2026-05-27 02:05:00+00:00,1.34512,1.34515,1.34502,1.34505,0
2026-05-27 02:06:00+00:00,1.34503,1.34506,1.34494,1.345,0
2026-05-27 02:07:00+00:00,1.34501,1.34513,1.34493,1.34511,0
2026-05-27 02:08:00+00:00,1.34514,1.34514,1.34503,1.34512,0
2026-05-27 02:09:00+00:00,1.34514,1.34514,1.34503,1.34505,0
2026-05-27 02:10:00+00:00,1.34504,1.3451,1.34499,1.34501,0
2026-05-27 02:11:00+00:00,1.34502,1.34511,1.34498,1.34508,0
2026-05-27 02:12:00+00:00,1.34512,1.34515,1.34507,1.34508,0
2026-05-27 02:13:00+00:00,1.34507,1.34508,1.34487,1.34487,0
2026-05-27 02:14:00+00:00,1.3449,1.34494,1.34485,1.34493,0
2026-05-27 02:15:00+00:00,1.34494,1.34503,1.34491,1.34502,0
2026-05-27 02:16:00+00:00,1.34503,1.34512,1.34501,1.34504,0
2026-05-27 02:17:00+00:00,1.34505,1.34509,1.34502,1.34506,0
2026-05-27 02:18:00+00:00,1.34505,1.34507,1.34494,1.34499,0
2026-05-27 02:19:00+00:00,1.34499,1.34499,1.34487,1.34492,0
2026-05-27 02:20:00+00:00,1.34492,1.34501,1.34488,1.345,0
2026-05-27 02:21:00+00:00,1.345,1.345,1.34485,1.34486,0
2026-05-27 02:22:00+00:00,1.34485,1.34487,1.34478,1.34479,0
2026-05-27 02:23:00+00:00,1.34482,1.34491,1.3448,1.34482,0
2026-05-27 02:24:00+00:00,1.34482,1.34496,1.34482,1.34496,0
2026-05-27 02:25:00+00:00,1.34495,1.34507,1.34495,1.34505,0
2026-05-27 02:26:00+00:00,1.34506,1.34508,1.34494,1.34494,0
2026-05-27 02:27:00+00:00,1.34496,1.34496,1.34492,1.34493,0
2026-05-27 02:28:00+00:00,1.34492,1.34494,1.34485,1.34486,0
2026-05-27 02:29:00+00:00,1.34489,1.34494,1.34485,1.34488,0
2026-05-27 02:30:00+00:00,1.34487,1.34494,1.34486,1.34491,0
2026-05-27 02:31:00+00:00,1.3449,1.34495,1.3449,1.34493,0
2026-05-27 02:32:00+00:00,1.34493,1.34493,1.34489,1.34493,0
2026-05-27 02:33:00+00:00,1.34493,1.34497,1.3449,1.34497,0
2026-05-27 02:34:00+00:00,1.34494,1.34504,1.34492,1.34503,0
2026-05-27 02:35:00+00:00,1.34504,1.34506,1.345,1.34501,0
2026-05-27 02:36:00+00:00,1.34499,1.34499,1.34489,1.34494,0
2026-05-27 02:37:00+00:00,1.34492,1.34492,1.34484,1.34488,0
2026-05-27 02:38:00+00:00,1.34486,1.34492,1.34485,1.34489,0
2026-05-27 02:39:00+00:00,1.34488,1.3449,1.34486,1.34486,0
2026-05-27 02:40:00+00:00,1.34485,1.34494,1.34485,1.34491,0
2026-05-27 02:41:00+00:00,1.34491,1.34501,1.34491,1.34499,0
2026-05-27 02:42:00+00:00,1.34496,1.34501,1.34496,1.34499,0
2026-05-27 02:43:00+00:00,1.34496,1.34496,1.34489,1.34494,0
2026-05-27 02:44:00+00:00,1.34495,1.34495,1.34488,1.34493,0
2026-05-27 02:45:00+00:00,1.34493,1.34502,1.34493,1.34498,0
2026-05-27 02:46:00+00:00,1.34496,1.34497,1.34495,1.34495,0
2026-05-27 02:47:00+00:00,1.34496,1.34502,1.34496,1.34499,0
2026-05-27 02:48:00+00:00,1.345,1.34506,1.345,1.34505,0
2026-05-27 02:49:00+00:00,1.34505,1.34513,1.34504,1.34513,0
2026-05-27 02:50:00+00:00,1.34516,1.34516,1.34515,1.34515,0
2026-05-27 02:51:00+00:00,1.34515,1.3452,1.34515,1.3452,0
2026-05-27 02:52:00+00:00,1.34521,1.34528,1.34518,1.34528,0
2026-05-27 02:53:00+00:00,1.34528,1.34537,1.34528,1.34537,0
2026-05-27 02:54:00+00:00,1.34534,1.34534,1.34523,1.34526,0
2026-05-27 02:55:00+00:00,1.34527,1.34533,1.34522,1.34529,0
2026-05-27 02:56:00+00:00,1.34531,1.34531,1.34512,1.34519,0
2026-05-27 02:57:00+00:00,1.34519,1.34524,1.34513,1.34515,0
2026-05-27 02:58:00+00:00,1.34516,1.34522,1.34513,1.34515,0
2026-05-27 02:59:00+00:00,1.34515,1.34522,1.34515,1.3452,0
2026-05-27 03:00:00+00:00,1.34521,1.34532,1.34519,1.34529,0
2026-05-27 03:01:00+00:00,1.34528,1.34533,1.34522,1.34524,0
2026-05-27 03:02:00+00:00,1.34524,1.34534,1.34524,1.3453,0
2026-05-27 03:03:00+00:00,1.34531,1.34571,1.34531,1.34563,0
2026-05-27 03:04:00+00:00,1.34564,1.34564,1.34552,1.34558,0
2026-05-27 03:05:00+00:00,1.34559,1.34581,1.34554,1.34576,0
2026-05-27 03:06:00+00:00,1.34574,1.34583,1.34564,1.34564,0
2026-05-27 03:07:00+00:00,1.34566,1.34568,1.34555,1.34561,0
2026-05-27 03:08:00+00:00,1.34563,1.34571,1.3456,1.34562,0
2026-05-27 03:09:00+00:00,1.34562,1.34567,1.34561,1.34567,0
2026-05-27 03:10:00+00:00,1.34567,1.34567,1.34562,1.34563,0
2026-05-27 03:11:00+00:00,1.34561,1.34561,1.34544,1.34547,0
2026-05-27 03:12:00+00:00,1.3455,1.34552,1.34544,1.34546,0
2026-05-27 03:13:00+00:00,1.34545,1.34552,1.34545,1.34552,0
2026-05-27 03:14:00+00:00,1.34552,1.34552,1.34544,1.34548,0
2026-05-27 03:15:00+00:00,1.3455,1.34555,1.34548,1.34553,0
2026-05-27 03:16:00+00:00,1.3455,1.34553,1.34545,1.34546,0
2026-05-27 03:17:00+00:00,1.34546,1.34553,1.34544,1.34553,0
2026-05-27 03:18:00+00:00,1.34553,1.34554,1.34545,1.34545,0
2026-05-27 03:19:00+00:00,1.34547,1.34551,1.34543,1.34548,0
2026-05-27 03:20:00+00:00,1.34545,1.34547,1.34543,1.34543,0
2026-05-27 03:21:00+00:00,1.34543,1.34543,1.34534,1.34534,0
2026-05-27 03:22:00+00:00,1.34535,1.34541,1.34535,1.34539,0
2026-05-27 03:23:00+00:00,1.34542,1.34545,1.34541,1.34542,0
2026-05-27 03:24:00+00:00,1.3454,1.34547,1.34538,1.34547,0
2026-05-27 03:25:00+00:00,1.34547,1.34549,1.3454,1.3454,0
2026-05-27 03:26:00+00:00,1.34543,1.34553,1.34543,1.34553,0
2026-05-27 03:27:00+00:00,1.34551,1.34551,1.34546,1.34547,0
2026-05-27 03:28:00+00:00,1.34545,1.34552,1.34545,1.34548,0
2026-05-27 03:29:00+00:00,1.34547,1.34548,1.34544,1.34548,0
2026-05-27 03:30:00+00:00,1.34547,1.34554,1.34546,1.34551,0
2026-05-27 03:31:00+00:00,1.3455,1.34553,1.34543,1.34544,0
2026-05-27 03:32:00+00:00,1.34546,1.34546,1.34539,1.34543,0
2026-05-27 03:33:00+00:00,1.34542,1.34544,1.34537,1.34544,0
2026-05-27 03:34:00+00:00,1.34544,1.34544,1.3454,1.34541,0
2026-05-27 03:35:00+00:00,1.34541,1.34541,1.34536,1.34538,0
2026-05-27 03:36:00+00:00,1.34537,1.34542,1.34537,1.3454,0
2026-05-27 03:37:00+00:00,1.34537,1.34537,1.34525,1.34525,0
2026-05-27 03:38:00+00:00,1.34527,1.34535,1.34525,1.34534,0
2026-05-27 03:39:00+00:00,1.34534,1.34534,1.34531,1.34532,0
2026-05-27 03:40:00+00:00,1.34534,1.34536,1.34534,1.34536,0
2026-05-27 03:41:00+00:00,1.34535,1.34536,1.34533,1.34535,0
2026-05-27 03:42:00+00:00,1.34535,1.34542,1.34535,1.3454,0
2026-05-27 03:43:00+00:00,1.34539,1.34539,1.34531,1.34537,0
2026-05-27 03:44:00+00:00,1.34537,1.34541,1.34533,1.34541,0
2026-05-27 03:45:00+00:00,1.34541,1.34541,1.34538,1.3454,0
2026-05-27 03:46:00+00:00,1.34539,1.34544,1.34538,1.34541,0
2026-05-27 03:47:00+00:00,1.34541,1.34544,1.3454,1.34542,0
2026-05-27 03:48:00+00:00,1.34543,1.34543,1.34531,1.34534,0
2026-05-27 03:49:00+00:00,1.34534,1.34535,1.34533,1.34534,0
2026-05-27 03:50:00+00:00,1.34534,1.34534,1.34528,1.3453,0
2026-05-27 03:51:00+00:00,1.3453,1.34541,1.3453,1.34541,0
2026-05-27 03:52:00+00:00,1.3454,1.34542,1.34537,1.34538,0
2026-05-27 03:53:00+00:00,1.3454,1.34547,1.34539,1.34547,0
2026-05-27 03:54:00+00:00,1.34547,1.34547,1.34544,1.34544,0
2026-05-27 03:55:00+00:00,1.34544,1.34544,1.34534,1.3454,0
2026-05-27 03:56:00+00:00,1.3454,1.34545,1.3454,1.34543,0
2026-05-27 03:57:00+00:00,1.34543,1.34544,1.34532,1.34544,0
2026-05-27 03:58:00+00:00,1.34544,1.34549,1.34542,1.34542,0
2026-05-27 03:59:00+00:00,1.34543,1.34548,1.34542,1.34545,0
2026-05-27 04:00:00+00:00,1.34545,1.34547,1.34538,1.34543,0
2026-05-27 04:01:00+00:00,1.34544,1.34548,1.34542,1.34547,0
2026-05-27 04:02:00+00:00,1.34546,1.34548,1.34542,1.34543,0
2026-05-27 04:03:00+00:00,1.34544,1.34545,1.34539,1.34542,0
2026-05-27 04:04:00+00:00,1.34541,1.34546,1.3454,1.34544,0
2026-05-27 04:05:00+00:00,1.34542,1.34544,1.3454,1.34543,0
2026-05-27 04:06:00+00:00,1.34544,1.34548,1.34543,1.34546,0
2026-05-27 04:07:00+00:00,1.34547,1.34554,1.34544,1.34551,0
2026-05-27 04:08:00+00:00,1.34551,1.34552,1.34547,1.34547,0
2026-05-27 04:09:00+00:00,1.34547,1.34548,1.34544,1.34548,0
2026-05-27 04:10:00+00:00,1.34546,1.34551,1.34545,1.34545,0
2026-05-27 04:11:00+00:00,1.34544,1.34548,1.34544,1.34548,0
2026-05-27 04:12:00+00:00,1.34547,1.34554,1.34547,1.34551,0
2026-05-27 04:13:00+00:00,1.34553,1.34559,1.34552,1.34555,0
2026-05-27 04:14:00+00:00,1.34552,1.34553,1.34544,1.34546,0
2026-05-27 04:15:00+00:00,1.34544,1.34546,1.34541,1.34543,0
2026-05-27 04:16:00+00:00,1.34544,1.34546,1.34543,1.34544,0
2026-05-27 04:17:00+00:00,1.34544,1.34544,1.34541,1.34542,0
2026-05-27 04:18:00+00:00,1.34542,1.34547,1.34542,1.34547,0
2026-05-27 04:19:00+00:00,1.34544,1.34547,1.34544,1.34544,0
2026-05-27 04:20:00+00:00,1.34544,1.34547,1.34544,1.34547,0
2026-05-27 04:21:00+00:00,1.34547,1.34562,1.34545,1.34557,0
2026-05-27 04:22:00+00:00,1.34556,1.34558,1.34546,1.34546,0
2026-05-27 04:23:00+00:00,1.34546,1.34551,1.34543,1.3455,0
2026-05-27 04:24:00+00:00,1.34552,1.34553,1.34541,1.34541,0
2026-05-27 04:25:00+00:00,1.34545,1.34545,1.34537,1.34541,0
2026-05-27 04:26:00+00:00,1.3454,1.34546,1.34538,1.34538,0
2026-05-27 04:27:00+00:00,1.34537,1.34544,1.34536,1.34536,0
2026-05-27 04:28:00+00:00,1.34538,1.34539,1.34532,1.34532,0
2026-05-27 04:29:00+00:00,1.34534,1.34542,1.34526,1.34527,0
2026-05-27 04:30:00+00:00,1.34527,1.34534,1.34525,1.34531,0
2026-05-27 04:31:00+00:00,1.34532,1.3454,1.34529,1.3453,0
2026-05-27 04:32:00+00:00,1.3453,1.34535,1.34528,1.34535,0
2026-05-27 04:33:00+00:00,1.34534,1.34544,1.34533,1.34542,0
2026-05-27 04:34:00+00:00,1.34544,1.34551,1.34542,1.34544,0
2026-05-27 04:35:00+00:00,1.34545,1.34545,1.3454,1.34544,0
2026-05-27 04:36:00+00:00,1.34544,1.34545,1.3454,1.34543,0
2026-05-27 04:37:00+00:00,1.34543,1.34544,1.34539,1.34543,0
2026-05-27 04:38:00+00:00,1.34542,1.34545,1.3454,1.34541,0
2026-05-27 04:39:00+00:00,1.34542,1.34544,1.34536,1.34543,0
2026-05-27 04:40:00+00:00,1.34543,1.34543,1.34537,1.34538,0
2026-05-27 04:41:00+00:00,1.34537,1.34538,1.34531,1.34532,0
2026-05-27 04:42:00+00:00,1.34531,1.34533,1.34531,1.34532,0
2026-05-27 04:43:00+00:00,1.34532,1.34541,1.34531,1.34539,0
2026-05-27 04:44:00+00:00,1.34539,1.34555,1.34536,1.34555,0
2026-05-27 04:45:00+00:00,1.34554,1.34555,1.34542,1.34545,0
2026-05-27 04:46:00+00:00,1.34545,1.34547,1.34544,1.34545,0
2026-05-27 04:47:00+00:00,1.34546,1.34548,1.34544,1.34546,0
2026-05-27 04:48:00+00:00,1.34546,1.3455,1.34542,1.34543,0
2026-05-27 04:49:00+00:00,1.34542,1.34551,1.34541,1.34548,0
2026-05-27 04:50:00+00:00,1.34549,1.34549,1.34543,1.34543,0
2026-05-27 04:51:00+00:00,1.34542,1.34543,1.34539,1.34541,0
2026-05-27 04:52:00+00:00,1.34541,1.34545,1.34537,1.34544,0
2026-05-27 04:53:00+00:00,1.34542,1.34545,1.34534,1.34544,0
2026-05-27 04:54:00+00:00,1.34544,1.34545,1.3454,1.34542,0
2026-05-27 04:55:00+00:00,1.34541,1.34547,1.34533,1.34536,0
2026-05-27 04:56:00+00:00,1.34536,1.34536,1.3453,1.34533,0
2026-05-27 04:57:00+00:00,1.34532,1.34537,1.34531,1.34534,0
2026-05-27 04:58:00+00:00,1.34536,1.34536,1.34527,1.34535,0
2026-05-27 04:59:00+00:00,1.34534,1.34538,1.34534,1.34537,0
2026-05-27 05:00:00+00:00,1.34537,1.34537,1.34528,1.34532,0
2026-05-27 05:01:00+00:00,1.34533,1.34546,1.34532,1.3454,0
2026-05-27 05:02:00+00:00,1.34542,1.34543,1.34533,1.34538,0
2026-05-27 05:03:00+00:00,1.34537,1.34542,1.34536,1.34539,0
2026-05-27 05:04:00+00:00,1.34538,1.34564,1.34538,1.34563,0
2026-05-27 05:05:00+00:00,1.34562,1.34563,1.34554,1.34558,0
2026-05-27 05:06:00+00:00,1.34558,1.34559,1.34553,1.34556,0
2026-05-27 05:07:00+00:00,1.34554,1.34558,1.34554,1.34555,0
2026-05-27 05:08:00+00:00,1.34554,1.34554,1.34548,1.34554,0
2026-05-27 05:09:00+00:00,1.34554,1.34555,1.34553,1.34555,0
2026-05-27 05:10:00+00:00,1.34555,1.34555,1.34547,1.34554,0
2026-05-27 05:11:00+00:00,1.34554,1.34558,1.34553,1.34555,0
2026-05-27 05:12:00+00:00,1.34554,1.34559,1.34541,1.34543,0
2026-05-27 05:13:00+00:00,1.34544,1.34548,1.34542,1.34542,0
2026-05-27 05:14:00+00:00,1.34542,1.34555,1.34542,1.34553,0
2026-05-27 05:15:00+00:00,1.34553,1.34554,1.34545,1.34545,0
2026-05-27 05:16:00+00:00,1.34544,1.34545,1.34538,1.34545,0
2026-05-27 05:17:00+00:00,1.34545,1.34545,1.34543,1.34544,0
2026-05-27 05:18:00+00:00,1.34544,1.34545,1.34537,1.3454,0
2026-05-27 05:19:00+00:00,1.34539,1.3454,1.34536,1.34539,0
2026-05-27 05:20:00+00:00,1.34539,1.34541,1.34535,1.34538,0
2026-05-27 05:21:00+00:00,1.34539,1.34548,1.34535,1.34547,0
2026-05-27 05:22:00+00:00,1.34548,1.34548,1.34543,1.34543,0
2026-05-27 05:23:00+00:00,1.34544,1.34544,1.34541,1.34544,0
2026-05-27 05:24:00+00:00,1.34543,1.3456,1.34543,1.34559,0
2026-05-27 05:25:00+00:00,1.34558,1.34558,1.34547,1.34547,0
2026-05-27 05:26:00+00:00,1.34548,1.34555,1.34548,1.34555,0
2026-05-27 05:27:00+00:00,1.34554,1.34557,1.34554,1.34556,0
2026-05-27 05:28:00+00:00,1.34558,1.34558,1.34549,1.34551,0
2026-05-27 05:29:00+00:00,1.34553,1.34564,1.34552,1.34555,0
2026-05-27 05:30:00+00:00,1.34556,1.3456,1.34554,1.34555,0
2026-05-27 05:31:00+00:00,1.34555,1.34555,1.3455,1.34552,0
2026-05-27 05:32:00+00:00,1.34552,1.34552,1.34541,1.34546,0
2026-05-27 05:33:00+00:00,1.34543,1.34543,1.34525,1.34534,0
2026-05-27 05:34:00+00:00,1.34534,1.34534,1.34526,1.34526,0
2026-05-27 05:35:00+00:00,1.34526,1.34534,1.34522,1.34533,0
2026-05-27 05:36:00+00:00,1.34532,1.34544,1.34532,1.34543,0
2026-05-27 05:37:00+00:00,1.34541,1.34546,1.34537,1.34537,0
2026-05-27 05:38:00+00:00,1.34534,1.34535,1.34529,1.34535,0
2026-05-27 05:39:00+00:00,1.34534,1.34536,1.3453,1.3453,0
2026-05-27 05:40:00+00:00,1.34531,1.34535,1.34531,1.34533,0
2026-05-27 05:41:00+00:00,1.34533,1.34534,1.34527,1.34534,0
2026-05-27 05:42:00+00:00,1.34534,1.34536,1.34521,1.34524,0
2026-05-27 05:43:00+00:00,1.34525,1.34525,1.3452,1.34523,0
2026-05-27 05:44:00+00:00,1.34524,1.34536,1.34516,1.34534,0
2026-05-27 05:45:00+00:00,1.34532,1.34534,1.34525,1.34526,0
2026-05-27 05:46:00+00:00,1.34527,1.34535,1.34526,1.34527,0
2026-05-27 05:47:00+00:00,1.34526,1.34528,1.34526,1.34526,0
2026-05-27 05:48:00+00:00,1.34526,1.34526,1.34517,1.34517,0
2026-05-27 05:49:00+00:00,1.34517,1.34518,1.34507,1.34515,0
2026-05-27 05:50:00+00:00,1.34514,1.34528,1.34513,1.34526,0
2026-05-27 05:51:00+00:00,1.34527,1.34536,1.34522,1.34535,0
2026-05-27 05:52:00+00:00,1.34535,1.34541,1.34534,1.34538,0
2026-05-27 05:53:00+00:00,1.34539,1.3454,1.34527,1.34527,0
2026-05-27 05:54:00+00:00,1.34527,1.34533,1.34526,1.34526,0
2026-05-27 05:55:00+00:00,1.34528,1.34529,1.34516,1.34524,0
2026-05-27 05:56:00+00:00,1.34524,1.34527,1.34522,1.34523,0
2026-05-27 05:57:00+00:00,1.34522,1.34523,1.34499,1.34504,0
2026-05-27 05:58:00+00:00,1.34505,1.34514,1.34505,1.34506,0
2026-05-27 05:59:00+00:00,1.34505,1.34507,1.34487,1.34492,0
2026-05-27 06:00:00+00:00,1.34491,1.34494,1.34463,1.34474,0
2026-05-27 06:01:00+00:00,1.34474,1.34485,1.3447,1.34472,0
2026-05-27 06:02:00+00:00,1.34473,1.34475,1.34459,1.34462,0
2026-05-27 06:03:00+00:00,1.34462,1.34473,1.34462,1.34467,0
2026-05-27 06:04:00+00:00,1.34467,1.34467,1.3446,1.34465,0
2026-05-27 06:05:00+00:00,1.34465,1.34468,1.34464,1.34467,0
2026-05-27 06:06:00+00:00,1.34467,1.34484,1.34465,1.34483,0
2026-05-27 06:07:00+00:00,1.34481,1.34488,1.34469,1.34483,0
2026-05-27 06:08:00+00:00,1.34483,1.34495,1.34483,1.34489,0
2026-05-27 06:09:00+00:00,1.34488,1.34494,1.34484,1.34489,0
2026-05-27 06:10:00+00:00,1.3449,1.34498,1.3449,1.34496,0
2026-05-27 06:11:00+00:00,1.34496,1.34497,1.34488,1.34491,0
2026-05-27 06:12:00+00:00,1.34491,1.34493,1.3448,1.34483,0
2026-05-27 06:13:00+00:00,1.34483,1.34491,1.34482,1.34482,0
2026-05-27 06:14:00+00:00,1.34483,1.34483,1.34457,1.34465,0
2026-05-27 06:15:00+00:00,1.34464,1.34475,1.34464,1.34469,0
2026-05-27 06:16:00+00:00,1.34471,1.34475,1.34464,1.34464,0
2026-05-27 06:17:00+00:00,1.34465,1.34473,1.34463,1.34469,0
2026-05-27 06:18:00+00:00,1.3447,1.34475,1.34458,1.34458,0
2026-05-27 06:19:00+00:00,1.34461,1.34466,1.34457,1.34466,0
2026-05-27 06:20:00+00:00,1.34467,1.34475,1.34467,1.34468,0
2026-05-27 06:21:00+00:00,1.34468,1.34468,1.34445,1.34452,0
2026-05-27 06:22:00+00:00,1.34452,1.34458,1.34445,1.34455,0
2026-05-27 06:23:00+00:00,1.34454,1.34474,1.34448,1.34474,0
2026-05-27 06:24:00+00:00,1.34474,1.34476,1.34463,1.34468,0
2026-05-27 06:25:00+00:00,1.34466,1.34468,1.34458,1.34461,0
2026-05-27 06:26:00+00:00,1.34461,1.34462,1.34448,1.34449,0
2026-05-27 06:27:00+00:00,1.34451,1.34455,1.34446,1.34451,0
2026-05-27 06:28:00+00:00,1.34452,1.34467,1.3445,1.34467,0
2026-05-27 06:29:00+00:00,1.34471,1.34471,1.34462,1.34466,0
2026-05-27 06:30:00+00:00,1.34466,1.34469,1.34458,1.34464,0
2026-05-27 06:31:00+00:00,1.34462,1.34463,1.34446,1.34453,0
2026-05-27 06:32:00+00:00,1.34454,1.34456,1.34442,1.34456,0
2026-05-27 06:33:00+00:00,1.34455,1.34466,1.34454,1.34459,0
2026-05-27 06:34:00+00:00,1.34457,1.34465,1.34453,1.34465,0
2026-05-27 06:35:00+00:00,1.34464,1.3447,1.34459,1.34465,0
2026-05-27 06:36:00+00:00,1.34466,1.34475,1.34459,1.3447,0
2026-05-27 06:37:00+00:00,1.34472,1.34484,1.34472,1.34482,0
2026-05-27 06:38:00+00:00,1.34481,1.34487,1.34479,1.34483,0
2026-05-27 06:39:00+00:00,1.34481,1.34494,1.34477,1.3449,0
2026-05-27 06:40:00+00:00,1.3449,1.34499,1.34489,1.3449,0
2026-05-27 06:41:00+00:00,1.3449,1.34496,1.34483,1.34493,0
2026-05-27 06:42:00+00:00,1.34494,1.34497,1.34487,1.34494,0
2026-05-27 06:43:00+00:00,1.34495,1.34504,1.34494,1.34501,0
2026-05-27 06:44:00+00:00,1.345,1.34542,1.345,1.34541,0
2026-05-27 06:45:00+00:00,1.34541,1.34552,1.34538,1.34538,0
2026-05-27 06:46:00+00:00,1.34543,1.34545,1.34531,1.34538,0
2026-05-27 06:47:00+00:00,1.34536,1.34557,1.34535,1.34555,0
2026-05-27 06:48:00+00:00,1.34553,1.34558,1.34548,1.34548,0
2026-05-27 06:49:00+00:00,1.34547,1.34549,1.34539,1.34546,0
2026-05-27 06:50:00+00:00,1.34546,1.34546,1.34534,1.34538,0
2026-05-27 06:51:00+00:00,1.34537,1.34553,1.34537,1.34545,0
2026-05-27 06:52:00+00:00,1.34545,1.34547,1.34542,1.34543,0
2026-05-27 06:53:00+00:00,1.34542,1.34544,1.34534,1.34534,0
2026-05-27 06:54:00+00:00,1.34532,1.34534,1.3451,1.34515,0
2026-05-27 06:55:00+00:00,1.34514,1.34536,1.34514,1.34533,0
2026-05-27 06:56:00+00:00,1.34528,1.34529,1.34516,1.3452,0
2026-05-27 06:57:00+00:00,1.34521,1.34521,1.34507,1.3451,0
2026-05-27 06:58:00+00:00,1.34511,1.3452,1.34508,1.34508,0
2026-05-27 06:59:00+00:00,1.34509,1.34523,1.34508,1.34522,0
2026-05-27 07:00:00+00:00,1.34526,1.34539,1.34515,1.34536,0
2026-05-27 07:01:00+00:00,1.34538,1.34542,1.34523,1.3454,0
2026-05-27 07:02:00+00:00,1.34539,1.3456,1.34536,1.34552,0
2026-05-27 07:03:00+00:00,1.34551,1.34552,1.3453,1.34532,0
2026-05-27 07:04:00+00:00,1.34533,1.34536,1.34514,1.34523,0
2026-05-27 07:05:00+00:00,1.34523,1.34528,1.34514,1.34527,0
2026-05-27 07:06:00+00:00,1.34527,1.34527,1.34512,1.34517,0
2026-05-27 07:07:00+00:00,1.34518,1.34527,1.34515,1.34525,0
2026-05-27 07:08:00+00:00,1.34523,1.34538,1.34515,1.34515,0
2026-05-27 07:09:00+00:00,1.34515,1.34515,1.34502,1.34507,0
2026-05-27 07:10:00+00:00,1.34508,1.34514,1.34505,1.34505,0
2026-05-27 07:11:00+00:00,1.34507,1.34516,1.34504,1.34515,0
2026-05-27 07:12:00+00:00,1.34515,1.34515,1.34505,1.34505,0
2026-05-27 07:13:00+00:00,1.34505,1.34513,1.34493,1.34493,0
2026-05-27 07:14:00+00:00,1.34495,1.34498,1.34495,1.34498,0
2026-05-27 07:15:00+00:00,1.34497,1.34497,1.34488,1.34488,0
2026-05-27 07:16:00+00:00,1.34488,1.34497,1.34484,1.34495,0
2026-05-27 07:17:00+00:00,1.34494,1.34494,1.34484,1.3449,0
2026-05-27 07:18:00+00:00,1.34489,1.34503,1.34485,1.34495,0
2026-05-27 07:19:00+00:00,1.34492,1.34495,1.34488,1.34495,0
2026-05-27 07:20:00+00:00,1.34495,1.34496,1.34482,1.34482,0
2026-05-27 07:21:00+00:00,1.34484,1.34486,1.34474,1.34475,0
2026-05-27 07:22:00+00:00,1.34475,1.34475,1.34464,1.34474,0
2026-05-27 07:23:00+00:00,1.34473,1.34474,1.34467,1.3447,0
2026-05-27 07:24:00+00:00,1.34473,1.34486,1.34473,1.34476,0
2026-05-27 07:25:00+00:00,1.34476,1.34476,1.34469,1.34474,0
2026-05-27 07:26:00+00:00,1.34476,1.34478,1.34466,1.34469,0
2026-05-27 07:27:00+00:00,1.34468,1.34481,1.34468,1.34477,0
2026-05-27 07:28:00+00:00,1.34477,1.34488,1.34466,1.34479,0
2026-05-27 07:29:00+00:00,1.34479,1.34485,1.34474,1.34477,0
2026-05-27 07:30:00+00:00,1.34476,1.34477,1.34463,1.34465,0
2026-05-27 07:31:00+00:00,1.34461,1.34485,1.34458,1.34483,0
2026-05-27 07:32:00+00:00,1.34481,1.34485,1.34469,1.3447,0
2026-05-27 07:33:00+00:00,1.34474,1.34484,1.34468,1.34484,0
2026-05-27 07:34:00+00:00,1.34483,1.34484,1.34474,1.34477,0
2026-05-27 07:35:00+00:00,1.34476,1.34476,1.34466,1.3447,0
2026-05-27 07:36:00+00:00,1.34475,1.34483,1.34474,1.34476,0
2026-05-27 07:37:00+00:00,1.34477,1.34484,1.34465,1.34469,0
2026-05-27 07:38:00+00:00,1.34469,1.34473,1.34462,1.34465,0
2026-05-27 07:39:00+00:00,1.34466,1.34486,1.34465,1.34485,0
2026-05-27 07:40:00+00:00,1.34486,1.34486,1.34475,1.34479,0
2026-05-27 07:41:00+00:00,1.34479,1.34483,1.34461,1.34468,0
2026-05-27 07:42:00+00:00,1.34468,1.34472,1.34466,1.3447,0
2026-05-27 07:43:00+00:00,1.34469,1.34481,1.34467,1.34481,0
2026-05-27 07:44:00+00:00,1.34481,1.34485,1.34476,1.34485,0
2026-05-27 07:45:00+00:00,1.34484,1.34484,1.34472,1.34472,0
2026-05-27 07:46:00+00:00,1.34473,1.34479,1.3447,1.34473,0
2026-05-27 07:47:00+00:00,1.34474,1.34474,1.34454,1.34455,0
2026-05-27 07:48:00+00:00,1.34456,1.34457,1.34436,1.34436,0
2026-05-27 07:49:00+00:00,1.34436,1.34438,1.34423,1.34425,0
2026-05-27 07:50:00+00:00,1.34425,1.34428,1.34417,1.34424,0
2026-05-27 07:51:00+00:00,1.34424,1.34438,1.34421,1.34435,0
2026-05-27 07:52:00+00:00,1.34437,1.34437,1.34425,1.34426,0
2026-05-27 07:53:00+00:00,1.34428,1.34444,1.34423,1.3444,0
2026-05-27 07:54:00+00:00,1.3444,1.34445,1.34436,1.34444,0
2026-05-27 07:55:00+00:00,1.34445,1.34445,1.34433,1.34438,0
2026-05-27 07:56:00+00:00,1.34437,1.34438,1.34427,1.34431,0
2026-05-27 07:57:00+00:00,1.34431,1.34438,1.34428,1.34436,0
2026-05-27 07:58:00+00:00,1.34438,1.34439,1.34428,1.34432,0
2026-05-27 07:59:00+00:00,1.34431,1.34431,1.34424,1.34428,0
2026-05-27 08:00:00+00:00,1.34429,1.34429,1.3441,1.34425,0
2026-05-27 08:01:00+00:00,1.34423,1.34455,1.3442,1.34449,0
2026-05-27 08:02:00+00:00,1.34447,1.34475,1.34446,1.34453,0
2026-05-27 08:03:00+00:00,1.34455,1.34457,1.34436,1.3445,0
2026-05-27 08:04:00+00:00,1.3445,1.34456,1.34446,1.34455,0
2026-05-27 08:05:00+00:00,1.34454,1.34461,1.34451,1.34453,0
2026-05-27 08:06:00+00:00,1.34455,1.34463,1.34437,1.34443,0
2026-05-27 08:07:00+00:00,1.34442,1.34445,1.34434,1.34435,0
2026-05-27 08:08:00+00:00,1.34435,1.34455,1.34435,1.34453,0
2026-05-27 08:09:00+00:00,1.34452,1.34459,1.34447,1.34448,0
2026-05-27 08:10:00+00:00,1.34447,1.34463,1.3444,1.3446,0
2026-05-27 08:11:00+00:00,1.3446,1.3447,1.34457,1.34468,0
2026-05-27 08:12:00+00:00,1.34468,1.3448,1.34464,1.34478,0
2026-05-27 08:13:00+00:00,1.34479,1.34507,1.34478,1.34498,0
2026-05-27 08:14:00+00:00,1.34499,1.34501,1.34478,1.34479,0
2026-05-27 08:15:00+00:00,1.34483,1.34508,1.34481,1.34505,0
2026-05-27 08:16:00+00:00,1.34506,1.34509,1.34497,1.34505,0
2026-05-27 08:17:00+00:00,1.34505,1.34517,1.34498,1.34498,0
2026-05-27 08:18:00+00:00,1.34498,1.34503,1.34465,1.34466,0
2026-05-27 08:19:00+00:00,1.34466,1.34468,1.34445,1.34445,0
2026-05-27 08:20:00+00:00,1.34446,1.34458,1.34435,1.34438,0
2026-05-27 08:21:00+00:00,1.34438,1.3445,1.34437,1.34445,0
2026-05-27 08:22:00+00:00,1.34445,1.34447,1.34435,1.34444,0
2026-05-27 08:23:00+00:00,1.34444,1.34458,1.34433,1.34444,0
2026-05-27 08:24:00+00:00,1.34445,1.34445,1.34426,1.34432,0
2026-05-27 08:25:00+00:00,1.34432,1.34437,1.34427,1.34435,0
2026-05-27 08:26:00+00:00,1.34434,1.34436,1.34428,1.34434,0
2026-05-27 08:27:00+00:00,1.34435,1.3444,1.3443,1.34438,0
2026-05-27 08:28:00+00:00,1.34442,1.34455,1.34442,1.34455,0
2026-05-27 08:29:00+00:00,1.34456,1.34469,1.34456,1.34467,0
2026-05-27 08:30:00+00:00,1.34469,1.34469,1.3445,1.3445,0
2026-05-27 08:31:00+00:00,1.34451,1.34451,1.34445,1.34445,0
2026-05-27 08:32:00+00:00,1.34446,1.3445,1.34443,1.34449,0
2026-05-27 08:33:00+00:00,1.34448,1.34449,1.34442,1.34442,0
2026-05-27 08:34:00+00:00,1.34441,1.34455,1.34437,1.34455,0
2026-05-27 08:35:00+00:00,1.34459,1.34459,1.34437,1.3444,0
2026-05-27 08:36:00+00:00,1.34438,1.34442,1.34436,1.34438,0
2026-05-27 08:37:00+00:00,1.34444,1.34451,1.34436,1.34438,0
2026-05-27 08:38:00+00:00,1.34438,1.34447,1.34438,1.3444,0
2026-05-27 08:39:00+00:00,1.34443,1.34443,1.34426,1.34433,0
2026-05-27 08:40:00+00:00,1.34435,1.34445,1.34435,1.34444,0
2026-05-27 08:41:00+00:00,1.34445,1.34448,1.34443,1.34446,0
2026-05-27 08:42:00+00:00,1.34444,1.34458,1.34443,1.34455,0
2026-05-27 08:43:00+00:00,1.34455,1.34455,1.34444,1.34447,0
2026-05-27 08:44:00+00:00,1.34448,1.34455,1.34445,1.34455,0
2026-05-27 08:45:00+00:00,1.34453,1.34454,1.34448,1.34454,0
2026-05-27 08:46:00+00:00,1.34455,1.34458,1.3445,1.34458,0
2026-05-27 08:47:00+00:00,1.3446,1.34473,1.34453,1.34453,0
2026-05-27 08:48:00+00:00,1.34454,1.34454,1.34446,1.34449,0
2026-05-27 08:49:00+00:00,1.34449,1.34451,1.34438,1.34439,0
2026-05-27 08:50:00+00:00,1.3444,1.34452,1.3444,1.34447,0
2026-05-27 08:51:00+00:00,1.34446,1.34446,1.34434,1.34438,0
2026-05-27 08:52:00+00:00,1.34443,1.34451,1.34438,1.3444,0
2026-05-27 08:53:00+00:00,1.34439,1.34439,1.34425,1.34435,0
2026-05-27 08:54:00+00:00,1.34434,1.34434,1.34422,1.34422,0
2026-05-27 08:55:00+00:00,1.34424,1.34429,1.34417,1.34429,0
2026-05-27 08:56:00+00:00,1.34428,1.34434,1.34426,1.34429,0
2026-05-27 08:57:00+00:00,1.34428,1.34458,1.34418,1.34458,0
2026-05-27 08:58:00+00:00,1.3446,1.34472,1.34459,1.34468,0
2026-05-27 08:59:00+00:00,1.34467,1.34469,1.34456,1.34462,0
2026-05-27 09:00:00+00:00,1.34461,1.34475,1.34453,1.34456,0
2026-05-27 09:01:00+00:00,1.34456,1.34464,1.34452,1.34459,0
2026-05-27 09:02:00+00:00,1.34459,1.34467,1.34448,1.34448,0
2026-05-27 09:03:00+00:00,1.34449,1.34479,1.34449,1.34479,0
2026-05-27 09:04:00+00:00,1.34478,1.34479,1.34476,1.34477,0
2026-05-27 09:05:00+00:00,1.34478,1.34478,1.34458,1.34458,0
2026-05-27 09:06:00+00:00,1.34459,1.3447,1.34459,1.34466,0
2026-05-27 09:07:00+00:00,1.34467,1.34477,1.34467,1.34477,0
2026-05-27 09:08:00+00:00,1.34477,1.34479,1.34468,1.34478,0
2026-05-27 09:09:00+00:00,1.34479,1.34489,1.34476,1.34487,0
2026-05-27 09:10:00+00:00,1.34487,1.34503,1.34478,1.34503,0
2026-05-27 09:11:00+00:00,1.34503,1.34507,1.34497,1.34497,0
2026-05-27 09:12:00+00:00,1.34499,1.345,1.34479,1.3448,0
2026-05-27 09:13:00+00:00,1.34481,1.34493,1.34478,1.34491,0
2026-05-27 09:14:00+00:00,1.34492,1.34494,1.34479,1.34487,0
2026-05-27 09:15:00+00:00,1.34488,1.34505,1.34487,1.34504,0
2026-05-27 09:16:00+00:00,1.34505,1.34506,1.34495,1.34498,0
2026-05-27 09:17:00+00:00,1.34497,1.34508,1.34495,1.34508,0
2026-05-27 09:18:00+00:00,1.34507,1.34507,1.34491,1.34505,0
2026-05-27 09:19:00+00:00,1.34506,1.34506,1.34495,1.34504,0
2026-05-27 09:20:00+00:00,1.34505,1.34514,1.34494,1.34509,0
2026-05-27 09:21:00+00:00,1.34511,1.3452,1.34506,1.34513,0
2026-05-27 09:22:00+00:00,1.34513,1.34516,1.34504,1.34505,0
2026-05-27 09:23:00+00:00,1.34504,1.34505,1.34484,1.34484,0
2026-05-27 09:24:00+00:00,1.34485,1.34492,1.34485,1.34486,0
2026-05-27 09:25:00+00:00,1.34485,1.34488,1.34472,1.34482,0
2026-05-27 09:26:00+00:00,1.34483,1.34485,1.34474,1.34478,0
2026-05-27 09:27:00+00:00,1.34478,1.34482,1.34472,1.34475,0
2026-05-27 09:28:00+00:00,1.34473,1.34484,1.34471,1.34484,0
2026-05-27 09:29:00+00:00,1.34484,1.34498,1.34482,1.34497,0
2026-05-27 09:30:00+00:00,1.34497,1.34497,1.34485,1.34486,0
2026-05-27 09:31:00+00:00,1.34484,1.34495,1.34484,1.3449,0
2026-05-27 09:32:00+00:00,1.34493,1.34497,1.34486,1.34486,0
2026-05-27 09:33:00+00:00,1.34486,1.34496,1.34482,1.34496,0
2026-05-27 09:34:00+00:00,1.34496,1.34497,1.34486,1.3449,0
2026-05-27 09:35:00+00:00,1.34488,1.34492,1.34479,1.34487,0
2026-05-27 09:36:00+00:00,1.34487,1.34487,1.34485,1.34487,0
2026-05-27 09:37:00+00:00,1.34488,1.34491,1.34473,1.34475,0
2026-05-27 09:38:00+00:00,1.34475,1.34476,1.3447,1.34474,0
2026-05-27 09:39:00+00:00,1.34476,1.34483,1.34472,1.34473,0
2026-05-27 09:40:00+00:00,1.34473,1.34475,1.34473,1.34474,0
2026-05-27 09:41:00+00:00,1.34473,1.34474,1.34462,1.34472,0
2026-05-27 09:42:00+00:00,1.34474,1.34474,1.34466,1.34466,0
2026-05-27 09:43:00+00:00,1.34467,1.34469,1.34463,1.34467,0
2026-05-27 09:44:00+00:00,1.34467,1.34469,1.34458,1.34458,0
2026-05-27 09:45:00+00:00,1.34459,1.34465,1.34448,1.34448,0
2026-05-27 09:46:00+00:00,1.34448,1.34465,1.34448,1.34459,0
2026-05-27 09:47:00+00:00,1.34459,1.34459,1.34447,1.34447,0
2026-05-27 09:48:00+00:00,1.34448,1.34456,1.34448,1.34456,0
2026-05-27 09:49:00+00:00,1.34458,1.34467,1.34457,1.3446,0
2026-05-27 09:50:00+00:00,1.3446,1.34478,1.3446,1.34478,0
2026-05-27 09:51:00+00:00,1.34476,1.34481,1.34476,1.3448,0
2026-05-27 09:52:00+00:00,1.34484,1.34487,1.34476,1.34477,0
2026-05-27 09:53:00+00:00,1.34477,1.34487,1.34473,1.34486,0
2026-05-27 09:54:00+00:00,1.34486,1.34496,1.34485,1.34496,0
2026-05-27 09:55:00+00:00,1.34496,1.34516,1.34496,1.34516,0
2026-05-27 09:56:00+00:00,1.34517,1.34518,1.34506,1.34506,0
2026-05-27 09:57:00+00:00,1.34506,1.34506,1.34486,1.34486,0
2026-05-27 09:58:00+00:00,1.34484,1.34484,1.34475,1.34479,0
2026-05-27 09:59:00+00:00,1.34479,1.34481,1.34448,1.3445,0
2026-05-27 10:00:00+00:00,1.34449,1.34453,1.34441,1.34447,0
2026-05-27 10:01:00+00:00,1.34447,1.34448,1.34436,1.34439,0
2026-05-27 10:02:00+00:00,1.34441,1.34442,1.3443,1.3443,0
2026-05-27 10:03:00+00:00,1.34431,1.34439,1.34426,1.34432,0
2026-05-27 10:04:00+00:00,1.34431,1.34447,1.34431,1.34444,0
2026-05-27 10:05:00+00:00,1.34442,1.34448,1.34439,1.34446,0
2026-05-27 10:06:00+00:00,1.34447,1.3445,1.34444,1.34448,0
2026-05-27 10:07:00+00:00,1.34451,1.34454,1.34446,1.34451,0
2026-05-27 10:08:00+00:00,1.34455,1.34459,1.34452,1.34456,0
2026-05-27 10:09:00+00:00,1.34456,1.34457,1.34446,1.34449,0
2026-05-27 10:10:00+00:00,1.34447,1.34447,1.34425,1.34427,0
2026-05-27 10:11:00+00:00,1.34432,1.34444,1.34432,1.34436,0
2026-05-27 10:12:00+00:00,1.34438,1.3445,1.34438,1.34446,0
2026-05-27 10:13:00+00:00,1.34446,1.34446,1.34437,1.34438,0
2026-05-27 10:14:00+00:00,1.34438,1.3444,1.34427,1.34428,0
2026-05-27 10:15:00+00:00,1.34427,1.34429,1.34419,1.34424,0
2026-05-27 10:16:00+00:00,1.34425,1.34425,1.34407,1.3441,0
2026-05-27 10:17:00+00:00,1.34411,1.34415,1.34407,1.34412,0
2026-05-27 10:18:00+00:00,1.34412,1.34412,1.34393,1.34396,0
2026-05-27 10:19:00+00:00,1.34396,1.34403,1.3439,1.34391,0
2026-05-27 10:20:00+00:00,1.34391,1.34397,1.34385,1.34395,0
2026-05-27 10:21:00+00:00,1.34394,1.34394,1.34377,1.34377,0
2026-05-27 10:22:00+00:00,1.34375,1.34386,1.34375,1.34375,0
2026-05-27 10:23:00+00:00,1.34376,1.34379,1.3437,1.3437,0
2026-05-27 10:24:00+00:00,1.34369,1.34386,1.34369,1.34384,0
2026-05-27 10:25:00+00:00,1.34385,1.34389,1.34376,1.34389,0
2026-05-27 10:26:00+00:00,1.34389,1.3439,1.34382,1.34388,0
2026-05-27 10:27:00+00:00,1.34387,1.34394,1.34377,1.34388,0
2026-05-27 10:28:00+00:00,1.34389,1.34393,1.34369,1.34371,0
2026-05-27 10:29:00+00:00,1.3437,1.34371,1.34358,1.34371,0
2026-05-27 10:30:00+00:00,1.3437,1.3437,1.3436,1.34365,0
2026-05-27 10:31:00+00:00,1.34367,1.34387,1.34366,1.34384,0
2026-05-27 10:32:00+00:00,1.34384,1.34391,1.34382,1.3439,0
2026-05-27 10:33:00+00:00,1.34392,1.34396,1.34385,1.34388,0
2026-05-27 10:34:00+00:00,1.34388,1.344,1.34388,1.34396,0
2026-05-27 10:35:00+00:00,1.34398,1.34398,1.3439,1.34392,0
2026-05-27 10:36:00+00:00,1.34392,1.34397,1.34391,1.34395,0
2026-05-27 10:37:00+00:00,1.34395,1.34398,1.34394,1.34398,0
2026-05-27 10:38:00+00:00,1.34399,1.34408,1.34398,1.34407,0
2026-05-27 10:39:00+00:00,1.34405,1.34405,1.34373,1.34378,0
2026-05-27 10:40:00+00:00,1.3438,1.34391,1.34375,1.34385,0
2026-05-27 10:41:00+00:00,1.34386,1.34399,1.34386,1.34387,0
2026-05-27 10:42:00+00:00,1.34385,1.34404,1.34385,1.34403,0
2026-05-27 10:43:00+00:00,1.34402,1.34407,1.34402,1.34407,0
2026-05-27 10:44:00+00:00,1.34407,1.34409,1.34391,1.34409,0
2026-05-27 10:45:00+00:00,1.3441,1.34419,1.34409,1.34415,0
2026-05-27 10:46:00+00:00,1.34415,1.34415,1.34384,1.34395,0
2026-05-27 10:47:00+00:00,1.34393,1.34395,1.34386,1.34388,0
2026-05-27 10:48:00+00:00,1.34391,1.34401,1.34391,1.34396,0
2026-05-27 10:49:00+00:00,1.34395,1.34408,1.34394,1.34406,0
2026-05-27 10:50:00+00:00,1.34408,1.34409,1.34404,1.34408,0
2026-05-27 10:51:00+00:00,1.34408,1.34409,1.34395,1.34395,0
2026-05-27 10:52:00+00:00,1.34396,1.34398,1.34388,1.34396,0
2026-05-27 10:53:00+00:00,1.34397,1.34397,1.3439,1.34397,0
2026-05-27 10:54:00+00:00,1.34396,1.34406,1.34396,1.34406,0
2026-05-27 10:55:00+00:00,1.34406,1.34409,1.34394,1.34397,0
2026-05-27 10:56:00+00:00,1.34396,1.34398,1.34386,1.34398,0
2026-05-27 10:57:00+00:00,1.34398,1.34408,1.34397,1.34407,0
2026-05-27 10:58:00+00:00,1.34405,1.34409,1.34405,1.34408,0
2026-05-27 10:59:00+00:00,1.34408,1.34416,1.34404,1.34407,0
2026-05-27 11:00:00+00:00,1.34406,1.34424,1.34404,1.34404,0
2026-05-27 11:01:00+00:00,1.34404,1.34407,1.34404,1.34406,0
2026-05-27 11:02:00+00:00,1.34407,1.34416,1.34398,1.34398,0
2026-05-27 11:03:00+00:00,1.34401,1.34404,1.34394,1.34396,0
2026-05-27 11:04:00+00:00,1.34397,1.34399,1.34386,1.34396,0
2026-05-27 11:05:00+00:00,1.34393,1.34393,1.34383,1.34385,0
2026-05-27 11:06:00+00:00,1.34386,1.34386,1.3436,1.3436,0
2026-05-27 11:07:00+00:00,1.34358,1.3436,1.34353,1.34357,0
2026-05-27 11:08:00+00:00,1.34358,1.34367,1.34347,1.34367,0
2026-05-27 11:09:00+00:00,1.34365,1.34368,1.34362,1.34366,0
2026-05-27 11:10:00+00:00,1.34365,1.34366,1.34352,1.34354,0
2026-05-27 11:11:00+00:00,1.34354,1.34355,1.34341,1.34354,0
2026-05-27 11:12:00+00:00,1.34357,1.34387,1.34357,1.34387,0
2026-05-27 11:13:00+00:00,1.34389,1.3439,1.34385,1.34389,0
2026-05-27 11:14:00+00:00,1.34389,1.34398,1.34384,1.34398,0
2026-05-27 11:15:00+00:00,1.34398,1.34414,1.34397,1.34409,0
2026-05-27 11:16:00+00:00,1.34409,1.34414,1.34389,1.34405,0
2026-05-27 11:17:00+00:00,1.34404,1.34409,1.34403,1.34409,0
2026-05-27 11:18:00+00:00,1.34409,1.34409,1.34396,1.34397,0
2026-05-27 11:19:00+00:00,1.34396,1.34396,1.34377,1.34377,0
2026-05-27 11:20:00+00:00,1.34379,1.34381,1.34368,1.34373,0
2026-05-27 11:21:00+00:00,1.34374,1.34379,1.34357,1.34358,0
2026-05-27 11:22:00+00:00,1.34359,1.34375,1.34357,1.34372,0
2026-05-27 11:23:00+00:00,1.34373,1.34379,1.34354,1.34366,0
2026-05-27 11:24:00+00:00,1.34366,1.3438,1.34363,1.34378,0
2026-05-27 11:25:00+00:00,1.34375,1.34379,1.34368,1.34375,0
2026-05-27 11:26:00+00:00,1.34376,1.34378,1.34358,1.34361,0
2026-05-27 11:27:00+00:00,1.34361,1.34364,1.34357,1.34363,0
2026-05-27 11:28:00+00:00,1.34362,1.34362,1.34353,1.34355,0
2026-05-27 11:29:00+00:00,1.34357,1.34358,1.34354,1.34355,0
2026-05-27 11:30:00+00:00,1.34354,1.34355,1.34345,1.34355,0
2026-05-27 11:31:00+00:00,1.34358,1.34369,1.34352,1.3436,0
2026-05-27 11:32:00+00:00,1.34364,1.34368,1.34358,1.34361,0
2026-05-27 11:33:00+00:00,1.3436,1.3436,1.34344,1.34355,0
2026-05-27 11:34:00+00:00,1.34354,1.34357,1.34344,1.34352,0
2026-05-27 11:35:00+00:00,1.34353,1.34377,1.34351,1.34377,0
2026-05-27 11:36:00+00:00,1.34376,1.34377,1.34365,1.34368,0
2026-05-27 11:37:00+00:00,1.34369,1.3438,1.34364,1.34372,0
2026-05-27 11:38:00+00:00,1.3437,1.34384,1.34362,1.34362,0
2026-05-27 11:39:00+00:00,1.34363,1.34364,1.34353,1.34364,0
2026-05-27 11:40:00+00:00,1.34363,1.34364,1.34351,1.34354,0
2026-05-27 11:41:00+00:00,1.34357,1.34363,1.34352,1.34363,0
2026-05-27 11:42:00+00:00,1.34362,1.34362,1.34353,1.34359,0
2026-05-27 11:43:00+00:00,1.34358,1.34375,1.34357,1.34374,0
2026-05-27 11:44:00+00:00,1.34375,1.34385,1.34375,1.34379,0
2026-05-27 11:45:00+00:00,1.3438,1.34384,1.34378,1.34381,0
2026-05-27 11:46:00+00:00,1.34382,1.34384,1.34376,1.34382,0
2026-05-27 11:47:00+00:00,1.34384,1.34384,1.34365,1.34366,0
2026-05-27 11:48:00+00:00,1.34366,1.34367,1.34353,1.34358,0
2026-05-27 11:49:00+00:00,1.34358,1.34368,1.34358,1.34364,0
2026-05-27 11:50:00+00:00,1.34365,1.34368,1.34357,1.34361,0
2026-05-27 11:51:00+00:00,1.34361,1.34361,1.34348,1.34353,0
2026-05-27 11:52:00+00:00,1.34356,1.34357,1.34344,1.34344,0
2026-05-27 11:53:00+00:00,1.34345,1.34346,1.34336,1.34343,0
2026-05-27 11:54:00+00:00,1.34342,1.34345,1.34324,1.34324,0
2026-05-27 11:55:00+00:00,1.34324,1.34326,1.34302,1.34303,0
2026-05-27 11:56:00+00:00,1.34304,1.34317,1.34301,1.34314,0
2026-05-27 11:57:00+00:00,1.34314,1.34327,1.34313,1.34323,0
2026-05-27 11:58:00+00:00,1.34324,1.34337,1.34323,1.34332,0
2026-05-27 11:59:00+00:00,1.34331,1.34347,1.34326,1.34347,0
2026-05-27 12:00:00+00:00,1.34347,1.34352,1.3433,1.34334,0
2026-05-27 12:01:00+00:00,1.34336,1.34346,1.3433,1.34343,0
2026-05-27 12:02:00+00:00,1.34343,1.34357,1.34343,1.34345,0
2026-05-27 12:03:00+00:00,1.34344,1.34344,1.34325,1.34338,0
2026-05-27 12:04:00+00:00,1.34339,1.34342,1.34332,1.34335,0
2026-05-27 12:05:00+00:00,1.34336,1.34345,1.34335,1.3434,0
2026-05-27 12:06:00+00:00,1.34338,1.34353,1.34335,1.34353,0
2026-05-27 12:07:00+00:00,1.34353,1.34356,1.34345,1.34346,0
2026-05-27 12:08:00+00:00,1.34347,1.34355,1.34343,1.3435,0
2026-05-27 12:09:00+00:00,1.34351,1.34356,1.34342,1.34352,0
2026-05-27 12:10:00+00:00,1.34352,1.34356,1.34342,1.34347,0
2026-05-27 12:11:00+00:00,1.34346,1.3435,1.34338,1.34338,0
2026-05-27 12:12:00+00:00,1.34339,1.34339,1.34312,1.34324,0
2026-05-27 12:13:00+00:00,1.34324,1.34331,1.34319,1.34322,0
2026-05-27 12:14:00+00:00,1.34323,1.34336,1.34315,1.34333,0
2026-05-27 12:15:00+00:00,1.34335,1.34337,1.34316,1.34317,0
2026-05-27 12:16:00+00:00,1.34317,1.34331,1.34315,1.34323,0
2026-05-27 12:17:00+00:00,1.34325,1.34329,1.34319,1.34326,0
2026-05-27 12:18:00+00:00,1.34327,1.34445,1.34323,1.34397,0
2026-05-27 12:19:00+00:00,1.34398,1.34444,1.34373,1.34376,0
2026-05-27 12:20:00+00:00,1.34376,1.3443,1.34369,1.34427,0
2026-05-27 12:21:00+00:00,1.34425,1.34496,1.34416,1.34496,0
2026-05-27 12:22:00+00:00,1.34495,1.34559,1.34495,1.34528,0
2026-05-27 12:23:00+00:00,1.34529,1.34561,1.34464,1.34479,0
2026-05-27 12:24:00+00:00,1.3448,1.34488,1.34443,1.34451,0
2026-05-27 12:25:00+00:00,1.34452,1.34527,1.34449,1.34527,0
2026-05-27 12:26:00+00:00,1.34526,1.34549,1.34513,1.34517,0
2026-05-27 12:27:00+00:00,1.34516,1.34528,1.34484,1.34504,0
2026-05-27 12:28:00+00:00,1.345,1.34518,1.34484,1.34518,0
2026-05-27 12:29:00+00:00,1.34516,1.34535,1.34506,1.34527,0
2026-05-27 12:30:00+00:00,1.34527,1.34558,1.34527,1.34544,0
2026-05-27 12:31:00+00:00,1.34545,1.34555,1.34519,1.34519,0
2026-05-27 12:32:00+00:00,1.34519,1.34526,1.34507,1.34517,0
2026-05-27 12:33:00+00:00,1.34516,1.34523,1.34505,1.34521,0
2026-05-27 12:34:00+00:00,1.34523,1.34524,1.34494,1.34507,0
2026-05-27 12:35:00+00:00,1.34508,1.34514,1.3449,1.34493,0
2026-05-27 12:36:00+00:00,1.34494,1.34551,1.34492,1.34544,0
2026-05-27 12:37:00+00:00,1.34544,1.34545,1.34504,1.34507,0
2026-05-27 12:38:00+00:00,1.34506,1.3453,1.34502,1.34529,0
2026-05-27 12:39:00+00:00,1.34529,1.34536,1.34516,1.34531,0
2026-05-27 12:40:00+00:00,1.34532,1.34539,1.34512,1.34512,0
2026-05-27 12:41:00+00:00,1.34512,1.3452,1.34507,1.34519,0
2026-05-27 12:42:00+00:00,1.34518,1.34518,1.34483,1.34483,0
2026-05-27 12:43:00+00:00,1.34486,1.34518,1.34485,1.34514,0
2026-05-27 12:44:00+00:00,1.34515,1.34525,1.34485,1.34486,0
2026-05-27 12:45:00+00:00,1.34486,1.34489,1.34471,1.34475,0
2026-05-27 12:46:00+00:00,1.34476,1.34476,1.34453,1.34457,0
2026-05-27 12:47:00+00:00,1.34456,1.34465,1.34453,1.34458,0
2026-05-27 12:48:00+00:00,1.34457,1.34459,1.34437,1.3445,0
2026-05-27 12:49:00+00:00,1.34451,1.3447,1.34446,1.34466,0
2026-05-27 12:50:00+00:00,1.34464,1.34464,1.34447,1.34457,0
2026-05-27 12:51:00+00:00,1.34456,1.34471,1.34455,1.34468,0
2026-05-27 12:52:00+00:00,1.3447,1.34478,1.34461,1.34474,0
2026-05-27 12:53:00+00:00,1.34475,1.34475,1.34458,1.34466,0
2026-05-27 12:54:00+00:00,1.34467,1.34477,1.34458,1.34475,0
2026-05-27 12:55:00+00:00,1.34473,1.34479,1.34461,1.34468,0
2026-05-27 12:56:00+00:00,1.34466,1.34474,1.3445,1.34452,0
2026-05-27 12:57:00+00:00,1.34451,1.34454,1.34435,1.34441,0
2026-05-27 12:58:00+00:00,1.3444,1.34445,1.34421,1.34423,0
2026-05-27 12:59:00+00:00,1.34422,1.34424,1.34385,1.34398,0
2026-05-27 13:00:00+00:00,1.34397,1.3443,1.34391,1.34425,0
2026-05-27 13:01:00+00:00,1.34421,1.3443,1.34409,1.3441,0
2026-05-27 13:02:00+00:00,1.34412,1.34478,1.3441,1.34473,0
2026-05-27 13:03:00+00:00,1.34473,1.34478,1.34459,1.34469,0
2026-05-27 13:04:00+00:00,1.34467,1.34469,1.34452,1.34458,0
2026-05-27 13:05:00+00:00,1.34459,1.34475,1.34457,1.34459,0
2026-05-27 13:06:00+00:00,1.34459,1.3446,1.34433,1.34434,0
2026-05-27 13:07:00+00:00,1.34434,1.34444,1.34419,1.3444,0
2026-05-27 13:08:00+00:00,1.34441,1.3445,1.34429,1.34445,0
2026-05-27 13:09:00+00:00,1.34445,1.34451,1.34428,1.34435,0
2026-05-27 13:10:00+00:00,1.34437,1.34458,1.34436,1.34456,0
2026-05-27 13:11:00+00:00,1.34455,1.34463,1.34439,1.34458,0
2026-05-27 13:12:00+00:00,1.34457,1.34458,1.34447,1.34455,0
2026-05-27 13:13:00+00:00,1.34453,1.34462,1.34444,1.34462,0
2026-05-27 13:14:00+00:00,1.34461,1.34464,1.34451,1.34452,0
2026-05-27 13:15:00+00:00,1.34451,1.34459,1.34446,1.34458,0
2026-05-27 13:16:00+00:00,1.34458,1.3447,1.34437,1.3447,0
2026-05-27 13:17:00+00:00,1.3447,1.34471,1.34461,1.34471,0
2026-05-27 13:18:00+00:00,1.3447,1.34479,1.34461,1.34469,0
2026-05-27 13:19:00+00:00,1.34471,1.34477,1.34449,1.3445,0
2026-05-27 13:20:00+00:00,1.34449,1.34451,1.34426,1.34427,0
2026-05-27 13:21:00+00:00,1.34425,1.34439,1.34421,1.34425,0
2026-05-27 13:22:00+00:00,1.34428,1.34428,1.34408,1.34419,0
2026-05-27 13:23:00+00:00,1.34421,1.34436,1.34417,1.34428,0
2026-05-27 13:24:00+00:00,1.34427,1.34445,1.34427,1.34439,0
2026-05-27 13:25:00+00:00,1.34441,1.34459,1.3444,1.34444,0
2026-05-27 13:26:00+00:00,1.3444,1.3447,1.34439,1.3447,0
2026-05-27 13:27:00+00:00,1.34468,1.34469,1.34436,1.34439,0
2026-05-27 13:28:00+00:00,1.34438,1.34448,1.3442,1.3442,0
2026-05-27 13:29:00+00:00,1.34421,1.34438,1.34417,1.34437,0
2026-05-27 13:30:00+00:00,1.34435,1.34448,1.34422,1.34428,0
2026-05-27 13:31:00+00:00,1.34429,1.34454,1.34429,1.34454,0
2026-05-27 13:32:00+00:00,1.34453,1.34468,1.34445,1.34461,0
2026-05-27 13:33:00+00:00,1.34461,1.34486,1.34461,1.34473,0
2026-05-27 13:34:00+00:00,1.34473,1.3448,1.34468,1.34477,0
2026-05-27 13:35:00+00:00,1.34475,1.34485,1.34467,1.34475,0
2026-05-27 13:36:00+00:00,1.34477,1.34478,1.34437,1.34437,0
2026-05-27 13:37:00+00:00,1.34436,1.34454,1.34435,1.34444,0
2026-05-27 13:38:00+00:00,1.34445,1.34446,1.34414,1.34423,0
2026-05-27 13:39:00+00:00,1.34425,1.34431,1.34416,1.34425,0
2026-05-27 13:40:00+00:00,1.34424,1.34454,1.34422,1.34445,0
2026-05-27 13:41:00+00:00,1.34447,1.34457,1.34441,1.34455,0
2026-05-27 13:42:00+00:00,1.34457,1.34457,1.34432,1.34435,0
2026-05-27 13:43:00+00:00,1.34435,1.34445,1.3443,1.34433,0
2026-05-27 13:44:00+00:00,1.34433,1.34437,1.34421,1.34433,0
2026-05-27 13:45:00+00:00,1.34432,1.34469,1.34425,1.34469,0
2026-05-27 13:46:00+00:00,1.34471,1.34474,1.34443,1.34455,0
2026-05-27 13:47:00+00:00,1.34452,1.34465,1.34428,1.34433,0
2026-05-27 13:48:00+00:00,1.34434,1.34453,1.34434,1.34448,0
2026-05-27 13:49:00+00:00,1.34445,1.34447,1.34433,1.34445,0
2026-05-27 13:50:00+00:00,1.34445,1.34458,1.34434,1.34455,0
2026-05-27 13:51:00+00:00,1.34456,1.34476,1.34448,1.34453,0
2026-05-27 13:52:00+00:00,1.34455,1.34455,1.34425,1.34441,0
2026-05-27 13:53:00+00:00,1.34442,1.34443,1.34431,1.34434,0
2026-05-27 13:54:00+00:00,1.34433,1.34436,1.34411,1.34426,0
2026-05-27 13:55:00+00:00,1.34424,1.34437,1.34416,1.34416,0
2026-05-27 13:56:00+00:00,1.34417,1.34422,1.34408,1.34416,0
2026-05-27 13:57:00+00:00,1.34418,1.34424,1.34407,1.34424,0
2026-05-27 13:58:00+00:00,1.34425,1.34436,1.34417,1.34432,0
2026-05-27 13:59:00+00:00,1.34433,1.3447,1.34433,1.34463,0
2026-05-27 14:00:00+00:00,1.34464,1.34487,1.34459,1.34468,0
2026-05-27 14:01:00+00:00,1.34468,1.34475,1.34463,1.34468,0
2026-05-27 14:02:00+00:00,1.34468,1.34484,1.3445,1.34459,0
2026-05-27 14:03:00+00:00,1.34457,1.34461,1.34425,1.34435,0
2026-05-27 14:04:00+00:00,1.34432,1.34455,1.34423,1.34455,0
2026-05-27 14:05:00+00:00,1.34454,1.34474,1.34451,1.34466,0
2026-05-27 14:06:00+00:00,1.34465,1.34469,1.34453,1.34463,0
2026-05-27 14:07:00+00:00,1.34465,1.34477,1.34428,1.34437,0
2026-05-27 14:08:00+00:00,1.34435,1.34449,1.34432,1.34445,0
2026-05-27 14:09:00+00:00,1.34444,1.34456,1.34441,1.34455,0
2026-05-27 14:10:00+00:00,1.34454,1.34462,1.34445,1.3446,0
2026-05-27 14:11:00+00:00,1.3446,1.34474,1.34455,1.34468,0
2026-05-27 14:12:00+00:00,1.34469,1.34499,1.34466,1.34496,0
2026-05-27 14:13:00+00:00,1.34495,1.34509,1.34487,1.345,0
2026-05-27 14:14:00+00:00,1.34503,1.34519,1.34496,1.34518,0
2026-05-27 14:15:00+00:00,1.34517,1.34518,1.34495,1.34495,0
2026-05-27 14:16:00+00:00,1.34501,1.34516,1.34493,1.34516,0
2026-05-27 14:17:00+00:00,1.34516,1.34529,1.34514,1.34524,0
2026-05-27 14:18:00+00:00,1.34525,1.34549,1.3452,1.34546,0
2026-05-27 14:19:00+00:00,1.34547,1.34566,1.34534,1.34566,0
2026-05-27 14:20:00+00:00,1.34566,1.34576,1.34526,1.34546,0
2026-05-27 14:21:00+00:00,1.34545,1.34564,1.34544,1.34548,0
2026-05-27 14:22:00+00:00,1.34548,1.34555,1.34511,1.34525,0
2026-05-27 14:23:00+00:00,1.34526,1.34529,1.34508,1.34508,0
2026-05-27 14:24:00+00:00,1.34509,1.34509,1.34449,1.34459,0
2026-05-27 14:25:00+00:00,1.34459,1.34489,1.34456,1.34474,0
2026-05-27 14:26:00+00:00,1.34475,1.34498,1.34474,1.34495,0
2026-05-27 14:27:00+00:00,1.34495,1.34504,1.34476,1.34476,0
2026-05-27 14:28:00+00:00,1.34476,1.34486,1.34473,1.3448,0
2026-05-27 14:29:00+00:00,1.3448,1.34491,1.34477,1.34485,0
2026-05-27 14:30:00+00:00,1.34483,1.34499,1.34477,1.34481,0
2026-05-27 14:31:00+00:00,1.34483,1.34506,1.34483,1.34497,0
2026-05-27 14:32:00+00:00,1.34495,1.34536,1.3448,1.34481,0
2026-05-27 14:33:00+00:00,1.34479,1.34509,1.34395,1.34432,0
2026-05-27 14:34:00+00:00,1.34433,1.34465,1.34422,1.34455,0
2026-05-27 14:35:00+00:00,1.34455,1.34466,1.34444,1.34461,0
2026-05-27 14:36:00+00:00,1.3446,1.34487,1.34456,1.34484,0
2026-05-27 14:37:00+00:00,1.34484,1.34496,1.34475,1.34486,0
2026-05-27 14:38:00+00:00,1.34486,1.34515,1.34486,1.34498,0
2026-05-27 14:39:00+00:00,1.34501,1.34509,1.34489,1.34509,0
2026-05-27 14:40:00+00:00,1.3451,1.34531,1.34497,1.34516,0
2026-05-27 14:41:00+00:00,1.34514,1.34514,1.34495,1.34507,0
2026-05-27 14:42:00+00:00,1.34508,1.34508,1.34477,1.34498,0
2026-05-27 14:43:00+00:00,1.34499,1.34514,1.34497,1.34507,0
2026-05-27 14:44:00+00:00,1.34507,1.3451,1.34495,1.34509,0
2026-05-27 14:45:00+00:00,1.3451,1.34519,1.34496,1.34519,0
2026-05-27 14:46:00+00:00,1.34517,1.34531,1.34509,1.34521,0
2026-05-27 14:47:00+00:00,1.34519,1.34519,1.34485,1.34485,0
2026-05-27 14:48:00+00:00,1.34485,1.34486,1.34445,1.34464,0
2026-05-27 14:49:00+00:00,1.34466,1.34471,1.34438,1.34438,0
2026-05-27 14:50:00+00:00,1.34437,1.34444,1.34393,1.34398,0
2026-05-27 14:51:00+00:00,1.34398,1.34415,1.34394,1.34399,0
2026-05-27 14:52:00+00:00,1.34401,1.34405,1.34355,1.34355,0
2026-05-27 14:53:00+00:00,1.34357,1.34373,1.34315,1.34328,0
2026-05-27 14:54:00+00:00,1.34333,1.34335,1.34266,1.34291,0
2026-05-27 14:55:00+00:00,1.34291,1.34291,1.34232,1.34244,0
2026-05-27 14:56:00+00:00,1.34243,1.3429,1.34224,1.34256,0
2026-05-27 14:57:00+00:00,1.34256,1.34256,1.34173,1.34198,0
2026-05-27 14:58:00+00:00,1.34197,1.34227,1.34188,1.34204,0
2026-05-27 14:59:00+00:00,1.34204,1.34204,1.3417,1.34187,0
2026-05-27 15:00:00+00:00,1.34185,1.34185,1.34162,1.34164,0
2026-05-27 15:01:00+00:00,1.34164,1.342,1.34163,1.34198,0
2026-05-27 15:02:00+00:00,1.34196,1.34226,1.34196,1.34226,0
2026-05-27 15:03:00+00:00,1.34226,1.34266,1.34221,1.34257,0
2026-05-27 15:04:00+00:00,1.34258,1.34267,1.34227,1.34238,0
2026-05-27 15:05:00+00:00,1.34241,1.3427,1.34241,1.3425,0
2026-05-27 15:06:00+00:00,1.34247,1.34278,1.34247,1.34266,0
2026-05-27 15:07:00+00:00,1.34266,1.34293,1.34264,1.34284,0
2026-05-27 15:08:00+00:00,1.34281,1.34287,1.34266,1.34278,0
2026-05-27 15:09:00+00:00,1.34277,1.34287,1.34274,1.34279,0
2026-05-27 15:10:00+00:00,1.34277,1.34277,1.34255,1.34259,0
2026-05-27 15:11:00+00:00,1.34258,1.34278,1.34252,1.3427,0
2026-05-27 15:12:00+00:00,1.34272,1.34288,1.34272,1.34285,0
2026-05-27 15:13:00+00:00,1.34284,1.34294,1.34279,1.34284,0
2026-05-27 15:14:00+00:00,1.34285,1.34301,1.34285,1.34294,0
2026-05-27 15:15:00+00:00,1.34296,1.34296,1.34283,1.34285,0
2026-05-27 15:16:00+00:00,1.34285,1.34288,1.34275,1.34276,0
2026-05-27 15:17:00+00:00,1.34278,1.34279,1.34265,1.34265,0
2026-05-27 15:18:00+00:00,1.34265,1.34277,1.34262,1.34266,0
2026-05-27 15:19:00+00:00,1.34268,1.34268,1.34255,1.34257,0
2026-05-27 15:20:00+00:00,1.34257,1.34283,1.34257,1.34265,0
2026-05-27 15:21:00+00:00,1.34265,1.34268,1.34245,1.3425,0
2026-05-27 15:22:00+00:00,1.34251,1.34258,1.34247,1.34249,0
2026-05-27 15:23:00+00:00,1.3425,1.34258,1.34246,1.34248,0
2026-05-27 15:24:00+00:00,1.34248,1.34259,1.3423,1.34253,0
2026-05-27 15:25:00+00:00,1.34253,1.34261,1.34247,1.34247,0
2026-05-27 15:26:00+00:00,1.34248,1.34265,1.34248,1.34262,0
2026-05-27 15:27:00+00:00,1.34261,1.34286,1.34261,1.34269,0
2026-05-27 15:28:00+00:00,1.3427,1.34275,1.34267,1.34272,0
2026-05-27 15:29:00+00:00,1.34272,1.3428,1.34272,1.34275,0
2026-05-27 15:30:00+00:00,1.34273,1.34282,1.34257,1.34278,0
2026-05-27 15:31:00+00:00,1.34276,1.34303,1.34273,1.34282,0
2026-05-27 15:32:00+00:00,1.34283,1.34297,1.34275,1.34293,0
2026-05-27 15:33:00+00:00,1.34293,1.34314,1.34289,1.3431,0
2026-05-27 15:34:00+00:00,1.34312,1.34313,1.34295,1.34307,0
2026-05-27 15:35:00+00:00,1.34306,1.34307,1.34289,1.34289,0
2026-05-27 15:36:00+00:00,1.34288,1.34309,1.34277,1.34306,0
2026-05-27 15:37:00+00:00,1.34306,1.34306,1.34288,1.34306,0
2026-05-27 15:38:00+00:00,1.34307,1.34309,1.34287,1.34287,0
2026-05-27 15:39:00+00:00,1.34289,1.34293,1.34283,1.34285,0
2026-05-27 15:40:00+00:00,1.34288,1.34301,1.34285,1.34297,0
2026-05-27 15:41:00+00:00,1.34298,1.34304,1.34286,1.34289,0
2026-05-27 15:42:00+00:00,1.34288,1.34297,1.34267,1.34277,0
2026-05-27 15:43:00+00:00,1.34277,1.34289,1.3426,1.34261,0
2026-05-27 15:44:00+00:00,1.34262,1.3427,1.34241,1.3425,0
2026-05-27 15:45:00+00:00,1.34251,1.34288,1.34249,1.34266,0
2026-05-27 15:46:00+00:00,1.34264,1.34273,1.34258,1.3426,0
2026-05-27 15:47:00+00:00,1.3426,1.3426,1.34225,1.34226,0
2026-05-27 15:48:00+00:00,1.34226,1.34235,1.34219,1.34226,0
2026-05-27 15:49:00+00:00,1.34225,1.34231,1.34221,1.34226,0
2026-05-27 15:50:00+00:00,1.34225,1.34249,1.34223,1.34248,0
2026-05-27 15:51:00+00:00,1.34246,1.34246,1.34235,1.34237,0
2026-05-27 15:52:00+00:00,1.34236,1.34242,1.34232,1.34238,0
2026-05-27 15:53:00+00:00,1.34238,1.3425,1.34235,1.34238,0
2026-05-27 15:54:00+00:00,1.34237,1.34241,1.34217,1.34238,0
2026-05-27 15:55:00+00:00,1.34239,1.34249,1.34235,1.34249,0
2026-05-27 15:56:00+00:00,1.3425,1.34266,1.3425,1.34266,0
2026-05-27 15:57:00+00:00,1.34266,1.34277,1.34265,1.34276,0
2026-05-27 15:58:00+00:00,1.34274,1.34276,1.34267,1.34276,0
2026-05-27 15:59:00+00:00,1.34273,1.3429,1.3427,1.3429,0
2026-05-27 16:00:00+00:00,1.34288,1.3429,1.34258,1.3426,0
2026-05-27 16:01:00+00:00,1.34261,1.34271,1.34246,1.34246,0
2026-05-27 16:02:00+00:00,1.34245,1.34257,1.34244,1.34254,0
2026-05-27 16:03:00+00:00,1.34256,1.34266,1.34208,1.34217,0
2026-05-27 16:04:00+00:00,1.34215,1.34235,1.342,1.34226,0
2026-05-27 16:05:00+00:00,1.34227,1.34247,1.34226,1.34232,0
2026-05-27 16:06:00+00:00,1.34231,1.3424,1.34228,1.3424,0
2026-05-27 16:07:00+00:00,1.34238,1.34248,1.34229,1.34233,0
2026-05-27 16:08:00+00:00,1.3423,1.34238,1.34216,1.34237,0
2026-05-27 16:09:00+00:00,1.34237,1.34243,1.34232,1.3424,0
2026-05-27 16:10:00+00:00,1.34241,1.3425,1.34238,1.34247,0
2026-05-27 16:11:00+00:00,1.3425,1.34265,1.34247,1.34261,0
2026-05-27 16:12:00+00:00,1.34258,1.34267,1.34251,1.34263,0
2026-05-27 16:13:00+00:00,1.34261,1.34263,1.34251,1.34252,0
2026-05-27 16:14:00+00:00,1.34253,1.34258,1.34251,1.34252,0
2026-05-27 16:15:00+00:00,1.34254,1.34275,1.34254,1.34275,0
2026-05-27 16:16:00+00:00,1.34274,1.34277,1.34267,1.34275,0
2026-05-27 16:17:00+00:00,1.34274,1.3428,1.34274,1.34275,0
2026-05-27 16:18:00+00:00,1.34275,1.3429,1.34275,1.34289,0
2026-05-27 16:19:00+00:00,1.34293,1.34294,1.34287,1.34293,0
2026-05-27 16:20:00+00:00,1.34293,1.34307,1.34291,1.34304,0
2026-05-27 16:21:00+00:00,1.34305,1.34308,1.343,1.34308,0
2026-05-27 16:22:00+00:00,1.34307,1.34316,1.34305,1.34305,0
2026-05-27 16:23:00+00:00,1.34301,1.34308,1.34296,1.34306,0
2026-05-27 16:24:00+00:00,1.34299,1.34299,1.34268,1.34268,0
2026-05-27 16:25:00+00:00,1.34269,1.34278,1.34268,1.34276,0
2026-05-27 16:26:00+00:00,1.34276,1.34287,1.34274,1.34286,0
2026-05-27 16:27:00+00:00,1.34284,1.343,1.3428,1.34299,0
2026-05-27 16:28:00+00:00,1.34298,1.34298,1.34286,1.34288,0
2026-05-27 16:29:00+00:00,1.34291,1.34293,1.34282,1.34289,0
2026-05-27 16:30:00+00:00,1.34288,1.34291,1.34271,1.34271,0
2026-05-27 16:31:00+00:00,1.34272,1.3428,1.34271,1.34278,0
2026-05-27 16:32:00+00:00,1.3428,1.34291,1.34277,1.34279,0
2026-05-27 16:33:00+00:00,1.34279,1.34283,1.34273,1.34273,0
2026-05-27 16:34:00+00:00,1.34273,1.3428,1.34272,1.34278,0
2026-05-27 16:35:00+00:00,1.34281,1.34281,1.34277,1.34278,0
2026-05-27 16:36:00+00:00,1.34279,1.3429,1.34269,1.34274,0
2026-05-27 16:37:00+00:00,1.34275,1.34279,1.34271,1.34279,0
2026-05-27 16:38:00+00:00,1.34279,1.34285,1.34273,1.34276,0
2026-05-27 16:39:00+00:00,1.34279,1.34287,1.34276,1.34283,0
2026-05-27 16:40:00+00:00,1.34284,1.34292,1.34284,1.34289,0
2026-05-27 16:41:00+00:00,1.3429,1.34296,1.34284,1.34284,0
2026-05-27 16:42:00+00:00,1.34285,1.34285,1.34275,1.34277,0
2026-05-27 16:43:00+00:00,1.34277,1.34285,1.34275,1.34281,0
2026-05-27 16:44:00+00:00,1.34281,1.34282,1.34273,1.34275,0
2026-05-27 16:45:00+00:00,1.34275,1.34285,1.34274,1.34285,0
2026-05-27 16:46:00+00:00,1.34281,1.34291,1.34276,1.34289,0
2026-05-27 16:47:00+00:00,1.34287,1.34294,1.34287,1.34293,0
2026-05-27 16:48:00+00:00,1.34295,1.34297,1.34287,1.34291,0
2026-05-27 16:49:00+00:00,1.3429,1.34292,1.34288,1.34291,0
2026-05-27 16:50:00+00:00,1.34292,1.34293,1.34288,1.3429,0
2026-05-27 16:51:00+00:00,1.34293,1.34298,1.34292,1.34298,0
2026-05-27 16:52:00+00:00,1.34297,1.34298,1.34295,1.34296,0
2026-05-27 16:53:00+00:00,1.34296,1.34309,1.34295,1.34308,0
2026-05-27 16:54:00+00:00,1.34309,1.34314,1.34301,1.34304,0
2026-05-27 16:55:00+00:00,1.34301,1.34301,1.34289,1.34293,0
2026-05-27 16:56:00+00:00,1.34292,1.34304,1.34292,1.34299,0
2026-05-27 16:57:00+00:00,1.34301,1.34306,1.34298,1.34301,0
2026-05-27 16:58:00+00:00,1.34304,1.34309,1.343,1.34308,0
2026-05-27 16:59:00+00:00,1.3431,1.34313,1.34305,1.34306,0
2026-05-27 17:00:00+00:00,1.34308,1.34315,1.34304,1.34311,0
2026-05-27 17:01:00+00:00,1.34309,1.34313,1.34284,1.34287,0
2026-05-27 17:02:00+00:00,1.34286,1.3429,1.34278,1.34284,0
2026-05-27 17:03:00+00:00,1.34284,1.34293,1.3427,1.34284,0
2026-05-27 17:04:00+00:00,1.34285,1.34285,1.34278,1.34281,0
2026-05-27 17:05:00+00:00,1.34282,1.34296,1.34282,1.34296,0
2026-05-27 17:06:00+00:00,1.34294,1.34294,1.34276,1.34279,0
2026-05-27 17:07:00+00:00,1.34276,1.34279,1.34245,1.34246,0
2026-05-27 17:08:00+00:00,1.34241,1.34244,1.34204,1.34205,0
2026-05-27 17:09:00+00:00,1.34204,1.34227,1.34204,1.3421,0
2026-05-27 17:10:00+00:00,1.34208,1.34226,1.34208,1.34218,0
2026-05-27 17:11:00+00:00,1.34218,1.34221,1.34199,1.34203,0
2026-05-27 17:12:00+00:00,1.34201,1.34205,1.34193,1.34197,0
2026-05-27 17:13:00+00:00,1.34196,1.34199,1.34186,1.34198,0
2026-05-27 17:14:00+00:00,1.34198,1.34204,1.34193,1.34199,0
2026-05-27 17:15:00+00:00,1.34196,1.34206,1.3419,1.34201,0
2026-05-27 17:16:00+00:00,1.34203,1.34214,1.34198,1.34207,0
2026-05-27 17:17:00+00:00,1.34208,1.34225,1.34206,1.34221,0
2026-05-27 17:18:00+00:00,1.3422,1.34224,1.34202,1.3421,0
2026-05-27 17:19:00+00:00,1.34209,1.34215,1.34202,1.34205,0
2026-05-27 17:20:00+00:00,1.34205,1.34213,1.34197,1.34211,0
2026-05-27 17:21:00+00:00,1.34209,1.34213,1.34195,1.34195,0
2026-05-27 17:22:00+00:00,1.34196,1.34204,1.3419,1.34193,0
2026-05-27 17:23:00+00:00,1.34192,1.34203,1.34187,1.34192,0
2026-05-27 17:24:00+00:00,1.34194,1.34195,1.34188,1.34188,0
2026-05-27 17:25:00+00:00,1.34189,1.34195,1.34173,1.34182,0
2026-05-27 17:26:00+00:00,1.34183,1.34188,1.34179,1.34187,0
2026-05-27 17:27:00+00:00,1.34188,1.34197,1.34185,1.34185,0
2026-05-27 17:28:00+00:00,1.34187,1.34188,1.34182,1.34186,0
2026-05-27 17:29:00+00:00,1.34188,1.34202,1.34186,1.34186,0
2026-05-27 17:30:00+00:00,1.34183,1.34184,1.3418,1.34181,0
2026-05-27 17:31:00+00:00,1.34183,1.34195,1.34183,1.34193,0
2026-05-27 17:32:00+00:00,1.34193,1.34195,1.3419,1.34195,0
2026-05-27 17:33:00+00:00,1.34197,1.342,1.34174,1.34174,0
2026-05-27 17:34:00+00:00,1.34176,1.34185,1.34175,1.3418,0
2026-05-27 17:35:00+00:00,1.3418,1.34187,1.3417,1.34187,0
2026-05-27 17:36:00+00:00,1.34187,1.34204,1.34187,1.34204,0
2026-05-27 17:37:00+00:00,1.34202,1.34209,1.342,1.342,0
2026-05-27 17:38:00+00:00,1.342,1.34207,1.34196,1.34207,0
2026-05-27 17:39:00+00:00,1.34206,1.34206,1.34195,1.34195,0
2026-05-27 17:40:00+00:00,1.34195,1.34195,1.34181,1.34185,0
2026-05-27 17:41:00+00:00,1.34188,1.34206,1.34188,1.34206,0
2026-05-27 17:42:00+00:00,1.34203,1.34204,1.34197,1.34204,0
2026-05-27 17:43:00+00:00,1.34203,1.34207,1.34201,1.34205,0
2026-05-27 17:44:00+00:00,1.34206,1.34206,1.342,1.34202,0
2026-05-27 17:45:00+00:00,1.34202,1.34219,1.34202,1.34217,0
2026-05-27 17:46:00+00:00,1.34217,1.34228,1.34217,1.34226,0
2026-05-27 17:47:00+00:00,1.34228,1.34228,1.34212,1.34213,0
2026-05-27 17:48:00+00:00,1.34213,1.34227,1.34213,1.34216,0
2026-05-27 17:49:00+00:00,1.34217,1.34238,1.34216,1.34238,0
2026-05-27 17:50:00+00:00,1.34238,1.34254,1.34235,1.3425,0
2026-05-27 17:51:00+00:00,1.34249,1.34261,1.34246,1.34259,0
2026-05-27 17:52:00+00:00,1.3426,1.34267,1.34254,1.3426,0
2026-05-27 17:53:00+00:00,1.34261,1.34261,1.34247,1.34257,0
2026-05-27 17:54:00+00:00,1.34258,1.34261,1.3425,1.34251,0
2026-05-27 17:55:00+00:00,1.3425,1.34272,1.3425,1.3427,0
2026-05-27 17:56:00+00:00,1.3427,1.34279,1.34268,1.34271,0
2026-05-27 17:57:00+00:00,1.34272,1.34279,1.3427,1.34278,0
2026-05-27 17:58:00+00:00,1.34278,1.34285,1.34277,1.3428,0
2026-05-27 17:59:00+00:00,1.34281,1.34284,1.34261,1.34265,0
2026-05-27 18:00:00+00:00,1.34265,1.34269,1.34254,1.34256,0
2026-05-27 18:01:00+00:00,1.34257,1.34262,1.34253,1.34256,0
2026-05-27 18:02:00+00:00,1.34254,1.34255,1.34233,1.34235,0
2026-05-27 18:03:00+00:00,1.34235,1.34242,1.34231,1.34242,0
2026-05-27 18:04:00+00:00,1.34241,1.34245,1.34237,1.34239,0
2026-05-27 18:05:00+00:00,1.34241,1.34246,1.34238,1.34243,0
2026-05-27 18:06:00+00:00,1.34241,1.34246,1.34235,1.34243,0
2026-05-27 18:07:00+00:00,1.34245,1.34246,1.34237,1.34238,0
2026-05-27 18:08:00+00:00,1.34238,1.3424,1.34229,1.34236,0
2026-05-27 18:09:00+00:00,1.34234,1.34237,1.34232,1.34233,0
2026-05-27 18:10:00+00:00,1.34232,1.34239,1.3423,1.34239,0
2026-05-27 18:11:00+00:00,1.34238,1.34242,1.34228,1.3423,0
2026-05-27 18:12:00+00:00,1.34229,1.3423,1.3422,1.34229,0
2026-05-27 18:13:00+00:00,1.34228,1.34229,1.3422,1.34223,0
2026-05-27 18:14:00+00:00,1.34223,1.3423,1.34223,1.34229,0
2026-05-27 18:15:00+00:00,1.3423,1.34236,1.34222,1.34231,0
2026-05-27 18:16:00+00:00,1.34232,1.34241,1.34232,1.34236,0
2026-05-27 18:17:00+00:00,1.34237,1.34247,1.34232,1.34232,0
2026-05-27 18:18:00+00:00,1.34233,1.34253,1.34232,1.34248,0
2026-05-27 18:19:00+00:00,1.34246,1.3426,1.34246,1.34248,0
2026-05-27 18:20:00+00:00,1.34248,1.34257,1.34247,1.34249,0
2026-05-27 18:21:00+00:00,1.34248,1.34253,1.34247,1.34248,0
2026-05-27 18:22:00+00:00,1.34248,1.34258,1.34248,1.34257,0
2026-05-27 18:23:00+00:00,1.34258,1.3427,1.34256,1.34269,0
2026-05-27 18:24:00+00:00,1.3427,1.34272,1.34248,1.34248,0
2026-05-27 18:25:00+00:00,1.34248,1.34259,1.34245,1.34257,0
2026-05-27 18:26:00+00:00,1.34259,1.3426,1.34257,1.34258,0
2026-05-27 18:27:00+00:00,1.34259,1.34268,1.34257,1.34265,0
2026-05-27 18:28:00+00:00,1.34265,1.34265,1.34256,1.34264,0
2026-05-27 18:29:00+00:00,1.34263,1.34275,1.34261,1.34269,0
2026-05-27 18:30:00+00:00,1.34268,1.34286,1.34268,1.34278,0
2026-05-27 18:31:00+00:00,1.34278,1.3428,1.34269,1.34279,0
2026-05-27 18:32:00+00:00,1.34278,1.34278,1.3427,1.34273,0
2026-05-27 18:33:00+00:00,1.34271,1.34275,1.34264,1.34264,0
2026-05-27 18:34:00+00:00,1.34263,1.34268,1.34256,1.34261,0
2026-05-27 18:35:00+00:00,1.34261,1.34265,1.34255,1.34261,0
2026-05-27 18:36:00+00:00,1.3426,1.34274,1.34258,1.34262,0
2026-05-27 18:37:00+00:00,1.34262,1.34263,1.34253,1.34255,0
2026-05-27 18:38:00+00:00,1.34255,1.3426,1.34255,1.34258,0
2026-05-27 18:39:00+00:00,1.34258,1.34266,1.34257,1.34266,0
2026-05-27 18:40:00+00:00,1.34266,1.34266,1.34258,1.34261,0
2026-05-27 18:41:00+00:00,1.34259,1.34268,1.34258,1.34265,0
2026-05-27 18:42:00+00:00,1.34264,1.34268,1.34257,1.34267,0
2026-05-27 18:43:00+00:00,1.34265,1.34278,1.34264,1.34275,0
2026-05-27 18:44:00+00:00,1.34276,1.3428,1.34275,1.34275,0
2026-05-27 18:45:00+00:00,1.34273,1.34275,1.34264,1.34271,0
2026-05-27 18:46:00+00:00,1.34274,1.34276,1.34268,1.34269,0
2026-05-27 18:47:00+00:00,1.34268,1.34274,1.34262,1.34262,0
2026-05-27 18:48:00+00:00,1.34263,1.34269,1.34263,1.34267,0
2026-05-27 18:49:00+00:00,1.34267,1.34275,1.34263,1.34275,0
2026-05-27 18:50:00+00:00,1.34274,1.3429,1.34274,1.34275,0
2026-05-27 18:51:00+00:00,1.34275,1.34278,1.34273,1.34276,0
2026-05-27 18:52:00+00:00,1.34276,1.34278,1.34275,1.34277,0
2026-05-27 18:53:00+00:00,1.34277,1.34278,1.34275,1.34277,0
2026-05-27 18:54:00+00:00,1.34276,1.3429,1.34276,1.34287,0
2026-05-27 18:55:00+00:00,1.34287,1.34309,1.34286,1.34306,0
2026-05-27 18:56:00+00:00,1.34307,1.34308,1.34301,1.34305,0
2026-05-27 18:57:00+00:00,1.34305,1.34309,1.34297,1.34297,0
2026-05-27 18:58:00+00:00,1.34298,1.34307,1.34298,1.343,0
2026-05-27 18:59:00+00:00,1.34298,1.34304,1.34294,1.34295,0
2026-05-27 19:00:00+00:00,1.34295,1.343,1.34288,1.34292,0
2026-05-27 19:01:00+00:00,1.34292,1.34293,1.34283,1.34283,0
2026-05-27 19:02:00+00:00,1.34283,1.34297,1.34283,1.34294,0
2026-05-27 19:03:00+00:00,1.34293,1.34293,1.34286,1.3429,0
2026-05-27 19:04:00+00:00,1.34287,1.34304,1.34286,1.34299,0
2026-05-27 19:05:00+00:00,1.343,1.34308,1.34298,1.34305,0
2026-05-27 19:06:00+00:00,1.34303,1.34314,1.34302,1.3431,0
2026-05-27 19:07:00+00:00,1.3431,1.3431,1.34304,1.34309,0
2026-05-27 19:08:00+00:00,1.34312,1.34314,1.34306,1.3431,0
2026-05-27 19:09:00+00:00,1.34308,1.3431,1.34308,1.3431,0
2026-05-27 19:10:00+00:00,1.34308,1.34308,1.34297,1.34297,0
2026-05-27 19:11:00+00:00,1.34298,1.34299,1.34295,1.34298,0
2026-05-27 19:12:00+00:00,1.34298,1.34298,1.34286,1.34292,0
2026-05-27 19:13:00+00:00,1.34289,1.34292,1.34287,1.34289,0
2026-05-27 19:14:00+00:00,1.34289,1.343,1.34289,1.34298,0
2026-05-27 19:15:00+00:00,1.34298,1.34302,1.34298,1.343,0
2026-05-27 19:16:00+00:00,1.34298,1.34298,1.34291,1.34296,0
2026-05-27 19:17:00+00:00,1.34295,1.343,1.34295,1.34298,0
2026-05-27 19:18:00+00:00,1.34296,1.34299,1.34296,1.34298,0
2026-05-27 19:19:00+00:00,1.34296,1.34297,1.3429,1.34297,0
2026-05-27 19:20:00+00:00,1.34298,1.34299,1.34296,1.34298,0
2026-05-27 19:21:00+00:00,1.34296,1.34306,1.34295,1.34305,0
2026-05-27 19:22:00+00:00,1.34304,1.34306,1.34302,1.34304,0
2026-05-27 19:23:00+00:00,1.34306,1.34326,1.34306,1.34321,0
2026-05-27 19:24:00+00:00,1.34323,1.34323,1.3431,1.34313,0
2026-05-27 19:25:00+00:00,1.34311,1.34311,1.34306,1.34309,0
2026-05-27 19:26:00+00:00,1.34313,1.34316,1.34308,1.34315,0
2026-05-27 19:27:00+00:00,1.34314,1.34315,1.34308,1.34311,0
2026-05-27 19:28:00+00:00,1.34313,1.34316,1.34309,1.34311,0
2026-05-27 19:29:00+00:00,1.3431,1.34313,1.34306,1.3431,0
2026-05-27 19:30:00+00:00,1.34307,1.34314,1.34305,1.34305,0
2026-05-27 19:31:00+00:00,1.34305,1.34306,1.343,1.34304,0
2026-05-27 19:32:00+00:00,1.34304,1.3432,1.34295,1.34306,0
2026-05-27 19:33:00+00:00,1.34304,1.3432,1.34304,1.34315,0
2026-05-27 19:34:00+00:00,1.34315,1.34319,1.34309,1.34312,0
2026-05-27 19:35:00+00:00,1.34313,1.34325,1.34312,1.34325,0
2026-05-27 19:36:00+00:00,1.34325,1.34327,1.34324,1.34326,0
2026-05-27 19:37:00+00:00,1.34327,1.34327,1.34321,1.34323,0
2026-05-27 19:38:00+00:00,1.34322,1.34323,1.34315,1.34317,0
2026-05-27 19:39:00+00:00,1.34316,1.34324,1.34316,1.34324,0
2026-05-27 19:40:00+00:00,1.34324,1.34324,1.34308,1.34309,0
2026-05-27 19:41:00+00:00,1.3431,1.34313,1.34307,1.34308,0
2026-05-27 19:42:00+00:00,1.34307,1.34307,1.34306,1.34307,0
2026-05-27 19:43:00+00:00,1.34306,1.34312,1.34306,1.34309,0
2026-05-27 19:44:00+00:00,1.34309,1.3431,1.34307,1.34307,0
2026-05-27 19:45:00+00:00,1.34306,1.34306,1.34298,1.34299,0
2026-05-27 19:46:00+00:00,1.34299,1.34304,1.34298,1.34302,0
2026-05-27 19:47:00+00:00,1.343,1.34305,1.343,1.34302,0
2026-05-27 19:48:00+00:00,1.34301,1.34303,1.34296,1.34296,0
2026-05-27 19:49:00+00:00,1.34298,1.34304,1.34295,1.34297,0
2026-05-27 19:50:00+00:00,1.34297,1.34299,1.34291,1.34296,0
2026-05-27 19:51:00+00:00,1.34298,1.34298,1.34296,1.34298,0
2026-05-27 19:52:00+00:00,1.34297,1.34301,1.34292,1.34294,0
2026-05-27 19:53:00+00:00,1.34294,1.34297,1.34293,1.34295,0
2026-05-27 19:54:00+00:00,1.34294,1.34296,1.34294,1.34294,0
2026-05-27 19:55:00+00:00,1.34294,1.34299,1.34291,1.34298,0
2026-05-27 19:56:00+00:00,1.343,1.3431,1.343,1.34308,0
2026-05-27 19:57:00+00:00,1.34306,1.34306,1.34294,1.34294,0
2026-05-27 19:58:00+00:00,1.34295,1.34298,1.34293,1.34297,0
2026-05-27 19:59:00+00:00,1.34297,1.34304,1.34295,1.34302,0
2026-05-27 20:00:00+00:00,1.34302,1.34305,1.34296,1.34297,0
2026-05-27 20:01:00+00:00,1.34297,1.34298,1.34294,1.34295,0
2026-05-27 20:02:00+00:00,1.34297,1.34308,1.34296,1.34308,0
2026-05-27 20:03:00+00:00,1.3431,1.34317,1.34308,1.34314,0
2026-05-27 20:04:00+00:00,1.34313,1.34319,1.34313,1.34317,0
2026-05-27 20:05:00+00:00,1.34316,1.34317,1.34313,1.34315,0
2026-05-27 20:06:00+00:00,1.34316,1.34318,1.34314,1.34316,0
2026-05-27 20:07:00+00:00,1.34316,1.34316,1.34315,1.34315,0
2026-05-27 20:08:00+00:00,1.34316,1.34316,1.34316,1.34316,0
2026-05-27 20:09:00+00:00,1.34323,1.34325,1.34315,1.34315,0
2026-05-27 20:10:00+00:00,1.34315,1.34321,1.34315,1.34319,0
2026-05-27 20:11:00+00:00,1.3432,1.3432,1.34305,1.3431,0
2026-05-27 20:12:00+00:00,1.34307,1.3431,1.34307,1.34309,0
2026-05-27 20:13:00+00:00,1.3431,1.34315,1.34308,1.34315,0
2026-05-27 20:14:00+00:00,1.34313,1.34316,1.34313,1.34316,0
2026-05-27 20:15:00+00:00,1.34314,1.34316,1.34313,1.34315,0
2026-05-27 20:16:00+00:00,1.34315,1.34315,1.34306,1.34308,0
2026-05-27 20:17:00+00:00,1.34307,1.34313,1.34306,1.34313,0
2026-05-27 20:18:00+00:00,1.34312,1.34314,1.34312,1.34313,0
2026-05-27 20:19:00+00:00,1.34313,1.34313,1.34306,1.34307,0
2026-05-27 20:20:00+00:00,1.34307,1.34308,1.34305,1.34306,0
2026-05-27 20:21:00+00:00,1.34304,1.34306,1.34304,1.34305,0
2026-05-27 20:22:00+00:00,1.34304,1.34304,1.34297,1.34298,0
2026-05-27 20:23:00+00:00,1.34296,1.34306,1.34295,1.34306,0
2026-05-27 20:24:00+00:00,1.34306,1.34306,1.34306,1.34306,0
2026-05-27 20:25:00+00:00,1.34305,1.34305,1.34305,1.34305,0
2026-05-27 20:26:00+00:00,1.34305,1.34305,1.34305,1.34305,0
2026-05-27 20:27:00+00:00,1.34305,1.34305,1.34305,1.34305,0
2026-05-27 20:28:00+00:00,1.34301,1.34301,1.34296,1.34296,0
2026-05-27 20:29:00+00:00,1.34295,1.34296,1.34295,1.34296,0
2026-05-27 20:30:00+00:00,1.34302,1.34306,1.34302,1.34305,0
2026-05-27 20:31:00+00:00,1.34307,1.34309,1.34307,1.34308,0
2026-05-27 20:32:00+00:00,1.34309,1.34309,1.34308,1.34308,0
2026-05-27 20:33:00+00:00,1.34308,1.3431,1.34308,1.34309,0
2026-05-27 20:34:00+00:00,1.3431,1.34314,1.34309,1.34312,0
2026-05-27 20:35:00+00:00,1.34313,1.34313,1.34307,1.34307,0
2026-05-27 20:36:00+00:00,1.34308,1.34309,1.34307,1.34307,0
2026-05-27 20:37:00+00:00,1.34307,1.34307,1.34298,1.343,0
2026-05-27 20:38:00+00:00,1.343,1.34302,1.34299,1.34302,0
2026-05-27 20:39:00+00:00,1.34302,1.34304,1.34302,1.34303,0
2026-05-27 20:40:00+00:00,1.34302,1.34302,1.34295,1.34295,0
2026-05-27 20:41:00+00:00,1.34295,1.34295,1.34295,1.34295,0
2026-05-27 20:42:00+00:00,1.34293,1.34294,1.34293,1.34294,0
2026-05-27 20:43:00+00:00,1.34295,1.34296,1.34293,1.34295,0
2026-05-27 20:44:00+00:00,1.34296,1.343,1.34296,1.343,0
2026-05-27 20:45:00+00:00,1.34301,1.34301,1.34295,1.34297,0
2026-05-27 20:46:00+00:00,1.34296,1.343,1.34296,1.34299,0
2026-05-27 20:47:00+00:00,1.34299,1.34299,1.34299,1.34299,0
2026-05-27 20:48:00+00:00,1.34298,1.34299,1.34292,1.34295,0
2026-05-27 20:49:00+00:00,1.34295,1.34297,1.34292,1.34296,0
2026-05-27 20:50:00+00:00,1.34295,1.34295,1.34288,1.34291,0
2026-05-27 20:51:00+00:00,1.34291,1.34294,1.34288,1.34288,0
2026-05-27 20:52:00+00:00,1.34288,1.3429,1.34287,1.34289,0
2026-05-27 20:53:00+00:00,1.3429,1.34291,1.34283,1.34289,0
2026-05-27 20:54:00+00:00,1.34291,1.34291,1.34285,1.34285,0
2026-05-27 20:55:00+00:00,1.34287,1.34289,1.34283,1.34286,0
2026-05-27 20:56:00+00:00,1.34287,1.34289,1.3428,1.34281,0
2026-05-27 20:57:00+00:00,1.34282,1.34283,1.34273,1.34273,0
2026-05-27 20:58:00+00:00,1.34273,1.34273,1.34253,1.34261,0
2026-05-27 20:59:00+00:00,1.34258,1.34272,1.34231,1.3424,0
2026-05-27 21:00:00+00:00,1.34239,1.34239,1.34231,1.34233,0
2026-05-27 21:01:00+00:00,1.34233,1.34233,1.34193,1.34193,0
2026-05-27 21:02:00+00:00,1.34193,1.34193,1.34193,1.34193,0
2026-05-27 21:03:00+00:00,1.34193,1.34194,1.34172,1.34172,0
2026-05-27 21:04:00+00:00,1.34194,1.34194,1.34194,1.34194,0
2026-05-27 21:05:00+00:00,1.34181,1.34187,1.34181,1.34187,0
2026-05-27 21:06:00+00:00,1.34193,1.34193,1.34193,1.34193,0
2026-05-27 21:07:00+00:00,1.34192,1.34194,1.34192,1.34194,0
2026-05-27 21:08:00+00:00,1.34194,1.34194,1.34194,1.34194,0
2026-05-27 21:09:00+00:00,1.34194,1.34194,1.34194,1.34194,0
2026-05-27 21:10:00+00:00,1.34194,1.34197,1.34194,1.34197,0
2026-05-27 21:11:00+00:00,1.34197,1.34197,1.34197,1.34197,0
2026-05-27 21:12:00+00:00,1.34208,1.34209,1.34208,1.34209,0
2026-05-27 21:13:00+00:00,1.34209,1.3421,1.34209,1.3421,0
2026-05-27 21:14:00+00:00,1.34209,1.34209,1.34209,1.34209,0
2026-05-27 21:15:00+00:00,1.3421,1.34228,1.3421,1.34212,0
2026-05-27 21:16:00+00:00,1.34212,1.34212,1.34212,1.34212,0
2026-05-27 21:17:00+00:00,1.34212,1.34213,1.34212,1.34212,0
2026-05-27 21:18:00+00:00,1.34212,1.34213,1.34212,1.34213,0
2026-05-27 21:19:00+00:00,1.34213,1.34213,1.34213,1.34213,0
2026-05-27 21:20:00+00:00,1.34215,1.34215,1.34215,1.34215,0
2026-05-27 21:21:00+00:00,1.34216,1.34216,1.34215,1.34216,0
2026-05-27 21:22:00+00:00,1.34216,1.3423,1.34216,1.3423,0
2026-05-27 21:23:00+00:00,1.34213,1.34219,1.34213,1.34219,0
2026-05-27 21:24:00+00:00,1.34214,1.34214,1.34214,1.34214,0
2026-05-27 21:25:00+00:00,1.34213,1.34213,1.34212,1.34212,0
2026-05-27 21:26:00+00:00,1.34212,1.34213,1.34212,1.34212,0
2026-05-27 21:27:00+00:00,1.34212,1.34216,1.34212,1.34216,0
2026-05-27 21:28:00+00:00,1.34215,1.34218,1.34215,1.34218,0
2026-05-27 21:29:00+00:00,1.34218,1.34218,1.34218,1.34218,0
2026-05-27 21:30:00+00:00,1.34219,1.34227,1.34218,1.34227,0
2026-05-27 21:31:00+00:00,1.34224,1.34226,1.34221,1.34226,0
2026-05-27 21:32:00+00:00,1.34223,1.34239,1.34223,1.34235,0
2026-05-27 21:33:00+00:00,1.34232,1.34235,1.34227,1.34227,0
2026-05-27 21:34:00+00:00,1.34228,1.3423,1.34222,1.34228,0
2026-05-27 21:35:00+00:00,1.34228,1.34242,1.34222,1.34242,0
2026-05-27 21:36:00+00:00,1.34241,1.34245,1.3424,1.34244,0
2026-05-27 21:37:00+00:00,1.34245,1.34245,1.3424,1.34245,0
2026-05-27 21:38:00+00:00,1.34246,1.34248,1.34242,1.34245,0
2026-05-27 21:39:00+00:00,1.34243,1.34247,1.34242,1.34246,0
2026-05-27 21:40:00+00:00,1.34244,1.34252,1.34244,1.34252,0
2026-05-27 21:41:00+00:00,1.34252,1.34254,1.34252,1.34253,0
2026-05-27 21:42:00+00:00,1.34254,1.34254,1.34253,1.34253,0
2026-05-27 21:43:00+00:00,1.34254,1.34255,1.34253,1.34253,0
2026-05-27 21:44:00+00:00,1.34253,1.34255,1.34252,1.34255,0
2026-05-27 21:45:00+00:00,1.34256,1.34265,1.34245,1.34253,0
2026-05-27 21:46:00+00:00,1.34255,1.34275,1.34255,1.34275,0
2026-05-27 21:47:00+00:00,1.34277,1.34279,1.34266,1.34266,0
2026-05-27 21:48:00+00:00,1.34266,1.34268,1.34255,1.34261,0
2026-05-27 21:49:00+00:00,1.34262,1.34269,1.34259,1.3426,0
2026-05-27 21:50:00+00:00,1.34261,1.34264,1.34255,1.34255,0
2026-05-27 21:51:00+00:00,1.34259,1.34269,1.34259,1.3426,0
2026-05-27 21:52:00+00:00,1.34261,1.3427,1.34254,1.34257,0
2026-05-27 21:53:00+00:00,1.34255,1.34264,1.34254,1.34258,0
2026-05-27 21:54:00+00:00,1.34259,1.34263,1.34254,1.34255,0
2026-05-27 21:55:00+00:00,1.34254,1.34255,1.34254,1.34255,0
2026-05-27 21:56:00+00:00,1.34254,1.34255,1.34252,1.34252,0
2026-05-27 21:57:00+00:00,1.34252,1.34253,1.34252,1.34253,0
2026-05-27 21:58:00+00:00,1.34253,1.34253,1.34253,1.34253,0
2026-05-27 21:59:00+00:00,1.34252,1.34254,1.34242,1.34254,0
2026-05-27 22:00:00+00:00,1.34254,1.3427,1.34252,1.34262,0
2026-05-27 22:01:00+00:00,1.34262,1.34271,1.34249,1.34269,0
2026-05-27 22:02:00+00:00,1.34268,1.34276,1.34263,1.34264,0
2026-05-27 22:03:00+00:00,1.34261,1.34262,1.34261,1.34262,0
2026-05-27 22:04:00+00:00,1.34262,1.34262,1.34262,1.34262,0
2026-05-27 22:05:00+00:00,1.34262,1.34277,1.34257,1.34275,0
2026-05-27 22:06:00+00:00,1.34276,1.34277,1.34265,1.34265,0
2026-05-27 22:07:00+00:00,1.34266,1.34266,1.34266,1.34266,0
2026-05-27 22:08:00+00:00,1.34268,1.34278,1.34268,1.34273,0
2026-05-27 22:09:00+00:00,1.34275,1.34283,1.34275,1.34283,0
2026-05-27 22:10:00+00:00,1.34283,1.34285,1.3428,1.34282,0
2026-05-27 22:11:00+00:00,1.34281,1.34284,1.3428,1.34282,0
2026-05-27 22:12:00+00:00,1.34284,1.34302,1.34283,1.34302,0
2026-05-27 22:13:00+00:00,1.34301,1.34301,1.34291,1.34291,0
2026-05-27 22:14:00+00:00,1.34292,1.34292,1.34292,1.34292,0
2026-05-27 22:15:00+00:00,1.34293,1.343,1.34293,1.343,0
2026-05-27 22:16:00+00:00,1.343,1.343,1.34292,1.34298,0
2026-05-27 22:17:00+00:00,1.34298,1.34298,1.34285,1.34285,0
2026-05-27 22:18:00+00:00,1.34293,1.34293,1.34292,1.34292,0
2026-05-27 22:19:00+00:00,1.34291,1.34291,1.34281,1.34281,0
2026-05-27 22:20:00+00:00,1.34283,1.34295,1.34283,1.34293,0
2026-05-27 22:21:00+00:00,1.34292,1.34292,1.34288,1.34288,0
2026-05-27 22:22:00+00:00,1.34292,1.34293,1.34292,1.34292,0
2026-05-27 22:23:00+00:00,1.34293,1.34293,1.34293,1.34293,0
2026-05-27 22:24:00+00:00,1.34292,1.34293,1.34292,1.34293,0
2026-05-27 22:25:00+00:00,1.34292,1.34294,1.3429,1.34291,0
2026-05-27 22:26:00+00:00,1.34291,1.34297,1.34286,1.34287,0
2026-05-27 22:27:00+00:00,1.34288,1.34292,1.34288,1.34288,0
2026-05-27 22:28:00+00:00,1.34288,1.34288,1.34282,1.34283,0
2026-05-27 22:29:00+00:00,1.34282,1.34282,1.34271,1.34272,0
2026-05-27 22:30:00+00:00,1.34272,1.34273,1.34265,1.34268,0
2026-05-27 22:31:00+00:00,1.34268,1.34271,1.34267,1.34271,0
2026-05-27 22:32:00+00:00,1.34272,1.34272,1.34268,1.34272,0
2026-05-27 22:33:00+00:00,1.34271,1.34274,1.34271,1.34273,0
2026-05-27 22:34:00+00:00,1.34274,1.34274,1.34273,1.34274,0
2026-05-27 22:35:00+00:00,1.34278,1.34282,1.34277,1.34277,0
2026-05-27 22:36:00+00:00,1.34277,1.34277,1.34273,1.34273,0
2026-05-27 22:37:00+00:00,1.34274,1.34276,1.34273,1.34274,0
2026-05-27 22:38:00+00:00,1.34275,1.34275,1.34273,1.34274,0
2026-05-27 22:39:00+00:00,1.34274,1.34284,1.34274,1.34283,0
2026-05-27 22:40:00+00:00,1.34282,1.34284,1.34282,1.34284,0
2026-05-27 22:41:00+00:00,1.34284,1.34284,1.34278,1.34281,0
2026-05-27 22:42:00+00:00,1.34283,1.34283,1.34277,1.34277,0
2026-05-27 22:43:00+00:00,1.34277,1.34279,1.34273,1.34278,0
2026-05-27 22:44:00+00:00,1.34279,1.34279,1.3427,1.34274,0
2026-05-27 22:45:00+00:00,1.34273,1.34274,1.34268,1.34269,0
2026-05-27 22:46:00+00:00,1.34268,1.34268,1.34253,1.3426,0
2026-05-27 22:47:00+00:00,1.34261,1.34264,1.34261,1.34263,0
2026-05-27 22:48:00+00:00,1.34266,1.34266,1.34255,1.34255,0
2026-05-27 22:49:00+00:00,1.34256,1.34259,1.34253,1.34255,0
2026-05-27 22:50:00+00:00,1.34256,1.34258,1.34254,1.34257,0
2026-05-27 22:51:00+00:00,1.34257,1.34272,1.34257,1.34263,0
2026-05-27 22:52:00+00:00,1.34264,1.34265,1.34263,1.34263,0
2026-05-27 22:53:00+00:00,1.34265,1.34275,1.34263,1.34275,0
2026-05-27 22:54:00+00:00,1.34275,1.34275,1.34274,1.34274,0
2026-05-27 22:55:00+00:00,1.34275,1.34275,1.34274,1.34274,0
2026-05-27 22:56:00+00:00,1.34273,1.34273,1.34272,1.34272,0
2026-05-27 22:57:00+00:00,1.34273,1.34273,1.34272,1.34273,0
2026-05-27 22:58:00+00:00,1.34272,1.34274,1.34272,1.34273,0
2026-05-27 22:59:00+00:00,1.34273,1.34275,1.34273,1.34274,0
2026-05-27 23:00:00+00:00,1.34273,1.34273,1.34261,1.34266,0
2026-05-27 23:01:00+00:00,1.34267,1.34267,1.34267,1.34267,0
2026-05-27 23:02:00+00:00,1.34272,1.34273,1.34271,1.34273,0
2026-05-27 23:03:00+00:00,1.34275,1.34275,1.34274,1.34274,0
2026-05-27 23:04:00+00:00,1.34272,1.34273,1.3427,1.34273,0
2026-05-27 23:05:00+00:00,1.34273,1.34273,1.34273,1.34273,0
2026-05-27 23:06:00+00:00,1.34272,1.34274,1.34272,1.34274,0
2026-05-27 23:07:00+00:00,1.34272,1.34273,1.34272,1.34272,0
2026-05-27 23:08:00+00:00,1.34272,1.34272,1.34272,1.34272,0
2026-05-27 23:09:00+00:00,1.34274,1.34274,1.34273,1.34274,0
2026-05-27 23:10:00+00:00,1.34274,1.34274,1.34274,1.34274,0
2026-05-27 23:11:00+00:00,1.34275,1.34282,1.34274,1.34279,0
2026-05-27 23:12:00+00:00,1.34279,1.34279,1.34279,1.34279,0
2026-05-27 23:13:00+00:00,1.34283,1.34283,1.34278,1.34278,0
2026-05-27 23:14:00+00:00,1.34278,1.34278,1.34278,1.34278,0
2026-05-27 23:15:00+00:00,1.34278,1.34278,1.34278,1.34278,0
2026-05-27 23:16:00+00:00,1.34275,1.34285,1.34272,1.34285,0
2026-05-27 23:17:00+00:00,1.34286,1.34286,1.34285,1.34285,0
2026-05-27 23:18:00+00:00,1.34285,1.34285,1.34285,1.34285,0
2026-05-27 23:19:00+00:00,1.34284,1.34284,1.34281,1.34282,0
2026-05-27 23:20:00+00:00,1.34284,1.34284,1.34273,1.34273,0
2026-05-27 23:21:00+00:00,1.34273,1.34273,1.34223,1.34228,0
2026-05-27 23:22:00+00:00,1.34229,1.34229,1.34216,1.34216,0
2026-05-27 23:23:00+00:00,1.34217,1.34224,1.34214,1.34214,0
2026-05-27 23:24:00+00:00,1.34215,1.34229,1.34215,1.34223,0
2026-05-27 23:25:00+00:00,1.34222,1.34228,1.34222,1.34228,0
2026-05-27 23:26:00+00:00,1.34226,1.34227,1.34218,1.3422,0
2026-05-27 23:27:00+00:00,1.34217,1.34219,1.34212,1.34213,0
2026-05-27 23:28:00+00:00,1.34213,1.34225,1.34212,1.34218,0
2026-05-27 23:29:00+00:00,1.34218,1.34225,1.34215,1.34222,0
2026-05-27 23:30:00+00:00,1.3422,1.3422,1.34194,1.34197,0
2026-05-27 23:31:00+00:00,1.34197,1.34213,1.34197,1.34213,0
2026-05-27 23:32:00+00:00,1.34211,1.34214,1.34211,1.34214,0
2026-05-27 23:33:00+00:00,1.34214,1.34216,1.34205,1.34211,0
2026-05-27 23:34:00+00:00,1.34211,1.34217,1.34209,1.34217,0
2026-05-27 23:35:00+00:00,1.34215,1.34215,1.34186,1.34188,0
2026-05-27 23:36:00+00:00,1.34189,1.34194,1.34184,1.34194,0
2026-05-27 23:37:00+00:00,1.34195,1.34201,1.34195,1.34199,0
2026-05-27 23:38:00+00:00,1.34196,1.34196,1.34194,1.34196,0
2026-05-27 23:39:00+00:00,1.34197,1.34205,1.34197,1.34198,0
2026-05-27 23:40:00+00:00,1.34198,1.34203,1.34198,1.34198,0
2026-05-27 23:41:00+00:00,1.34199,1.342,1.34195,1.34197,0
2026-05-27 23:42:00+00:00,1.34196,1.342,1.34195,1.34198,0
2026-05-27 23:43:00+00:00,1.34198,1.34199,1.34192,1.34195,0
2026-05-27 23:44:00+00:00,1.34196,1.34203,1.34196,1.34202,0
2026-05-27 23:45:00+00:00,1.34202,1.34203,1.34194,1.34195,0
2026-05-27 23:46:00+00:00,1.34197,1.34203,1.34191,1.34193,0
2026-05-27 23:47:00+00:00,1.34193,1.34195,1.34191,1.34195,0
2026-05-27 23:48:00+00:00,1.34197,1.34199,1.34195,1.34195,0
2026-05-27 23:49:00+00:00,1.34193,1.34197,1.34192,1.34197,0
2026-05-27 23:50:00+00:00,1.34196,1.34198,1.34194,1.34194,0
2026-05-27 23:51:00+00:00,1.34196,1.34196,1.34152,1.34152,0
2026-05-27 23:52:00+00:00,1.3415,1.34154,1.34139,1.34146,0
2026-05-27 23:53:00+00:00,1.3415,1.34156,1.34148,1.34155,0
2026-05-27 23:54:00+00:00,1.34156,1.34163,1.34153,1.34161,0
2026-05-27 23:55:00+00:00,1.34159,1.34165,1.34156,1.34162,0
2026-05-27 23:56:00+00:00,1.34162,1.34172,1.34162,1.34171,0
2026-05-27 23:57:00+00:00,1.3417,1.34173,1.34161,1.34161,0
2026-05-27 23:58:00+00:00,1.34163,1.34163,1.34157,1.34157,0
2026-05-27 23:59:00+00:00,1.34156,1.34157,1.34154,1.34155,0
2026-05-28 00:00:00+00:00,1.34155,1.34158,1.34142,1.34147,0
2026-05-28 00:01:00+00:00,1.34148,1.34159,1.34145,1.34154,0
2026-05-28 00:02:00+00:00,1.34155,1.34164,1.34152,1.3416,0
2026-05-28 00:03:00+00:00,1.34159,1.34159,1.34149,1.34156,0
2026-05-28 00:04:00+00:00,1.34154,1.34158,1.34152,1.34155,0
2026-05-28 00:05:00+00:00,1.34156,1.34167,1.34156,1.34158,0
2026-05-28 00:06:00+00:00,1.3416,1.34164,1.34146,1.34156,0
2026-05-28 00:07:00+00:00,1.34154,1.34167,1.34153,1.3416,0
2026-05-28 00:08:00+00:00,1.34162,1.34171,1.34159,1.34167,0
2026-05-28 00:09:00+00:00,1.34169,1.34175,1.34166,1.34174,0
2026-05-28 00:10:00+00:00,1.34171,1.34174,1.3416,1.34162,0
2026-05-28 00:11:00+00:00,1.34162,1.34165,1.34155,1.34155,0
2026-05-28 00:12:00+00:00,1.34155,1.34165,1.34155,1.34161,0
2026-05-28 00:13:00+00:00,1.3416,1.34164,1.34159,1.34164,0
2026-05-28 00:14:00+00:00,1.34164,1.34173,1.34158,1.34162,0
2026-05-28 00:15:00+00:00,1.34162,1.3417,1.34156,1.34167,0
2026-05-28 00:16:00+00:00,1.34167,1.34167,1.34158,1.34163,0
2026-05-28 00:17:00+00:00,1.34163,1.34173,1.34161,1.34171,0
2026-05-28 00:18:00+00:00,1.34174,1.34185,1.34174,1.34185,0
2026-05-28 00:19:00+00:00,1.34187,1.34188,1.34178,1.34179,0
2026-05-28 00:20:00+00:00,1.34182,1.34197,1.34175,1.34194,0
2026-05-28 00:21:00+00:00,1.34193,1.34198,1.34187,1.34198,0
2026-05-28 00:22:00+00:00,1.34198,1.34198,1.3419,1.34192,0
2026-05-28 00:23:00+00:00,1.34189,1.34195,1.34184,1.34192,0
2026-05-28 00:24:00+00:00,1.34192,1.34192,1.34171,1.34174,0
2026-05-28 00:25:00+00:00,1.34175,1.34178,1.34161,1.3417,0
2026-05-28 00:26:00+00:00,1.34166,1.34178,1.34166,1.34175,0
2026-05-28 00:27:00+00:00,1.34173,1.34178,1.34171,1.34176,0
2026-05-28 00:28:00+00:00,1.34175,1.34188,1.34175,1.34188,0
2026-05-28 00:29:00+00:00,1.34186,1.34188,1.34183,1.34188,0
2026-05-28 00:30:00+00:00,1.34186,1.34189,1.34162,1.34164,0
2026-05-28 00:31:00+00:00,1.34163,1.34166,1.34149,1.34158,0
2026-05-28 00:32:00+00:00,1.34159,1.34172,1.34159,1.34166,0
2026-05-28 00:33:00+00:00,1.34167,1.34172,1.3416,1.3416,0
2026-05-28 00:34:00+00:00,1.34161,1.34162,1.34154,1.34156,0
2026-05-28 00:35:00+00:00,1.34153,1.34166,1.34153,1.34159,0
2026-05-28 00:36:00+00:00,1.34158,1.3416,1.34148,1.34148,0
2026-05-28 00:37:00+00:00,1.34149,1.34157,1.34149,1.34155,0
2026-05-28 00:38:00+00:00,1.34154,1.34156,1.34146,1.34154,0
2026-05-28 00:39:00+00:00,1.34154,1.34155,1.34152,1.34153,0
2026-05-28 00:40:00+00:00,1.34151,1.3416,1.34151,1.34155,0
2026-05-28 00:41:00+00:00,1.34156,1.34158,1.34155,1.34155,0
2026-05-28 00:42:00+00:00,1.34156,1.34161,1.34155,1.3416,0
2026-05-28 00:43:00+00:00,1.34158,1.34161,1.34152,1.34152,0
2026-05-28 00:44:00+00:00,1.34154,1.34156,1.34142,1.34144,0
2026-05-28 00:45:00+00:00,1.34144,1.34155,1.34132,1.34133,0
2026-05-28 00:46:00+00:00,1.34133,1.34137,1.34127,1.34137,0
2026-05-28 00:47:00+00:00,1.34135,1.34142,1.34135,1.34139,0
2026-05-28 00:48:00+00:00,1.34138,1.34144,1.34133,1.34135,0
2026-05-28 00:49:00+00:00,1.34134,1.34135,1.34124,1.34128,0
2026-05-28 00:50:00+00:00,1.34127,1.34133,1.34115,1.34117,0
2026-05-28 00:51:00+00:00,1.34116,1.34124,1.34112,1.34124,0
2026-05-28 00:52:00+00:00,1.34124,1.34126,1.34122,1.34124,0
2026-05-28 00:53:00+00:00,1.34124,1.34132,1.34124,1.34124,0
2026-05-28 00:54:00+00:00,1.34124,1.34124,1.34103,1.34103,0
2026-05-28 00:55:00+00:00,1.34104,1.34113,1.34093,1.34104,0
2026-05-28 00:56:00+00:00,1.34102,1.34103,1.34093,1.34096,0
2026-05-28 00:57:00+00:00,1.34096,1.34113,1.34094,1.34112,0
2026-05-28 00:58:00+00:00,1.34113,1.34138,1.34112,1.34137,0
2026-05-28 00:59:00+00:00,1.34136,1.3414,1.34129,1.34132,0
2026-05-28 01:00:00+00:00,1.34133,1.3414,1.34114,1.34115,0
2026-05-28 01:01:00+00:00,1.34113,1.34117,1.34106,1.34113,0
2026-05-28 01:02:00+00:00,1.34109,1.34112,1.34102,1.34104,0
2026-05-28 01:03:00+00:00,1.341,1.34104,1.34093,1.34103,0
2026-05-28 01:04:00+00:00,1.34107,1.34114,1.34105,1.34105,0
2026-05-28 01:05:00+00:00,1.34106,1.34107,1.34101,1.34103,0
2026-05-28 01:06:00+00:00,1.34101,1.34111,1.34098,1.34107,0
2026-05-28 01:07:00+00:00,1.34108,1.34112,1.34104,1.34106,0
2026-05-28 01:08:00+00:00,1.34113,1.34121,1.34112,1.34116,0
2026-05-28 01:09:00+00:00,1.34116,1.34116,1.34106,1.34113,0
2026-05-28 01:10:00+00:00,1.34115,1.34123,1.34114,1.34119,0
2026-05-28 01:11:00+00:00,1.34118,1.34125,1.34113,1.34125,0
2026-05-28 01:12:00+00:00,1.34125,1.34126,1.34115,1.34116,0
2026-05-28 01:13:00+00:00,1.34115,1.34118,1.34104,1.34116,0
2026-05-28 01:14:00+00:00,1.34115,1.34121,1.34113,1.34113,0
2026-05-28 01:15:00+00:00,1.34115,1.34125,1.34112,1.34123,0
2026-05-28 01:16:00+00:00,1.34124,1.34125,1.34121,1.34124,0
2026-05-28 01:17:00+00:00,1.34124,1.34124,1.34116,1.34116,0
2026-05-28 01:18:00+00:00,1.34116,1.3412,1.34113,1.34114,0
2026-05-28 01:19:00+00:00,1.34114,1.34117,1.34111,1.34116,0
2026-05-28 01:20:00+00:00,1.34116,1.34116,1.34105,1.34108,0
2026-05-28 01:21:00+00:00,1.34106,1.34111,1.34096,1.34104,0
2026-05-28 01:22:00+00:00,1.34102,1.34106,1.341,1.34105,0
2026-05-28 01:23:00+00:00,1.34104,1.34115,1.34103,1.34115,0
2026-05-28 01:24:00+00:00,1.34114,1.34125,1.34113,1.34117,0
2026-05-28 01:25:00+00:00,1.34115,1.34115,1.34104,1.34104,0
2026-05-28 01:26:00+00:00,1.34105,1.34109,1.34099,1.34099,0
2026-05-28 01:27:00+00:00,1.34098,1.34103,1.34093,1.34096,0
2026-05-28 01:28:00+00:00,1.34095,1.34101,1.34095,1.34097,0
2026-05-28 01:29:00+00:00,1.34097,1.34106,1.34097,1.341,0
2026-05-28 01:30:00+00:00,1.34104,1.34106,1.34096,1.34102,0
2026-05-28 01:31:00+00:00,1.34102,1.34115,1.34099,1.34099,0
2026-05-28 01:32:00+00:00,1.34097,1.34097,1.34072,1.34074,0
2026-05-28 01:33:00+00:00,1.34074,1.34085,1.34074,1.34075,0
2026-05-28 01:34:00+00:00,1.34075,1.34086,1.34075,1.34084,0
2026-05-28 01:35:00+00:00,1.34084,1.34085,1.34074,1.34074,0
2026-05-28 01:36:00+00:00,1.34074,1.34076,1.34068,1.34075,0
2026-05-28 01:37:00+00:00,1.34077,1.34083,1.34072,1.34083,0
2026-05-28 01:38:00+00:00,1.34082,1.34084,1.34078,1.34084,0
2026-05-28 01:39:00+00:00,1.34083,1.34085,1.3408,1.34083,0
2026-05-28 01:40:00+00:00,1.34082,1.34082,1.34067,1.34072,0
2026-05-28 01:41:00+00:00,1.34071,1.34074,1.34062,1.34062,0
2026-05-28 01:42:00+00:00,1.34062,1.34063,1.34054,1.34058,0
2026-05-28 01:43:00+00:00,1.34059,1.34064,1.34055,1.34055,0
2026-05-28 01:44:00+00:00,1.34056,1.34056,1.34051,1.34051,0
2026-05-28 01:45:00+00:00,1.3405,1.34051,1.34006,1.34015,0
2026-05-28 01:46:00+00:00,1.34017,1.34032,1.34017,1.34024,0
2026-05-28 01:47:00+00:00,1.34024,1.34029,1.34021,1.34023,0
2026-05-28 01:48:00+00:00,1.34024,1.34031,1.34022,1.34026,0
2026-05-28 01:49:00+00:00,1.34028,1.3403,1.34024,1.34024,0
2026-05-28 01:50:00+00:00,1.34027,1.34027,1.34021,1.34025,0
2026-05-28 01:51:00+00:00,1.34023,1.34024,1.34017,1.34017,0
2026-05-28 01:52:00+00:00,1.34017,1.34026,1.34013,1.34025,0
2026-05-28 01:53:00+00:00,1.34025,1.34032,1.34021,1.34023,0
2026-05-28 01:54:00+00:00,1.34023,1.34028,1.34011,1.34016,0
2026-05-28 01:55:00+00:00,1.34014,1.34019,1.33996,1.33998,0
2026-05-28 01:56:00+00:00,1.33998,1.34002,1.33986,1.33992,0
2026-05-28 01:57:00+00:00,1.33992,1.33994,1.33985,1.33988,0
2026-05-28 01:58:00+00:00,1.33987,1.33989,1.33983,1.33984,0
2026-05-28 01:59:00+00:00,1.33986,1.33986,1.3397,1.3398,0
2026-05-28 02:00:00+00:00,1.33982,1.34001,1.33982,1.33996,0
2026-05-28 02:01:00+00:00,1.33996,1.33997,1.3399,1.33994,0
2026-05-28 02:02:00+00:00,1.33995,1.34006,1.33984,1.34006,0
2026-05-28 02:03:00+00:00,1.34005,1.34005,1.3399,1.33995,0
2026-05-28 02:04:00+00:00,1.33997,1.34004,1.33994,1.33996,0
2026-05-28 02:05:00+00:00,1.33995,1.34003,1.33995,1.34002,0
2026-05-28 02:06:00+00:00,1.34003,1.34008,1.33999,1.34004,0
2026-05-28 02:07:00+00:00,1.34005,1.34005,1.33986,1.33991,0
2026-05-28 02:08:00+00:00,1.3399,1.34004,1.3399,1.34,0
2026-05-28 02:09:00+00:00,1.34,1.34013,1.34,1.34012,0
2026-05-28 02:10:00+00:00,1.34009,1.34016,1.34009,1.34013,0
2026-05-28 02:11:00+00:00,1.34011,1.34018,1.34011,1.34016,0
2026-05-28 02:12:00+00:00,1.34017,1.34023,1.34015,1.34021,0
2026-05-28 02:13:00+00:00,1.34023,1.34024,1.34018,1.34021,0
2026-05-28 02:14:00+00:00,1.3402,1.34025,1.34015,1.34023,0
2026-05-28 02:15:00+00:00,1.34025,1.34029,1.34025,1.34029,0
2026-05-28 02:16:00+00:00,1.34028,1.34028,1.34017,1.34017,0
2026-05-28 02:17:00+00:00,1.34018,1.34025,1.34017,1.34021,0
2026-05-28 02:18:00+00:00,1.34022,1.3403,1.34022,1.3403,0
2026-05-28 02:19:00+00:00,1.34029,1.34032,1.34026,1.34031,0
2026-05-28 02:20:00+00:00,1.34032,1.34044,1.34031,1.34037,0
2026-05-28 02:21:00+00:00,1.34037,1.34042,1.34035,1.34038,0
2026-05-28 02:22:00+00:00,1.34037,1.34047,1.34036,1.34044,0
2026-05-28 02:23:00+00:00,1.34045,1.34046,1.34044,1.34044,0
2026-05-28 02:24:00+00:00,1.34042,1.3405,1.34039,1.34046,0
2026-05-28 02:25:00+00:00,1.34047,1.34048,1.34043,1.34047,0
2026-05-28 02:26:00+00:00,1.34047,1.34049,1.34046,1.34047,0
2026-05-28 02:27:00+00:00,1.34047,1.34047,1.34038,1.34041,0
2026-05-28 02:28:00+00:00,1.34041,1.34045,1.34041,1.34042,0
2026-05-28 02:29:00+00:00,1.34044,1.34049,1.34043,1.34046,0
2026-05-28 02:30:00+00:00,1.34047,1.3406,1.34046,1.34053,0
2026-05-28 02:31:00+00:00,1.34052,1.34058,1.34052,1.34055,0
2026-05-28 02:32:00+00:00,1.34057,1.34057,1.34055,1.34056,0
2026-05-28 02:33:00+00:00,1.34059,1.34063,1.34057,1.34061,0
2026-05-28 02:34:00+00:00,1.34059,1.34062,1.34057,1.34058,0
2026-05-28 02:35:00+00:00,1.34058,1.34063,1.34056,1.34056,0
2026-05-28 02:36:00+00:00,1.34056,1.34056,1.3404,1.34044,0
2026-05-28 02:37:00+00:00,1.34043,1.34045,1.34039,1.34039,0
2026-05-28 02:38:00+00:00,1.34036,1.34036,1.34026,1.34027,0
2026-05-28 02:39:00+00:00,1.34028,1.34036,1.34026,1.34036,0
2026-05-28 02:40:00+00:00,1.34035,1.34037,1.34031,1.34032,0
2026-05-28 02:41:00+00:00,1.34035,1.34035,1.34007,1.34009,0
2026-05-28 02:42:00+00:00,1.3401,1.34012,1.34005,1.34006,0
2026-05-28 02:43:00+00:00,1.34009,1.34016,1.34006,1.34009,0
2026-05-28 02:44:00+00:00,1.34007,1.34011,1.34006,1.34011,0
2026-05-28 02:45:00+00:00,1.34007,1.34007,1.33999,1.34001,0
2026-05-28 02:46:00+00:00,1.34001,1.34008,1.33998,1.34004,0
2026-05-28 02:47:00+00:00,1.34004,1.34006,1.33996,1.34002,0
2026-05-28 02:48:00+00:00,1.34003,1.34012,1.33999,1.34009,0
2026-05-28 02:49:00+00:00,1.34008,1.34013,1.34007,1.34009,0
2026-05-28 02:50:00+00:00,1.3401,1.34013,1.34004,1.34005,0
2026-05-28 02:51:00+00:00,1.34005,1.34013,1.34001,1.34013,0
2026-05-28 02:52:00+00:00,1.34013,1.34015,1.34006,1.34013,0
2026-05-28 02:53:00+00:00,1.34013,1.34017,1.3401,1.34017,0
2026-05-28 02:54:00+00:00,1.34018,1.34018,1.34005,1.34006,0
2026-05-28 02:55:00+00:00,1.34008,1.34012,1.34006,1.34008,0
2026-05-28 02:56:00+00:00,1.34004,1.34008,1.34003,1.34006,0
2026-05-28 02:57:00+00:00,1.34007,1.34015,1.34005,1.34014,0
2026-05-28 02:58:00+00:00,1.34014,1.34018,1.34011,1.34013,0
2026-05-28 02:59:00+00:00,1.34012,1.34015,1.34007,1.34015,0
2026-05-28 03:00:00+00:00,1.34016,1.34023,1.34015,1.3402,0
2026-05-28 03:01:00+00:00,1.34021,1.34021,1.3401,1.34016,0
2026-05-28 03:02:00+00:00,1.34015,1.34019,1.3401,1.34017,0
2026-05-28 03:03:00+00:00,1.34017,1.34024,1.34017,1.34018,0
2026-05-28 03:04:00+00:00,1.34018,1.34018,1.34008,1.34012,0
2026-05-28 03:05:00+00:00,1.34013,1.34016,1.34005,1.34011,0
2026-05-28 03:06:00+00:00,1.34012,1.34015,1.34009,1.34014,0
2026-05-28 03:07:00+00:00,1.34014,1.34026,1.34013,1.34026,0
2026-05-28 03:08:00+00:00,1.34033,1.34034,1.33998,1.34003,0
2026-05-28 03:09:00+00:00,1.34003,1.34005,1.33984,1.3399,0
2026-05-28 03:10:00+00:00,1.33992,1.33992,1.3397,1.33974,0
2026-05-28 03:11:00+00:00,1.33975,1.33976,1.33953,1.33957,0
2026-05-28 03:12:00+00:00,1.33956,1.33968,1.33955,1.33956,0
2026-05-28 03:13:00+00:00,1.33958,1.33959,1.33941,1.33943,0
2026-05-28 03:14:00+00:00,1.33945,1.33947,1.33934,1.33936,0
2026-05-28 03:15:00+00:00,1.33936,1.33937,1.33923,1.33923,0
2026-05-28 03:16:00+00:00,1.33923,1.33939,1.33923,1.33937,0
2026-05-28 03:17:00+00:00,1.33936,1.33943,1.33922,1.33922,0
2026-05-28 03:18:00+00:00,1.33924,1.33927,1.33905,1.33906,0
2026-05-28 03:19:00+00:00,1.33905,1.33908,1.33883,1.33891,0
2026-05-28 03:20:00+00:00,1.33892,1.33913,1.3389,1.33898,0
2026-05-28 03:21:00+00:00,1.33901,1.33906,1.33895,1.33896,0
2026-05-28 03:22:00+00:00,1.33896,1.33898,1.33883,1.33885,0
2026-05-28 03:23:00+00:00,1.33883,1.33887,1.33881,1.33886,0
2026-05-28 03:24:00+00:00,1.33886,1.33897,1.33886,1.33888,0
2026-05-28 03:25:00+00:00,1.33888,1.33896,1.33882,1.33888,0
2026-05-28 03:26:00+00:00,1.33889,1.33894,1.33886,1.33893,0
2026-05-28 03:27:00+00:00,1.33891,1.33905,1.33891,1.33902,0
2026-05-28 03:28:00+00:00,1.33903,1.33914,1.33903,1.33912,0
2026-05-28 03:29:00+00:00,1.33912,1.33912,1.33885,1.33887,0
2026-05-28 03:30:00+00:00,1.33886,1.33887,1.33863,1.33865,0
2026-05-28 03:31:00+00:00,1.33866,1.33874,1.3386,1.33864,0
2026-05-28 03:32:00+00:00,1.33864,1.33866,1.33826,1.33834,0
2026-05-28 03:33:00+00:00,1.33833,1.33834,1.33813,1.33815,0
2026-05-28 03:34:00+00:00,1.33815,1.33824,1.33802,1.33813,0
2026-05-28 03:35:00+00:00,1.33812,1.33832,1.33812,1.3383,0
2026-05-28 03:36:00+00:00,1.33829,1.33832,1.33807,1.33811,0
2026-05-28 03:37:00+00:00,1.33809,1.33815,1.33808,1.33812,0
2026-05-28 03:38:00+00:00,1.33812,1.33815,1.33785,1.33794,0
2026-05-28 03:39:00+00:00,1.33795,1.33804,1.33787,1.33788,0
2026-05-28 03:40:00+00:00,1.33794,1.33807,1.33787,1.33792,0
2026-05-28 03:41:00+00:00,1.33792,1.33796,1.33782,1.33782,0
2026-05-28 03:42:00+00:00,1.33781,1.33784,1.33763,1.33763,0
2026-05-28 03:43:00+00:00,1.33762,1.33769,1.33754,1.33763,0
2026-05-28 03:44:00+00:00,1.33761,1.33768,1.33752,1.33756,0
2026-05-28 03:45:00+00:00,1.33758,1.33773,1.33752,1.33768,0
2026-05-28 03:46:00+00:00,1.33763,1.33769,1.33751,1.33755,0
2026-05-28 03:47:00+00:00,1.33755,1.33763,1.33724,1.33729,0
2026-05-28 03:48:00+00:00,1.3373,1.33737,1.33711,1.33714,0
2026-05-28 03:49:00+00:00,1.33715,1.33725,1.33712,1.33723,0
2026-05-28 03:50:00+00:00,1.33724,1.33724,1.3369,1.33699,0
2026-05-28 03:51:00+00:00,1.33698,1.33724,1.33697,1.33715,0
2026-05-28 03:52:00+00:00,1.33715,1.33719,1.33705,1.3371,0
2026-05-28 03:53:00+00:00,1.3371,1.33713,1.33698,1.3371,0
2026-05-28 03:54:00+00:00,1.3371,1.33712,1.337,1.33702,0
2026-05-28 03:55:00+00:00,1.33702,1.33702,1.33688,1.33694,0
2026-05-28 03:56:00+00:00,1.33694,1.33695,1.33685,1.33687,0
2026-05-28 03:57:00+00:00,1.33688,1.33696,1.33685,1.33694,0
2026-05-28 03:58:00+00:00,1.33692,1.33698,1.33685,1.33688,0
2026-05-28 03:59:00+00:00,1.33689,1.33695,1.33683,1.33683,0
2026-05-28 04:00:00+00:00,1.33684,1.33699,1.33682,1.33691,0
2026-05-28 04:01:00+00:00,1.3369,1.33695,1.33672,1.33678,0
2026-05-28 04:02:00+00:00,1.33677,1.33699,1.33675,1.33697,0
2026-05-28 04:03:00+00:00,1.33698,1.337,1.33687,1.33688,0
2026-05-28 04:04:00+00:00,1.33686,1.33707,1.33685,1.33707,0
2026-05-28 04:05:00+00:00,1.33706,1.33706,1.33674,1.33684,0
2026-05-28 04:06:00+00:00,1.33684,1.33699,1.33684,1.33696,0
2026-05-28 04:07:00+00:00,1.33697,1.33714,1.33694,1.33713,0
2026-05-28 04:08:00+00:00,1.33713,1.33727,1.33713,1.33726,0
2026-05-28 04:09:00+00:00,1.33724,1.33743,1.33724,1.33743,0
2026-05-28 04:10:00+00:00,1.33742,1.33746,1.33735,1.33745,0
2026-05-28 04:11:00+00:00,1.33744,1.33745,1.33724,1.33727,0
2026-05-28 04:12:00+00:00,1.33726,1.33726,1.33713,1.3372,0
2026-05-28 04:13:00+00:00,1.3372,1.33727,1.33712,1.33712,0
2026-05-28 04:14:00+00:00,1.33713,1.33731,1.33712,1.33729,0
2026-05-28 04:15:00+00:00,1.33728,1.33736,1.33723,1.33734,0
2026-05-28 04:16:00+00:00,1.33736,1.33747,1.33735,1.33747,0
2026-05-28 04:17:00+00:00,1.33746,1.33746,1.33733,1.33733,0
2026-05-28 04:18:00+00:00,1.33736,1.33742,1.33719,1.33725,0
2026-05-28 04:19:00+00:00,1.33724,1.33725,1.33703,1.33703,0
2026-05-28 04:20:00+00:00,1.33703,1.33713,1.33701,1.33706,0
2026-05-28 04:21:00+00:00,1.33706,1.33718,1.33702,1.33715,0
2026-05-28 04:22:00+00:00,1.33714,1.33728,1.33714,1.3372,0
2026-05-28 04:23:00+00:00,1.3372,1.33727,1.33716,1.33726,0
2026-05-28 04:24:00+00:00,1.33728,1.33739,1.33727,1.33731,0
2026-05-28 04:25:00+00:00,1.33733,1.33734,1.33723,1.33727,0
2026-05-28 04:26:00+00:00,1.33727,1.33727,1.33716,1.33726,0
2026-05-28 04:27:00+00:00,1.33727,1.33727,1.33715,1.33716,0
2026-05-28 04:28:00+00:00,1.33717,1.33725,1.33714,1.3372,0
2026-05-28 04:29:00+00:00,1.33721,1.33725,1.33708,1.33711,0
2026-05-28 04:30:00+00:00,1.33709,1.33725,1.33709,1.33723,0
2026-05-28 04:31:00+00:00,1.33723,1.33741,1.33723,1.33735,0
2026-05-28 04:32:00+00:00,1.33736,1.33744,1.33736,1.33739,0
2026-05-28 04:33:00+00:00,1.33743,1.33744,1.33733,1.33734,0
2026-05-28 04:34:00+00:00,1.33736,1.33745,1.33733,1.33737,0
2026-05-28 04:35:00+00:00,1.33736,1.33738,1.33731,1.33738,0
2026-05-28 04:36:00+00:00,1.3374,1.33754,1.33738,1.33754,0
2026-05-28 04:37:00+00:00,1.33754,1.33754,1.33744,1.3375,0
2026-05-28 04:38:00+00:00,1.3375,1.33753,1.33749,1.33752,0
2026-05-28 04:39:00+00:00,1.33752,1.33764,1.3375,1.33763,0
2026-05-28 04:40:00+00:00,1.33763,1.33777,1.33763,1.33775,0
2026-05-28 04:41:00+00:00,1.33774,1.33777,1.33765,1.33768,0
2026-05-28 04:42:00+00:00,1.33768,1.33768,1.3375,1.33751,0
2026-05-28 04:43:00+00:00,1.33752,1.33762,1.3375,1.33757,0
2026-05-28 04:44:00+00:00,1.33759,1.33765,1.33757,1.33758,0
2026-05-28 04:45:00+00:00,1.33763,1.33766,1.33762,1.33765,0
2026-05-28 04:46:00+00:00,1.33762,1.33764,1.33745,1.33748,0
2026-05-28 04:47:00+00:00,1.33747,1.3375,1.33746,1.33748,0
2026-05-28 04:48:00+00:00,1.33754,1.33755,1.33752,1.33755,0
2026-05-28 04:49:00+00:00,1.33755,1.33764,1.33755,1.33762,0
2026-05-28 04:50:00+00:00,1.33762,1.33766,1.33756,1.33756,0
2026-05-28 04:51:00+00:00,1.33757,1.33777,1.33757,1.33776,0
2026-05-28 04:52:00+00:00,1.33775,1.33775,1.33758,1.33758,0
2026-05-28 04:53:00+00:00,1.33757,1.33764,1.33754,1.3376,0
2026-05-28 04:54:00+00:00,1.33761,1.33765,1.3376,1.33764,0
2026-05-28 04:55:00+00:00,1.33765,1.33776,1.33764,1.33773,0
2026-05-28 04:56:00+00:00,1.33771,1.33777,1.33768,1.33774,0
2026-05-28 04:57:00+00:00,1.33775,1.33775,1.33765,1.33767,0
2026-05-28 04:58:00+00:00,1.33766,1.33775,1.33766,1.33769,0
2026-05-28 04:59:00+00:00,1.33768,1.33773,1.33764,1.33773,0
2026-05-28 05:00:00+00:00,1.33774,1.33782,1.33768,1.33768,0
2026-05-28 05:01:00+00:00,1.33768,1.33775,1.33762,1.33766,0
2026-05-28 05:02:00+00:00,1.33767,1.33767,1.33764,1.33766,0
2026-05-28 05:03:00+00:00,1.33765,1.33775,1.33763,1.33773,0
2026-05-28 05:04:00+00:00,1.33773,1.33786,1.33773,1.33776,0
2026-05-28 05:05:00+00:00,1.33776,1.33778,1.33775,1.33776,0
2026-05-28 05:06:00+00:00,1.33777,1.3378,1.33776,1.3378,0
2026-05-28 05:07:00+00:00,1.33782,1.33791,1.3378,1.33791,0
2026-05-28 05:08:00+00:00,1.33793,1.33793,1.33768,1.33769,0
2026-05-28 05:09:00+00:00,1.33773,1.33773,1.33763,1.33766,0
2026-05-28 05:10:00+00:00,1.33767,1.33767,1.33749,1.33755,0
2026-05-28 05:11:00+00:00,1.33756,1.33756,1.33752,1.33755,0
2026-05-28 05:12:00+00:00,1.33756,1.33768,1.33755,1.33765,0
2026-05-28 05:13:00+00:00,1.33766,1.33777,1.33764,1.33777,0
2026-05-28 05:14:00+00:00,1.33777,1.33789,1.33776,1.33785,0
2026-05-28 05:15:00+00:00,1.33784,1.33784,1.33778,1.33781,0
2026-05-28 05:16:00+00:00,1.33779,1.33787,1.33777,1.33786,0
2026-05-28 05:17:00+00:00,1.33787,1.33797,1.33787,1.33797,0
2026-05-28 05:18:00+00:00,1.33798,1.33798,1.33787,1.33795,0
2026-05-28 05:19:00+00:00,1.33795,1.33795,1.33786,1.33789,0
2026-05-28 05:20:00+00:00,1.33789,1.33793,1.33787,1.3379,0
2026-05-28 05:21:00+00:00,1.33789,1.33795,1.33788,1.33788,0
2026-05-28 05:22:00+00:00,1.33787,1.33795,1.33783,1.33789,0
2026-05-28 05:23:00+00:00,1.33789,1.33795,1.33784,1.33795,0
2026-05-28 05:24:00+00:00,1.33796,1.33816,1.33795,1.33808,0
2026-05-28 05:25:00+00:00,1.33809,1.33817,1.33809,1.33814,0
2026-05-28 05:26:00+00:00,1.33814,1.33826,1.33811,1.33825,0
2026-05-28 05:27:00+00:00,1.33825,1.33828,1.33817,1.33824,0
2026-05-28 05:28:00+00:00,1.33825,1.33837,1.33824,1.33837,0
2026-05-28 05:29:00+00:00,1.33836,1.33838,1.33833,1.33834,0
2026-05-28 05:30:00+00:00,1.33836,1.33877,1.33832,1.33875,0
2026-05-28 05:31:00+00:00,1.33875,1.33875,1.33857,1.33868,0
2026-05-28 05:32:00+00:00,1.33867,1.33877,1.33865,1.33876,0
2026-05-28 05:33:00+00:00,1.33874,1.33892,1.33873,1.33888,0
2026-05-28 05:34:00+00:00,1.33887,1.33907,1.33887,1.33904,0
2026-05-28 05:35:00+00:00,1.33904,1.33911,1.33896,1.33906,0
2026-05-28 05:36:00+00:00,1.33907,1.33907,1.33896,1.33904,0
2026-05-28 05:37:00+00:00,1.33903,1.33903,1.33885,1.33886,0
2026-05-28 05:38:00+00:00,1.33887,1.33898,1.33887,1.33896,0
2026-05-28 05:39:00+00:00,1.33897,1.33919,1.33896,1.33918,0
2026-05-28 05:40:00+00:00,1.33918,1.33927,1.33914,1.3392,0
2026-05-28 05:41:00+00:00,1.33921,1.33934,1.3392,1.3393,0
2026-05-28 05:42:00+00:00,1.3393,1.3394,1.33929,1.33933,0
2026-05-28 05:43:00+00:00,1.33933,1.33937,1.33928,1.33929,0
2026-05-28 05:44:00+00:00,1.3393,1.3393,1.33924,1.33925,0
2026-05-28 05:45:00+00:00,1.33926,1.33944,1.33925,1.33938,0
2026-05-28 05:46:00+00:00,1.3394,1.33942,1.33928,1.33936,0
2026-05-28 05:47:00+00:00,1.33939,1.33945,1.33936,1.33941,0
2026-05-28 05:48:00+00:00,1.33941,1.33949,1.33941,1.33946,0
2026-05-28 05:49:00+00:00,1.33947,1.33947,1.3394,1.33945,0
2026-05-28 05:50:00+00:00,1.33944,1.33956,1.33944,1.33955,0
2026-05-28 05:51:00+00:00,1.33954,1.33957,1.3395,1.33957,0
2026-05-28 05:52:00+00:00,1.33955,1.33955,1.33944,1.33947,0
2026-05-28 05:53:00+00:00,1.33946,1.33947,1.33936,1.33945,0
2026-05-28 05:54:00+00:00,1.33945,1.33945,1.33934,1.33937,0
2026-05-28 05:55:00+00:00,1.33937,1.33937,1.33932,1.33935,0
2026-05-28 05:56:00+00:00,1.33933,1.33938,1.33928,1.33938,0
2026-05-28 05:57:00+00:00,1.33937,1.33937,1.33928,1.33934,0
2026-05-28 05:58:00+00:00,1.33929,1.33934,1.33928,1.33929,0
2026-05-28 05:59:00+00:00,1.33928,1.33928,1.33918,1.33919,0
2026-05-28 06:00:00+00:00,1.33916,1.3392,1.33906,1.33914,0
2026-05-28 06:01:00+00:00,1.33913,1.33927,1.33913,1.33922,0
2026-05-28 06:02:00+00:00,1.33923,1.33937,1.33923,1.33936,0
2026-05-28 06:03:00+00:00,1.33937,1.33944,1.3393,1.33944,0
2026-05-28 06:04:00+00:00,1.33944,1.33947,1.33934,1.33935,0
2026-05-28 06:05:00+00:00,1.33934,1.33959,1.33934,1.33949,0
2026-05-28 06:06:00+00:00,1.33948,1.3395,1.33935,1.33938,0
2026-05-28 06:07:00+00:00,1.33939,1.33947,1.33937,1.33943,0
2026-05-28 06:08:00+00:00,1.33944,1.33946,1.33932,1.33937,0
2026-05-28 06:09:00+00:00,1.33939,1.33944,1.33934,1.33936,0
2026-05-28 06:10:00+00:00,1.33935,1.33955,1.33935,1.33949,0
2026-05-28 06:11:00+00:00,1.33948,1.33955,1.33931,1.33934,0
2026-05-28 06:12:00+00:00,1.33935,1.33938,1.33926,1.33938,0
2026-05-28 06:13:00+00:00,1.33938,1.33958,1.33938,1.33958,0
2026-05-28 06:14:00+00:00,1.33957,1.33989,1.33957,1.33981,0
2026-05-28 06:15:00+00:00,1.3398,1.33981,1.33971,1.33974,0
2026-05-28 06:16:00+00:00,1.33977,1.33978,1.33964,1.33968,0
2026-05-28 06:17:00+00:00,1.33968,1.33975,1.33964,1.33975,0
2026-05-28 06:18:00+00:00,1.33975,1.33975,1.33964,1.33966,0
2026-05-28 06:19:00+00:00,1.33964,1.33981,1.33955,1.33977,0
2026-05-28 06:20:00+00:00,1.33978,1.33995,1.33978,1.33991,0
2026-05-28 06:21:00+00:00,1.33993,1.33995,1.33978,1.33984,0
2026-05-28 06:22:00+00:00,1.33985,1.34008,1.33984,1.34006,0
2026-05-28 06:23:00+00:00,1.34005,1.34015,1.34005,1.34007,0
2026-05-28 06:24:00+00:00,1.34008,1.34012,1.33994,1.33998,0
2026-05-28 06:25:00+00:00,1.33999,1.34014,1.33998,1.34007,0
2026-05-28 06:26:00+00:00,1.34007,1.34014,1.34006,1.34006,0
2026-05-28 06:27:00+00:00,1.34005,1.34019,1.34002,1.34018,0
2026-05-28 06:28:00+00:00,1.34017,1.34019,1.33996,1.33999,0
2026-05-28 06:29:00+00:00,1.33997,1.33999,1.33989,1.3399,0
2026-05-28 06:30:00+00:00,1.33989,1.34004,1.33986,1.34004,0
2026-05-28 06:31:00+00:00,1.34007,1.34036,1.34006,1.34034,0
2026-05-28 06:32:00+00:00,1.34033,1.34043,1.3403,1.34034,0
2026-05-28 06:33:00+00:00,1.3403,1.34049,1.34026,1.34031,0
2026-05-28 06:34:00+00:00,1.34031,1.34031,1.34011,1.34026,0
2026-05-28 06:35:00+00:00,1.34027,1.34043,1.34022,1.34034,0
2026-05-28 06:36:00+00:00,1.34035,1.34056,1.34035,1.34045,0
2026-05-28 06:37:00+00:00,1.34044,1.34064,1.34044,1.34057,0
2026-05-28 06:38:00+00:00,1.34057,1.34059,1.34054,1.34057,0
2026-05-28 06:39:00+00:00,1.34061,1.34075,1.34061,1.34065,0
2026-05-28 06:40:00+00:00,1.34065,1.34068,1.34045,1.34049,0
2026-05-28 06:41:00+00:00,1.34051,1.34055,1.34045,1.3405,0
2026-05-28 06:42:00+00:00,1.34048,1.34048,1.34035,1.34044,0
2026-05-28 06:43:00+00:00,1.34043,1.34049,1.34043,1.34048,0
2026-05-28 06:44:00+00:00,1.34046,1.34064,1.34032,1.3406,0
2026-05-28 06:45:00+00:00,1.34059,1.34065,1.34053,1.34057,0
2026-05-28 06:46:00+00:00,1.34058,1.3407,1.34055,1.3407,0
2026-05-28 06:47:00+00:00,1.34068,1.34074,1.34066,1.34068,0
2026-05-28 06:48:00+00:00,1.34068,1.34074,1.34054,1.34054,0
2026-05-28 06:49:00+00:00,1.34055,1.34062,1.34055,1.34061,0
2026-05-28 06:50:00+00:00,1.34061,1.34061,1.34048,1.34055,0
2026-05-28 06:51:00+00:00,1.34056,1.34056,1.34023,1.34025,0
2026-05-28 06:52:00+00:00,1.34024,1.34035,1.34022,1.34032,0
2026-05-28 06:53:00+00:00,1.34034,1.34043,1.3403,1.34032,0
2026-05-28 06:54:00+00:00,1.34034,1.34038,1.34023,1.34025,0
2026-05-28 06:55:00+00:00,1.34026,1.34048,1.34023,1.34044,0
2026-05-28 06:56:00+00:00,1.34042,1.34052,1.34034,1.34034,0
2026-05-28 06:57:00+00:00,1.34035,1.34044,1.34034,1.34044,0
2026-05-28 06:58:00+00:00,1.34043,1.34058,1.34043,1.34045,0
2026-05-28 06:59:00+00:00,1.34045,1.34048,1.34033,1.34036,0
2026-05-28 07:00:00+00:00,1.34037,1.34086,1.34037,1.34083,0
2026-05-28 07:01:00+00:00,1.34085,1.34095,1.34073,1.34094,0
2026-05-28 07:02:00+00:00,1.34095,1.34095,1.34075,1.34075,0
2026-05-28 07:03:00+00:00,1.34075,1.34093,1.34067,1.34083,0
2026-05-28 07:04:00+00:00,1.34082,1.34084,1.34065,1.34081,0
2026-05-28 07:05:00+00:00,1.34079,1.34084,1.34062,1.34062,0
2026-05-28 07:06:00+00:00,1.3406,1.34075,1.34052,1.34052,0
2026-05-28 07:07:00+00:00,1.34051,1.34062,1.34048,1.3406,0
2026-05-28 07:08:00+00:00,1.3406,1.34096,1.34058,1.34092,0
2026-05-28 07:09:00+00:00,1.34092,1.34096,1.34083,1.34094,0
2026-05-28 07:10:00+00:00,1.34092,1.34098,1.34084,1.34085,0
2026-05-28 07:11:00+00:00,1.34089,1.34115,1.34086,1.34106,0
2026-05-28 07:12:00+00:00,1.34105,1.34109,1.3409,1.34092,0
2026-05-28 07:13:00+00:00,1.34096,1.34106,1.34093,1.34098,0
2026-05-28 07:14:00+00:00,1.34098,1.34109,1.34098,1.34104,0
2026-05-28 07:15:00+00:00,1.34106,1.34107,1.34065,1.34067,0
2026-05-28 07:16:00+00:00,1.34067,1.34077,1.34064,1.34064,0
2026-05-28 07:17:00+00:00,1.34062,1.34074,1.34055,1.3407,0
2026-05-28 07:18:00+00:00,1.34068,1.34076,1.34062,1.34068,0
2026-05-28 07:19:00+00:00,1.3407,1.34076,1.34063,1.34071,0
2026-05-28 07:20:00+00:00,1.34072,1.34075,1.34056,1.34057,0
2026-05-28 07:21:00+00:00,1.34058,1.34068,1.34044,1.34045,0
2026-05-28 07:22:00+00:00,1.34046,1.34054,1.34038,1.34039,0
2026-05-28 07:23:00+00:00,1.34039,1.34063,1.34039,1.34056,0
2026-05-28 07:24:00+00:00,1.34056,1.34061,1.34052,1.3406,0
2026-05-28 07:25:00+00:00,1.34058,1.3406,1.34044,1.34044,0
2026-05-28 07:26:00+00:00,1.34042,1.34046,1.34001,1.34011,0
2026-05-28 07:27:00+00:00,1.34012,1.34032,1.3401,1.34027,0
2026-05-28 07:28:00+00:00,1.34025,1.34032,1.34019,1.34031,0
2026-05-28 07:29:00+00:00,1.34029,1.34033,1.3402,1.34027,0
2026-05-28 07:30:00+00:00,1.34028,1.34049,1.34027,1.34046,0
2026-05-28 07:31:00+00:00,1.34047,1.34064,1.34041,1.34042,0
2026-05-28 07:32:00+00:00,1.34041,1.34046,1.34038,1.34038,0
2026-05-28 07:33:00+00:00,1.34041,1.34042,1.34033,1.34037,0
2026-05-28 07:34:00+00:00,1.34037,1.34043,1.34023,1.34024,0
2026-05-28 07:35:00+00:00,1.34023,1.34024,1.34005,1.34023,0
2026-05-28 07:36:00+00:00,1.34021,1.34023,1.34004,1.3401,0
2026-05-28 07:37:00+00:00,1.34013,1.34015,1.34006,1.34006,0
2026-05-28 07:38:00+00:00,1.34006,1.34012,1.33991,1.34004,0
2026-05-28 07:39:00+00:00,1.34003,1.34008,1.33996,1.33998,0
2026-05-28 07:40:00+00:00,1.33998,1.34014,1.33994,1.34011,0
2026-05-28 07:41:00+00:00,1.34012,1.34016,1.34005,1.34016,0
2026-05-28 07:42:00+00:00,1.34015,1.3402,1.34009,1.34018,0
2026-05-28 07:43:00+00:00,1.34019,1.34027,1.34014,1.34024,0
2026-05-28 07:44:00+00:00,1.34025,1.34026,1.34015,1.34023,0
2026-05-28 07:45:00+00:00,1.34023,1.34023,1.34011,1.34015,0
2026-05-28 07:46:00+00:00,1.34015,1.34048,1.34015,1.34035,0
2026-05-28 07:47:00+00:00,1.34036,1.34049,1.34029,1.34031,0
2026-05-28 07:48:00+00:00,1.34031,1.34045,1.34028,1.34037,0
2026-05-28 07:49:00+00:00,1.3404,1.34045,1.34034,1.34039,0
2026-05-28 07:50:00+00:00,1.34041,1.34041,1.34024,1.34036,0
2026-05-28 07:51:00+00:00,1.34041,1.34041,1.34031,1.34032,0
2026-05-28 07:52:00+00:00,1.34031,1.34031,1.3402,1.34026,0
2026-05-28 07:53:00+00:00,1.34026,1.3403,1.34014,1.34018,0
2026-05-28 07:54:00+00:00,1.3402,1.34025,1.34015,1.3402,0
2026-05-28 07:55:00+00:00,1.3402,1.34029,1.34017,1.34017,0
2026-05-28 07:56:00+00:00,1.34017,1.34026,1.34011,1.34016,0
2026-05-28 07:57:00+00:00,1.34016,1.3402,1.34013,1.34018,0
2026-05-28 07:58:00+00:00,1.34019,1.34027,1.34017,1.34025,0
2026-05-28 07:59:00+00:00,1.34024,1.34027,1.34015,1.34022,0
2026-05-28 08:00:00+00:00,1.34025,1.34037,1.34018,1.34034,0
2026-05-28 08:01:00+00:00,1.34035,1.34059,1.34034,1.34046,0
2026-05-28 08:02:00+00:00,1.34048,1.34048,1.34034,1.34042,0
2026-05-28 08:03:00+00:00,1.34043,1.34045,1.34038,1.34045,0
2026-05-28 08:04:00+00:00,1.34045,1.34051,1.34036,1.34051,0
2026-05-28 08:05:00+00:00,1.34054,1.34055,1.34042,1.34054,0
2026-05-28 08:06:00+00:00,1.34056,1.34059,1.34046,1.34053,0
2026-05-28 08:07:00+00:00,1.34053,1.34066,1.34046,1.34065,0
2026-05-28 08:08:00+00:00,1.34065,1.34065,1.34047,1.34052,0
2026-05-28 08:09:00+00:00,1.34054,1.34057,1.34048,1.34049,0
2026-05-28 08:10:00+00:00,1.34049,1.3405,1.34034,1.34034,0
2026-05-28 08:11:00+00:00,1.34037,1.34042,1.34026,1.34026,0
2026-05-28 08:12:00+00:00,1.34027,1.34037,1.34026,1.34036,0
2026-05-28 08:13:00+00:00,1.34036,1.34036,1.33995,1.33995,0
2026-05-28 08:14:00+00:00,1.33995,1.33996,1.33978,1.33994,0
2026-05-28 08:15:00+00:00,1.33994,1.33996,1.33985,1.33988,0
2026-05-28 08:16:00+00:00,1.33987,1.33988,1.33977,1.33981,0
2026-05-28 08:17:00+00:00,1.33983,1.33994,1.33983,1.33989,0
2026-05-28 08:18:00+00:00,1.33992,1.33992,1.33973,1.33975,0
2026-05-28 08:19:00+00:00,1.33974,1.33992,1.33974,1.33987,0
2026-05-28 08:20:00+00:00,1.33986,1.34008,1.33986,1.34,0
2026-05-28 08:21:00+00:00,1.34,1.34003,1.33991,1.33994,0
2026-05-28 08:22:00+00:00,1.33993,1.34013,1.33992,1.34007,0
2026-05-28 08:23:00+00:00,1.34006,1.34024,1.34006,1.34019,0
2026-05-28 08:24:00+00:00,1.34018,1.34023,1.34013,1.34013,0
2026-05-28 08:25:00+00:00,1.34012,1.34018,1.33996,1.34,0
2026-05-28 08:26:00+00:00,1.34,1.34,1.33971,1.33976,0
2026-05-28 08:27:00+00:00,1.33975,1.33975,1.33965,1.33967,0
2026-05-28 08:28:00+00:00,1.33966,1.3397,1.33952,1.3397,0
2026-05-28 08:29:00+00:00,1.33969,1.33995,1.33969,1.33992,0
2026-05-28 08:30:00+00:00,1.33991,1.33999,1.33977,1.33999,0
2026-05-28 08:31:00+00:00,1.33999,1.33999,1.33987,1.33989,0
2026-05-28 08:32:00+00:00,1.33989,1.33989,1.33979,1.3398,0
2026-05-28 08:33:00+00:00,1.33979,1.33979,1.3397,1.33978,0
2026-05-28 08:34:00+00:00,1.33983,1.33996,1.33976,1.33977,0
2026-05-28 08:35:00+00:00,1.3398,1.33994,1.33972,1.33974,0
2026-05-28 08:36:00+00:00,1.33976,1.33989,1.33976,1.33976,0
2026-05-28 08:37:00+00:00,1.33977,1.33988,1.33972,1.33985,0
2026-05-28 08:38:00+00:00,1.33985,1.33988,1.33977,1.33988,0
2026-05-28 08:39:00+00:00,1.33987,1.33987,1.33976,1.33984,0
2026-05-28 08:40:00+00:00,1.33984,1.33988,1.33975,1.33988,0
2026-05-28 08:41:00+00:00,1.33986,1.34002,1.33984,1.3399,0
2026-05-28 08:42:00+00:00,1.33991,1.33991,1.33978,1.33981,0
2026-05-28 08:43:00+00:00,1.33982,1.33982,1.33955,1.33959,0
2026-05-28 08:44:00+00:00,1.33958,1.33964,1.33948,1.33957,0
2026-05-28 08:45:00+00:00,1.33959,1.33968,1.33953,1.33966,0
2026-05-28 08:46:00+00:00,1.33967,1.33979,1.3396,1.33978,0
2026-05-28 08:47:00+00:00,1.33978,1.33982,1.33975,1.33976,0
2026-05-28 08:48:00+00:00,1.33976,1.33979,1.33967,1.33977,0
2026-05-28 08:49:00+00:00,1.33986,1.34005,1.33984,1.34003,0
2026-05-28 08:50:00+00:00,1.34003,1.34005,1.33997,1.34002,0
2026-05-28 08:51:00+00:00,1.34002,1.34015,1.34,1.34015,0
2026-05-28 08:52:00+00:00,1.34017,1.34034,1.34017,1.3403,0
2026-05-28 08:53:00+00:00,1.34031,1.34036,1.34023,1.34027,0
2026-05-28 08:54:00+00:00,1.34028,1.34034,1.34011,1.34013,0
2026-05-28 08:55:00+00:00,1.34013,1.34015,1.34005,1.34005,0
2026-05-28 08:56:00+00:00,1.34004,1.34006,1.33995,1.34,0
2026-05-28 08:57:00+00:00,1.34003,1.34018,1.34003,1.34015,0
2026-05-28 08:58:00+00:00,1.34015,1.34015,1.34006,1.34015,0
2026-05-28 08:59:00+00:00,1.34016,1.34024,1.34016,1.34016,0
2026-05-28 09:00:00+00:00,1.34016,1.34026,1.3401,1.34024,0
2026-05-28 09:01:00+00:00,1.34023,1.34026,1.34016,1.34026,0
2026-05-28 09:02:00+00:00,1.34026,1.34035,1.3402,1.34035,0
2026-05-28 09:03:00+00:00,1.34033,1.3404,1.34029,1.34036,0
2026-05-28 09:04:00+00:00,1.34038,1.34038,1.34028,1.34032,0
2026-05-28 09:05:00+00:00,1.34034,1.34047,1.34034,1.34046,0
2026-05-28 09:06:00+00:00,1.34047,1.3405,1.34025,1.34031,0
2026-05-28 09:07:00+00:00,1.34031,1.34034,1.34028,1.34032,0
2026-05-28 09:08:00+00:00,1.34034,1.34047,1.34027,1.34046,0
2026-05-28 09:09:00+00:00,1.34046,1.34049,1.34025,1.34026,0
2026-05-28 09:10:00+00:00,1.34025,1.34029,1.34021,1.34023,0
2026-05-28 09:11:00+00:00,1.34024,1.34048,1.34023,1.34047,0
2026-05-28 09:12:00+00:00,1.34046,1.34067,1.34045,1.34067,0
2026-05-28 09:13:00+00:00,1.34067,1.34076,1.34061,1.34066,0
2026-05-28 09:14:00+00:00,1.34066,1.34071,1.34059,1.34065,0
2026-05-28 09:15:00+00:00,1.34065,1.34069,1.34059,1.3406,0
2026-05-28 09:16:00+00:00,1.34059,1.34068,1.34054,1.3406,0
2026-05-28 09:17:00+00:00,1.34059,1.34059,1.3405,1.34054,0
2026-05-28 09:18:00+00:00,1.34055,1.34064,1.34055,1.34064,0
2026-05-28 09:19:00+00:00,1.34062,1.34065,1.34052,1.34053,0
2026-05-28 09:20:00+00:00,1.34055,1.34066,1.34045,1.34064,0
2026-05-28 09:21:00+00:00,1.34066,1.34085,1.34064,1.34085,0
2026-05-28 09:22:00+00:00,1.34083,1.34095,1.34082,1.34087,0
2026-05-28 09:23:00+00:00,1.34086,1.34086,1.34068,1.34068,0
2026-05-28 09:24:00+00:00,1.34069,1.3407,1.34062,1.34068,0
2026-05-28 09:25:00+00:00,1.34068,1.3408,1.34068,1.34073,0
2026-05-28 09:26:00+00:00,1.34073,1.34073,1.34061,1.34071,0
2026-05-28 09:27:00+00:00,1.34072,1.34074,1.34057,1.34057,0
2026-05-28 09:28:00+00:00,1.34055,1.34055,1.34044,1.34044,0
2026-05-28 09:29:00+00:00,1.34042,1.34047,1.34037,1.34039,0
2026-05-28 09:30:00+00:00,1.3404,1.34046,1.34038,1.34039,0
2026-05-28 09:31:00+00:00,1.3404,1.34041,1.34028,1.34028,0
2026-05-28 09:32:00+00:00,1.3403,1.3403,1.3401,1.34013,0
2026-05-28 09:33:00+00:00,1.34013,1.34014,1.33997,1.34003,0
2026-05-28 09:34:00+00:00,1.34006,1.34015,1.34003,1.34014,0
2026-05-28 09:35:00+00:00,1.34015,1.34017,1.34008,1.34014,0
2026-05-28 09:36:00+00:00,1.34015,1.3402,1.34013,1.34014,0
2026-05-28 09:37:00+00:00,1.34016,1.34026,1.34015,1.34015,0
2026-05-28 09:38:00+00:00,1.34014,1.34017,1.33995,1.33995,0
2026-05-28 09:39:00+00:00,1.33996,1.34005,1.33995,1.33998,0
2026-05-28 09:40:00+00:00,1.33998,1.3401,1.33998,1.3401,0
2026-05-28 09:41:00+00:00,1.34011,1.34026,1.34011,1.34019,0
2026-05-28 09:42:00+00:00,1.34016,1.34016,1.34003,1.34008,0
2026-05-28 09:43:00+00:00,1.34009,1.34009,1.33984,1.33984,0
2026-05-28 09:44:00+00:00,1.33985,1.33988,1.33983,1.33985,0
2026-05-28 09:45:00+00:00,1.33984,1.33984,1.33962,1.33966,0
2026-05-28 09:46:00+00:00,1.33968,1.33978,1.33967,1.33975,0
2026-05-28 09:47:00+00:00,1.33974,1.33976,1.33956,1.33972,0
2026-05-28 09:48:00+00:00,1.33971,1.33978,1.3397,1.33976,0
2026-05-28 09:49:00+00:00,1.33977,1.3398,1.33968,1.33977,0
2026-05-28 09:50:00+00:00,1.33979,1.33998,1.33979,1.3399,0
2026-05-28 09:51:00+00:00,1.33993,1.33994,1.33986,1.3399,0
2026-05-28 09:52:00+00:00,1.33989,1.33991,1.33972,1.33987,0
2026-05-28 09:53:00+00:00,1.33989,1.34002,1.33987,1.34001,0
2026-05-28 09:54:00+00:00,1.33999,1.34004,1.33976,1.33978,0
2026-05-28 09:55:00+00:00,1.33977,1.33978,1.33955,1.33955,0
2026-05-28 09:56:00+00:00,1.33953,1.33958,1.33952,1.33954,0
2026-05-28 09:57:00+00:00,1.33954,1.33959,1.33947,1.33957,0
2026-05-28 09:58:00+00:00,1.33956,1.33957,1.33945,1.33946,0
2026-05-28 09:59:00+00:00,1.33947,1.33958,1.33945,1.33955,0
2026-05-28 10:00:00+00:00,1.33956,1.33956,1.33944,1.33954,0
2026-05-28 10:01:00+00:00,1.33955,1.33956,1.33932,1.33932,0
2026-05-28 10:02:00+00:00,1.33933,1.33956,1.33933,1.33954,0
2026-05-28 10:03:00+00:00,1.33954,1.33969,1.33953,1.33965,0
2026-05-28 10:04:00+00:00,1.33964,1.33966,1.33943,1.33943,0
2026-05-28 10:05:00+00:00,1.33942,1.33954,1.33929,1.33929,0
2026-05-28 10:06:00+00:00,1.33928,1.33938,1.33917,1.3393,0
2026-05-28 10:07:00+00:00,1.33929,1.3393,1.33897,1.33899,0
2026-05-28 10:08:00+00:00,1.339,1.33911,1.33898,1.33908,0
2026-05-28 10:09:00+00:00,1.33907,1.3394,1.33907,1.33934,0
2026-05-28 10:10:00+00:00,1.33936,1.33948,1.33936,1.33944,0
2026-05-28 10:11:00+00:00,1.33946,1.33946,1.33936,1.33938,0
2026-05-28 10:12:00+00:00,1.33939,1.33939,1.33927,1.33935,0
2026-05-28 10:13:00+00:00,1.33934,1.33949,1.33926,1.33933,0
2026-05-28 10:14:00+00:00,1.33932,1.33938,1.33932,1.33938,0
2026-05-28 10:15:00+00:00,1.3394,1.33961,1.33937,1.33958,0
2026-05-28 10:16:00+00:00,1.33965,1.33979,1.33959,1.33965,0
2026-05-28 10:17:00+00:00,1.33965,1.33967,1.33942,1.33944,0
2026-05-28 10:18:00+00:00,1.33944,1.33944,1.33934,1.33937,0
2026-05-28 10:19:00+00:00,1.33937,1.33941,1.33926,1.33931,0
2026-05-28 10:20:00+00:00,1.33931,1.33933,1.33915,1.33924,0
2026-05-28 10:21:00+00:00,1.33923,1.33925,1.33914,1.33916,0
2026-05-28 10:22:00+00:00,1.33916,1.33917,1.33905,1.33916,0
2026-05-28 10:23:00+00:00,1.33915,1.33938,1.33908,1.33935,0
2026-05-28 10:24:00+00:00,1.33934,1.3395,1.33934,1.33944,0
2026-05-28 10:25:00+00:00,1.33945,1.3395,1.33945,1.33945,0
2026-05-28 10:26:00+00:00,1.33944,1.3395,1.33944,1.33949,0
2026-05-28 10:27:00+00:00,1.33949,1.33959,1.33946,1.33958,0
2026-05-28 10:28:00+00:00,1.33958,1.33969,1.33955,1.33968,0
2026-05-28 10:29:00+00:00,1.33966,1.33976,1.33965,1.33975,0
2026-05-28 10:30:00+00:00,1.33975,1.33976,1.33965,1.33968,0
2026-05-28 10:31:00+00:00,1.33969,1.3397,1.33967,1.33968,0
2026-05-28 10:32:00+00:00,1.33972,1.33975,1.33965,1.33967,0
2026-05-28 10:33:00+00:00,1.33966,1.33978,1.33966,1.33975,0
2026-05-28 10:34:00+00:00,1.33975,1.33975,1.33953,1.33956,0
2026-05-28 10:35:00+00:00,1.33957,1.33958,1.33953,1.33955,0
2026-05-28 10:36:00+00:00,1.33955,1.33955,1.33934,1.33938,0
2026-05-28 10:37:00+00:00,1.33937,1.33943,1.33929,1.3394,0
2026-05-28 10:38:00+00:00,1.33939,1.33939,1.33927,1.33936,0
2026-05-28 10:39:00+00:00,1.33936,1.33939,1.33918,1.33918,0
2026-05-28 10:40:00+00:00,1.33918,1.33918,1.33892,1.33895,0
2026-05-28 10:41:00+00:00,1.33896,1.33896,1.33874,1.33879,0
2026-05-28 10:42:00+00:00,1.3388,1.33881,1.33869,1.33874,0
2026-05-28 10:43:00+00:00,1.33875,1.33887,1.33871,1.33879,0
2026-05-28 10:44:00+00:00,1.33879,1.33879,1.3387,1.33878,0
2026-05-28 10:45:00+00:00,1.33879,1.33889,1.33871,1.33887,0
2026-05-28 10:46:00+00:00,1.33887,1.33898,1.33885,1.33897,0
2026-05-28 10:47:00+00:00,1.33897,1.33904,1.33895,1.33904,0
2026-05-28 10:48:00+00:00,1.33902,1.33929,1.33902,1.33929,0
2026-05-28 10:49:00+00:00,1.33929,1.33945,1.33927,1.33934,0
2026-05-28 10:50:00+00:00,1.33933,1.33936,1.33888,1.33912,0
2026-05-28 10:51:00+00:00,1.33913,1.33915,1.33861,1.33905,0
2026-05-28 10:52:00+00:00,1.33904,1.3391,1.33883,1.33889,0
2026-05-28 10:53:00+00:00,1.33887,1.33892,1.33877,1.33885,0
2026-05-28 10:54:00+00:00,1.33885,1.33922,1.33884,1.33922,0
2026-05-28 10:55:00+00:00,1.33925,1.33936,1.33917,1.33928,0
2026-05-28 10:56:00+00:00,1.33929,1.33929,1.33909,1.33915,0
2026-05-28 10:57:00+00:00,1.33915,1.33917,1.33897,1.33917,0
2026-05-28 10:58:00+00:00,1.33915,1.3392,1.33887,1.33889,0
2026-05-28 10:59:00+00:00,1.33889,1.33907,1.33888,1.33891,0
2026-05-28 11:00:00+00:00,1.3389,1.33918,1.33887,1.33916,0
2026-05-28 11:01:00+00:00,1.33914,1.3393,1.33914,1.3393,0
2026-05-28 11:02:00+00:00,1.3393,1.33936,1.33922,1.33928,0
2026-05-28 11:03:00+00:00,1.33929,1.33949,1.33927,1.33946,0
2026-05-28 11:04:00+00:00,1.33947,1.33954,1.33942,1.33953,0
2026-05-28 11:05:00+00:00,1.33953,1.33955,1.33945,1.33955,0
2026-05-28 11:06:00+00:00,1.33955,1.33957,1.33945,1.33946,0
2026-05-28 11:07:00+00:00,1.33947,1.33948,1.33935,1.33945,0
2026-05-28 11:08:00+00:00,1.33944,1.33948,1.33919,1.3393,0
2026-05-28 11:09:00+00:00,1.33931,1.33938,1.33928,1.33935,0
2026-05-28 11:10:00+00:00,1.33934,1.33942,1.33919,1.33937,0
2026-05-28 11:11:00+00:00,1.33936,1.33938,1.33925,1.33928,0
2026-05-28 11:12:00+00:00,1.33928,1.33949,1.33927,1.33947,0
2026-05-28 11:13:00+00:00,1.33946,1.33958,1.33946,1.33957,0
2026-05-28 11:14:00+00:00,1.33957,1.33959,1.33943,1.33954,0
2026-05-28 11:15:00+00:00,1.33956,1.33979,1.33956,1.33978,0
2026-05-28 11:16:00+00:00,1.33978,1.33978,1.33958,1.33967,0
2026-05-28 11:17:00+00:00,1.33968,1.33976,1.33968,1.33974,0
2026-05-28 11:18:00+00:00,1.33972,1.33979,1.33968,1.33977,0
2026-05-28 11:19:00+00:00,1.33977,1.33978,1.33971,1.33977,0
2026-05-28 11:20:00+00:00,1.33977,1.33987,1.33976,1.33987,0
2026-05-28 11:21:00+00:00,1.33987,1.3399,1.33979,1.3399,0
2026-05-28 11:22:00+00:00,1.33989,1.33989,1.33983,1.33988,0
2026-05-28 11:23:00+00:00,1.33989,1.33989,1.33977,1.33983,0
2026-05-28 11:24:00+00:00,1.33982,1.33982,1.33967,1.33977,0
2026-05-28 11:25:00+00:00,1.33976,1.33995,1.33974,1.33995,0
2026-05-28 11:26:00+00:00,1.33997,1.33999,1.33981,1.33988,0
2026-05-28 11:27:00+00:00,1.33987,1.33989,1.33976,1.33976,0
2026-05-28 11:28:00+00:00,1.33975,1.33977,1.33967,1.33967,0
2026-05-28 11:29:00+00:00,1.33968,1.34009,1.33967,1.34003,0
2026-05-28 11:30:00+00:00,1.34003,1.34003,1.33986,1.33986,0
2026-05-28 11:31:00+00:00,1.33985,1.33985,1.33968,1.3397,0
2026-05-28 11:32:00+00:00,1.33969,1.33969,1.33957,1.33959,0
2026-05-28 11:33:00+00:00,1.33959,1.33981,1.33957,1.33979,0
2026-05-28 11:34:00+00:00,1.33978,1.33998,1.33978,1.33994,0
2026-05-28 11:35:00+00:00,1.33993,1.33998,1.33988,1.33997,0
2026-05-28 11:36:00+00:00,1.33999,1.33999,1.33996,1.33998,0
2026-05-28 11:37:00+00:00,1.34,1.34022,1.34,1.34018,0
2026-05-28 11:38:00+00:00,1.34017,1.3402,1.34008,1.3401,0
2026-05-28 11:39:00+00:00,1.34008,1.34016,1.34007,1.34016,0
2026-05-28 11:40:00+00:00,1.34015,1.34026,1.34011,1.34025,0
2026-05-28 11:41:00+00:00,1.34027,1.34028,1.34017,1.34017,0
2026-05-28 11:42:00+00:00,1.34018,1.34021,1.34013,1.34021,0
2026-05-28 11:43:00+00:00,1.34021,1.34021,1.34017,1.3402,0
2026-05-28 11:44:00+00:00,1.34019,1.34027,1.34016,1.34024,0
2026-05-28 11:45:00+00:00,1.34025,1.34028,1.34017,1.34028,0
2026-05-28 11:46:00+00:00,1.34027,1.34029,1.34022,1.34027,0
2026-05-28 11:47:00+00:00,1.34028,1.34034,1.34023,1.34033,0
2026-05-28 11:48:00+00:00,1.34031,1.3405,1.34031,1.34037,0
2026-05-28 11:49:00+00:00,1.34037,1.34037,1.34014,1.34014,0
2026-05-28 11:50:00+00:00,1.34012,1.34016,1.34006,1.34016,0
2026-05-28 11:51:00+00:00,1.34016,1.34026,1.34013,1.34022,0
2026-05-28 11:52:00+00:00,1.34022,1.34025,1.34013,1.34025,0
2026-05-28 11:53:00+00:00,1.34025,1.34044,1.3402,1.34044,0
2026-05-28 11:54:00+00:00,1.34044,1.34072,1.34041,1.34068,0
2026-05-28 11:55:00+00:00,1.34067,1.34077,1.34054,1.34076,0
2026-05-28 11:56:00+00:00,1.34078,1.34096,1.3407,1.34096,0
2026-05-28 11:57:00+00:00,1.34095,1.34103,1.34082,1.34084,0
2026-05-28 11:58:00+00:00,1.34084,1.34086,1.34067,1.34074,0
2026-05-28 11:59:00+00:00,1.34075,1.34075,1.34059,1.34064,0
2026-05-28 12:00:00+00:00,1.34062,1.34065,1.34056,1.3406,0
2026-05-28 12:01:00+00:00,1.34061,1.34065,1.34057,1.34064,0
2026-05-28 12:02:00+00:00,1.34063,1.34063,1.34046,1.34058,0
2026-05-28 12:03:00+00:00,1.34061,1.34067,1.34048,1.34051,0
2026-05-28 12:04:00+00:00,1.34049,1.34059,1.34039,1.34059,0
2026-05-28 12:05:00+00:00,1.34057,1.34077,1.34056,1.34074,0
2026-05-28 12:06:00+00:00,1.34072,1.34077,1.34056,1.34064,0
2026-05-28 12:07:00+00:00,1.34063,1.34077,1.3406,1.34077,0
2026-05-28 12:08:00+00:00,1.34075,1.34077,1.34064,1.34065,0
2026-05-28 12:09:00+00:00,1.34066,1.34067,1.34044,1.34045,0
2026-05-28 12:10:00+00:00,1.34044,1.34045,1.34029,1.34042,0
2026-05-28 12:11:00+00:00,1.3404,1.34047,1.34036,1.34043,0
2026-05-28 12:12:00+00:00,1.34043,1.34059,1.34041,1.34053,0
2026-05-28 12:13:00+00:00,1.3405,1.34057,1.34044,1.34056,0
2026-05-28 12:14:00+00:00,1.34055,1.34065,1.34047,1.34065,0
2026-05-28 12:15:00+00:00,1.34066,1.34075,1.34063,1.34067,0
2026-05-28 12:16:00+00:00,1.34066,1.34074,1.34065,1.34074,0
2026-05-28 12:17:00+00:00,1.34075,1.34075,1.34065,1.34069,0
2026-05-28 12:18:00+00:00,1.34068,1.34081,1.34064,1.34079,0
2026-05-28 12:19:00+00:00,1.34081,1.34084,1.34074,1.34075,0
2026-05-28 12:20:00+00:00,1.34076,1.34091,1.34075,1.34079,0
2026-05-28 12:21:00+00:00,1.34078,1.34081,1.34061,1.34067,0
2026-05-28 12:22:00+00:00,1.34066,1.34069,1.34064,1.34065,0
2026-05-28 12:23:00+00:00,1.34067,1.34068,1.34053,1.34056,0
2026-05-28 12:24:00+00:00,1.34055,1.34067,1.34054,1.34067,0
2026-05-28 12:25:00+00:00,1.34064,1.34098,1.34064,1.34096,0
2026-05-28 12:26:00+00:00,1.34097,1.34104,1.34095,1.34096,0
2026-05-28 12:27:00+00:00,1.34095,1.34095,1.34086,1.34086,0
2026-05-28 12:28:00+00:00,1.34084,1.34084,1.34065,1.34073,0
2026-05-28 12:29:00+00:00,1.34071,1.34106,1.34071,1.34099,0
2026-05-28 12:30:00+00:00,1.34097,1.34212,1.34082,1.34161,0
2026-05-28 12:31:00+00:00,1.3416,1.34183,1.34151,1.34151,0
2026-05-28 12:32:00+00:00,1.34154,1.34155,1.3412,1.3412,0
2026-05-28 12:33:00+00:00,1.34127,1.34162,1.34124,1.3416,0
2026-05-28 12:34:00+00:00,1.34159,1.34183,1.34153,1.34164,0
2026-05-28 12:35:00+00:00,1.34166,1.34172,1.34151,1.34165,0
2026-05-28 12:36:00+00:00,1.34161,1.34214,1.34161,1.34208,0
2026-05-28 12:37:00+00:00,1.34208,1.34224,1.34196,1.34197,0
2026-05-28 12:38:00+00:00,1.34198,1.34217,1.34189,1.34215,0
2026-05-28 12:39:00+00:00,1.34213,1.34213,1.34187,1.34198,0
2026-05-28 12:40:00+00:00,1.34196,1.3422,1.34192,1.34206,0
2026-05-28 12:41:00+00:00,1.34208,1.34209,1.3419,1.34204,0
2026-05-28 12:42:00+00:00,1.34204,1.34209,1.34187,1.34196,0
2026-05-28 12:43:00+00:00,1.342,1.34206,1.34183,1.34183,0
2026-05-28 12:44:00+00:00,1.34183,1.34196,1.34178,1.34193,0
2026-05-28 12:45:00+00:00,1.34197,1.34209,1.34192,1.34204,0
2026-05-28 12:46:00+00:00,1.34205,1.34208,1.34192,1.34194,0
2026-05-28 12:47:00+00:00,1.34194,1.34202,1.34178,1.34182,0
2026-05-28 12:48:00+00:00,1.34183,1.34205,1.34181,1.34196,0
2026-05-28 12:49:00+00:00,1.34193,1.34223,1.34191,1.34207,0
2026-05-28 12:50:00+00:00,1.34205,1.34218,1.34198,1.34206,0
2026-05-28 12:51:00+00:00,1.34205,1.34229,1.34205,1.34228,0
2026-05-28 12:52:00+00:00,1.34232,1.34245,1.34222,1.34244,0
2026-05-28 12:53:00+00:00,1.34243,1.34247,1.34226,1.34233,0
2026-05-28 12:54:00+00:00,1.34233,1.34234,1.3422,1.34222,0
2026-05-28 12:55:00+00:00,1.34221,1.34226,1.34209,1.34216,0
2026-05-28 12:56:00+00:00,1.34214,1.34214,1.3419,1.34198,0
2026-05-28 12:57:00+00:00,1.34199,1.34216,1.34196,1.34201,0
2026-05-28 12:58:00+00:00,1.342,1.34201,1.34177,1.34181,0
2026-05-28 12:59:00+00:00,1.34182,1.3421,1.34182,1.34207,0
2026-05-28 13:00:00+00:00,1.34207,1.34239,1.34206,1.34238,0
2026-05-28 13:01:00+00:00,1.34238,1.34261,1.34233,1.34247,0
2026-05-28 13:02:00+00:00,1.34247,1.34272,1.34225,1.34271,0
2026-05-28 13:03:00+00:00,1.34275,1.34278,1.34246,1.34246,0
2026-05-28 13:04:00+00:00,1.34248,1.34252,1.34238,1.34241,0
2026-05-28 13:05:00+00:00,1.34241,1.34255,1.34239,1.34245,0
2026-05-28 13:06:00+00:00,1.34244,1.34247,1.34235,1.3424,0
2026-05-28 13:07:00+00:00,1.34238,1.3424,1.34211,1.34225,0
2026-05-28 13:08:00+00:00,1.34223,1.34232,1.34216,1.34218,0
2026-05-28 13:09:00+00:00,1.34217,1.34227,1.34197,1.34206,0
2026-05-28 13:10:00+00:00,1.34207,1.34208,1.34196,1.34199,0
2026-05-28 13:11:00+00:00,1.34196,1.34205,1.34164,1.34164,0
2026-05-28 13:12:00+00:00,1.34166,1.34176,1.34158,1.34165,0
2026-05-28 13:13:00+00:00,1.34166,1.34171,1.34155,1.34163,0
2026-05-28 13:14:00+00:00,1.34164,1.34169,1.34155,1.34155,0
2026-05-28 13:15:00+00:00,1.34156,1.34163,1.34144,1.34146,0
2026-05-28 13:16:00+00:00,1.34146,1.34155,1.34143,1.34147,0
2026-05-28 13:17:00+00:00,1.34148,1.34154,1.34139,1.34142,0
2026-05-28 13:18:00+00:00,1.34143,1.34155,1.3414,1.34153,0
2026-05-28 13:19:00+00:00,1.34153,1.34163,1.34145,1.3416,0
2026-05-28 13:20:00+00:00,1.34158,1.34171,1.34147,1.34148,0
2026-05-28 13:21:00+00:00,1.34149,1.34163,1.34146,1.34163,0
2026-05-28 13:22:00+00:00,1.34162,1.3417,1.34161,1.34161,0
2026-05-28 13:23:00+00:00,1.34161,1.34163,1.34146,1.34146,0
2026-05-28 13:24:00+00:00,1.34152,1.34189,1.34152,1.34186,0
2026-05-28 13:25:00+00:00,1.34185,1.34206,1.34185,1.34206,0
2026-05-28 13:26:00+00:00,1.34207,1.34207,1.34191,1.34195,0
2026-05-28 13:27:00+00:00,1.34193,1.34195,1.34176,1.34176,0
2026-05-28 13:28:00+00:00,1.34175,1.34186,1.34168,1.34177,0
2026-05-28 13:29:00+00:00,1.34177,1.3419,1.34168,1.34169,0
2026-05-28 13:30:00+00:00,1.34171,1.34177,1.34156,1.34167,0
2026-05-28 13:31:00+00:00,1.34166,1.3419,1.34159,1.34179,0
2026-05-28 13:32:00+00:00,1.34178,1.34184,1.34168,1.34184,0
2026-05-28 13:33:00+00:00,1.34185,1.3419,1.34168,1.34173,0
2026-05-28 13:34:00+00:00,1.34174,1.34191,1.3417,1.34189,0
2026-05-28 13:35:00+00:00,1.34185,1.34212,1.34183,1.34207,0
2026-05-28 13:36:00+00:00,1.34207,1.34231,1.34206,1.34209,0
2026-05-28 13:37:00+00:00,1.34209,1.34219,1.3419,1.3419,0
2026-05-28 13:38:00+00:00,1.34189,1.34207,1.34185,1.342,0
2026-05-28 13:39:00+00:00,1.34198,1.34206,1.34186,1.34189,0
2026-05-28 13:40:00+00:00,1.34189,1.3422,1.34186,1.34218,0
2026-05-28 13:41:00+00:00,1.34218,1.34237,1.34213,1.34228,0
2026-05-28 13:42:00+00:00,1.34228,1.34236,1.34211,1.34231,0
2026-05-28 13:43:00+00:00,1.34234,1.34246,1.34229,1.34239,0
2026-05-28 13:44:00+00:00,1.3424,1.34245,1.34226,1.34227,0
2026-05-28 13:45:00+00:00,1.34227,1.34241,1.34222,1.34238,0
2026-05-28 13:46:00+00:00,1.34239,1.34257,1.34218,1.34218,0
2026-05-28 13:47:00+00:00,1.34217,1.34226,1.34205,1.34208,0
2026-05-28 13:48:00+00:00,1.34209,1.34214,1.34189,1.34208,0
2026-05-28 13:49:00+00:00,1.34208,1.34212,1.34198,1.34206,0
2026-05-28 13:50:00+00:00,1.34205,1.34244,1.342,1.34224,0
2026-05-28 13:51:00+00:00,1.34224,1.34228,1.34212,1.34218,0
2026-05-28 13:52:00+00:00,1.34218,1.34219,1.34204,1.34213,0
2026-05-28 13:53:00+00:00,1.34211,1.34211,1.34178,1.34178,0
2026-05-28 13:54:00+00:00,1.34177,1.34179,1.3416,1.3416,0
2026-05-28 13:55:00+00:00,1.34162,1.34164,1.34138,1.34141,0
2026-05-28 13:56:00+00:00,1.34142,1.34154,1.34135,1.34138,0
2026-05-28 13:57:00+00:00,1.34137,1.34149,1.34137,1.3414,0
2026-05-28 13:58:00+00:00,1.34139,1.34147,1.34135,1.34144,0
2026-05-28 13:59:00+00:00,1.34143,1.34146,1.34122,1.34123,0
2026-05-28 14:00:00+00:00,1.34122,1.34126,1.34103,1.34104,0
2026-05-28 14:01:00+00:00,1.34104,1.34117,1.34094,1.34097,0
2026-05-28 14:02:00+00:00,1.34096,1.34096,1.34073,1.34087,0
2026-05-28 14:03:00+00:00,1.34087,1.34087,1.34072,1.34084,0
2026-05-28 14:04:00+00:00,1.34082,1.34107,1.34072,1.34098,0
2026-05-28 14:05:00+00:00,1.34098,1.34119,1.34096,1.34116,0
2026-05-28 14:06:00+00:00,1.34116,1.34117,1.34096,1.34098,0
2026-05-28 14:07:00+00:00,1.34097,1.34119,1.34097,1.34115,0
2026-05-28 14:08:00+00:00,1.34114,1.34129,1.34114,1.34129,0
2026-05-28 14:09:00+00:00,1.34128,1.3413,1.34116,1.34127,0
2026-05-28 14:10:00+00:00,1.34128,1.34131,1.341,1.34103,0
2026-05-28 14:11:00+00:00,1.34106,1.34112,1.34094,1.34108,0
2026-05-28 14:12:00+00:00,1.3411,1.34303,1.34108,1.34303,0
2026-05-28 14:13:00+00:00,1.34304,1.345,1.34266,1.34496,0
2026-05-28 14:14:00+00:00,1.34496,1.34508,1.34365,1.34366,0
2026-05-28 14:15:00+00:00,1.34369,1.34389,1.34324,1.34333,0
2026-05-28 14:16:00+00:00,1.34332,1.34402,1.34305,1.34391,0
2026-05-28 14:17:00+00:00,1.3439,1.34392,1.34354,1.34362,0
2026-05-28 14:18:00+00:00,1.34363,1.34397,1.34351,1.34373,0
2026-05-28 14:19:00+00:00,1.34373,1.34407,1.34373,1.34374,0
2026-05-28 14:20:00+00:00,1.34372,1.34416,1.34354,1.34366,0
2026-05-28 14:21:00+00:00,1.34365,1.34378,1.34327,1.34354,0
2026-05-28 14:22:00+00:00,1.34354,1.34372,1.34342,1.34357,0
2026-05-28 14:23:00+00:00,1.34359,1.34361,1.34333,1.34342,0
2026-05-28 14:24:00+00:00,1.34341,1.34386,1.34341,1.34366,0
2026-05-28 14:25:00+00:00,1.34365,1.34386,1.34346,1.34385,0
2026-05-28 14:26:00+00:00,1.34386,1.34394,1.34367,1.34389,0
2026-05-28 14:27:00+00:00,1.34388,1.34393,1.34357,1.34357,0
2026-05-28 14:28:00+00:00,1.34357,1.34376,1.34337,1.34376,0
2026-05-28 14:29:00+00:00,1.34375,1.34384,1.34356,1.34384,0
2026-05-28 14:30:00+00:00,1.34385,1.34437,1.34382,1.34415,0
2026-05-28 14:31:00+00:00,1.34415,1.34426,1.34365,1.34367,0
2026-05-28 14:32:00+00:00,1.34365,1.34367,1.34346,1.34356,0
2026-05-28 14:33:00+00:00,1.34358,1.34367,1.34311,1.34326,0
2026-05-28 14:34:00+00:00,1.34326,1.34328,1.34295,1.34314,0
2026-05-28 14:35:00+00:00,1.34314,1.34327,1.34302,1.34311,0
2026-05-28 14:36:00+00:00,1.34312,1.34341,1.3429,1.34328,0
2026-05-28 14:37:00+00:00,1.34326,1.34343,1.3431,1.3433,0
2026-05-28 14:38:00+00:00,1.34333,1.34347,1.34306,1.34343,0
2026-05-28 14:39:00+00:00,1.34343,1.34369,1.34343,1.34356,0
2026-05-28 14:40:00+00:00,1.34355,1.34422,1.34349,1.34408,0
2026-05-28 14:41:00+00:00,1.34407,1.34407,1.34374,1.34381,0
2026-05-28 14:42:00+00:00,1.34382,1.34392,1.34364,1.34365,0
2026-05-28 14:43:00+00:00,1.34365,1.3437,1.34344,1.34353,0
2026-05-28 14:44:00+00:00,1.34354,1.34354,1.34326,1.34347,0
2026-05-28 14:45:00+00:00,1.34346,1.34375,1.34345,1.34365,0
2026-05-28 14:46:00+00:00,1.34366,1.34395,1.3432,1.34366,0
2026-05-28 14:47:00+00:00,1.34366,1.34373,1.34315,1.3434,0
2026-05-28 14:48:00+00:00,1.34342,1.34389,1.34342,1.34367,0
2026-05-28 14:49:00+00:00,1.34367,1.34368,1.34315,1.34342,0
2026-05-28 14:50:00+00:00,1.34343,1.34367,1.34316,1.34318,0
2026-05-28 14:51:00+00:00,1.34319,1.3432,1.34276,1.34277,0
2026-05-28 14:52:00+00:00,1.34276,1.34283,1.34251,1.34273,0
2026-05-28 14:53:00+00:00,1.34274,1.34334,1.34274,1.34301,0
2026-05-28 14:54:00+00:00,1.343,1.34314,1.34293,1.34294,0
2026-05-28 14:55:00+00:00,1.34295,1.34312,1.34295,1.34295,0
2026-05-28 14:56:00+00:00,1.34295,1.34325,1.34294,1.34323,0
2026-05-28 14:57:00+00:00,1.34325,1.34325,1.34274,1.34279,0
2026-05-28 14:58:00+00:00,1.34282,1.34297,1.34275,1.34295,0
2026-05-28 14:59:00+00:00,1.34294,1.34326,1.34294,1.34325,0
2026-05-28 15:00:00+00:00,1.34327,1.34364,1.34317,1.34361,0
2026-05-28 15:01:00+00:00,1.34361,1.34371,1.34352,1.34362,0
2026-05-28 15:02:00+00:00,1.3436,1.34398,1.3435,1.34387,0
2026-05-28 15:03:00+00:00,1.34387,1.34388,1.34365,1.34374,0
2026-05-28 15:04:00+00:00,1.34376,1.34385,1.34374,1.34374,0
2026-05-28 15:05:00+00:00,1.34375,1.34397,1.34375,1.34375,0
2026-05-28 15:06:00+00:00,1.34373,1.34388,1.34363,1.34384,0
2026-05-28 15:07:00+00:00,1.34386,1.34396,1.34353,1.34356,0
2026-05-28 15:08:00+00:00,1.34354,1.3436,1.34342,1.3435,0
2026-05-28 15:09:00+00:00,1.34352,1.34376,1.34351,1.34375,0
2026-05-28 15:10:00+00:00,1.34376,1.34377,1.34358,1.34359,0
2026-05-28 15:11:00+00:00,1.3436,1.34407,1.3436,1.34403,0
2026-05-28 15:12:00+00:00,1.34401,1.34402,1.34382,1.34387,0
2026-05-28 15:13:00+00:00,1.34386,1.34416,1.34386,1.34405,0
2026-05-28 15:14:00+00:00,1.34404,1.34406,1.34391,1.34397,0
2026-05-28 15:15:00+00:00,1.34397,1.34399,1.34374,1.34376,0
2026-05-28 15:16:00+00:00,1.34374,1.34381,1.34357,1.34379,0
2026-05-28 15:17:00+00:00,1.34383,1.3439,1.34374,1.34386,0
2026-05-28 15:18:00+00:00,1.34385,1.34408,1.34381,1.34396,0
2026-05-28 15:19:00+00:00,1.34398,1.34398,1.34373,1.34373,0
2026-05-28 15:20:00+00:00,1.34375,1.34382,1.34371,1.34376,0
2026-05-28 15:21:00+00:00,1.34374,1.34385,1.34374,1.3438,0
2026-05-28 15:22:00+00:00,1.3438,1.34386,1.34354,1.3438,0
2026-05-28 15:23:00+00:00,1.3438,1.34389,1.34373,1.34376,0
2026-05-28 15:24:00+00:00,1.34377,1.34388,1.34376,1.34377,0
2026-05-28 15:25:00+00:00,1.34377,1.34388,1.34374,1.34375,0
2026-05-28 15:26:00+00:00,1.34376,1.34384,1.34366,1.34374,0
2026-05-28 15:27:00+00:00,1.34373,1.34377,1.34342,1.34343,0
2026-05-28 15:28:00+00:00,1.34347,1.34374,1.34342,1.34352,0
2026-05-28 15:29:00+00:00,1.34353,1.34365,1.3435,1.34364,0
2026-05-28 15:30:00+00:00,1.34363,1.34374,1.34355,1.34361,0
2026-05-28 15:31:00+00:00,1.34363,1.34367,1.34354,1.34363,0
2026-05-28 15:32:00+00:00,1.34364,1.34371,1.34345,1.34366,0
2026-05-28 15:33:00+00:00,1.34366,1.34377,1.34357,1.34366,0
2026-05-28 15:34:00+00:00,1.34367,1.34375,1.34359,1.34371,0
2026-05-28 15:35:00+00:00,1.34369,1.34378,1.3436,1.34378,0
2026-05-28 15:36:00+00:00,1.34378,1.34407,1.34378,1.34396,0
2026-05-28 15:37:00+00:00,1.34396,1.34396,1.3436,1.34364,0
2026-05-28 15:38:00+00:00,1.34363,1.34366,1.34345,1.34345,0
2026-05-28 15:39:00+00:00,1.34346,1.34366,1.34343,1.34344,0
2026-05-28 15:40:00+00:00,1.34344,1.34355,1.34344,1.34353,0
2026-05-28 15:41:00+00:00,1.34355,1.34355,1.34333,1.34339,0
2026-05-28 15:42:00+00:00,1.34339,1.34353,1.34334,1.34335,0
2026-05-28 15:43:00+00:00,1.34336,1.34352,1.34336,1.34345,0
2026-05-28 15:44:00+00:00,1.34345,1.34365,1.34345,1.34363,0
2026-05-28 15:45:00+00:00,1.34362,1.34376,1.34348,1.3435,0
2026-05-28 15:46:00+00:00,1.34349,1.34374,1.34349,1.34373,0
2026-05-28 15:47:00+00:00,1.34372,1.34385,1.34368,1.34379,0
2026-05-28 15:48:00+00:00,1.3438,1.34381,1.34366,1.34366,0
2026-05-28 15:49:00+00:00,1.34367,1.34371,1.34365,1.34368,0
2026-05-28 15:50:00+00:00,1.34372,1.34383,1.34366,1.34366,0
2026-05-28 15:51:00+00:00,1.34366,1.34386,1.34365,1.34381,0
2026-05-28 15:52:00+00:00,1.34381,1.34381,1.34361,1.34361,0
2026-05-28 15:53:00+00:00,1.34361,1.34361,1.34345,1.34348,0
2026-05-28 15:54:00+00:00,1.34351,1.34364,1.34349,1.34364,0
2026-05-28 15:55:00+00:00,1.34363,1.34364,1.34349,1.34349,0
2026-05-28 15:56:00+00:00,1.34351,1.34371,1.34351,1.34356,0
2026-05-28 15:57:00+00:00,1.34358,1.34378,1.34355,1.34367,0
2026-05-28 15:58:00+00:00,1.34367,1.34368,1.34357,1.34363,0
2026-05-28 15:59:00+00:00,1.34364,1.34365,1.34351,1.34356,0
2026-05-28 16:00:00+00:00,1.34357,1.34369,1.34354,1.34355,0
2026-05-28 16:01:00+00:00,1.34355,1.34359,1.34342,1.34345,0
2026-05-28 16:02:00+00:00,1.34345,1.34353,1.34323,1.34324,0
2026-05-28 16:03:00+00:00,1.34324,1.34349,1.3432,1.34347,0
2026-05-28 16:04:00+00:00,1.34348,1.34365,1.34344,1.34364,0
2026-05-28 16:05:00+00:00,1.34364,1.34383,1.34364,1.34379,0
2026-05-28 16:06:00+00:00,1.3438,1.3438,1.34365,1.34368,0
2026-05-28 16:07:00+00:00,1.34371,1.34384,1.34364,1.34383,0
2026-05-28 16:08:00+00:00,1.34384,1.34394,1.34384,1.34393,0
2026-05-28 16:09:00+00:00,1.34393,1.34393,1.34377,1.34384,0
2026-05-28 16:10:00+00:00,1.34385,1.34392,1.34384,1.34391,0
2026-05-28 16:11:00+00:00,1.34392,1.34401,1.34386,1.34387,0
2026-05-28 16:12:00+00:00,1.34385,1.34386,1.34374,1.3438,0
2026-05-28 16:13:00+00:00,1.34378,1.34386,1.34374,1.34379,0
2026-05-28 16:14:00+00:00,1.34381,1.34396,1.34381,1.34396,0
2026-05-28 16:15:00+00:00,1.34395,1.34413,1.34385,1.34406,0
2026-05-28 16:16:00+00:00,1.34406,1.34416,1.34405,1.34414,0
2026-05-28 16:17:00+00:00,1.34415,1.34421,1.34397,1.34413,0
2026-05-28 16:18:00+00:00,1.34413,1.34443,1.34411,1.34431,0
2026-05-28 16:19:00+00:00,1.3443,1.3443,1.34407,1.34416,0
2026-05-28 16:20:00+00:00,1.34417,1.34422,1.34404,1.34419,0
2026-05-28 16:21:00+00:00,1.34419,1.34427,1.34413,1.34415,0
2026-05-28 16:22:00+00:00,1.34416,1.34424,1.3441,1.34412,0
2026-05-28 16:23:00+00:00,1.34413,1.34428,1.34412,1.34418,0
2026-05-28 16:24:00+00:00,1.34419,1.34483,1.34419,1.34448,0
2026-05-28 16:25:00+00:00,1.34446,1.34456,1.34438,1.34442,0
2026-05-28 16:26:00+00:00,1.34442,1.34454,1.34435,1.34449,0
2026-05-28 16:27:00+00:00,1.34449,1.34454,1.34444,1.34445,0
2026-05-28 16:28:00+00:00,1.34446,1.34457,1.34444,1.34445,0
2026-05-28 16:29:00+00:00,1.34445,1.34451,1.34437,1.34441,0
2026-05-28 16:30:00+00:00,1.34441,1.34446,1.34431,1.34446,0
2026-05-28 16:31:00+00:00,1.34445,1.34446,1.34433,1.34437,0
2026-05-28 16:32:00+00:00,1.34438,1.34447,1.34436,1.34445,0
2026-05-28 16:33:00+00:00,1.34446,1.34447,1.34433,1.34441,0
2026-05-28 16:34:00+00:00,1.34439,1.34453,1.34434,1.34451,0
2026-05-28 16:35:00+00:00,1.34449,1.34457,1.34449,1.34455,0
2026-05-28 16:36:00+00:00,1.34454,1.34456,1.34434,1.34434,0
2026-05-28 16:37:00+00:00,1.34434,1.34451,1.34424,1.34425,0
2026-05-28 16:38:00+00:00,1.34423,1.34426,1.34412,1.34414,0
2026-05-28 16:39:00+00:00,1.34413,1.34422,1.34413,1.34413,0
2026-05-28 16:40:00+00:00,1.34414,1.34417,1.34403,1.34414,0
2026-05-28 16:41:00+00:00,1.34413,1.34437,1.34413,1.34437,0
2026-05-28 16:42:00+00:00,1.34436,1.34445,1.34433,1.34438,0
2026-05-28 16:43:00+00:00,1.34436,1.34445,1.34423,1.34425,0
2026-05-28 16:44:00+00:00,1.34426,1.34434,1.34419,1.34433,0
2026-05-28 16:45:00+00:00,1.34433,1.3446,1.34433,1.34451,0
2026-05-28 16:46:00+00:00,1.3445,1.3445,1.34438,1.34448,0
2026-05-28 16:47:00+00:00,1.34448,1.34448,1.34432,1.34435,0
2026-05-28 16:48:00+00:00,1.34437,1.3444,1.34432,1.34436,0
2026-05-28 16:49:00+00:00,1.34436,1.34441,1.34429,1.34434,0
2026-05-28 16:50:00+00:00,1.34433,1.34449,1.34428,1.34429,0
2026-05-28 16:51:00+00:00,1.34428,1.34436,1.34428,1.3443,0
2026-05-28 16:52:00+00:00,1.34432,1.34434,1.34427,1.34432,0
2026-05-28 16:53:00+00:00,1.34432,1.34437,1.34412,1.34413,0
2026-05-28 16:54:00+00:00,1.34413,1.34429,1.34412,1.34424,0
2026-05-28 16:55:00+00:00,1.34425,1.34444,1.34424,1.34443,0
2026-05-28 16:56:00+00:00,1.34443,1.34455,1.34441,1.34452,0
2026-05-28 16:57:00+00:00,1.34453,1.3446,1.34445,1.3445,0
2026-05-28 16:58:00+00:00,1.34451,1.34466,1.34448,1.34456,0
2026-05-28 16:59:00+00:00,1.34459,1.34465,1.34458,1.34462,0
2026-05-28 17:00:00+00:00,1.34462,1.34467,1.34451,1.34454,0
2026-05-28 17:01:00+00:00,1.34455,1.34467,1.34455,1.34463,0
2026-05-28 17:02:00+00:00,1.34463,1.34465,1.34454,1.3446,0
2026-05-28 17:03:00+00:00,1.3446,1.34475,1.34458,1.34472,0
2026-05-28 17:04:00+00:00,1.34473,1.34475,1.34464,1.34464,0
2026-05-28 17:05:00+00:00,1.34465,1.34465,1.34435,1.34442,0
2026-05-28 17:06:00+00:00,1.34442,1.34446,1.34436,1.3444,0
2026-05-28 17:07:00+00:00,1.3444,1.3444,1.3443,1.34436,0
2026-05-28 17:08:00+00:00,1.34436,1.34447,1.34433,1.34447,0
2026-05-28 17:09:00+00:00,1.34446,1.34477,1.34444,1.34475,0
2026-05-28 17:10:00+00:00,1.34474,1.34478,1.34468,1.34475,0
2026-05-28 17:11:00+00:00,1.34476,1.34476,1.34445,1.34466,0
2026-05-28 17:12:00+00:00,1.34467,1.34471,1.34452,1.34456,0
2026-05-28 17:13:00+00:00,1.34457,1.34464,1.34454,1.34455,0
2026-05-28 17:14:00+00:00,1.34455,1.34455,1.34452,1.34454,0
2026-05-28 17:15:00+00:00,1.34456,1.34456,1.34435,1.34435,0
2026-05-28 17:16:00+00:00,1.34437,1.34445,1.34434,1.34437,0
2026-05-28 17:17:00+00:00,1.34438,1.34445,1.34437,1.34442,0
2026-05-28 17:18:00+00:00,1.34443,1.34443,1.34434,1.34434,0
2026-05-28 17:19:00+00:00,1.34435,1.34448,1.34434,1.34439,0
2026-05-28 17:20:00+00:00,1.3444,1.3445,1.34436,1.34442,0
2026-05-28 17:21:00+00:00,1.34445,1.34448,1.34435,1.34446,0
2026-05-28 17:22:00+00:00,1.34445,1.34451,1.34445,1.34451,0
2026-05-28 17:23:00+00:00,1.3445,1.3445,1.3443,1.34439,0
2026-05-28 17:24:00+00:00,1.34442,1.34446,1.34436,1.34439,0
2026-05-28 17:25:00+00:00,1.34439,1.34439,1.34424,1.34428,0
2026-05-28 17:26:00+00:00,1.34427,1.34434,1.34427,1.34427,0
2026-05-28 17:27:00+00:00,1.34428,1.34432,1.34423,1.34428,0
2026-05-28 17:28:00+00:00,1.34427,1.34428,1.34422,1.34425,0
2026-05-28 17:29:00+00:00,1.34426,1.34426,1.34409,1.34411,0
2026-05-28 17:30:00+00:00,1.3441,1.34422,1.3441,1.34416,0
2026-05-28 17:31:00+00:00,1.34417,1.34437,1.34414,1.34436,0
2026-05-28 17:32:00+00:00,1.34438,1.3444,1.34434,1.34435,0
2026-05-28 17:33:00+00:00,1.34436,1.34455,1.34436,1.34453,0
2026-05-28 17:34:00+00:00,1.34452,1.34453,1.34442,1.34448,0
2026-05-28 17:35:00+00:00,1.34445,1.34454,1.34438,1.34443,0
2026-05-28 17:36:00+00:00,1.34442,1.34443,1.34432,1.34435,0
2026-05-28 17:37:00+00:00,1.34435,1.34446,1.34435,1.34445,0
2026-05-28 17:38:00+00:00,1.34447,1.34449,1.34444,1.34445,0
2026-05-28 17:39:00+00:00,1.34443,1.34451,1.34441,1.34447,0
2026-05-28 17:40:00+00:00,1.34451,1.34454,1.34444,1.34445,0
2026-05-28 17:41:00+00:00,1.34445,1.34445,1.34435,1.34435,0
2026-05-28 17:42:00+00:00,1.34436,1.34437,1.34432,1.34434,0
2026-05-28 17:43:00+00:00,1.34432,1.34437,1.34428,1.34429,0
2026-05-28 17:44:00+00:00,1.34426,1.34433,1.34405,1.34409,0
2026-05-28 17:45:00+00:00,1.34411,1.34432,1.3441,1.34431,0
2026-05-28 17:46:00+00:00,1.34431,1.34439,1.34423,1.34427,0
2026-05-28 17:47:00+00:00,1.34434,1.34437,1.34424,1.34424,0
2026-05-28 17:48:00+00:00,1.34425,1.34435,1.34425,1.34433,0
2026-05-28 17:49:00+00:00,1.34432,1.34442,1.34427,1.34439,0
2026-05-28 17:50:00+00:00,1.34439,1.34445,1.34431,1.34439,0
2026-05-28 17:51:00+00:00,1.34436,1.34438,1.34428,1.34429,0
2026-05-28 17:52:00+00:00,1.34429,1.34442,1.34428,1.34435,0
2026-05-28 17:53:00+00:00,1.34439,1.34444,1.34433,1.34436,0
2026-05-28 17:54:00+00:00,1.34436,1.34443,1.34435,1.34442,0
2026-05-28 17:55:00+00:00,1.34441,1.34449,1.34441,1.34445,0
2026-05-28 17:56:00+00:00,1.34445,1.34449,1.34435,1.34443,0
2026-05-28 17:57:00+00:00,1.34444,1.34445,1.34433,1.34445,0
2026-05-28 17:58:00+00:00,1.34447,1.34456,1.34445,1.34456,0
2026-05-28 17:59:00+00:00,1.34458,1.34462,1.3445,1.34456,0
2026-05-28 18:00:00+00:00,1.34455,1.34458,1.34442,1.34447,0
2026-05-28 18:01:00+00:00,1.34445,1.34455,1.34444,1.34455,0
2026-05-28 18:02:00+00:00,1.34453,1.34465,1.34453,1.34463,0
2026-05-28 18:03:00+00:00,1.34464,1.34475,1.34463,1.34467,0
2026-05-28 18:04:00+00:00,1.34466,1.3447,1.3446,1.34463,0
2026-05-28 18:05:00+00:00,1.34461,1.34468,1.34453,1.34456,0
2026-05-28 18:06:00+00:00,1.34457,1.34464,1.34453,1.34464,0
2026-05-28 18:07:00+00:00,1.34464,1.34466,1.34459,1.34464,0
2026-05-28 18:08:00+00:00,1.34461,1.34461,1.34452,1.34453,0
2026-05-28 18:09:00+00:00,1.34452,1.34462,1.34451,1.34453,0
2026-05-28 18:10:00+00:00,1.34452,1.34452,1.34434,1.34434,0
2026-05-28 18:11:00+00:00,1.34435,1.34437,1.34414,1.34423,0
2026-05-28 18:12:00+00:00,1.34424,1.34431,1.34423,1.34427,0
2026-05-28 18:13:00+00:00,1.34428,1.34436,1.34428,1.34429,0
2026-05-28 18:14:00+00:00,1.34427,1.3444,1.34423,1.3444,0
2026-05-28 18:15:00+00:00,1.34441,1.34451,1.34427,1.34445,0
2026-05-28 18:16:00+00:00,1.34445,1.34474,1.34441,1.34466,0
2026-05-28 18:17:00+00:00,1.34467,1.3448,1.34432,1.34443,0
2026-05-28 18:18:00+00:00,1.3444,1.34455,1.34428,1.34443,0
2026-05-28 18:19:00+00:00,1.34444,1.34458,1.34441,1.34458,0
2026-05-28 18:20:00+00:00,1.34455,1.34464,1.34396,1.34403,0
2026-05-28 18:21:00+00:00,1.34401,1.34405,1.34389,1.34402,0
2026-05-28 18:22:00+00:00,1.34404,1.34427,1.34404,1.34418,0
2026-05-28 18:23:00+00:00,1.34417,1.34417,1.34404,1.34404,0
2026-05-28 18:24:00+00:00,1.34408,1.34423,1.34407,1.34412,0
2026-05-28 18:25:00+00:00,1.3441,1.34413,1.34401,1.34403,0
2026-05-28 18:26:00+00:00,1.34403,1.34413,1.34402,1.3441,0
2026-05-28 18:27:00+00:00,1.3441,1.34412,1.34397,1.34402,0
2026-05-28 18:28:00+00:00,1.34404,1.34409,1.34386,1.34386,0
2026-05-28 18:29:00+00:00,1.34388,1.34396,1.34384,1.34389,0
2026-05-28 18:30:00+00:00,1.34389,1.34393,1.34379,1.34381,0
2026-05-28 18:31:00+00:00,1.3438,1.34386,1.34375,1.34381,0
2026-05-28 18:32:00+00:00,1.34384,1.34384,1.34371,1.34379,0
2026-05-28 18:33:00+00:00,1.34382,1.34384,1.34372,1.34377,0
2026-05-28 18:34:00+00:00,1.34376,1.34378,1.3437,1.34374,0
2026-05-28 18:35:00+00:00,1.34375,1.34376,1.34362,1.34374,0
2026-05-28 18:36:00+00:00,1.34373,1.34378,1.34361,1.34377,0
2026-05-28 18:37:00+00:00,1.34377,1.34385,1.34366,1.34382,0
2026-05-28 18:38:00+00:00,1.34385,1.34386,1.34366,1.34366,0
2026-05-28 18:39:00+00:00,1.34369,1.34372,1.34366,1.34367,0
2026-05-28 18:40:00+00:00,1.34367,1.34371,1.34361,1.34364,0
2026-05-28 18:41:00+00:00,1.34366,1.34373,1.34366,1.34373,0
2026-05-28 18:42:00+00:00,1.34371,1.34371,1.3436,1.34362,0
2026-05-28 18:43:00+00:00,1.34363,1.34375,1.3436,1.34371,0
2026-05-28 18:44:00+00:00,1.34372,1.34382,1.3437,1.34381,0
2026-05-28 18:45:00+00:00,1.3438,1.34383,1.34379,1.34381,0
2026-05-28 18:46:00+00:00,1.34383,1.34393,1.34381,1.34383,0
2026-05-28 18:47:00+00:00,1.34386,1.34393,1.34385,1.34386,0
2026-05-28 18:48:00+00:00,1.34387,1.34395,1.34386,1.34392,0
2026-05-28 18:49:00+00:00,1.3439,1.34399,1.34389,1.34398,0
2026-05-28 18:50:00+00:00,1.34395,1.34403,1.34392,1.34403,0
2026-05-28 18:51:00+00:00,1.34401,1.34405,1.34393,1.34395,0
2026-05-28 18:52:00+00:00,1.34396,1.34406,1.34395,1.34405,0
2026-05-28 18:53:00+00:00,1.34404,1.34411,1.34401,1.34411,0
2026-05-28 18:54:00+00:00,1.34412,1.34415,1.34412,1.34415,0
2026-05-28 18:55:00+00:00,1.34412,1.34416,1.34412,1.34416,0
2026-05-28 18:56:00+00:00,1.34415,1.34416,1.34413,1.34415,0
2026-05-28 18:57:00+00:00,1.34416,1.34422,1.34415,1.34415,0
2026-05-28 18:58:00+00:00,1.34414,1.34415,1.34406,1.34413,0
2026-05-28 18:59:00+00:00,1.34411,1.34411,1.34393,1.34402,0
2026-05-28 19:00:00+00:00,1.34399,1.34399,1.34381,1.34381,0
2026-05-28 19:01:00+00:00,1.3438,1.34397,1.3438,1.34392,0
2026-05-28 19:02:00+00:00,1.34393,1.34403,1.3439,1.34402,0
2026-05-28 19:03:00+00:00,1.34401,1.34402,1.34393,1.34396,0
2026-05-28 19:04:00+00:00,1.34395,1.34397,1.34392,1.34394,0
2026-05-28 19:05:00+00:00,1.34397,1.34398,1.34391,1.34393,0
2026-05-28 19:06:00+00:00,1.34393,1.34395,1.34388,1.34394,0
2026-05-28 19:07:00+00:00,1.34393,1.34393,1.34376,1.3438,0
2026-05-28 19:08:00+00:00,1.3438,1.34382,1.34371,1.34374,0
2026-05-28 19:09:00+00:00,1.34375,1.34381,1.34375,1.3438,0
2026-05-28 19:10:00+00:00,1.34381,1.34402,1.34381,1.34397,0
2026-05-28 19:11:00+00:00,1.34396,1.34399,1.34391,1.34394,0
2026-05-28 19:12:00+00:00,1.34392,1.34394,1.34377,1.34379,0
2026-05-28 19:13:00+00:00,1.34379,1.34386,1.34376,1.34384,0
2026-05-28 19:14:00+00:00,1.34383,1.34384,1.34378,1.34382,0
2026-05-28 19:15:00+00:00,1.34381,1.34383,1.34378,1.34382,0
2026-05-28 19:16:00+00:00,1.34386,1.34388,1.34384,1.34388,0
2026-05-28 19:17:00+00:00,1.34388,1.34395,1.34388,1.34394,0
2026-05-28 19:18:00+00:00,1.34396,1.34396,1.34393,1.34394,0
2026-05-28 19:19:00+00:00,1.34396,1.34403,1.34395,1.34403,0
2026-05-28 19:20:00+00:00,1.34404,1.34407,1.344,1.34402,0
2026-05-28 19:21:00+00:00,1.34399,1.34402,1.34394,1.34394,0
2026-05-28 19:22:00+00:00,1.34395,1.34403,1.34394,1.34403,0
2026-05-28 19:23:00+00:00,1.34401,1.34404,1.34397,1.34397,0
2026-05-28 19:24:00+00:00,1.34398,1.34402,1.34394,1.34397,0
2026-05-28 19:25:00+00:00,1.34395,1.344,1.34394,1.34394,0
2026-05-28 19:26:00+00:00,1.34396,1.34396,1.3439,1.34393,0
2026-05-28 19:27:00+00:00,1.34392,1.34395,1.34391,1.34394,0
2026-05-28 19:28:00+00:00,1.34396,1.34396,1.3439,1.34393,0
2026-05-28 19:29:00+00:00,1.34394,1.34402,1.34394,1.34401,0
2026-05-28 19:30:00+00:00,1.34403,1.3442,1.34402,1.34413,0
2026-05-28 19:31:00+00:00,1.34414,1.34414,1.34403,1.34413,0
2026-05-28 19:32:00+00:00,1.34415,1.34424,1.34413,1.34414,0
2026-05-28 19:33:00+00:00,1.34415,1.34424,1.34413,1.34422,0
2026-05-28 19:34:00+00:00,1.34424,1.34427,1.34421,1.34423,0
2026-05-28 19:35:00+00:00,1.34423,1.34425,1.3442,1.34423,0
2026-05-28 19:36:00+00:00,1.34426,1.34431,1.3442,1.34429,0
2026-05-28 19:37:00+00:00,1.34429,1.34432,1.34425,1.34429,0
2026-05-28 19:38:00+00:00,1.3443,1.34433,1.34425,1.34427,0
2026-05-28 19:39:00+00:00,1.34424,1.34437,1.34424,1.34431,0
2026-05-28 19:40:00+00:00,1.3443,1.34431,1.34417,1.34419,0
2026-05-28 19:41:00+00:00,1.34418,1.34423,1.34413,1.34416,0
2026-05-28 19:42:00+00:00,1.34414,1.34417,1.34407,1.34408,0
2026-05-28 19:43:00+00:00,1.34411,1.34416,1.34408,1.34408,0
2026-05-28 19:44:00+00:00,1.34407,1.34413,1.34407,1.34413,0
2026-05-28 19:45:00+00:00,1.34411,1.34411,1.34403,1.34411,0
2026-05-28 19:46:00+00:00,1.3441,1.34419,1.34409,1.34416,0
2026-05-28 19:47:00+00:00,1.34416,1.34423,1.34413,1.3442,0
2026-05-28 19:48:00+00:00,1.34421,1.34423,1.34418,1.34421,0
2026-05-28 19:49:00+00:00,1.3442,1.34436,1.34419,1.34434,0
2026-05-28 19:50:00+00:00,1.34434,1.34434,1.34423,1.34427,0
2026-05-28 19:51:00+00:00,1.34428,1.34428,1.34419,1.34421,0
2026-05-28 19:52:00+00:00,1.34422,1.34422,1.34408,1.34413,0
2026-05-28 19:53:00+00:00,1.34413,1.3442,1.34413,1.34417,0
2026-05-28 19:54:00+00:00,1.34415,1.34419,1.34414,1.34417,0
2026-05-28 19:55:00+00:00,1.34416,1.34416,1.34383,1.34385,0
2026-05-28 19:56:00+00:00,1.34386,1.34395,1.34384,1.34394,0
2026-05-28 19:57:00+00:00,1.34394,1.34394,1.34382,1.34383,0
2026-05-28 19:58:00+00:00,1.34382,1.34393,1.34382,1.34387,0
2026-05-28 19:59:00+00:00,1.34389,1.34395,1.34382,1.34391,0
2026-05-28 20:00:00+00:00,1.34391,1.34395,1.34384,1.34388,0
2026-05-28 20:01:00+00:00,1.34388,1.34397,1.34387,1.34396,0
2026-05-28 20:02:00+00:00,1.34398,1.34405,1.34398,1.34405,0
2026-05-28 20:03:00+00:00,1.34404,1.34406,1.34398,1.34405,0
2026-05-28 20:04:00+00:00,1.34406,1.34406,1.34387,1.34387,0
2026-05-28 20:05:00+00:00,1.3439,1.34395,1.34387,1.34394,0
2026-05-28 20:06:00+00:00,1.34393,1.34403,1.34393,1.34402,0
2026-05-28 20:07:00+00:00,1.34403,1.34416,1.34402,1.34416,0
2026-05-28 20:08:00+00:00,1.34415,1.34419,1.34413,1.34413,0
2026-05-28 20:09:00+00:00,1.34413,1.34415,1.34412,1.34413,0
2026-05-28 20:10:00+00:00,1.34414,1.34414,1.34403,1.34404,0
2026-05-28 20:11:00+00:00,1.34406,1.34409,1.34404,1.34404,0
2026-05-28 20:12:00+00:00,1.34404,1.34405,1.34397,1.34397,0
2026-05-28 20:13:00+00:00,1.34398,1.34402,1.34397,1.34399,0
2026-05-28 20:14:00+00:00,1.344,1.34405,1.344,1.34405,0
2026-05-28 20:15:00+00:00,1.34404,1.34405,1.34399,1.34405,0
2026-05-28 20:16:00+00:00,1.34406,1.34408,1.34404,1.34406,0
2026-05-28 20:17:00+00:00,1.34407,1.34415,1.34406,1.34413,0
2026-05-28 20:18:00+00:00,1.34413,1.34414,1.34411,1.34414,0
2026-05-28 20:19:00+00:00,1.34412,1.34412,1.34403,1.34404,0
2026-05-28 20:20:00+00:00,1.34405,1.34405,1.34404,1.34405,0
2026-05-28 20:21:00+00:00,1.34404,1.34408,1.34403,1.34403,0
2026-05-28 20:22:00+00:00,1.34404,1.34404,1.34402,1.34403,0
2026-05-28 20:23:00+00:00,1.34404,1.34404,1.34397,1.34398,0
2026-05-28 20:24:00+00:00,1.34396,1.34401,1.34395,1.34396,0
2026-05-28 20:25:00+00:00,1.34395,1.34395,1.34389,1.34389,0
2026-05-28 20:26:00+00:00,1.34389,1.34391,1.34387,1.34388,0
2026-05-28 20:27:00+00:00,1.34389,1.34393,1.34388,1.3439,0
2026-05-28 20:28:00+00:00,1.3439,1.34394,1.34389,1.3439,0
2026-05-28 20:29:00+00:00,1.3439,1.3439,1.34386,1.34389,0
2026-05-28 20:30:00+00:00,1.3439,1.34395,1.34389,1.34395,0
2026-05-28 20:31:00+00:00,1.34397,1.34408,1.34396,1.34404,0
2026-05-28 20:32:00+00:00,1.34402,1.34414,1.34402,1.3441,0
2026-05-28 20:33:00+00:00,1.3441,1.34414,1.3441,1.34413,0
2026-05-28 20:34:00+00:00,1.34414,1.34415,1.34413,1.34415,0
2026-05-28 20:35:00+00:00,1.34414,1.34414,1.34413,1.34413,0
2026-05-28 20:36:00+00:00,1.34413,1.34418,1.34412,1.34413,0
2026-05-28 20:37:00+00:00,1.3441,1.34412,1.34406,1.34406,0
2026-05-28 20:38:00+00:00,1.34407,1.3441,1.34405,1.34408,0
2026-05-28 20:39:00+00:00,1.34409,1.34409,1.34405,1.34405,0
2026-05-28 20:40:00+00:00,1.34407,1.34407,1.34405,1.34407,0
2026-05-28 20:41:00+00:00,1.34407,1.34416,1.34407,1.34416,0
2026-05-28 20:42:00+00:00,1.34415,1.34416,1.34414,1.34414,0
2026-05-28 20:43:00+00:00,1.34414,1.34414,1.34414,1.34414,0
2026-05-28 20:44:00+00:00,1.34415,1.34415,1.34414,1.34414,0
2026-05-28 20:45:00+00:00,1.34414,1.34416,1.34414,1.34415,0
2026-05-28 20:46:00+00:00,1.34416,1.34419,1.34416,1.34417,0
2026-05-28 20:47:00+00:00,1.34417,1.34417,1.34415,1.34415,0
2026-05-28 20:48:00+00:00,1.34416,1.34416,1.34413,1.34414,0
2026-05-28 20:49:00+00:00,1.34415,1.34416,1.34414,1.34414,0
2026-05-28 20:50:00+00:00,1.34417,1.34418,1.34416,1.34416,0
2026-05-28 20:51:00+00:00,1.34415,1.34428,1.34413,1.34427,0
2026-05-28 20:52:00+00:00,1.34425,1.34427,1.34423,1.34427,0
2026-05-28 20:53:00+00:00,1.34427,1.34431,1.34426,1.34431,0
2026-05-28 20:54:00+00:00,1.34429,1.34433,1.34425,1.34431,0
2026-05-28 20:55:00+00:00,1.34428,1.3443,1.34423,1.34424,0
2026-05-28 20:56:00+00:00,1.34424,1.34426,1.34424,1.34425,0
2026-05-28 20:57:00+00:00,1.34426,1.34435,1.34423,1.34426,0
2026-05-28 20:58:00+00:00,1.34426,1.3443,1.34421,1.34424,0
2026-05-28 20:59:00+00:00,1.34423,1.34433,1.34422,1.34423,0
2026-05-28 21:00:00+00:00,1.34411,1.34411,1.34396,1.34396,0
2026-05-28 21:01:00+00:00,1.34396,1.34396,1.34396,1.34396,0
2026-05-28 21:02:00+00:00,1.34396,1.34396,1.34396,1.34396,0
2026-05-28 21:03:00+00:00,1.34404,1.34404,1.34404,1.34404,0
2026-05-28 21:04:00+00:00,1.34404,1.34455,1.34353,1.34366,0
2026-05-28 21:05:00+00:00,1.34362,1.34377,1.34362,1.34366,0
2026-05-28 21:06:00+00:00,1.34366,1.34385,1.34366,1.34383,0
2026-05-28 21:07:00+00:00,1.34381,1.3439,1.34366,1.3439,0
2026-05-28 21:08:00+00:00,1.34392,1.34396,1.34391,1.34396,0
2026-05-28 21:09:00+00:00,1.34397,1.34398,1.34397,1.34398,0
2026-05-28 21:10:00+00:00,1.34369,1.34369,1.34369,1.34369,0
2026-05-28 21:11:00+00:00,1.34368,1.34399,1.34368,1.34399,0
2026-05-28 21:12:00+00:00,1.34398,1.34399,1.34398,1.34399,0
2026-05-28 21:13:00+00:00,1.34399,1.34399,1.34399,1.34399,0
2026-05-28 21:14:00+00:00,1.34389,1.3439,1.34389,1.3439,0
2026-05-28 21:15:00+00:00,1.34399,1.34399,1.34398,1.34398,0
2026-05-28 21:16:00+00:00,1.34389,1.34389,1.34389,1.34389,0
2026-05-28 21:17:00+00:00,1.3439,1.34399,1.3439,1.34399,0
2026-05-28 21:18:00+00:00,1.34391,1.34401,1.34391,1.34401,0
2026-05-28 21:19:00+00:00,1.34397,1.34397,1.3439,1.34397,0
2026-05-28 21:20:00+00:00,1.34397,1.34399,1.34385,1.34395,0
2026-05-28 21:21:00+00:00,1.34396,1.34399,1.34389,1.34399,0
2026-05-28 21:22:00+00:00,1.34399,1.34399,1.34399,1.34399,0
2026-05-28 21:23:00+00:00,1.34398,1.34398,1.34397,1.34398,0
2026-05-28 21:24:00+00:00,1.34397,1.34398,1.34397,1.34397,0
2026-05-28 21:25:00+00:00,1.34398,1.34398,1.34397,1.34397,0
2026-05-28 21:26:00+00:00,1.34398,1.34398,1.34398,1.34398,0
2026-05-28 21:27:00+00:00,1.34389,1.34402,1.34387,1.34397,0
2026-05-28 21:28:00+00:00,1.344,1.34402,1.344,1.34402,0
2026-05-28 21:29:00+00:00,1.34402,1.34402,1.34395,1.34395,0
2026-05-28 21:30:00+00:00,1.34394,1.34403,1.34394,1.34403,0
2026-05-28 21:31:00+00:00,1.34402,1.34403,1.34398,1.34403,0
2026-05-28 21:32:00+00:00,1.34404,1.34404,1.34396,1.34397,0
2026-05-28 21:33:00+00:00,1.34397,1.34404,1.34395,1.34398,0
2026-05-28 21:34:00+00:00,1.34397,1.34397,1.34395,1.34396,0
2026-05-28 21:35:00+00:00,1.34404,1.34404,1.34396,1.34396,0
2026-05-28 21:36:00+00:00,1.34396,1.34403,1.34396,1.34398,0
2026-05-28 21:37:00+00:00,1.34397,1.34404,1.34395,1.34399,0
2026-05-28 21:38:00+00:00,1.344,1.344,1.34395,1.34395,0
2026-05-28 21:39:00+00:00,1.34404,1.34404,1.34395,1.34395,0
2026-05-28 21:40:00+00:00,1.34396,1.34396,1.34393,1.34394,0
2026-05-28 21:41:00+00:00,1.34395,1.34398,1.34394,1.34396,0
2026-05-28 21:42:00+00:00,1.34397,1.34403,1.34395,1.34398,0
2026-05-28 21:43:00+00:00,1.34398,1.34399,1.34385,1.34386,0
2026-05-28 21:44:00+00:00,1.34386,1.3439,1.34385,1.34389,0
2026-05-28 21:45:00+00:00,1.34419,1.34419,1.34409,1.34411,0
2026-05-28 21:46:00+00:00,1.34411,1.34413,1.34389,1.3441,0
2026-05-28 21:47:00+00:00,1.34409,1.3441,1.34408,1.34409,0
2026-05-28 21:48:00+00:00,1.34409,1.3441,1.34396,1.34396,0
2026-05-28 21:49:00+00:00,1.34395,1.34399,1.34395,1.34395,0
2026-05-28 21:50:00+00:00,1.34395,1.344,1.34395,1.344,0
2026-05-28 21:51:00+00:00,1.34386,1.34388,1.34382,1.34388,0
2026-05-28 21:52:00+00:00,1.34387,1.34388,1.34386,1.34387,0
2026-05-28 21:53:00+00:00,1.34379,1.34387,1.34378,1.34387,0
2026-05-28 21:54:00+00:00,1.34388,1.34388,1.34382,1.34387,0
2026-05-28 21:55:00+00:00,1.34387,1.34388,1.34376,1.34376,0
2026-05-28 21:56:00+00:00,1.34377,1.34388,1.34377,1.34387,0
2026-05-28 21:57:00+00:00,1.34387,1.3439,1.34387,1.3439,0
2026-05-28 21:58:00+00:00,1.3439,1.34408,1.34389,1.34407,0
2026-05-28 21:59:00+00:00,1.34408,1.3442,1.34406,1.34419,0
2026-05-28 22:00:00+00:00,1.34415,1.34419,1.34402,1.34416,0
2026-05-28 22:01:00+00:00,1.34416,1.34426,1.34412,1.34424,0
2026-05-28 22:02:00+00:00,1.34424,1.34432,1.34424,1.34431,0
2026-05-28 22:03:00+00:00,1.34436,1.34441,1.34435,1.3444,0
2026-05-28 22:04:00+00:00,1.34441,1.34443,1.3444,1.34442,0
2026-05-28 22:05:00+00:00,1.34442,1.3445,1.34441,1.34446,0
2026-05-28 22:06:00+00:00,1.34442,1.34444,1.34442,1.34444,0
2026-05-28 22:07:00+00:00,1.34446,1.34446,1.34444,1.34446,0
2026-05-28 22:08:00+00:00,1.34444,1.34444,1.34438,1.34439,0
2026-05-28 22:09:00+00:00,1.34438,1.34443,1.34438,1.34442,0
2026-05-28 22:10:00+00:00,1.34441,1.34441,1.34431,1.34431,0
2026-05-28 22:11:00+00:00,1.34432,1.34443,1.34432,1.34442,0
2026-05-28 22:12:00+00:00,1.34442,1.34443,1.34442,1.34443,0
2026-05-28 22:13:00+00:00,1.34444,1.34446,1.34444,1.34446,0
2026-05-28 22:14:00+00:00,1.34447,1.34452,1.34447,1.34448,0
2026-05-28 22:15:00+00:00,1.34447,1.34451,1.34444,1.34447,0
2026-05-28 22:16:00+00:00,1.34447,1.34447,1.34445,1.34446,0
2026-05-28 22:17:00+00:00,1.34446,1.34448,1.34446,1.34446,0
2026-05-28 22:18:00+00:00,1.34446,1.34446,1.34445,1.34446,0
2026-05-28 22:19:00+00:00,1.34446,1.34446,1.34444,1.34444,0
2026-05-28 22:20:00+00:00,1.34444,1.34444,1.34442,1.34442,0
2026-05-28 22:21:00+00:00,1.34444,1.34449,1.34444,1.34446,0
2026-05-28 22:22:00+00:00,1.34446,1.34447,1.34444,1.34444,0
2026-05-28 22:23:00+00:00,1.34444,1.34444,1.34444,1.34444,0
2026-05-28 22:24:00+00:00,1.34442,1.34443,1.34442,1.34443,0
2026-05-28 22:25:00+00:00,1.34441,1.34441,1.34441,1.34441,0
2026-05-28 22:26:00+00:00,1.34441,1.34442,1.34441,1.34442,0
2026-05-28 22:27:00+00:00,1.34442,1.34442,1.34435,1.34437,0
2026-05-28 22:28:00+00:00,1.34437,1.34438,1.34436,1.34437,0
2026-05-28 22:29:00+00:00,1.34436,1.34438,1.34436,1.34437,0
2026-05-28 22:30:00+00:00,1.34438,1.34438,1.34424,1.34429,0
2026-05-28 22:31:00+00:00,1.34428,1.34428,1.34422,1.34423,0
2026-05-28 22:32:00+00:00,1.34422,1.34422,1.34422,1.34422,0
2026-05-28 22:33:00+00:00,1.34422,1.34431,1.34422,1.34429,0
2026-05-28 22:34:00+00:00,1.34429,1.34429,1.34421,1.34423,0
2026-05-28 22:35:00+00:00,1.34423,1.34423,1.34423,1.34423,0
2026-05-28 22:36:00+00:00,1.34423,1.34423,1.34423,1.34423,0
2026-05-28 22:37:00+00:00,1.34423,1.34423,1.34423,1.34423,0
2026-05-28 22:38:00+00:00,1.34423,1.34423,1.34421,1.34421,0
2026-05-28 22:39:00+00:00,1.34422,1.34425,1.34422,1.34423,0
2026-05-28 22:40:00+00:00,1.34423,1.34423,1.34423,1.34423,0
2026-05-28 22:41:00+00:00,1.34424,1.34425,1.34423,1.34423,0
2026-05-28 22:42:00+00:00,1.34424,1.34424,1.34419,1.34419,0
2026-05-28 22:43:00+00:00,1.34419,1.34419,1.34419,1.34419,0
2026-05-28 22:44:00+00:00,1.34419,1.34423,1.34419,1.34422,0
2026-05-28 22:45:00+00:00,1.34422,1.34422,1.34422,1.34422,0
2026-05-28 22:46:00+00:00,1.34422,1.34422,1.34422,1.34422,0
2026-05-28 22:47:00+00:00,1.34427,1.34427,1.34417,1.34418,0
2026-05-28 22:48:00+00:00,1.34418,1.34419,1.34418,1.34419,0
2026-05-28 22:49:00+00:00,1.3442,1.34422,1.34413,1.34413,0
2026-05-28 22:50:00+00:00,1.34413,1.34415,1.34412,1.34413,0
2026-05-28 22:51:00+00:00,1.34415,1.34415,1.34413,1.34415,0
2026-05-28 22:52:00+00:00,1.34416,1.34416,1.34414,1.34414,0
2026-05-28 22:53:00+00:00,1.34415,1.34416,1.34413,1.34413,0
2026-05-28 22:54:00+00:00,1.34416,1.3442,1.34416,1.3442,0
2026-05-28 22:55:00+00:00,1.3442,1.34423,1.3442,1.34422,0
2026-05-28 22:56:00+00:00,1.34421,1.34422,1.34415,1.34417,0
2026-05-28 22:57:00+00:00,1.34417,1.34417,1.34414,1.34415,0
2026-05-28 22:58:00+00:00,1.34415,1.34415,1.34412,1.34412,0
2026-05-28 22:59:00+00:00,1.34411,1.34412,1.3441,1.3441,0
2026-05-28 23:00:00+00:00,1.34411,1.34443,1.3441,1.34443,0
2026-05-28 23:01:00+00:00,1.34444,1.34448,1.34443,1.34444,0
2026-05-28 23:02:00+00:00,1.34443,1.34446,1.34438,1.34443,0
2026-05-28 23:03:00+00:00,1.34445,1.34447,1.34443,1.34445,0
2026-05-28 23:04:00+00:00,1.34445,1.34446,1.34444,1.34446,0
2026-05-28 23:05:00+00:00,1.34446,1.34446,1.34443,1.34444,0
2026-05-28 23:06:00+00:00,1.34444,1.34444,1.34435,1.34436,0
2026-05-28 23:07:00+00:00,1.34436,1.34436,1.34431,1.34431,0
2026-05-28 23:08:00+00:00,1.34433,1.34437,1.34433,1.34435,0
2026-05-28 23:09:00+00:00,1.34435,1.34435,1.34429,1.34431,0
2026-05-28 23:10:00+00:00,1.34434,1.34443,1.34434,1.3444,0
2026-05-28 23:11:00+00:00,1.34438,1.34438,1.34434,1.34434,0
2026-05-28 23:12:00+00:00,1.34434,1.34434,1.34434,1.34434,0
2026-05-28 23:13:00+00:00,1.34435,1.34435,1.34433,1.34434,0
2026-05-28 23:14:00+00:00,1.34434,1.34436,1.34434,1.34435,0
2026-05-28 23:15:00+00:00,1.34434,1.34435,1.34433,1.34433,0
2026-05-28 23:16:00+00:00,1.34434,1.34434,1.34434,1.34434,0
2026-05-28 23:17:00+00:00,1.34436,1.34445,1.34436,1.34442,0
2026-05-28 23:18:00+00:00,1.3444,1.3444,1.34433,1.34435,0
2026-05-28 23:19:00+00:00,1.34434,1.34434,1.34434,1.34434,0
2026-05-28 23:20:00+00:00,1.34434,1.34434,1.34434,1.34434,0
2026-05-28 23:21:00+00:00,1.34435,1.34436,1.34435,1.34436,0
2026-05-28 23:22:00+00:00,1.34436,1.34436,1.34436,1.34436,0
2026-05-28 23:23:00+00:00,1.34441,1.34443,1.3444,1.34441,0
2026-05-28 23:24:00+00:00,1.34444,1.34445,1.34444,1.34444,0
2026-05-28 23:25:00+00:00,1.34443,1.34443,1.3444,1.3444,0
2026-05-28 23:26:00+00:00,1.34442,1.34443,1.34441,1.34441,0
2026-05-28 23:27:00+00:00,1.34441,1.34441,1.34441,1.34441,0
2026-05-28 23:28:00+00:00,1.3444,1.3444,1.3444,1.3444,0
2026-05-28 23:29:00+00:00,1.34439,1.34439,1.34436,1.34436,0
2026-05-28 23:30:00+00:00,1.34434,1.34434,1.34426,1.34434,0
2026-05-28 23:31:00+00:00,1.34435,1.34436,1.34435,1.34435,0
2026-05-28 23:32:00+00:00,1.34434,1.34443,1.34434,1.34436,0
2026-05-28 23:33:00+00:00,1.34435,1.34435,1.34434,1.34434,0
2026-05-28 23:34:00+00:00,1.34435,1.3444,1.34434,1.3444,0
2026-05-28 23:35:00+00:00,1.34439,1.34439,1.34437,1.34437,0
2026-05-28 23:36:00+00:00,1.34438,1.34441,1.34438,1.34441,0
2026-05-28 23:37:00+00:00,1.34443,1.34445,1.34442,1.34444,0
2026-05-28 23:38:00+00:00,1.34444,1.34447,1.34442,1.34447,0
2026-05-28 23:39:00+00:00,1.34448,1.34448,1.3444,1.3444,0
2026-05-28 23:40:00+00:00,1.3444,1.3444,1.34434,1.34434,0
2026-05-28 23:41:00+00:00,1.34433,1.34435,1.34432,1.34434,0
2026-05-28 23:42:00+00:00,1.34435,1.34436,1.34432,1.34433,0
2026-05-28 23:43:00+00:00,1.34431,1.34431,1.34429,1.34429,0
2026-05-28 23:44:00+00:00,1.34431,1.34445,1.34426,1.34444,0
2026-05-28 23:45:00+00:00,1.34444,1.34444,1.34434,1.34435,0
2026-05-28 23:46:00+00:00,1.34435,1.34436,1.34432,1.34434,0
2026-05-28 23:47:00+00:00,1.34435,1.34436,1.34435,1.34436,0
2026-05-28 23:48:00+00:00,1.34434,1.34436,1.34434,1.34436,0
2026-05-28 23:49:00+00:00,1.34436,1.34437,1.34436,1.34437,0
2026-05-28 23:50:00+00:00,1.34436,1.34436,1.34434,1.34435,0
2026-05-28 23:51:00+00:00,1.34436,1.34453,1.34436,1.34446,0
2026-05-28 23:52:00+00:00,1.34446,1.34448,1.34443,1.34445,0
2026-05-28 23:53:00+00:00,1.34444,1.34446,1.34442,1.34442,0
2026-05-28 23:54:00+00:00,1.34441,1.34441,1.34436,1.34438,0
2026-05-28 23:55:00+00:00,1.34437,1.34439,1.34434,1.34436,0
2026-05-28 23:56:00+00:00,1.34437,1.34441,1.34435,1.34435,0
2026-05-28 23:57:00+00:00,1.34434,1.34436,1.34434,1.34434,0
2026-05-28 23:58:00+00:00,1.3444,1.34442,1.34437,1.34438,0
2026-05-28 23:59:00+00:00,1.3444,1.34441,1.34438,1.34438,0
2026-05-29 00:00:00+00:00,1.34435,1.34444,1.34434,1.34438,0
2026-05-29 00:01:00+00:00,1.34437,1.34448,1.34436,1.34441,0
2026-05-29 00:02:00+00:00,1.34441,1.34444,1.34433,1.34436,0
2026-05-29 00:03:00+00:00,1.34436,1.34445,1.34433,1.34439,0
2026-05-29 00:04:00+00:00,1.34438,1.34455,1.34437,1.34452,0
2026-05-29 00:05:00+00:00,1.34455,1.34457,1.34449,1.34455,0
2026-05-29 00:06:00+00:00,1.34456,1.34457,1.34447,1.34454,0
2026-05-29 00:07:00+00:00,1.34452,1.34453,1.34444,1.34451,0
2026-05-29 00:08:00+00:00,1.34448,1.34451,1.34445,1.34446,0
2026-05-29 00:09:00+00:00,1.34447,1.34447,1.34435,1.34437,0
2026-05-29 00:10:00+00:00,1.34441,1.34443,1.34433,1.34439,0
2026-05-29 00:11:00+00:00,1.3444,1.34442,1.34434,1.34438,0
2026-05-29 00:12:00+00:00,1.34435,1.34446,1.34435,1.34446,0
2026-05-29 00:13:00+00:00,1.34443,1.34446,1.34443,1.34445,0
2026-05-29 00:14:00+00:00,1.34446,1.34447,1.34445,1.34445,0
2026-05-29 00:15:00+00:00,1.34444,1.34444,1.34436,1.34444,0
2026-05-29 00:16:00+00:00,1.34445,1.34456,1.34444,1.34455,0
2026-05-29 00:17:00+00:00,1.34452,1.34453,1.34448,1.34449,0
2026-05-29 00:18:00+00:00,1.34452,1.34457,1.34449,1.34457,0
2026-05-29 00:19:00+00:00,1.34456,1.34464,1.34456,1.34464,0
2026-05-29 00:20:00+00:00,1.34465,1.34485,1.34465,1.3448,0
2026-05-29 00:21:00+00:00,1.34478,1.34478,1.3447,1.34473,0
2026-05-29 00:22:00+00:00,1.34471,1.34474,1.34466,1.34473,0
2026-05-29 00:23:00+00:00,1.34471,1.34472,1.34469,1.34469,0
2026-05-29 00:24:00+00:00,1.34468,1.34468,1.3446,1.34461,0
2026-05-29 00:25:00+00:00,1.3446,1.3446,1.34452,1.34458,0
2026-05-29 00:26:00+00:00,1.34458,1.34473,1.34454,1.3447,0
2026-05-29 00:27:00+00:00,1.34469,1.3447,1.34463,1.34467,0
2026-05-29 00:28:00+00:00,1.34467,1.34467,1.34455,1.34458,0
2026-05-29 00:29:00+00:00,1.34456,1.34457,1.34453,1.34453,0
2026-05-29 00:30:00+00:00,1.34453,1.34453,1.34446,1.34447,0
2026-05-29 00:31:00+00:00,1.34446,1.34446,1.34433,1.34434,0
2026-05-29 00:32:00+00:00,1.34435,1.34437,1.3443,1.34434,0
2026-05-29 00:33:00+00:00,1.34433,1.34436,1.34431,1.34435,0
2026-05-29 00:34:00+00:00,1.34434,1.34434,1.34401,1.34402,0
2026-05-29 00:35:00+00:00,1.34402,1.34418,1.34401,1.34414,0
2026-05-29 00:36:00+00:00,1.34415,1.34415,1.34406,1.3441,0
2026-05-29 00:37:00+00:00,1.34411,1.34415,1.34408,1.34411,0
2026-05-29 00:38:00+00:00,1.34414,1.34415,1.34405,1.34406,0
2026-05-29 00:39:00+00:00,1.34405,1.34415,1.34404,1.34414,0
2026-05-29 00:40:00+00:00,1.34413,1.34416,1.34413,1.34414,0
2026-05-29 00:41:00+00:00,1.34414,1.34415,1.34409,1.34415,0
2026-05-29 00:42:00+00:00,1.34411,1.34426,1.34411,1.34423,0
2026-05-29 00:43:00+00:00,1.34424,1.34435,1.34422,1.34433,0
2026-05-29 00:44:00+00:00,1.34435,1.34437,1.3443,1.34431,0
2026-05-29 00:45:00+00:00,1.34431,1.34432,1.34422,1.34427,0
2026-05-29 00:46:00+00:00,1.34426,1.3443,1.34421,1.34429,0
2026-05-29 00:47:00+00:00,1.34428,1.34428,1.34413,1.34418,0
2026-05-29 00:48:00+00:00,1.34422,1.34425,1.3442,1.34425,0
2026-05-29 00:49:00+00:00,1.34425,1.34432,1.34425,1.34427,0
2026-05-29 00:50:00+00:00,1.34426,1.34434,1.34426,1.34433,0
2026-05-29 00:51:00+00:00,1.34433,1.34433,1.34424,1.34432,0
2026-05-29 00:52:00+00:00,1.34434,1.34439,1.3443,1.34433,0
2026-05-29 00:53:00+00:00,1.34432,1.34433,1.34421,1.34426,0
2026-05-29 00:54:00+00:00,1.34427,1.34434,1.34418,1.34422,0
2026-05-29 00:55:00+00:00,1.34422,1.34422,1.34399,1.344,0
2026-05-29 00:56:00+00:00,1.344,1.34406,1.34398,1.34405,0
2026-05-29 00:57:00+00:00,1.34403,1.34403,1.34393,1.34398,0
2026-05-29 00:58:00+00:00,1.34397,1.34403,1.34394,1.34402,0
2026-05-29 00:59:00+00:00,1.344,1.34409,1.34399,1.34408,0
2026-05-29 01:00:00+00:00,1.34411,1.34426,1.3441,1.34415,0
2026-05-29 01:01:00+00:00,1.34414,1.34418,1.34405,1.34406,0
2026-05-29 01:02:00+00:00,1.34407,1.3441,1.34398,1.34399,0
2026-05-29 01:03:00+00:00,1.344,1.344,1.34378,1.34384,0
2026-05-29 01:04:00+00:00,1.34387,1.34397,1.34387,1.34396,0
2026-05-29 01:05:00+00:00,1.34394,1.34405,1.34394,1.34405,0
2026-05-29 01:06:00+00:00,1.34405,1.34411,1.34403,1.34407,0
2026-05-29 01:07:00+00:00,1.34409,1.34412,1.34402,1.34403,0
2026-05-29 01:08:00+00:00,1.34404,1.34432,1.34402,1.34431,0
2026-05-29 01:09:00+00:00,1.34433,1.34454,1.34433,1.34446,0
2026-05-29 01:10:00+00:00,1.34445,1.34459,1.34445,1.34445,0
2026-05-29 01:11:00+00:00,1.34446,1.34454,1.34443,1.34444,0
2026-05-29 01:12:00+00:00,1.34444,1.34462,1.34444,1.34456,0
2026-05-29 01:13:00+00:00,1.34457,1.34462,1.34454,1.34455,0
2026-05-29 01:14:00+00:00,1.34456,1.34464,1.34454,1.34462,0
2026-05-29 01:15:00+00:00,1.34463,1.34476,1.3446,1.34473,0
2026-05-29 01:16:00+00:00,1.34473,1.34486,1.34473,1.34476,0
2026-05-29 01:17:00+00:00,1.34475,1.34475,1.34458,1.34464,0
2026-05-29 01:18:00+00:00,1.34463,1.34473,1.34452,1.34466,0
2026-05-29 01:19:00+00:00,1.34468,1.34477,1.34467,1.34473,0
2026-05-29 01:20:00+00:00,1.34471,1.34484,1.34469,1.34483,0
2026-05-29 01:21:00+00:00,1.34485,1.34502,1.34485,1.34485,0
2026-05-29 01:22:00+00:00,1.34487,1.34494,1.3448,1.3448,0
2026-05-29 01:23:00+00:00,1.34479,1.34498,1.34474,1.34488,0
2026-05-29 01:24:00+00:00,1.34487,1.34493,1.34485,1.34488,0
2026-05-29 01:25:00+00:00,1.34485,1.34488,1.3448,1.34486,0
2026-05-29 01:26:00+00:00,1.34487,1.34487,1.34483,1.34487,0
2026-05-29 01:27:00+00:00,1.34486,1.34495,1.34486,1.3449,0
2026-05-29 01:28:00+00:00,1.34492,1.34497,1.34483,1.34484,0
2026-05-29 01:29:00+00:00,1.34486,1.34488,1.34478,1.34478,0
2026-05-29 01:30:00+00:00,1.34479,1.34479,1.3446,1.34474,0
2026-05-29 01:31:00+00:00,1.34471,1.34474,1.34468,1.34473,0
2026-05-29 01:32:00+00:00,1.34472,1.34481,1.34467,1.34475,0
2026-05-29 01:33:00+00:00,1.34475,1.34478,1.3447,1.34471,0
2026-05-29 01:34:00+00:00,1.3447,1.34474,1.34466,1.34466,0
2026-05-29 01:35:00+00:00,1.34468,1.34472,1.34464,1.34464,0
2026-05-29 01:36:00+00:00,1.34464,1.34472,1.34458,1.34458,0
2026-05-29 01:37:00+00:00,1.34457,1.34463,1.34457,1.34462,0
2026-05-29 01:38:00+00:00,1.34458,1.3446,1.34454,1.34456,0
2026-05-29 01:39:00+00:00,1.34455,1.34455,1.34442,1.34447,0
2026-05-29 01:40:00+00:00,1.34451,1.34451,1.34447,1.34448,0
2026-05-29 01:41:00+00:00,1.34452,1.34454,1.34447,1.34447,0
2026-05-29 01:42:00+00:00,1.34445,1.34459,1.34438,1.34459,0
2026-05-29 01:43:00+00:00,1.34459,1.34459,1.34444,1.34449,0
2026-05-29 01:44:00+00:00,1.34448,1.3445,1.34441,1.34442,0
2026-05-29 01:45:00+00:00,1.34441,1.34441,1.34433,1.34437,0
2026-05-29 01:46:00+00:00,1.34435,1.34435,1.34415,1.34419,0
2026-05-29 01:47:00+00:00,1.34419,1.34421,1.34405,1.34407,0
2026-05-29 01:48:00+00:00,1.34406,1.34415,1.34397,1.34408,0
2026-05-29 01:49:00+00:00,1.34407,1.34407,1.34395,1.34405,0
2026-05-29 01:50:00+00:00,1.34401,1.34402,1.34393,1.34397,0
2026-05-29 01:51:00+00:00,1.34397,1.34414,1.34396,1.34406,0
2026-05-29 01:52:00+00:00,1.34406,1.34407,1.34394,1.34395,0
2026-05-29 01:53:00+00:00,1.34395,1.34404,1.34395,1.34403,0
2026-05-29 01:54:00+00:00,1.34402,1.34404,1.34399,1.34402,0
2026-05-29 01:55:00+00:00,1.34403,1.34416,1.34403,1.34404,0
2026-05-29 01:56:00+00:00,1.34403,1.34404,1.34385,1.34394,0
2026-05-29 01:57:00+00:00,1.34394,1.34399,1.34389,1.34392,0
2026-05-29 01:58:00+00:00,1.34391,1.34391,1.34384,1.34388,0
2026-05-29 01:59:00+00:00,1.34388,1.34403,1.34386,1.34395,0
2026-05-29 02:00:00+00:00,1.34396,1.34413,1.34396,1.34403,0
2026-05-29 02:01:00+00:00,1.34404,1.34414,1.34397,1.34405,0
2026-05-29 02:02:00+00:00,1.34404,1.34405,1.34392,1.34403,0
2026-05-29 02:03:00+00:00,1.34402,1.34406,1.34394,1.34402,0
2026-05-29 02:04:00+00:00,1.34401,1.34404,1.34396,1.344,0
2026-05-29 02:05:00+00:00,1.34399,1.34417,1.34387,1.34416,0
2026-05-29 02:06:00+00:00,1.34416,1.34416,1.34401,1.34402,0
2026-05-29 02:07:00+00:00,1.34401,1.34404,1.34393,1.34402,0
2026-05-29 02:08:00+00:00,1.34401,1.34401,1.34394,1.34398,0
2026-05-29 02:09:00+00:00,1.34398,1.344,1.34393,1.34394,0
2026-05-29 02:10:00+00:00,1.34395,1.34415,1.34392,1.34406,0
2026-05-29 02:11:00+00:00,1.34407,1.34418,1.34406,1.34415,0
2026-05-29 02:12:00+00:00,1.34418,1.34423,1.34416,1.34417,0
2026-05-29 02:13:00+00:00,1.34417,1.3442,1.34415,1.34416,0
2026-05-29 02:14:00+00:00,1.3442,1.34427,1.34415,1.34424,0
2026-05-29 02:15:00+00:00,1.34424,1.34426,1.34416,1.34416,0
2026-05-29 02:16:00+00:00,1.34417,1.34423,1.34413,1.3442,0
2026-05-29 02:17:00+00:00,1.34418,1.34421,1.34414,1.34421,0
2026-05-29 02:18:00+00:00,1.3442,1.34424,1.34413,1.34419,0
2026-05-29 02:19:00+00:00,1.34419,1.34419,1.34412,1.34412,0
2026-05-29 02:20:00+00:00,1.34411,1.3442,1.3441,1.34411,0
2026-05-29 02:21:00+00:00,1.34411,1.3442,1.34411,1.34419,0
2026-05-29 02:22:00+00:00,1.34418,1.34426,1.34416,1.34419,0
2026-05-29 02:23:00+00:00,1.34419,1.34421,1.34402,1.34411,0
2026-05-29 02:24:00+00:00,1.3441,1.34412,1.34407,1.34408,0
2026-05-29 02:25:00+00:00,1.34406,1.34406,1.34401,1.34406,0
2026-05-29 02:26:00+00:00,1.34405,1.34406,1.34399,1.34404,0
2026-05-29 02:27:00+00:00,1.34403,1.34404,1.34394,1.34403,0
2026-05-29 02:28:00+00:00,1.34402,1.34405,1.34396,1.34397,0
2026-05-29 02:29:00+00:00,1.34396,1.34407,1.34396,1.34406,0
2026-05-29 02:30:00+00:00,1.34406,1.34406,1.34397,1.34398,0
2026-05-29 02:31:00+00:00,1.34399,1.34402,1.34392,1.34393,0
2026-05-29 02:32:00+00:00,1.34393,1.34415,1.3439,1.34413,0
2026-05-29 02:33:00+00:00,1.34415,1.34417,1.34409,1.34413,0
2026-05-29 02:34:00+00:00,1.34413,1.34417,1.34412,1.34416,0
2026-05-29 02:35:00+00:00,1.34415,1.34418,1.3441,1.34411,0
2026-05-29 02:36:00+00:00,1.34411,1.34415,1.34406,1.34411,0
2026-05-29 02:37:00+00:00,1.34411,1.34415,1.34409,1.34415,0
2026-05-29 02:38:00+00:00,1.34416,1.34423,1.34412,1.3442,0
2026-05-29 02:39:00+00:00,1.3442,1.34424,1.34416,1.34419,0
2026-05-29 02:40:00+00:00,1.34418,1.34426,1.34417,1.34425,0
2026-05-29 02:41:00+00:00,1.34425,1.34431,1.34425,1.34426,0
2026-05-29 02:42:00+00:00,1.34425,1.34436,1.34425,1.3443,0
2026-05-29 02:43:00+00:00,1.3443,1.34435,1.34428,1.34429,0
2026-05-29 02:44:00+00:00,1.34429,1.34432,1.34423,1.34428,0
2026-05-29 02:45:00+00:00,1.34429,1.34435,1.34427,1.34434,0
2026-05-29 02:46:00+00:00,1.34434,1.34438,1.3443,1.34435,0
2026-05-29 02:47:00+00:00,1.34435,1.34436,1.34422,1.34422,0
2026-05-29 02:48:00+00:00,1.34421,1.34421,1.34415,1.3442,0
2026-05-29 02:49:00+00:00,1.34419,1.34422,1.34415,1.34417,0
2026-05-29 02:50:00+00:00,1.34417,1.34417,1.34409,1.34409,0
2026-05-29 02:51:00+00:00,1.34411,1.34412,1.34407,1.34407,0
2026-05-29 02:52:00+00:00,1.34408,1.34408,1.34404,1.34406,0
2026-05-29 02:53:00+00:00,1.34407,1.34409,1.34404,1.34404,0
2026-05-29 02:54:00+00:00,1.34401,1.34404,1.34393,1.34395,0
2026-05-29 02:55:00+00:00,1.34395,1.34395,1.34384,1.34391,0
2026-05-29 02:56:00+00:00,1.34391,1.34396,1.34388,1.34395,0
2026-05-29 02:57:00+00:00,1.34394,1.34396,1.34388,1.34394,0
2026-05-29 02:58:00+00:00,1.34394,1.34394,1.34377,1.34378,0
2026-05-29 02:59:00+00:00,1.34378,1.34386,1.34377,1.34382,0
2026-05-29 03:00:00+00:00,1.34383,1.34386,1.34372,1.34378,0
2026-05-29 03:01:00+00:00,1.34377,1.34377,1.34373,1.34374,0
2026-05-29 03:02:00+00:00,1.34373,1.34374,1.34352,1.34352,0
2026-05-29 03:03:00+00:00,1.3435,1.34358,1.3435,1.34356,0
2026-05-29 03:04:00+00:00,1.34356,1.34367,1.34356,1.34362,0
2026-05-29 03:05:00+00:00,1.34362,1.34369,1.3436,1.34361,0
2026-05-29 03:06:00+00:00,1.34362,1.34362,1.34356,1.34362,0
2026-05-29 03:07:00+00:00,1.34361,1.34373,1.34361,1.34371,0
2026-05-29 03:08:00+00:00,1.34371,1.34373,1.34364,1.34365,0
2026-05-29 03:09:00+00:00,1.34363,1.34363,1.34355,1.34355,0
2026-05-29 03:10:00+00:00,1.34357,1.34357,1.34338,1.34343,0
2026-05-29 03:11:00+00:00,1.34345,1.34347,1.34343,1.34345,0
2026-05-29 03:12:00+00:00,1.34346,1.34354,1.34343,1.34346,0
2026-05-29 03:13:00+00:00,1.34344,1.34353,1.34342,1.34347,0
2026-05-29 03:14:00+00:00,1.34348,1.34349,1.34341,1.34341,0
2026-05-29 03:15:00+00:00,1.34343,1.34346,1.34341,1.34342,0
2026-05-29 03:16:00+00:00,1.34344,1.34346,1.34341,1.34341,0
2026-05-29 03:17:00+00:00,1.34343,1.34343,1.34333,1.34334,0
2026-05-29 03:18:00+00:00,1.34334,1.3435,1.34331,1.34345,0
2026-05-29 03:19:00+00:00,1.34346,1.34346,1.34331,1.34335,0
2026-05-29 03:20:00+00:00,1.34333,1.34344,1.34333,1.34336,0
2026-05-29 03:21:00+00:00,1.34335,1.34344,1.34334,1.34343,0
2026-05-29 03:22:00+00:00,1.34342,1.34343,1.34332,1.34334,0
2026-05-29 03:23:00+00:00,1.34332,1.34338,1.34331,1.34338,0
2026-05-29 03:24:00+00:00,1.34337,1.34344,1.34335,1.34335,0
2026-05-29 03:25:00+00:00,1.34336,1.34337,1.34327,1.34335,0
2026-05-29 03:26:00+00:00,1.34335,1.34343,1.34333,1.34343,0
2026-05-29 03:27:00+00:00,1.34342,1.34343,1.34337,1.34343,0
2026-05-29 03:28:00+00:00,1.34342,1.34347,1.34336,1.34344,0
2026-05-29 03:29:00+00:00,1.34346,1.3435,1.34344,1.34345,0
2026-05-29 03:30:00+00:00,1.34346,1.34352,1.34336,1.34341,0
2026-05-29 03:31:00+00:00,1.3434,1.34346,1.34335,1.34344,0
2026-05-29 03:32:00+00:00,1.34346,1.34346,1.34332,1.34333,0
2026-05-29 03:33:00+00:00,1.34336,1.34339,1.34332,1.34339,0
2026-05-29 03:34:00+00:00,1.34343,1.34343,1.34334,1.34337,0
2026-05-29 03:35:00+00:00,1.34337,1.34344,1.34334,1.3434,0
2026-05-29 03:36:00+00:00,1.34338,1.34342,1.34328,1.34333,0
2026-05-29 03:37:00+00:00,1.3433,1.34331,1.34317,1.34321,0
2026-05-29 03:38:00+00:00,1.34323,1.34326,1.34312,1.34312,0
2026-05-29 03:39:00+00:00,1.34313,1.34324,1.34313,1.34324,0
2026-05-29 03:40:00+00:00,1.34323,1.34323,1.34315,1.34317,0
2026-05-29 03:41:00+00:00,1.34316,1.34316,1.34309,1.34312,0
2026-05-29 03:42:00+00:00,1.34313,1.3432,1.34312,1.34315,0
2026-05-29 03:43:00+00:00,1.34316,1.34323,1.34313,1.34315,0
2026-05-29 03:44:00+00:00,1.34318,1.3433,1.34315,1.3433,0
2026-05-29 03:45:00+00:00,1.34327,1.34327,1.34321,1.34322,0
2026-05-29 03:46:00+00:00,1.34321,1.3433,1.34321,1.3433,0
2026-05-29 03:47:00+00:00,1.34329,1.34334,1.34327,1.34331,0
2026-05-29 03:48:00+00:00,1.34331,1.34332,1.34326,1.34332,0
2026-05-29 03:49:00+00:00,1.34332,1.34332,1.34313,1.34315,0
2026-05-29 03:50:00+00:00,1.34317,1.34322,1.34316,1.34317,0
2026-05-29 03:51:00+00:00,1.3432,1.34323,1.34314,1.34317,0
2026-05-29 03:52:00+00:00,1.34319,1.34322,1.34301,1.34308,0
2026-05-29 03:53:00+00:00,1.34312,1.34318,1.34309,1.34314,0
2026-05-29 03:54:00+00:00,1.34314,1.34318,1.34313,1.34315,0
2026-05-29 03:55:00+00:00,1.34315,1.3432,1.34314,1.34314,0
2026-05-29 03:56:00+00:00,1.34317,1.34317,1.34309,1.34315,0
2026-05-29 03:57:00+00:00,1.34314,1.34319,1.34312,1.34316,0
2026-05-29 03:58:00+00:00,1.34315,1.34324,1.34314,1.34324,0
2026-05-29 03:59:00+00:00,1.34322,1.34324,1.34318,1.34322,0
2026-05-29 04:00:00+00:00,1.34323,1.34344,1.34318,1.34344,0
2026-05-29 04:01:00+00:00,1.34344,1.34347,1.34339,1.34339,0
2026-05-29 04:02:00+00:00,1.34338,1.34348,1.34337,1.34347,0
2026-05-29 04:03:00+00:00,1.34346,1.34349,1.34345,1.34345,0
2026-05-29 04:04:00+00:00,1.34345,1.34345,1.34336,1.34337,0
2026-05-29 04:05:00+00:00,1.34338,1.34338,1.34335,1.34336,0
2026-05-29 04:06:00+00:00,1.34334,1.34337,1.34329,1.34336,0
2026-05-29 04:07:00+00:00,1.34334,1.34338,1.34334,1.34337,0
2026-05-29 04:08:00+00:00,1.34338,1.34348,1.34338,1.34347,0
2026-05-29 04:09:00+00:00,1.34347,1.34347,1.34339,1.34344,0
2026-05-29 04:10:00+00:00,1.34344,1.34347,1.34344,1.34346,0
2026-05-29 04:11:00+00:00,1.34349,1.34352,1.34342,1.34343,0
2026-05-29 04:12:00+00:00,1.34344,1.34344,1.34344,1.34344,0
2026-05-29 04:13:00+00:00,1.34342,1.34344,1.34342,1.34343,0
2026-05-29 04:14:00+00:00,1.34342,1.34346,1.34336,1.34344,0
2026-05-29 04:15:00+00:00,1.34346,1.34354,1.34346,1.34352,0
2026-05-29 04:16:00+00:00,1.34353,1.34353,1.34345,1.34345,0
2026-05-29 04:17:00+00:00,1.34344,1.34344,1.34335,1.34337,0
2026-05-29 04:18:00+00:00,1.34337,1.34344,1.34335,1.34344,0
2026-05-29 04:19:00+00:00,1.34343,1.34346,1.34335,1.34346,0
2026-05-29 04:20:00+00:00,1.34344,1.34346,1.34337,1.34337,0
2026-05-29 04:21:00+00:00,1.34338,1.34345,1.34334,1.34339,0
2026-05-29 04:22:00+00:00,1.34337,1.34344,1.34335,1.34341,0
2026-05-29 04:23:00+00:00,1.34341,1.34345,1.3434,1.34341,0
2026-05-29 04:24:00+00:00,1.34339,1.34343,1.34336,1.34336,0
2026-05-29 04:25:00+00:00,1.34338,1.34342,1.34334,1.34336,0
2026-05-29 04:26:00+00:00,1.34338,1.34339,1.34325,1.34326,0
2026-05-29 04:27:00+00:00,1.34325,1.34335,1.34321,1.34335,0
2026-05-29 04:28:00+00:00,1.34336,1.34336,1.34332,1.34332,0
2026-05-29 04:29:00+00:00,1.34334,1.3434,1.34332,1.34333,0
2026-05-29 04:30:00+00:00,1.34334,1.34341,1.34333,1.34335,0
2026-05-29 04:31:00+00:00,1.34335,1.34335,1.34325,1.34332,0
2026-05-29 04:32:00+00:00,1.34331,1.34332,1.34329,1.34331,0
2026-05-29 04:33:00+00:00,1.34332,1.34334,1.34328,1.34332,0
2026-05-29 04:34:00+00:00,1.34332,1.34334,1.34322,1.34322,0
2026-05-29 04:35:00+00:00,1.34323,1.3433,1.34322,1.34324,0
2026-05-29 04:36:00+00:00,1.34322,1.34327,1.34321,1.34327,0
2026-05-29 04:37:00+00:00,1.34325,1.3433,1.34325,1.34329,0
2026-05-29 04:38:00+00:00,1.3433,1.34333,1.34328,1.34333,0
2026-05-29 04:39:00+00:00,1.34334,1.34342,1.34331,1.34341,0
2026-05-29 04:40:00+00:00,1.34342,1.34344,1.34335,1.34341,0
2026-05-29 04:41:00+00:00,1.34341,1.34345,1.34341,1.34342,0
2026-05-29 04:42:00+00:00,1.34345,1.34345,1.34344,1.34344,0
2026-05-29 04:43:00+00:00,1.34347,1.34365,1.34347,1.34365,0
2026-05-29 04:44:00+00:00,1.34364,1.34366,1.34361,1.34363,0
2026-05-29 04:45:00+00:00,1.34364,1.34364,1.3436,1.34362,0
2026-05-29 04:46:00+00:00,1.34363,1.34367,1.34361,1.34365,0
2026-05-29 04:47:00+00:00,1.34363,1.34371,1.34362,1.34371,0
2026-05-29 04:48:00+00:00,1.3437,1.34375,1.34363,1.34373,0
2026-05-29 04:49:00+00:00,1.34372,1.34374,1.34369,1.3437,0
2026-05-29 04:50:00+00:00,1.3437,1.3437,1.3436,1.34365,0
2026-05-29 04:51:00+00:00,1.34365,1.34366,1.34362,1.34364,0
2026-05-29 04:52:00+00:00,1.34365,1.34365,1.34362,1.34364,0
2026-05-29 04:53:00+00:00,1.34364,1.34374,1.34364,1.34373,0
2026-05-29 04:54:00+00:00,1.34375,1.34378,1.34375,1.34377,0
2026-05-29 04:55:00+00:00,1.34375,1.34381,1.34371,1.34374,0
2026-05-29 04:56:00+00:00,1.34372,1.34375,1.34369,1.34374,0
2026-05-29 04:57:00+00:00,1.34376,1.34376,1.34373,1.34374,0
2026-05-29 04:58:00+00:00,1.34373,1.34374,1.34372,1.34373,0
2026-05-29 04:59:00+00:00,1.34372,1.3438,1.34372,1.3438,0
2026-05-29 05:00:00+00:00,1.34383,1.34386,1.34375,1.34377,0
2026-05-29 05:01:00+00:00,1.3438,1.34383,1.34376,1.34378,0
2026-05-29 05:02:00+00:00,1.34377,1.34381,1.34373,1.34378,0
2026-05-29 05:03:00+00:00,1.34379,1.34379,1.34373,1.34378,0
2026-05-29 05:04:00+00:00,1.34377,1.34382,1.34374,1.34374,0
2026-05-29 05:05:00+00:00,1.34375,1.34377,1.34374,1.34377,0
2026-05-29 05:06:00+00:00,1.34377,1.34377,1.34374,1.34376,0
2026-05-29 05:07:00+00:00,1.34377,1.34379,1.34377,1.34378,0
2026-05-29 05:08:00+00:00,1.34383,1.34384,1.34376,1.34376,0
2026-05-29 05:09:00+00:00,1.34377,1.34396,1.34377,1.34388,0
2026-05-29 05:10:00+00:00,1.34391,1.34396,1.34387,1.34396,0
2026-05-29 05:11:00+00:00,1.34395,1.34398,1.34395,1.34397,0
2026-05-29 05:12:00+00:00,1.34397,1.34398,1.34393,1.34393,0
2026-05-29 05:13:00+00:00,1.34393,1.34395,1.34389,1.34389,0
2026-05-29 05:14:00+00:00,1.34389,1.34404,1.34389,1.34402,0
2026-05-29 05:15:00+00:00,1.344,1.34404,1.34396,1.34404,0
2026-05-29 05:16:00+00:00,1.34402,1.34402,1.34399,1.344,0
2026-05-29 05:17:00+00:00,1.34399,1.34404,1.34395,1.34404,0
2026-05-29 05:18:00+00:00,1.34405,1.34414,1.34405,1.34409,0
2026-05-29 05:19:00+00:00,1.34407,1.34413,1.34405,1.34413,0
2026-05-29 05:20:00+00:00,1.34413,1.34414,1.34407,1.34409,0
2026-05-29 05:21:00+00:00,1.34409,1.34411,1.34407,1.3441,0
2026-05-29 05:22:00+00:00,1.34409,1.34411,1.34405,1.34407,0
2026-05-29 05:23:00+00:00,1.34406,1.34406,1.34396,1.34398,0
2026-05-29 05:24:00+00:00,1.34399,1.34403,1.34395,1.34395,0
2026-05-29 05:25:00+00:00,1.34397,1.34403,1.34397,1.34401,0
2026-05-29 05:26:00+00:00,1.34401,1.34406,1.34399,1.34403,0
2026-05-29 05:27:00+00:00,1.34403,1.34411,1.34402,1.34403,0
2026-05-29 05:28:00+00:00,1.34405,1.34407,1.34403,1.34407,0
2026-05-29 05:29:00+00:00,1.34408,1.34408,1.34399,1.34402,0
2026-05-29 05:30:00+00:00,1.34403,1.34403,1.34393,1.34396,0
2026-05-29 05:31:00+00:00,1.34398,1.34398,1.34388,1.34388,0
2026-05-29 05:32:00+00:00,1.34387,1.34393,1.34384,1.34384,0
2026-05-29 05:33:00+00:00,1.34383,1.34385,1.34383,1.34384,0
2026-05-29 05:34:00+00:00,1.34384,1.34396,1.34384,1.34387,0
2026-05-29 05:35:00+00:00,1.34385,1.34386,1.34362,1.34363,0
2026-05-29 05:36:00+00:00,1.34362,1.34373,1.34356,1.34373,0
2026-05-29 05:37:00+00:00,1.34373,1.34373,1.34369,1.34372,0
2026-05-29 05:38:00+00:00,1.34369,1.34369,1.34361,1.34362,0
2026-05-29 05:39:00+00:00,1.34363,1.34365,1.34356,1.34363,0
2026-05-29 05:40:00+00:00,1.34365,1.3437,1.34362,1.34366,0
2026-05-29 05:41:00+00:00,1.34366,1.34367,1.34362,1.34363,0
2026-05-29 05:42:00+00:00,1.34363,1.34384,1.34361,1.34384,0
2026-05-29 05:43:00+00:00,1.34383,1.34384,1.34373,1.34375,0
2026-05-29 05:44:00+00:00,1.34374,1.34378,1.34373,1.34373,0
2026-05-29 05:45:00+00:00,1.34374,1.34378,1.3437,1.34376,0
2026-05-29 05:46:00+00:00,1.34373,1.34377,1.34372,1.34372,0
2026-05-29 05:47:00+00:00,1.34375,1.34378,1.34372,1.34372,0
2026-05-29 05:48:00+00:00,1.34369,1.34375,1.34367,1.34372,0
2026-05-29 05:49:00+00:00,1.34373,1.34377,1.34372,1.34376,0
2026-05-29 05:50:00+00:00,1.34375,1.34375,1.34367,1.34371,0
2026-05-29 05:51:00+00:00,1.34373,1.34378,1.34369,1.34376,0
2026-05-29 05:52:00+00:00,1.34377,1.34378,1.34376,1.34378,0
2026-05-29 05:53:00+00:00,1.34379,1.34379,1.34376,1.34377,0
2026-05-29 05:54:00+00:00,1.34377,1.34377,1.34372,1.34377,0
2026-05-29 05:55:00+00:00,1.34377,1.34395,1.34377,1.34393,0
2026-05-29 05:56:00+00:00,1.34392,1.34398,1.34392,1.34395,0
2026-05-29 05:57:00+00:00,1.34396,1.34396,1.34386,1.34389,0
2026-05-29 05:58:00+00:00,1.34388,1.34388,1.34384,1.34384,0
2026-05-29 05:59:00+00:00,1.34386,1.34388,1.34378,1.34383,0
2026-05-29 06:00:00+00:00,1.34381,1.34403,1.34381,1.34399,0
2026-05-29 06:01:00+00:00,1.34399,1.34399,1.34385,1.34386,0
2026-05-29 06:02:00+00:00,1.34384,1.34395,1.34382,1.34394,0
2026-05-29 06:03:00+00:00,1.34395,1.34395,1.3438,1.34381,0
2026-05-29 06:04:00+00:00,1.34382,1.34395,1.34375,1.34393,0
2026-05-29 06:05:00+00:00,1.3439,1.34396,1.34379,1.34381,0
2026-05-29 06:06:00+00:00,1.34381,1.34383,1.34368,1.34383,0
2026-05-29 06:07:00+00:00,1.34383,1.34396,1.3438,1.34388,0
2026-05-29 06:08:00+00:00,1.34385,1.3439,1.34383,1.34386,0
2026-05-29 06:09:00+00:00,1.34384,1.34385,1.34378,1.34384,0
2026-05-29 06:10:00+00:00,1.34382,1.34398,1.34382,1.34397,0
2026-05-29 06:11:00+00:00,1.344,1.34405,1.34396,1.344,0
2026-05-29 06:12:00+00:00,1.34398,1.34409,1.34398,1.34408,0
2026-05-29 06:13:00+00:00,1.34409,1.34414,1.34404,1.34412,0
2026-05-29 06:14:00+00:00,1.34408,1.34437,1.34408,1.34436,0
2026-05-29 06:15:00+00:00,1.34438,1.34438,1.344,1.34402,0
2026-05-29 06:16:00+00:00,1.34402,1.34409,1.34398,1.344,0
2026-05-29 06:17:00+00:00,1.34398,1.34418,1.34398,1.34408,0
2026-05-29 06:18:00+00:00,1.34407,1.34415,1.34407,1.34414,0
2026-05-29 06:19:00+00:00,1.34414,1.34417,1.34405,1.34407,0
2026-05-29 06:20:00+00:00,1.34407,1.34411,1.344,1.34405,0
2026-05-29 06:21:00+00:00,1.34404,1.34404,1.34387,1.34392,0
2026-05-29 06:22:00+00:00,1.34393,1.3442,1.3439,1.34414,0
2026-05-29 06:23:00+00:00,1.34412,1.34416,1.34407,1.34415,0
2026-05-29 06:24:00+00:00,1.34416,1.34417,1.34407,1.34412,0
2026-05-29 06:25:00+00:00,1.34414,1.34421,1.34396,1.34397,0
2026-05-29 06:26:00+00:00,1.34397,1.34398,1.34388,1.34396,0
2026-05-29 06:27:00+00:00,1.34394,1.34408,1.34394,1.34405,0
2026-05-29 06:28:00+00:00,1.34406,1.34417,1.34395,1.344,0
2026-05-29 06:29:00+00:00,1.34399,1.34402,1.34393,1.34394,0
2026-05-29 06:30:00+00:00,1.34396,1.34412,1.34391,1.34407,0
2026-05-29 06:31:00+00:00,1.3441,1.34435,1.3441,1.34432,0
2026-05-29 06:32:00+00:00,1.34433,1.34443,1.34423,1.34425,0
2026-05-29 06:33:00+00:00,1.34426,1.34426,1.34404,1.34411,0
2026-05-29 06:34:00+00:00,1.34412,1.34412,1.3439,1.3439,0
2026-05-29 06:35:00+00:00,1.34392,1.34397,1.34389,1.34389,0
2026-05-29 06:36:00+00:00,1.3439,1.34396,1.34371,1.34376,0
2026-05-29 06:37:00+00:00,1.34376,1.34378,1.34362,1.34364,0
2026-05-29 06:38:00+00:00,1.34362,1.34385,1.34362,1.34376,0
2026-05-29 06:39:00+00:00,1.34374,1.34382,1.34372,1.34378,0
2026-05-29 06:40:00+00:00,1.34377,1.34377,1.34353,1.3436,0
2026-05-29 06:41:00+00:00,1.34357,1.34375,1.34352,1.34365,0
2026-05-29 06:42:00+00:00,1.34366,1.34381,1.34366,1.34377,0
2026-05-29 06:43:00+00:00,1.34378,1.34384,1.34374,1.34374,0
2026-05-29 06:44:00+00:00,1.34374,1.34389,1.34371,1.34385,0
2026-05-29 06:45:00+00:00,1.34384,1.34392,1.34382,1.34385,0
2026-05-29 06:46:00+00:00,1.34386,1.34401,1.34386,1.34401,0
2026-05-29 06:47:00+00:00,1.34402,1.34414,1.34402,1.34412,0
2026-05-29 06:48:00+00:00,1.34413,1.34416,1.34397,1.34398,0
2026-05-29 06:49:00+00:00,1.344,1.34403,1.34394,1.34395,0
2026-05-29 06:50:00+00:00,1.34396,1.344,1.34386,1.34397,0
2026-05-29 06:51:00+00:00,1.34397,1.34402,1.34394,1.34396,0
2026-05-29 06:52:00+00:00,1.34395,1.34399,1.34391,1.34399,0
2026-05-29 06:53:00+00:00,1.34399,1.34401,1.34383,1.34386,0
2026-05-29 06:54:00+00:00,1.34389,1.34395,1.34382,1.34394,0
2026-05-29 06:55:00+00:00,1.34393,1.34416,1.34389,1.34414,0
2026-05-29 06:56:00+00:00,1.34417,1.34425,1.34415,1.34416,0
2026-05-29 06:57:00+00:00,1.34415,1.34434,1.34413,1.34433,0
2026-05-29 06:58:00+00:00,1.34434,1.34434,1.34424,1.34425,0
2026-05-29 06:59:00+00:00,1.34427,1.34432,1.34417,1.34417,0
2026-05-29 07:00:00+00:00,1.34415,1.34415,1.34377,1.34377,0
2026-05-29 07:01:00+00:00,1.34376,1.34384,1.34361,1.34362,0
2026-05-29 07:02:00+00:00,1.34361,1.34361,1.3434,1.34354,0
2026-05-29 07:03:00+00:00,1.34353,1.34364,1.34353,1.34359,0
2026-05-29 07:04:00+00:00,1.34359,1.34367,1.34347,1.34357,0
2026-05-29 07:05:00+00:00,1.34359,1.34378,1.34358,1.34375,0
2026-05-29 07:06:00+00:00,1.34374,1.34384,1.34365,1.34382,0
2026-05-29 07:07:00+00:00,1.34383,1.34398,1.34374,1.34374,0
2026-05-29 07:08:00+00:00,1.34376,1.3438,1.34359,1.34362,0
2026-05-29 07:09:00+00:00,1.34363,1.34387,1.34361,1.3437,0
2026-05-29 07:10:00+00:00,1.34371,1.34385,1.34354,1.34361,0
2026-05-29 07:11:00+00:00,1.3436,1.34366,1.34354,1.34356,0
2026-05-29 07:12:00+00:00,1.3436,1.34369,1.3433,1.34337,0
2026-05-29 07:13:00+00:00,1.34338,1.34338,1.34326,1.34326,0
2026-05-29 07:14:00+00:00,1.34328,1.34329,1.34312,1.3432,0
2026-05-29 07:15:00+00:00,1.34321,1.34321,1.34301,1.34307,0
2026-05-29 07:16:00+00:00,1.34307,1.34317,1.34303,1.34316,0
2026-05-29 07:17:00+00:00,1.34317,1.34328,1.34312,1.34324,0
2026-05-29 07:18:00+00:00,1.34324,1.34336,1.34314,1.34316,0
2026-05-29 07:19:00+00:00,1.34317,1.34325,1.34314,1.34321,0
2026-05-29 07:20:00+00:00,1.34322,1.3433,1.34318,1.34324,0
2026-05-29 07:21:00+00:00,1.34326,1.34331,1.3432,1.34325,0
2026-05-29 07:22:00+00:00,1.34323,1.34323,1.34277,1.34286,0
2026-05-29 07:23:00+00:00,1.34287,1.34288,1.34263,1.34265,0
2026-05-29 07:24:00+00:00,1.34265,1.34266,1.34254,1.34254,0
2026-05-29 07:25:00+00:00,1.34252,1.34253,1.34242,1.34243,0
2026-05-29 07:26:00+00:00,1.34243,1.34249,1.34236,1.34246,0
2026-05-29 07:27:00+00:00,1.34247,1.34251,1.34233,1.34235,0
2026-05-29 07:28:00+00:00,1.34235,1.34235,1.34226,1.34232,0
2026-05-29 07:29:00+00:00,1.34234,1.34244,1.34233,1.34235,0
2026-05-29 07:30:00+00:00,1.34236,1.34236,1.34213,1.34221,0
2026-05-29 07:31:00+00:00,1.3422,1.34224,1.34213,1.34213,0
2026-05-29 07:32:00+00:00,1.34213,1.34222,1.34212,1.34215,0
2026-05-29 07:33:00+00:00,1.34215,1.34219,1.34202,1.34206,0
2026-05-29 07:34:00+00:00,1.34205,1.34227,1.34204,1.34225,0
2026-05-29 07:35:00+00:00,1.34224,1.34226,1.34211,1.34216,0
2026-05-29 07:36:00+00:00,1.34217,1.34224,1.34191,1.34195,0
2026-05-29 07:37:00+00:00,1.34199,1.34236,1.34199,1.34223,0
2026-05-29 07:38:00+00:00,1.34221,1.34235,1.34217,1.34225,0
2026-05-29 07:39:00+00:00,1.34225,1.34225,1.34184,1.34185,0
2026-05-29 07:40:00+00:00,1.34184,1.34195,1.34183,1.34194,0
2026-05-29 07:41:00+00:00,1.34192,1.34199,1.34174,1.34198,0
2026-05-29 07:42:00+00:00,1.342,1.34208,1.34194,1.34207,0
2026-05-29 07:43:00+00:00,1.34206,1.34224,1.34206,1.34223,0
2026-05-29 07:44:00+00:00,1.34222,1.34255,1.34222,1.34253,0
2026-05-29 07:45:00+00:00,1.34252,1.34272,1.34252,1.34271,0
2026-05-29 07:46:00+00:00,1.34272,1.34274,1.34256,1.34263,0
2026-05-29 07:47:00+00:00,1.34263,1.34269,1.34256,1.34264,0
2026-05-29 07:48:00+00:00,1.34266,1.34266,1.34242,1.3425,0
2026-05-29 07:49:00+00:00,1.34249,1.34253,1.34229,1.34234,0
2026-05-29 07:50:00+00:00,1.34234,1.34256,1.34228,1.34252,0
2026-05-29 07:51:00+00:00,1.34252,1.34258,1.34252,1.34258,0
2026-05-29 07:52:00+00:00,1.34256,1.34258,1.34254,1.34257,0
2026-05-29 07:53:00+00:00,1.34257,1.34257,1.34242,1.34246,0
2026-05-29 07:54:00+00:00,1.34245,1.34248,1.34237,1.34245,0
2026-05-29 07:55:00+00:00,1.34246,1.3426,1.34246,1.34256,0
2026-05-29 07:56:00+00:00,1.34255,1.34269,1.34252,1.34266,0
2026-05-29 07:57:00+00:00,1.34268,1.34268,1.34246,1.34247,0
2026-05-29 07:58:00+00:00,1.34248,1.34255,1.34241,1.3425,0
2026-05-29 07:59:00+00:00,1.3425,1.34259,1.34248,1.34257,0
2026-05-29 08:00:00+00:00,1.34258,1.34258,1.34225,1.34228,0
2026-05-29 08:01:00+00:00,1.3423,1.34239,1.34215,1.34239,0
2026-05-29 08:02:00+00:00,1.34238,1.34257,1.34235,1.34238,0
2026-05-29 08:03:00+00:00,1.34237,1.34247,1.34234,1.34234,0
2026-05-29 08:04:00+00:00,1.34234,1.34235,1.34217,1.3422,0
2026-05-29 08:05:00+00:00,1.3422,1.34235,1.34218,1.34219,0
2026-05-29 08:06:00+00:00,1.3422,1.34225,1.34205,1.34209,0
2026-05-29 08:07:00+00:00,1.34208,1.34214,1.34193,1.34206,0
2026-05-29 08:08:00+00:00,1.34207,1.34228,1.34206,1.34215,0
2026-05-29 08:09:00+00:00,1.34215,1.34215,1.34194,1.34194,0
2026-05-29 08:10:00+00:00,1.34195,1.34205,1.34191,1.34204,0
2026-05-29 08:11:00+00:00,1.34204,1.34207,1.34194,1.342,0
2026-05-29 08:12:00+00:00,1.34203,1.34203,1.34193,1.342,0
2026-05-29 08:13:00+00:00,1.34199,1.34201,1.34183,1.34192,0
2026-05-29 08:14:00+00:00,1.34191,1.34195,1.34186,1.34188,0
2026-05-29 08:15:00+00:00,1.34188,1.34193,1.34178,1.34182,0
2026-05-29 08:16:00+00:00,1.3418,1.34207,1.34179,1.34196,0
2026-05-29 08:17:00+00:00,1.342,1.34206,1.34183,1.34186,0
2026-05-29 08:18:00+00:00,1.34187,1.34194,1.34182,1.34187,0
2026-05-29 08:19:00+00:00,1.34189,1.34193,1.34182,1.34185,0
2026-05-29 08:20:00+00:00,1.34185,1.34195,1.34183,1.34193,0
2026-05-29 08:21:00+00:00,1.34193,1.34213,1.3419,1.34209,0
2026-05-29 08:22:00+00:00,1.34207,1.3421,1.34198,1.34204,0
2026-05-29 08:23:00+00:00,1.34203,1.34214,1.34199,1.34206,0
2026-05-29 08:24:00+00:00,1.34206,1.34207,1.34195,1.34198,0
2026-05-29 08:25:00+00:00,1.34199,1.34205,1.34197,1.34199,0
2026-05-29 08:26:00+00:00,1.34199,1.34201,1.34179,1.34187,0
2026-05-29 08:27:00+00:00,1.34188,1.34206,1.34188,1.34202,0
2026-05-29 08:28:00+00:00,1.34201,1.34208,1.34194,1.34197,0
2026-05-29 08:29:00+00:00,1.34198,1.34202,1.34194,1.34195,0
2026-05-29 08:30:00+00:00,1.34195,1.34205,1.34181,1.34185,0
2026-05-29 08:31:00+00:00,1.34184,1.34201,1.34183,1.34199,0
2026-05-29 08:32:00+00:00,1.34201,1.34216,1.34201,1.34204,0
2026-05-29 08:33:00+00:00,1.34207,1.34209,1.34202,1.34208,0
2026-05-29 08:34:00+00:00,1.34207,1.3422,1.34207,1.34214,0
2026-05-29 08:35:00+00:00,1.34214,1.34224,1.34205,1.34208,0
2026-05-29 08:36:00+00:00,1.34209,1.34214,1.34193,1.34196,0
2026-05-29 08:37:00+00:00,1.34195,1.34201,1.34185,1.34185,0
2026-05-29 08:38:00+00:00,1.34186,1.34186,1.34166,1.34168,0
2026-05-29 08:39:00+00:00,1.34166,1.34176,1.34164,1.34175,0
2026-05-29 08:40:00+00:00,1.34177,1.34179,1.34166,1.34167,0
2026-05-29 08:41:00+00:00,1.34165,1.34189,1.34165,1.34189,0
2026-05-29 08:42:00+00:00,1.34188,1.34189,1.34166,1.34168,0
2026-05-29 08:43:00+00:00,1.34167,1.34167,1.34154,1.34154,0
2026-05-29 08:44:00+00:00,1.34155,1.34164,1.34155,1.34163,0
2026-05-29 08:45:00+00:00,1.34161,1.34162,1.3414,1.34145,0
2026-05-29 08:46:00+00:00,1.34144,1.34144,1.3413,1.34134,0
2026-05-29 08:47:00+00:00,1.34135,1.34144,1.34133,1.34141,0
2026-05-29 08:48:00+00:00,1.34141,1.34143,1.34135,1.34142,0
2026-05-29 08:49:00+00:00,1.34143,1.34143,1.34129,1.34133,0
2026-05-29 08:50:00+00:00,1.34132,1.34137,1.34093,1.34095,0
2026-05-29 08:51:00+00:00,1.34095,1.34108,1.3409,1.34096,0
2026-05-29 08:52:00+00:00,1.34096,1.34116,1.34093,1.34116,0
2026-05-29 08:53:00+00:00,1.34116,1.34125,1.34111,1.34122,0
2026-05-29 08:54:00+00:00,1.34122,1.34134,1.34116,1.34116,0
2026-05-29 08:55:00+00:00,1.34116,1.34119,1.341,1.34101,0
2026-05-29 08:56:00+00:00,1.34103,1.34104,1.34084,1.34086,0
2026-05-29 08:57:00+00:00,1.34085,1.34088,1.3408,1.34087,0
2026-05-29 08:58:00+00:00,1.34086,1.34108,1.34085,1.34106,0
2026-05-29 08:59:00+00:00,1.34104,1.34116,1.34102,1.34114,0
2026-05-29 09:00:00+00:00,1.34114,1.34117,1.3409,1.34102,0
2026-05-29 09:01:00+00:00,1.34101,1.34122,1.34091,1.34121,0
2026-05-29 09:02:00+00:00,1.34118,1.34135,1.34118,1.34132,0
2026-05-29 09:03:00+00:00,1.3413,1.34157,1.3413,1.34157,0
2026-05-29 09:04:00+00:00,1.34157,1.34158,1.34137,1.34137,0
2026-05-29 09:05:00+00:00,1.34137,1.34145,1.34137,1.34139,0
2026-05-29 09:06:00+00:00,1.34138,1.34141,1.34125,1.34134,0
2026-05-29 09:07:00+00:00,1.34133,1.34155,1.34132,1.34154,0
2026-05-29 09:08:00+00:00,1.34153,1.34156,1.34137,1.34139,0
2026-05-29 09:09:00+00:00,1.34138,1.34147,1.34129,1.34129,0
2026-05-29 09:10:00+00:00,1.3413,1.34159,1.34129,1.34142,0
2026-05-29 09:11:00+00:00,1.34138,1.34139,1.34126,1.34127,0
2026-05-29 09:12:00+00:00,1.34128,1.3413,1.34115,1.34124,0
2026-05-29 09:13:00+00:00,1.34124,1.34138,1.34124,1.34134,0
2026-05-29 09:14:00+00:00,1.34135,1.34156,1.34135,1.34154,0
2026-05-29 09:15:00+00:00,1.34154,1.34163,1.34145,1.34152,0
2026-05-29 09:16:00+00:00,1.34153,1.3416,1.34142,1.34159,0
2026-05-29 09:17:00+00:00,1.34159,1.34176,1.34157,1.34176,0
2026-05-29 09:18:00+00:00,1.34176,1.3418,1.34168,1.34178,0
2026-05-29 09:19:00+00:00,1.34179,1.34191,1.34166,1.34168,0
2026-05-29 09:20:00+00:00,1.34167,1.34169,1.34158,1.34159,0
2026-05-29 09:21:00+00:00,1.34158,1.34166,1.34145,1.34157,0
2026-05-29 09:22:00+00:00,1.34158,1.34159,1.34149,1.34149,0
2026-05-29 09:23:00+00:00,1.34146,1.3415,1.34134,1.34138,0
2026-05-29 09:24:00+00:00,1.34138,1.34139,1.3413,1.34138,0
2026-05-29 09:25:00+00:00,1.34138,1.34141,1.34132,1.34133,0
2026-05-29 09:26:00+00:00,1.34135,1.34135,1.34125,1.34125,0
2026-05-29 09:27:00+00:00,1.34125,1.34137,1.34124,1.34132,0
2026-05-29 09:28:00+00:00,1.34133,1.34142,1.34132,1.34137,0
2026-05-29 09:29:00+00:00,1.34136,1.3416,1.34136,1.34149,0
2026-05-29 09:30:00+00:00,1.34149,1.34156,1.34144,1.34144,0
2026-05-29 09:31:00+00:00,1.34142,1.34148,1.34135,1.34137,0
2026-05-29 09:32:00+00:00,1.34137,1.34138,1.34122,1.34123,0
2026-05-29 09:33:00+00:00,1.3412,1.34127,1.34116,1.34123,0
2026-05-29 09:34:00+00:00,1.34125,1.34125,1.34116,1.34118,0
2026-05-29 09:35:00+00:00,1.34117,1.34126,1.34111,1.34114,0
2026-05-29 09:36:00+00:00,1.34114,1.34119,1.34105,1.34106,0
2026-05-29 09:37:00+00:00,1.34108,1.34117,1.34105,1.34115,0
2026-05-29 09:38:00+00:00,1.34115,1.34116,1.34109,1.3411,0
2026-05-29 09:39:00+00:00,1.3411,1.34119,1.34107,1.34117,0
2026-05-29 09:40:00+00:00,1.3412,1.34122,1.3411,1.34114,0
2026-05-29 09:41:00+00:00,1.34112,1.34115,1.34105,1.34113,0
2026-05-29 09:42:00+00:00,1.34114,1.34115,1.34104,1.34108,0
2026-05-29 09:43:00+00:00,1.34108,1.34113,1.34103,1.34104,0
2026-05-29 09:44:00+00:00,1.34106,1.34127,1.34104,1.34124,0
2026-05-29 09:45:00+00:00,1.34124,1.34156,1.34123,1.34155,0
2026-05-29 09:46:00+00:00,1.34154,1.34157,1.34147,1.34148,0
2026-05-29 09:47:00+00:00,1.34146,1.34156,1.34146,1.34154,0
2026-05-29 09:48:00+00:00,1.34154,1.34154,1.34126,1.34133,0
2026-05-29 09:49:00+00:00,1.34132,1.34142,1.34128,1.34136,0
2026-05-29 09:50:00+00:00,1.34137,1.34157,1.34133,1.34157,0
2026-05-29 09:51:00+00:00,1.34155,1.34156,1.34143,1.34147,0
2026-05-29 09:52:00+00:00,1.34145,1.34156,1.34143,1.34147,0
2026-05-29 09:53:00+00:00,1.34146,1.34149,1.34135,1.34135,0
2026-05-29 09:54:00+00:00,1.34135,1.34152,1.34129,1.34152,0
2026-05-29 09:55:00+00:00,1.34151,1.34164,1.34148,1.34163,0
2026-05-29 09:56:00+00:00,1.34164,1.34168,1.34155,1.34159,0
2026-05-29 09:57:00+00:00,1.34159,1.34169,1.34156,1.34166,0
2026-05-29 09:58:00+00:00,1.34165,1.34181,1.34165,1.34178,0
2026-05-29 09:59:00+00:00,1.34179,1.34187,1.34169,1.34174,0
2026-05-29 10:00:00+00:00,1.34174,1.34174,1.34155,1.34155,0
2026-05-29 10:01:00+00:00,1.34156,1.34158,1.34143,1.34147,0
2026-05-29 10:02:00+00:00,1.34147,1.34157,1.34145,1.34146,0
2026-05-29 10:03:00+00:00,1.34145,1.34155,1.3414,1.34142,0
2026-05-29 10:04:00+00:00,1.34142,1.34142,1.3413,1.34132,0
2026-05-29 10:05:00+00:00,1.34134,1.34142,1.34133,1.34139,0
2026-05-29 10:06:00+00:00,1.3414,1.34149,1.34135,1.34147,0
2026-05-29 10:07:00+00:00,1.34146,1.34146,1.34124,1.34131,0
2026-05-29 10:08:00+00:00,1.34132,1.34146,1.3413,1.3414,0
2026-05-29 10:09:00+00:00,1.34138,1.34139,1.34134,1.34138,0
2026-05-29 10:10:00+00:00,1.34137,1.34148,1.34133,1.34134,0
2026-05-29 10:11:00+00:00,1.34135,1.34144,1.34134,1.34136,0
2026-05-29 10:12:00+00:00,1.34137,1.34144,1.34128,1.34134,0
2026-05-29 10:13:00+00:00,1.34137,1.3415,1.34133,1.34148,0
2026-05-29 10:14:00+00:00,1.34149,1.34162,1.34149,1.34149,0
2026-05-29 10:15:00+00:00,1.34149,1.34155,1.34145,1.34149,0
2026-05-29 10:16:00+00:00,1.34148,1.34148,1.34142,1.34147,0
2026-05-29 10:17:00+00:00,1.34146,1.34148,1.34131,1.34135,0
2026-05-29 10:18:00+00:00,1.34137,1.34156,1.34136,1.34154,0
2026-05-29 10:19:00+00:00,1.34156,1.34157,1.34141,1.34144,0
2026-05-29 10:20:00+00:00,1.34145,1.34159,1.34145,1.34154,0
2026-05-29 10:21:00+00:00,1.34153,1.34163,1.34147,1.34163,0
2026-05-29 10:22:00+00:00,1.34163,1.34172,1.34157,1.34169,0
2026-05-29 10:23:00+00:00,1.34169,1.34176,1.34169,1.34169,0
2026-05-29 10:24:00+00:00,1.34168,1.34169,1.34163,1.34166,0
2026-05-29 10:25:00+00:00,1.34168,1.34168,1.34157,1.34157,0
2026-05-29 10:26:00+00:00,1.34159,1.34159,1.34135,1.34135,0
2026-05-29 10:27:00+00:00,1.34135,1.34146,1.34134,1.34144,0
2026-05-29 10:28:00+00:00,1.34143,1.34143,1.34134,1.34138,0
2026-05-29 10:29:00+00:00,1.34136,1.34148,1.3413,1.3414,0
2026-05-29 10:30:00+00:00,1.34141,1.34147,1.34138,1.34145,0
2026-05-29 10:31:00+00:00,1.34147,1.34152,1.3414,1.3414,0
2026-05-29 10:32:00+00:00,1.3414,1.34146,1.34135,1.34138,0
2026-05-29 10:33:00+00:00,1.34138,1.3414,1.34137,1.3414,0
2026-05-29 10:34:00+00:00,1.34139,1.34148,1.34137,1.34147,0
2026-05-29 10:35:00+00:00,1.3415,1.34155,1.34137,1.34145,0
2026-05-29 10:36:00+00:00,1.34145,1.34161,1.34144,1.34159,0
2026-05-29 10:37:00+00:00,1.34156,1.34159,1.34149,1.3415,0
2026-05-29 10:38:00+00:00,1.34149,1.34149,1.3413,1.3413,0
2026-05-29 10:39:00+00:00,1.34129,1.34136,1.34125,1.34135,0
2026-05-29 10:40:00+00:00,1.34136,1.34138,1.34123,1.34129,0
2026-05-29 10:41:00+00:00,1.34132,1.34134,1.3412,1.34123,0
2026-05-29 10:42:00+00:00,1.34123,1.34129,1.34112,1.34116,0
2026-05-29 10:43:00+00:00,1.34118,1.3413,1.34117,1.34129,0
2026-05-29 10:44:00+00:00,1.34129,1.34135,1.34123,1.34134,0
2026-05-29 10:45:00+00:00,1.34133,1.34148,1.34129,1.34141,0
2026-05-29 10:46:00+00:00,1.3414,1.3414,1.34126,1.34126,0
2026-05-29 10:47:00+00:00,1.34124,1.34125,1.34106,1.34107,0
2026-05-29 10:48:00+00:00,1.34107,1.34115,1.34098,1.34103,0
2026-05-29 10:49:00+00:00,1.34102,1.34111,1.34099,1.34104,0
2026-05-29 10:50:00+00:00,1.34105,1.34129,1.34105,1.34125,0
2026-05-29 10:51:00+00:00,1.34121,1.34123,1.34108,1.34108,0
2026-05-29 10:52:00+00:00,1.34109,1.34119,1.34108,1.34116,0
2026-05-29 10:53:00+00:00,1.34117,1.34127,1.34117,1.34126,0
2026-05-29 10:54:00+00:00,1.34126,1.34129,1.34123,1.34126,0
2026-05-29 10:55:00+00:00,1.34124,1.34136,1.34119,1.34133,0
2026-05-29 10:56:00+00:00,1.34134,1.34148,1.34132,1.34148,0
2026-05-29 10:57:00+00:00,1.34146,1.34159,1.3414,1.34159,0
2026-05-29 10:58:00+00:00,1.3416,1.34175,1.34157,1.34175,0
2026-05-29 10:59:00+00:00,1.34174,1.34181,1.3417,1.34176,0
2026-05-29 11:00:00+00:00,1.34175,1.34182,1.34153,1.34179,0
2026-05-29 11:01:00+00:00,1.34179,1.34187,1.34176,1.34183,0
2026-05-29 11:02:00+00:00,1.34183,1.34195,1.34183,1.34183,0
2026-05-29 11:03:00+00:00,1.34181,1.342,1.34181,1.34199,0
2026-05-29 11:04:00+00:00,1.34199,1.34199,1.34185,1.34188,0
2026-05-29 11:05:00+00:00,1.34188,1.3419,1.34178,1.34184,0
2026-05-29 11:06:00+00:00,1.34185,1.34198,1.34181,1.34198,0
2026-05-29 11:07:00+00:00,1.34197,1.34198,1.34188,1.3419,0
2026-05-29 11:08:00+00:00,1.34189,1.34189,1.34185,1.34186,0
2026-05-29 11:09:00+00:00,1.34186,1.3419,1.34173,1.34176,0
2026-05-29 11:10:00+00:00,1.34176,1.34177,1.34156,1.34172,0
2026-05-29 11:11:00+00:00,1.34174,1.34179,1.34169,1.34176,0
2026-05-29 11:12:00+00:00,1.34177,1.34177,1.34166,1.34168,0
2026-05-29 11:13:00+00:00,1.34169,1.34169,1.34161,1.34167,0
2026-05-29 11:14:00+00:00,1.34165,1.34168,1.34159,1.34161,0
2026-05-29 11:15:00+00:00,1.3416,1.34168,1.34159,1.34166,0
2026-05-29 11:16:00+00:00,1.34166,1.34178,1.34164,1.34175,0
2026-05-29 11:17:00+00:00,1.34175,1.34177,1.34167,1.34167,0
2026-05-29 11:18:00+00:00,1.34166,1.34175,1.34159,1.3416,0
2026-05-29 11:19:00+00:00,1.34163,1.3417,1.34158,1.34167,0
2026-05-29 11:20:00+00:00,1.34166,1.34171,1.34163,1.34169,0
2026-05-29 11:21:00+00:00,1.34169,1.34169,1.34158,1.34164,0
2026-05-29 11:22:00+00:00,1.34165,1.34174,1.34153,1.34174,0
2026-05-29 11:23:00+00:00,1.34176,1.34188,1.34169,1.34172,0
2026-05-29 11:24:00+00:00,1.34172,1.34189,1.34171,1.34183,0
2026-05-29 11:25:00+00:00,1.34184,1.34189,1.34181,1.34188,0
2026-05-29 11:26:00+00:00,1.34187,1.3419,1.34175,1.34184,0
2026-05-29 11:27:00+00:00,1.34184,1.34195,1.34184,1.34189,0
2026-05-29 11:28:00+00:00,1.34189,1.34189,1.34178,1.34179,0
2026-05-29 11:29:00+00:00,1.34182,1.3419,1.3418,1.34189,0
2026-05-29 11:30:00+00:00,1.34188,1.34188,1.34163,1.34173,0
2026-05-29 11:31:00+00:00,1.34174,1.34186,1.34172,1.34177,0
2026-05-29 11:32:00+00:00,1.34177,1.34187,1.34177,1.34183,0
2026-05-29 11:33:00+00:00,1.34184,1.34187,1.3418,1.34184,0
2026-05-29 11:34:00+00:00,1.34182,1.34188,1.34165,1.34165,0
2026-05-29 11:35:00+00:00,1.34167,1.34185,1.34165,1.34184,0
2026-05-29 11:36:00+00:00,1.34184,1.34202,1.34184,1.34193,0
2026-05-29 11:37:00+00:00,1.34193,1.34209,1.34192,1.34204,0
2026-05-29 11:38:00+00:00,1.34206,1.34216,1.34202,1.34216,0
2026-05-29 11:39:00+00:00,1.34215,1.34237,1.3421,1.34231,0
2026-05-29 11:40:00+00:00,1.34234,1.34239,1.3422,1.34227,0
2026-05-29 11:41:00+00:00,1.34233,1.34234,1.34226,1.34232,0
2026-05-29 11:42:00+00:00,1.3423,1.34256,1.3423,1.34254,0
2026-05-29 11:43:00+00:00,1.34252,1.34255,1.34231,1.34245,0
2026-05-29 11:44:00+00:00,1.34248,1.34254,1.34244,1.34249,0
2026-05-29 11:45:00+00:00,1.34247,1.34259,1.34247,1.34257,0
2026-05-29 11:46:00+00:00,1.34259,1.34266,1.34256,1.34257,0
2026-05-29 11:47:00+00:00,1.3426,1.34266,1.34251,1.34257,0
2026-05-29 11:48:00+00:00,1.34256,1.34258,1.34248,1.34255,0
2026-05-29 11:49:00+00:00,1.34255,1.34255,1.34229,1.3423,0
2026-05-29 11:50:00+00:00,1.34229,1.3424,1.34222,1.34226,0
2026-05-29 11:51:00+00:00,1.34225,1.34237,1.34225,1.34235,0
2026-05-29 11:52:00+00:00,1.34236,1.34243,1.34199,1.34201,0
2026-05-29 11:53:00+00:00,1.34201,1.34259,1.34194,1.34258,0
2026-05-29 11:54:00+00:00,1.34257,1.34265,1.34245,1.34257,0
2026-05-29 11:55:00+00:00,1.34255,1.34268,1.34248,1.34258,0
2026-05-29 11:56:00+00:00,1.34256,1.34262,1.34244,1.34246,0
2026-05-29 11:57:00+00:00,1.34246,1.34267,1.34238,1.34266,0
2026-05-29 11:58:00+00:00,1.34266,1.34283,1.34264,1.34281,0
2026-05-29 11:59:00+00:00,1.34281,1.34292,1.3428,1.34286,0
2026-05-29 12:00:00+00:00,1.34288,1.34296,1.34276,1.34295,0
2026-05-29 12:01:00+00:00,1.34294,1.34295,1.34269,1.34276,0
2026-05-29 12:02:00+00:00,1.34281,1.34293,1.34279,1.34282,0
2026-05-29 12:03:00+00:00,1.34282,1.34284,1.3427,1.3427,0
2026-05-29 12:04:00+00:00,1.34269,1.34285,1.34269,1.34278,0
2026-05-29 12:05:00+00:00,1.34274,1.34274,1.34266,1.34271,0
2026-05-29 12:06:00+00:00,1.34269,1.34276,1.34258,1.34269,0
2026-05-29 12:07:00+00:00,1.34267,1.34273,1.34254,1.34254,0
2026-05-29 12:08:00+00:00,1.34255,1.34275,1.34255,1.34274,0
2026-05-29 12:09:00+00:00,1.34276,1.3428,1.34253,1.34263,0
2026-05-29 12:10:00+00:00,1.34265,1.34278,1.34264,1.34267,0
2026-05-29 12:11:00+00:00,1.34267,1.3427,1.34265,1.34266,0
2026-05-29 12:12:00+00:00,1.34268,1.34269,1.34244,1.34244,0
2026-05-29 12:13:00+00:00,1.34245,1.3429,1.34244,1.34288,0
2026-05-29 12:14:00+00:00,1.34289,1.34296,1.34279,1.34284,0
2026-05-29 12:15:00+00:00,1.34283,1.34288,1.34274,1.34288,0
2026-05-29 12:16:00+00:00,1.34286,1.34289,1.34281,1.34286,0
2026-05-29 12:17:00+00:00,1.34286,1.34287,1.34278,1.34286,0
2026-05-29 12:18:00+00:00,1.34285,1.34293,1.34274,1.3428,0
2026-05-29 12:19:00+00:00,1.3428,1.34288,1.34275,1.34284,0
2026-05-29 12:20:00+00:00,1.34283,1.34283,1.34273,1.34276,0
2026-05-29 12:21:00+00:00,1.34274,1.34275,1.34254,1.34265,0
2026-05-29 12:22:00+00:00,1.34268,1.34268,1.34248,1.3425,0
2026-05-29 12:23:00+00:00,1.34252,1.34258,1.34243,1.34257,0
2026-05-29 12:24:00+00:00,1.34258,1.34258,1.34244,1.34248,0
2026-05-29 12:25:00+00:00,1.34245,1.34248,1.34228,1.34246,0
2026-05-29 12:26:00+00:00,1.34248,1.34258,1.34248,1.34255,0
2026-05-29 12:27:00+00:00,1.34257,1.34258,1.34248,1.34257,0
2026-05-29 12:28:00+00:00,1.34256,1.34265,1.34256,1.3426,0
2026-05-29 12:29:00+00:00,1.34258,1.34258,1.34239,1.34251,0
2026-05-29 12:30:00+00:00,1.3425,1.34251,1.34228,1.34245,0
2026-05-29 12:31:00+00:00,1.34244,1.34246,1.34239,1.34246,0
2026-05-29 12:32:00+00:00,1.34245,1.3425,1.34227,1.34228,0
2026-05-29 12:33:00+00:00,1.34226,1.34254,1.3421,1.34247,0
2026-05-29 12:34:00+00:00,1.34249,1.34261,1.34235,1.34241,0
2026-05-29 12:35:00+00:00,1.34239,1.34249,1.34235,1.34247,0
2026-05-29 12:36:00+00:00,1.34245,1.34256,1.34235,1.34248,0
2026-05-29 12:37:00+00:00,1.34248,1.34267,1.34248,1.34264,0
2026-05-29 12:38:00+00:00,1.34265,1.34275,1.34261,1.34262,0
2026-05-29 12:39:00+00:00,1.34261,1.34272,1.34254,1.34269,0
2026-05-29 12:40:00+00:00,1.34269,1.34284,1.34266,1.34278,0
2026-05-29 12:41:00+00:00,1.34277,1.34284,1.34272,1.34272,0
2026-05-29 12:42:00+00:00,1.34273,1.34284,1.3427,1.34282,0
2026-05-29 12:43:00+00:00,1.3428,1.34282,1.34266,1.34282,0
2026-05-29 12:44:00+00:00,1.34281,1.34295,1.34278,1.34294,0
2026-05-29 12:45:00+00:00,1.34293,1.34293,1.34276,1.34278,0
2026-05-29 12:46:00+00:00,1.34278,1.34297,1.34277,1.34292,0
2026-05-29 12:47:00+00:00,1.34292,1.34299,1.34281,1.34295,0
2026-05-29 12:48:00+00:00,1.34293,1.34298,1.34288,1.34296,0
2026-05-29 12:49:00+00:00,1.34299,1.343,1.34288,1.34298,0
2026-05-29 12:50:00+00:00,1.34298,1.34299,1.34293,1.34295,0
2026-05-29 12:51:00+00:00,1.34294,1.34302,1.34292,1.34294,0
2026-05-29 12:52:00+00:00,1.34295,1.34331,1.34293,1.34295,0
2026-05-29 12:53:00+00:00,1.34294,1.34303,1.34286,1.34296,0
2026-05-29 12:54:00+00:00,1.34297,1.34301,1.34284,1.34284,0
2026-05-29 12:55:00+00:00,1.34284,1.34284,1.34267,1.34274,0
2026-05-29 12:56:00+00:00,1.34275,1.34278,1.34274,1.34276,0
2026-05-29 12:57:00+00:00,1.34275,1.34304,1.34275,1.34298,0
2026-05-29 12:58:00+00:00,1.34299,1.3432,1.34297,1.34316,0
2026-05-29 12:59:00+00:00,1.34316,1.34342,1.34316,1.34339,0
2026-05-29 13:00:00+00:00,1.34339,1.34346,1.34316,1.34316,0
2026-05-29 13:01:00+00:00,1.34317,1.34338,1.34307,1.34335,0
2026-05-29 13:02:00+00:00,1.34335,1.34347,1.34325,1.34336,0
2026-05-29 13:03:00+00:00,1.34335,1.3435,1.34335,1.34345,0
2026-05-29 13:04:00+00:00,1.34345,1.34353,1.34338,1.34343,0
2026-05-29 13:05:00+00:00,1.34344,1.34348,1.34334,1.34338,0
2026-05-29 13:06:00+00:00,1.34338,1.34343,1.34327,1.34335,0
2026-05-29 13:07:00+00:00,1.34337,1.34348,1.34335,1.34346,0
2026-05-29 13:08:00+00:00,1.34346,1.34347,1.34333,1.34343,0
2026-05-29 13:09:00+00:00,1.34343,1.34348,1.34336,1.34346,0
2026-05-29 13:10:00+00:00,1.34345,1.34349,1.34345,1.34347,0
2026-05-29 13:11:00+00:00,1.34348,1.34348,1.34333,1.34339,0
2026-05-29 13:12:00+00:00,1.34338,1.34346,1.34331,1.34345,0
2026-05-29 13:13:00+00:00,1.34346,1.34349,1.34338,1.3434,0
2026-05-29 13:14:00+00:00,1.34339,1.34348,1.34339,1.34347,0
2026-05-29 13:15:00+00:00,1.34347,1.34378,1.34347,1.34377,0
2026-05-29 13:16:00+00:00,1.34376,1.34399,1.34376,1.34396,0
2026-05-29 13:17:00+00:00,1.34395,1.34398,1.34386,1.34396,0
2026-05-29 13:18:00+00:00,1.34395,1.34402,1.34388,1.34391,0
2026-05-29 13:19:00+00:00,1.3439,1.34397,1.34387,1.34397,0
2026-05-29 13:20:00+00:00,1.34399,1.34419,1.34395,1.34401,0
2026-05-29 13:21:00+00:00,1.34404,1.34439,1.34402,1.34435,0
2026-05-29 13:22:00+00:00,1.34433,1.34433,1.34383,1.34383,0
2026-05-29 13:23:00+00:00,1.34385,1.34391,1.34372,1.34375,0
2026-05-29 13:24:00+00:00,1.34378,1.34386,1.34366,1.34385,0
2026-05-29 13:25:00+00:00,1.34386,1.34407,1.34385,1.34405,0
2026-05-29 13:26:00+00:00,1.34405,1.34416,1.344,1.34415,0
2026-05-29 13:27:00+00:00,1.34417,1.34422,1.34407,1.34415,0
2026-05-29 13:28:00+00:00,1.34414,1.34419,1.34408,1.34408,0
2026-05-29 13:29:00+00:00,1.34409,1.34409,1.34404,1.34407,0
2026-05-29 13:30:00+00:00,1.34406,1.34407,1.34388,1.34399,0
2026-05-29 13:31:00+00:00,1.344,1.3441,1.34398,1.34407,0
2026-05-29 13:32:00+00:00,1.34406,1.34431,1.344,1.34423,0
2026-05-29 13:33:00+00:00,1.34423,1.34447,1.34411,1.34443,0
2026-05-29 13:34:00+00:00,1.34441,1.34448,1.3443,1.34436,0
2026-05-29 13:35:00+00:00,1.34436,1.34439,1.34419,1.34434,0
2026-05-29 13:36:00+00:00,1.34433,1.34439,1.34426,1.34434,0
2026-05-29 13:37:00+00:00,1.34433,1.34446,1.34432,1.34442,0
2026-05-29 13:38:00+00:00,1.3444,1.34446,1.34437,1.34441,0
2026-05-29 13:39:00+00:00,1.34442,1.34442,1.34421,1.34426,0
2026-05-29 13:40:00+00:00,1.34425,1.34443,1.34425,1.34441,0
2026-05-29 13:41:00+00:00,1.34443,1.34451,1.34433,1.34435,0
2026-05-29 13:42:00+00:00,1.34436,1.34436,1.34417,1.34422,0
2026-05-29 13:43:00+00:00,1.34424,1.34439,1.3442,1.34421,0
2026-05-29 13:44:00+00:00,1.34423,1.34446,1.34422,1.34445,0
2026-05-29 13:45:00+00:00,1.34446,1.34469,1.34429,1.34467,0
2026-05-29 13:46:00+00:00,1.34465,1.34465,1.34444,1.34445,0
2026-05-29 13:47:00+00:00,1.34445,1.34458,1.34443,1.34444,0
2026-05-29 13:48:00+00:00,1.34444,1.34463,1.34442,1.34461,0
2026-05-29 13:49:00+00:00,1.34459,1.34459,1.34445,1.34446,0
2026-05-29 13:50:00+00:00,1.34447,1.34449,1.34438,1.34447,0
2026-05-29 13:51:00+00:00,1.34448,1.34454,1.34405,1.34407,0
2026-05-29 13:52:00+00:00,1.34407,1.34408,1.34375,1.34386,0
2026-05-29 13:53:00+00:00,1.34386,1.344,1.34374,1.34394,0
2026-05-29 13:54:00+00:00,1.34394,1.34416,1.34386,1.34406,0
2026-05-29 13:55:00+00:00,1.34405,1.34411,1.34383,1.34396,0
2026-05-29 13:56:00+00:00,1.344,1.34409,1.34396,1.34404,0
2026-05-29 13:57:00+00:00,1.34405,1.34407,1.34394,1.34407,0
2026-05-29 13:58:00+00:00,1.3441,1.34412,1.34394,1.34397,0
2026-05-29 13:59:00+00:00,1.34396,1.34407,1.34383,1.34385,0
2026-05-29 14:00:00+00:00,1.34386,1.34397,1.34366,1.34397,0
2026-05-29 14:01:00+00:00,1.34397,1.34397,1.34383,1.34387,0
2026-05-29 14:02:00+00:00,1.34388,1.34404,1.34388,1.34395,0
2026-05-29 14:03:00+00:00,1.34395,1.34406,1.34387,1.34398,0
2026-05-29 14:04:00+00:00,1.34397,1.34408,1.34397,1.34408,0
2026-05-29 14:05:00+00:00,1.34407,1.34421,1.34396,1.34403,0
2026-05-29 14:06:00+00:00,1.34403,1.34458,1.34401,1.34458,0
2026-05-29 14:07:00+00:00,1.34458,1.34458,1.34439,1.34449,0
2026-05-29 14:08:00+00:00,1.3445,1.3445,1.34423,1.34424,0
2026-05-29 14:09:00+00:00,1.34425,1.34437,1.34424,1.34428,0
2026-05-29 14:10:00+00:00,1.34427,1.34435,1.34422,1.34426,0
2026-05-29 14:11:00+00:00,1.34426,1.34454,1.34425,1.34453,0
2026-05-29 14:12:00+00:00,1.34454,1.34455,1.34439,1.34439,0
2026-05-29 14:13:00+00:00,1.3444,1.3444,1.34416,1.34424,0
2026-05-29 14:14:00+00:00,1.34424,1.34429,1.34375,1.34381,0
2026-05-29 14:15:00+00:00,1.34381,1.34383,1.34356,1.34357,0
2026-05-29 14:16:00+00:00,1.34358,1.34372,1.34352,1.34369,0
2026-05-29 14:17:00+00:00,1.34368,1.34388,1.34364,1.34383,0
2026-05-29 14:18:00+00:00,1.34382,1.34388,1.34362,1.34364,0
2026-05-29 14:19:00+00:00,1.34362,1.34366,1.34338,1.34353,0
2026-05-29 14:20:00+00:00,1.34354,1.34377,1.34351,1.34375,0
2026-05-29 14:21:00+00:00,1.34375,1.34387,1.34368,1.34383,0
2026-05-29 14:22:00+00:00,1.34384,1.34388,1.34376,1.34378,0
2026-05-29 14:23:00+00:00,1.34376,1.34389,1.34372,1.34378,0
2026-05-29 14:24:00+00:00,1.34381,1.34394,1.3437,1.3437,0
2026-05-29 14:25:00+00:00,1.34371,1.34383,1.34367,1.34379,0
2026-05-29 14:26:00+00:00,1.34379,1.3438,1.34371,1.34373,0
2026-05-29 14:27:00+00:00,1.34373,1.34376,1.34354,1.34367,0
2026-05-29 14:28:00+00:00,1.34366,1.34389,1.34361,1.34378,0
2026-05-29 14:29:00+00:00,1.34379,1.34394,1.34376,1.34392,0
2026-05-29 14:30:00+00:00,1.34392,1.34401,1.34381,1.34387,0
2026-05-29 14:31:00+00:00,1.34384,1.34389,1.34368,1.34373,0
2026-05-29 14:32:00+00:00,1.34374,1.34375,1.3436,1.34371,0
2026-05-29 14:33:00+00:00,1.34371,1.34391,1.34371,1.34375,0
2026-05-29 14:34:00+00:00,1.34377,1.34405,1.34373,1.34388,0
2026-05-29 14:35:00+00:00,1.34388,1.34403,1.34381,1.34387,0
2026-05-29 14:36:00+00:00,1.34387,1.34388,1.34359,1.34376,0
2026-05-29 14:37:00+00:00,1.34377,1.34377,1.34295,1.34298,0
2026-05-29 14:38:00+00:00,1.34297,1.34313,1.34292,1.3431,0
2026-05-29 14:39:00+00:00,1.3431,1.34324,1.343,1.34315,0
2026-05-29 14:40:00+00:00,1.34315,1.3434,1.34315,1.34329,0
2026-05-29 14:41:00+00:00,1.34328,1.34379,1.34327,1.34378,0
2026-05-29 14:42:00+00:00,1.34378,1.34384,1.34361,1.34364,0
2026-05-29 14:43:00+00:00,1.34366,1.34366,1.34337,1.34349,0
2026-05-29 14:44:00+00:00,1.3435,1.34404,1.34336,1.34396,0
2026-05-29 14:45:00+00:00,1.34398,1.34409,1.34379,1.34398,0
2026-05-29 14:46:00+00:00,1.34401,1.34449,1.34401,1.34445,0
2026-05-29 14:47:00+00:00,1.34445,1.34456,1.34434,1.34435,0
2026-05-29 14:48:00+00:00,1.34436,1.34457,1.34427,1.34455,0
2026-05-29 14:49:00+00:00,1.34456,1.34535,1.34454,1.34516,0
2026-05-29 14:50:00+00:00,1.34516,1.34549,1.34503,1.34514,0
2026-05-29 14:51:00+00:00,1.34512,1.34624,1.34496,1.34572,0
2026-05-29 14:52:00+00:00,1.3457,1.34642,1.34565,1.34635,0
2026-05-29 14:53:00+00:00,1.34637,1.34665,1.34631,1.34637,0
2026-05-29 14:54:00+00:00,1.34638,1.34685,1.34632,1.34681,0
2026-05-29 14:55:00+00:00,1.34682,1.34735,1.34668,1.34695,0
2026-05-29 14:56:00+00:00,1.34695,1.34736,1.34683,1.34715,0
2026-05-29 14:57:00+00:00,1.34716,1.34807,1.34662,1.34797,0
2026-05-29 14:58:00+00:00,1.34797,1.34797,1.34746,1.34796,0
2026-05-29 14:59:00+00:00,1.34796,1.34797,1.34765,1.34773,0
2026-05-29 15:00:00+00:00,1.34773,1.3481,1.34773,1.34809,0
2026-05-29 15:01:00+00:00,1.3481,1.34815,1.34777,1.34811,0
2026-05-29 15:02:00+00:00,1.34811,1.34811,1.34771,1.34806,0
2026-05-29 15:03:00+00:00,1.34806,1.34845,1.34793,1.34835,0
2026-05-29 15:04:00+00:00,1.34834,1.34835,1.34781,1.34784,0
2026-05-29 15:05:00+00:00,1.34783,1.3479,1.3476,1.34765,0
2026-05-29 15:06:00+00:00,1.34764,1.34772,1.34751,1.34762,0
2026-05-29 15:07:00+00:00,1.34762,1.34791,1.34762,1.34774,0
2026-05-29 15:08:00+00:00,1.34773,1.34793,1.34771,1.34789,0
2026-05-29 15:09:00+00:00,1.34791,1.34794,1.34782,1.34785,0
2026-05-29 15:10:00+00:00,1.34784,1.34815,1.34783,1.34794,0
2026-05-29 15:11:00+00:00,1.34795,1.34823,1.34791,1.34809,0
2026-05-29 15:12:00+00:00,1.34807,1.3482,1.34804,1.34812,0
2026-05-29 15:13:00+00:00,1.34811,1.34837,1.34805,1.34828,0
2026-05-29 15:14:00+00:00,1.34828,1.34842,1.34811,1.34828,0
2026-05-29 15:15:00+00:00,1.34827,1.34827,1.34782,1.34787,0
2026-05-29 15:16:00+00:00,1.34788,1.3482,1.34788,1.3481,0
2026-05-29 15:17:00+00:00,1.34811,1.34822,1.34793,1.34795,0
2026-05-29 15:18:00+00:00,1.34794,1.34813,1.34788,1.34796,0
2026-05-29 15:19:00+00:00,1.34795,1.34808,1.34783,1.34783,0
2026-05-29 15:20:00+00:00,1.34784,1.34797,1.34779,1.34789,0
2026-05-29 15:21:00+00:00,1.34789,1.34789,1.34775,1.34778,0
2026-05-29 15:22:00+00:00,1.34777,1.34794,1.34772,1.34792,0
2026-05-29 15:23:00+00:00,1.34792,1.3484,1.34783,1.34837,0
2026-05-29 15:24:00+00:00,1.34836,1.34848,1.34777,1.34784,0
2026-05-29 15:25:00+00:00,1.34782,1.34787,1.34769,1.34784,0
2026-05-29 15:26:00+00:00,1.34782,1.34786,1.34756,1.34759,0
2026-05-29 15:27:00+00:00,1.3476,1.34761,1.34726,1.34727,0
2026-05-29 15:28:00+00:00,1.34728,1.34754,1.34727,1.34749,0
2026-05-29 15:29:00+00:00,1.34748,1.34769,1.34741,1.34742,0
2026-05-29 15:30:00+00:00,1.34743,1.34785,1.34741,1.34782,0
2026-05-29 15:31:00+00:00,1.34783,1.34789,1.3477,1.34784,0
2026-05-29 15:32:00+00:00,1.34783,1.34824,1.34779,1.34822,0
2026-05-29 15:33:00+00:00,1.34822,1.34852,1.3482,1.34849,0
2026-05-29 15:34:00+00:00,1.34848,1.34852,1.34792,1.34793,0
2026-05-29 15:35:00+00:00,1.34793,1.34812,1.34789,1.34812,0
2026-05-29 15:36:00+00:00,1.34812,1.34825,1.348,1.34825,0
2026-05-29 15:37:00+00:00,1.34825,1.34825,1.34745,1.34758,0
2026-05-29 15:38:00+00:00,1.34757,1.34782,1.34752,1.3478,0
2026-05-29 15:39:00+00:00,1.34779,1.3478,1.34766,1.34771,0
2026-05-29 15:40:00+00:00,1.3477,1.34775,1.3474,1.34774,0
2026-05-29 15:41:00+00:00,1.34773,1.34793,1.34716,1.34731,0
2026-05-29 15:42:00+00:00,1.34731,1.34742,1.34722,1.34726,0
2026-05-29 15:43:00+00:00,1.34729,1.34729,1.34702,1.34703,0
2026-05-29 15:44:00+00:00,1.34702,1.34717,1.34696,1.34714,0
2026-05-29 15:45:00+00:00,1.34714,1.34751,1.34706,1.3475,0
2026-05-29 15:46:00+00:00,1.34751,1.34756,1.34731,1.34742,0
2026-05-29 15:47:00+00:00,1.34744,1.34746,1.3472,1.34744,0
2026-05-29 15:48:00+00:00,1.34744,1.34754,1.34733,1.34744,0
2026-05-29 15:49:00+00:00,1.34744,1.34764,1.34741,1.34758,0
2026-05-29 15:50:00+00:00,1.34758,1.34768,1.34748,1.34763,0
2026-05-29 15:51:00+00:00,1.34765,1.34777,1.34757,1.34759,0
2026-05-29 15:52:00+00:00,1.34759,1.34761,1.34736,1.3474,0
2026-05-29 15:53:00+00:00,1.34739,1.34747,1.34735,1.3474,0
2026-05-29 15:54:00+00:00,1.34741,1.34758,1.3474,1.34746,0
2026-05-29 15:55:00+00:00,1.34745,1.34758,1.34743,1.34758,0
2026-05-29 15:56:00+00:00,1.34756,1.34756,1.3473,1.34741,0
2026-05-29 15:57:00+00:00,1.3474,1.34765,1.34737,1.34762,0
2026-05-29 15:58:00+00:00,1.34761,1.34769,1.34754,1.34754,0
2026-05-29 15:59:00+00:00,1.34757,1.34757,1.34736,1.34744,0
2026-05-29 16:00:00+00:00,1.34744,1.34754,1.34738,1.34744,0
2026-05-29 16:01:00+00:00,1.34745,1.34753,1.34729,1.34732,0
2026-05-29 16:02:00+00:00,1.34731,1.34738,1.34716,1.34735,0
2026-05-29 16:03:00+00:00,1.34736,1.34737,1.34706,1.34706,0
2026-05-29 16:04:00+00:00,1.3471,1.34713,1.34682,1.34683,0
2026-05-29 16:05:00+00:00,1.34682,1.34691,1.34677,1.34688,0
2026-05-29 16:06:00+00:00,1.34692,1.34693,1.34679,1.34685,0
2026-05-29 16:07:00+00:00,1.34686,1.34691,1.34677,1.34682,0
2026-05-29 16:08:00+00:00,1.34682,1.34689,1.34672,1.34682,0
2026-05-29 16:09:00+00:00,1.34684,1.34695,1.34678,1.34686,0
2026-05-29 16:10:00+00:00,1.34687,1.34692,1.34684,1.34684,0
2026-05-29 16:11:00+00:00,1.34687,1.34688,1.34676,1.34676,0
2026-05-29 16:12:00+00:00,1.34676,1.34676,1.34663,1.34667,0
2026-05-29 16:13:00+00:00,1.34667,1.34669,1.34655,1.34669,0
2026-05-29 16:14:00+00:00,1.34667,1.34668,1.34663,1.34663,0
2026-05-29 16:15:00+00:00,1.34663,1.34669,1.34654,1.34667,0
2026-05-29 16:16:00+00:00,1.34667,1.347,1.34667,1.34698,0
2026-05-29 16:17:00+00:00,1.347,1.34707,1.34694,1.34697,0
2026-05-29 16:18:00+00:00,1.34697,1.34698,1.34684,1.34686,0
2026-05-29 16:19:00+00:00,1.34688,1.3469,1.34676,1.34683,0
2026-05-29 16:20:00+00:00,1.34684,1.34687,1.34679,1.34684,0
2026-05-29 16:21:00+00:00,1.34683,1.34687,1.34675,1.34679,0
2026-05-29 16:22:00+00:00,1.34677,1.3469,1.34675,1.34689,0
2026-05-29 16:23:00+00:00,1.34689,1.34705,1.34688,1.34691,0
2026-05-29 16:24:00+00:00,1.34693,1.34699,1.34689,1.34697,0
2026-05-29 16:25:00+00:00,1.34696,1.34714,1.34692,1.34694,0
2026-05-29 16:26:00+00:00,1.34694,1.34707,1.34692,1.34706,0
2026-05-29 16:27:00+00:00,1.34707,1.3471,1.34695,1.34697,0
2026-05-29 16:28:00+00:00,1.34698,1.34709,1.34694,1.34707,0
2026-05-29 16:29:00+00:00,1.34707,1.34707,1.34692,1.34692,0
2026-05-29 16:30:00+00:00,1.34693,1.34693,1.34656,1.3466,0
2026-05-29 16:31:00+00:00,1.34661,1.34717,1.34655,1.34693,0
2026-05-29 16:32:00+00:00,1.34694,1.34701,1.34683,1.34689,0
2026-05-29 16:33:00+00:00,1.3469,1.34698,1.34675,1.34693,0
2026-05-29 16:34:00+00:00,1.34694,1.34707,1.34685,1.34685,0
2026-05-29 16:35:00+00:00,1.34686,1.34692,1.34679,1.34681,0
2026-05-29 16:36:00+00:00,1.34682,1.34689,1.34672,1.34686,0
2026-05-29 16:37:00+00:00,1.34689,1.34711,1.34676,1.34691,0
2026-05-29 16:38:00+00:00,1.34693,1.34708,1.34691,1.34692,0
2026-05-29 16:39:00+00:00,1.34691,1.34697,1.34689,1.34694,0
2026-05-29 16:40:00+00:00,1.34696,1.34704,1.34683,1.34687,0
2026-05-29 16:41:00+00:00,1.34688,1.34693,1.34676,1.34677,0
2026-05-29 16:42:00+00:00,1.34679,1.3468,1.34663,1.34664,0
2026-05-29 16:43:00+00:00,1.34663,1.34667,1.34658,1.34659,0
2026-05-29 16:44:00+00:00,1.34661,1.34666,1.34652,1.34656,0
2026-05-29 16:45:00+00:00,1.34659,1.34666,1.34656,1.34659,0
2026-05-29 16:46:00+00:00,1.34659,1.34674,1.34654,1.34654,0
2026-05-29 16:47:00+00:00,1.3465,1.34653,1.3464,1.34653,0
2026-05-29 16:48:00+00:00,1.34653,1.34667,1.34652,1.34666,0
2026-05-29 16:49:00+00:00,1.34664,1.34665,1.34644,1.34654,0
2026-05-29 16:50:00+00:00,1.34653,1.34672,1.34649,1.34672,0
2026-05-29 16:51:00+00:00,1.34675,1.34678,1.34658,1.34658,0
2026-05-29 16:52:00+00:00,1.34658,1.34658,1.34635,1.34639,0
2026-05-29 16:53:00+00:00,1.34637,1.34652,1.34637,1.34647,0
2026-05-29 16:54:00+00:00,1.34645,1.34666,1.34645,1.34657,0
2026-05-29 16:55:00+00:00,1.34658,1.34666,1.34656,1.3466,0
2026-05-29 16:56:00+00:00,1.34659,1.34664,1.3465,1.34663,0
2026-05-29 16:57:00+00:00,1.34662,1.34667,1.34651,1.34656,0
2026-05-29 16:58:00+00:00,1.34653,1.34666,1.34653,1.34658,0
2026-05-29 16:59:00+00:00,1.34658,1.34675,1.34657,1.34669,0
2026-05-29 17:00:00+00:00,1.3467,1.34682,1.34665,1.34665,0
2026-05-29 17:01:00+00:00,1.34662,1.34689,1.34655,1.3468,0
2026-05-29 17:02:00+00:00,1.34679,1.34681,1.34665,1.34677,0
2026-05-29 17:03:00+00:00,1.34675,1.34688,1.34671,1.34688,0
2026-05-29 17:04:00+00:00,1.34687,1.34688,1.34677,1.34679,0
2026-05-29 17:05:00+00:00,1.34679,1.34686,1.34678,1.34685,0
2026-05-29 17:06:00+00:00,1.34686,1.34695,1.34677,1.34685,0
2026-05-29 17:07:00+00:00,1.34681,1.34697,1.34679,1.3469,0
2026-05-29 17:08:00+00:00,1.34691,1.34694,1.34675,1.34679,0
2026-05-29 17:09:00+00:00,1.34679,1.34679,1.34664,1.34668,0
2026-05-29 17:10:00+00:00,1.34668,1.34677,1.34666,1.34671,0
2026-05-29 17:11:00+00:00,1.34669,1.34674,1.34661,1.34674,0
2026-05-29 17:12:00+00:00,1.34675,1.34678,1.34658,1.34658,0
2026-05-29 17:13:00+00:00,1.3466,1.34665,1.34656,1.34656,0
2026-05-29 17:14:00+00:00,1.34658,1.34661,1.34655,1.34657,0
2026-05-29 17:15:00+00:00,1.34659,1.34673,1.34659,1.34665,0
2026-05-29 17:16:00+00:00,1.34667,1.34667,1.34651,1.34652,0
2026-05-29 17:17:00+00:00,1.34653,1.34656,1.34644,1.34644,0
2026-05-29 17:18:00+00:00,1.34646,1.34659,1.34645,1.34656,0
2026-05-29 17:19:00+00:00,1.34654,1.34658,1.34641,1.34642,0
2026-05-29 17:20:00+00:00,1.34643,1.34643,1.34627,1.3463,0
2026-05-29 17:21:00+00:00,1.34629,1.34631,1.34594,1.34597,0
2026-05-29 17:22:00+00:00,1.34598,1.34611,1.34596,1.34607,0
2026-05-29 17:23:00+00:00,1.34606,1.34607,1.34593,1.34603,0
2026-05-29 17:24:00+00:00,1.34605,1.34622,1.34597,1.34615,0
2026-05-29 17:25:00+00:00,1.34616,1.34629,1.34606,1.34619,0
2026-05-29 17:26:00+00:00,1.34619,1.34619,1.34604,1.34604,0
2026-05-29 17:27:00+00:00,1.34604,1.34617,1.34601,1.3461,0
2026-05-29 17:28:00+00:00,1.34614,1.34619,1.34613,1.34615,0
2026-05-29 17:29:00+00:00,1.34615,1.34624,1.34613,1.34624,0
2026-05-29 17:30:00+00:00,1.34622,1.34628,1.34608,1.34609,0
2026-05-29 17:31:00+00:00,1.3461,1.3462,1.34605,1.34613,0
2026-05-29 17:32:00+00:00,1.34611,1.34626,1.3461,1.34623,0
2026-05-29 17:33:00+00:00,1.34625,1.34626,1.34619,1.34619,0
2026-05-29 17:34:00+00:00,1.34618,1.34634,1.34618,1.34628,0
2026-05-29 17:35:00+00:00,1.3463,1.34638,1.34618,1.34619,0
2026-05-29 17:36:00+00:00,1.3462,1.34625,1.34618,1.34625,0
2026-05-29 17:37:00+00:00,1.34624,1.34625,1.34618,1.34619,0
2026-05-29 17:38:00+00:00,1.34621,1.34627,1.34615,1.34616,0
2026-05-29 17:39:00+00:00,1.34615,1.34615,1.34602,1.34607,0
2026-05-29 17:40:00+00:00,1.34605,1.3461,1.3459,1.34604,0
2026-05-29 17:41:00+00:00,1.34605,1.34608,1.34601,1.34604,0
2026-05-29 17:42:00+00:00,1.34601,1.34602,1.34591,1.34593,0
2026-05-29 17:43:00+00:00,1.34592,1.34596,1.34581,1.34588,0
2026-05-29 17:44:00+00:00,1.34586,1.34603,1.34585,1.34603,0
2026-05-29 17:45:00+00:00,1.34602,1.34605,1.34592,1.34594,0
2026-05-29 17:46:00+00:00,1.34596,1.34604,1.34593,1.34602,0
2026-05-29 17:47:00+00:00,1.34601,1.34604,1.34591,1.34591,0
2026-05-29 17:48:00+00:00,1.34593,1.34604,1.3459,1.34604,0
2026-05-29 17:49:00+00:00,1.34603,1.34612,1.34599,1.34604,0
2026-05-29 17:50:00+00:00,1.34604,1.34605,1.346,1.34602,0
2026-05-29 17:51:00+00:00,1.34602,1.34609,1.34602,1.34607,0
2026-05-29 17:52:00+00:00,1.34606,1.34606,1.34594,1.34594,0
2026-05-29 17:53:00+00:00,1.34595,1.34597,1.34564,1.34566,0
2026-05-29 17:54:00+00:00,1.34564,1.34576,1.34558,1.34575,0
2026-05-29 17:55:00+00:00,1.34574,1.34575,1.34559,1.34562,0
2026-05-29 17:56:00+00:00,1.3456,1.34567,1.34553,1.3456,0
2026-05-29 17:57:00+00:00,1.34559,1.34577,1.34551,1.34569,0
2026-05-29 17:58:00+00:00,1.3457,1.34573,1.34562,1.34566,0
2026-05-29 17:59:00+00:00,1.34565,1.34571,1.34557,1.34557,0
2026-05-29 18:00:00+00:00,1.34555,1.34562,1.3455,1.34556,0
2026-05-29 18:01:00+00:00,1.34558,1.3456,1.3455,1.34553,0
2026-05-29 18:02:00+00:00,1.34553,1.34568,1.34553,1.34565,0
2026-05-29 18:03:00+00:00,1.34564,1.34575,1.34562,1.34573,0
2026-05-29 18:04:00+00:00,1.34574,1.3458,1.34572,1.34578,0
2026-05-29 18:05:00+00:00,1.34576,1.34579,1.34573,1.34575,0
2026-05-29 18:06:00+00:00,1.34573,1.34578,1.34571,1.34578,0
2026-05-29 18:07:00+00:00,1.34576,1.34588,1.34574,1.34585,0
2026-05-29 18:08:00+00:00,1.34586,1.34586,1.34574,1.34583,0
2026-05-29 18:09:00+00:00,1.3458,1.34585,1.34579,1.34583,0
2026-05-29 18:10:00+00:00,1.34585,1.34591,1.34581,1.34583,0
2026-05-29 18:11:00+00:00,1.34582,1.34596,1.34581,1.34596,0
2026-05-29 18:12:00+00:00,1.34597,1.34597,1.34585,1.3459,0
2026-05-29 18:13:00+00:00,1.3459,1.34597,1.34586,1.34597,0
2026-05-29 18:14:00+00:00,1.34596,1.34598,1.34583,1.34596,0
2026-05-29 18:15:00+00:00,1.34594,1.34604,1.34592,1.34602,0
2026-05-29 18:16:00+00:00,1.34601,1.34604,1.34587,1.34587,0
2026-05-29 18:17:00+00:00,1.34586,1.34594,1.34582,1.34591,0
2026-05-29 18:18:00+00:00,1.34589,1.34601,1.34576,1.34585,0
2026-05-29 18:19:00+00:00,1.34588,1.34604,1.34588,1.34604,0
2026-05-29 18:20:00+00:00,1.34606,1.34615,1.34591,1.34595,0
2026-05-29 18:21:00+00:00,1.34594,1.34595,1.3459,1.34595,0
2026-05-29 18:22:00+00:00,1.34595,1.346,1.34591,1.346,0
2026-05-29 18:23:00+00:00,1.34596,1.34597,1.34591,1.34595,0
2026-05-29 18:24:00+00:00,1.34593,1.34595,1.34581,1.34584,0
2026-05-29 18:25:00+00:00,1.34585,1.34592,1.3458,1.34581,0
2026-05-29 18:26:00+00:00,1.34583,1.34602,1.34583,1.34597,0
2026-05-29 18:27:00+00:00,1.34597,1.34605,1.34594,1.34598,0
2026-05-29 18:28:00+00:00,1.34597,1.34597,1.34581,1.34587,0
2026-05-29 18:29:00+00:00,1.34587,1.34594,1.34584,1.34591,0
2026-05-29 18:30:00+00:00,1.34591,1.34603,1.3459,1.34597,0
2026-05-29 18:31:00+00:00,1.34594,1.34613,1.34594,1.34613,0
2026-05-29 18:32:00+00:00,1.34613,1.34616,1.34606,1.34614,0
2026-05-29 18:33:00+00:00,1.34614,1.34631,1.34614,1.34627,0
2026-05-29 18:34:00+00:00,1.34629,1.34635,1.34628,1.34635,0
2026-05-29 18:35:00+00:00,1.34632,1.34635,1.34615,1.34615,0
2026-05-29 18:36:00+00:00,1.34617,1.34626,1.34617,1.34626,0
2026-05-29 18:37:00+00:00,1.34627,1.34632,1.34624,1.3463,0
2026-05-29 18:38:00+00:00,1.34629,1.34639,1.34628,1.34638,0
2026-05-29 18:39:00+00:00,1.34637,1.34645,1.34637,1.34639,0
2026-05-29 18:40:00+00:00,1.34638,1.34642,1.34634,1.34634,0
2026-05-29 18:41:00+00:00,1.34632,1.34633,1.34625,1.34631,0
2026-05-29 18:42:00+00:00,1.34633,1.34633,1.34604,1.34604,0
2026-05-29 18:43:00+00:00,1.34602,1.34609,1.34601,1.34604,0
2026-05-29 18:44:00+00:00,1.34604,1.34605,1.34595,1.34603,0
2026-05-29 18:45:00+00:00,1.34602,1.34602,1.34547,1.34562,0
2026-05-29 18:46:00+00:00,1.34561,1.34583,1.34558,1.34583,0
2026-05-29 18:47:00+00:00,1.34584,1.34603,1.34581,1.346,0
2026-05-29 18:48:00+00:00,1.34601,1.34608,1.34597,1.34604,0
2026-05-29 18:49:00+00:00,1.34605,1.34614,1.34599,1.34603,0
2026-05-29 18:50:00+00:00,1.34601,1.34613,1.34601,1.34611,0
2026-05-29 18:51:00+00:00,1.34613,1.34614,1.34605,1.34612,0
2026-05-29 18:52:00+00:00,1.3461,1.34615,1.34605,1.3461,0
2026-05-29 18:53:00+00:00,1.34609,1.34622,1.34609,1.3462,0
2026-05-29 18:54:00+00:00,1.34622,1.34626,1.34617,1.34624,0
2026-05-29 18:55:00+00:00,1.34622,1.34634,1.34615,1.34632,0
2026-05-29 18:56:00+00:00,1.34632,1.34634,1.3462,1.34621,0
2026-05-29 18:57:00+00:00,1.34622,1.34629,1.34615,1.34621,0
2026-05-29 18:58:00+00:00,1.3462,1.34625,1.34611,1.34624,0
2026-05-29 18:59:00+00:00,1.34624,1.34624,1.346,1.346,0
2026-05-29 19:00:00+00:00,1.346,1.34616,1.346,1.34612,0
2026-05-29 19:01:00+00:00,1.34613,1.34625,1.34606,1.34624,0
2026-05-29 19:02:00+00:00,1.34621,1.34631,1.34614,1.34622,0
2026-05-29 19:03:00+00:00,1.34622,1.34633,1.34621,1.34632,0
2026-05-29 19:04:00+00:00,1.34631,1.34632,1.34623,1.34623,0
2026-05-29 19:05:00+00:00,1.34625,1.34641,1.34622,1.3464,0
2026-05-29 19:06:00+00:00,1.34641,1.34644,1.34636,1.34642,0
2026-05-29 19:07:00+00:00,1.34645,1.34649,1.34645,1.34646,0
2026-05-29 19:08:00+00:00,1.34646,1.34647,1.34641,1.34647,0
2026-05-29 19:09:00+00:00,1.34645,1.3466,1.34644,1.34658,0
2026-05-29 19:10:00+00:00,1.34658,1.34658,1.34649,1.34655,0
2026-05-29 19:11:00+00:00,1.34653,1.34664,1.3465,1.34663,0
2026-05-29 19:12:00+00:00,1.34661,1.34664,1.34654,1.34654,0
2026-05-29 19:13:00+00:00,1.34656,1.34656,1.34651,1.34653,0
2026-05-29 19:14:00+00:00,1.34653,1.34655,1.34646,1.34655,0
2026-05-29 19:15:00+00:00,1.34653,1.34658,1.34649,1.34655,0
2026-05-29 19:16:00+00:00,1.34656,1.34665,1.34655,1.34663,0
2026-05-29 19:17:00+00:00,1.34664,1.34664,1.34647,1.34648,0
2026-05-29 19:18:00+00:00,1.34654,1.34656,1.34651,1.34652,0
2026-05-29 19:19:00+00:00,1.34653,1.34653,1.34647,1.34647,0
2026-05-29 19:20:00+00:00,1.34647,1.34654,1.34645,1.34651,0
2026-05-29 19:21:00+00:00,1.34653,1.34664,1.34649,1.34656,0
2026-05-29 19:22:00+00:00,1.34657,1.34659,1.34654,1.34657,0
2026-05-29 19:23:00+00:00,1.34656,1.34663,1.34654,1.34654,0
2026-05-29 19:24:00+00:00,1.34654,1.34654,1.34639,1.34642,0
2026-05-29 19:25:00+00:00,1.34644,1.34644,1.34625,1.34625,0
2026-05-29 19:26:00+00:00,1.34625,1.3464,1.34624,1.34637,0
2026-05-29 19:27:00+00:00,1.3464,1.34651,1.3464,1.34647,0
2026-05-29 19:28:00+00:00,1.34648,1.34651,1.34643,1.34644,0
2026-05-29 19:29:00+00:00,1.34644,1.34662,1.3464,1.34661,0
2026-05-29 19:30:00+00:00,1.34661,1.34677,1.34659,1.34663,0
2026-05-29 19:31:00+00:00,1.34664,1.34676,1.34663,1.3467,0
2026-05-29 19:32:00+00:00,1.34672,1.34676,1.34665,1.34673,0
2026-05-29 19:33:00+00:00,1.34674,1.34676,1.34666,1.34671,0
2026-05-29 19:34:00+00:00,1.3467,1.3467,1.34662,1.34669,0
2026-05-29 19:35:00+00:00,1.34673,1.34676,1.34663,1.34673,0
2026-05-29 19:36:00+00:00,1.34677,1.34683,1.34672,1.34672,0
2026-05-29 19:37:00+00:00,1.34672,1.34673,1.34664,1.34665,0
2026-05-29 19:38:00+00:00,1.34663,1.34667,1.34662,1.34667,0
2026-05-29 19:39:00+00:00,1.34668,1.34675,1.34666,1.34675,0
2026-05-29 19:40:00+00:00,1.34673,1.34686,1.34671,1.34685,0
2026-05-29 19:41:00+00:00,1.34683,1.34696,1.34682,1.34694,0
2026-05-29 19:42:00+00:00,1.34695,1.34703,1.34694,1.34698,0
2026-05-29 19:43:00+00:00,1.34696,1.34703,1.34695,1.34696,0
2026-05-29 19:44:00+00:00,1.34696,1.34707,1.34691,1.34699,0
2026-05-29 19:45:00+00:00,1.34699,1.34705,1.34689,1.34694,0
2026-05-29 19:46:00+00:00,1.34694,1.34694,1.34675,1.34679,0
2026-05-29 19:47:00+00:00,1.34683,1.34687,1.34678,1.34684,0
2026-05-29 19:48:00+00:00,1.34687,1.34691,1.34679,1.34691,0
2026-05-29 19:49:00+00:00,1.34694,1.34694,1.34685,1.34686,0
2026-05-29 19:50:00+00:00,1.34691,1.34694,1.34685,1.34689,0
2026-05-29 19:51:00+00:00,1.34693,1.34693,1.34676,1.34685,0
2026-05-29 19:52:00+00:00,1.34683,1.34686,1.34676,1.34676,0
2026-05-29 19:53:00+00:00,1.34678,1.3469,1.34676,1.34685,0
2026-05-29 19:54:00+00:00,1.34683,1.34683,1.34673,1.34679,0
2026-05-29 19:55:00+00:00,1.34682,1.34692,1.34675,1.34675,0
2026-05-29 19:56:00+00:00,1.34675,1.34678,1.3467,1.34677,0
2026-05-29 19:57:00+00:00,1.34673,1.34682,1.34666,1.34677,0
2026-05-29 19:58:00+00:00,1.34677,1.34677,1.34662,1.34676,0
2026-05-29 19:59:00+00:00,1.3468,1.34682,1.34669,1.34671,0
2026-05-29 20:00:00+00:00,1.34672,1.34678,1.34664,1.34664,0
2026-05-29 20:01:00+00:00,1.34664,1.34673,1.34655,1.34655,0
2026-05-29 20:02:00+00:00,1.34656,1.34656,1.34644,1.34647,0
2026-05-29 20:03:00+00:00,1.34647,1.34652,1.34641,1.34642,0
2026-05-29 20:04:00+00:00,1.34644,1.34652,1.34642,1.34652,0
2026-05-29 20:05:00+00:00,1.34653,1.34654,1.34645,1.34645,0
2026-05-29 20:06:00+00:00,1.34645,1.34653,1.3464,1.34653,0
2026-05-29 20:07:00+00:00,1.34653,1.34663,1.34653,1.34655,0
2026-05-29 20:08:00+00:00,1.34656,1.34661,1.34651,1.34658,0
2026-05-29 20:09:00+00:00,1.34659,1.34661,1.34647,1.34648,0
2026-05-29 20:10:00+00:00,1.3465,1.34652,1.34633,1.34634,0
2026-05-29 20:11:00+00:00,1.34635,1.34637,1.34624,1.34628,0
2026-05-29 20:12:00+00:00,1.34627,1.34627,1.34622,1.34624,0
2026-05-29 20:13:00+00:00,1.34626,1.34634,1.34624,1.34632,0
2026-05-29 20:14:00+00:00,1.34629,1.34635,1.34623,1.34633,0
2026-05-29 20:15:00+00:00,1.34635,1.34635,1.34627,1.34627,0
2026-05-29 20:16:00+00:00,1.34626,1.34626,1.3462,1.3462,0
2026-05-29 20:17:00+00:00,1.34621,1.34621,1.34613,1.34619,0
2026-05-29 20:18:00+00:00,1.34619,1.34621,1.3461,1.34611,0
2026-05-29 20:19:00+00:00,1.34611,1.34616,1.3461,1.34614,0
2026-05-29 20:20:00+00:00,1.34614,1.34616,1.34611,1.34613,0
2026-05-29 20:21:00+00:00,1.34613,1.3462,1.34611,1.34612,0
2026-05-29 20:22:00+00:00,1.34612,1.34617,1.34609,1.34614,0
2026-05-29 20:23:00+00:00,1.34613,1.34616,1.34608,1.34613,0
2026-05-29 20:24:00+00:00,1.34613,1.34623,1.34609,1.34619,0
2026-05-29 20:25:00+00:00,1.34616,1.34618,1.34609,1.34613,0
2026-05-29 20:26:00+00:00,1.34614,1.34615,1.34609,1.34613,0
2026-05-29 20:27:00+00:00,1.34611,1.34614,1.34609,1.3461,0
2026-05-29 20:28:00+00:00,1.34611,1.34612,1.34608,1.34609,0
2026-05-29 20:29:00+00:00,1.34612,1.34613,1.346,1.34601,0
2026-05-29 20:30:00+00:00,1.34602,1.34602,1.34598,1.34599,0
2026-05-29 20:31:00+00:00,1.34598,1.34598,1.34588,1.3459,0
2026-05-29 20:32:00+00:00,1.34591,1.346,1.3459,1.34592,0
2026-05-29 20:33:00+00:00,1.34592,1.34599,1.34588,1.3459,0
2026-05-29 20:34:00+00:00,1.3459,1.34591,1.34588,1.3459,0
2026-05-29 20:35:00+00:00,1.34589,1.34608,1.34588,1.34603,0
2026-05-29 20:36:00+00:00,1.34604,1.34608,1.34603,1.34605,0
2026-05-29 20:37:00+00:00,1.34604,1.34608,1.346,1.346,0
2026-05-29 20:38:00+00:00,1.346,1.346,1.346,1.346,0
2026-05-29 20:39:00+00:00,1.34599,1.34601,1.34589,1.3459,0
2026-05-29 20:40:00+00:00,1.34599,1.346,1.34589,1.34598,0
2026-05-29 20:41:00+00:00,1.34598,1.346,1.3459,1.34591,0
2026-05-29 20:42:00+00:00,1.3459,1.34598,1.34589,1.34589,0
2026-05-29 20:43:00+00:00,1.34591,1.34598,1.34589,1.3459,0
2026-05-29 20:44:00+00:00,1.34591,1.346,1.34589,1.3459,0
2026-05-29 20:45:00+00:00,1.3459,1.34592,1.34576,1.34579,0
2026-05-29 20:46:00+00:00,1.34577,1.34579,1.34569,1.3457,0
2026-05-29 20:47:00+00:00,1.3457,1.34579,1.3457,1.34578,0
2026-05-29 20:48:00+00:00,1.34571,1.34571,1.34557,1.34562,0
2026-05-29 20:49:00+00:00,1.34562,1.34566,1.34553,1.34558,0
2026-05-29 20:50:00+00:00,1.34558,1.34583,1.34558,1.34582,0
2026-05-29 20:51:00+00:00,1.34581,1.34581,1.34553,1.34556,0
2026-05-29 20:52:00+00:00,1.34554,1.34565,1.3455,1.34564,0
2026-05-29 20:53:00+00:00,1.34564,1.34568,1.34558,1.34558,0
2026-05-29 20:54:00+00:00,1.34558,1.3456,1.34552,1.34557,0
2026-05-29 20:55:00+00:00,1.34559,1.34589,1.34543,1.34549,0
2026-05-29 20:56:00+00:00,1.34549,1.34549,1.34527,1.34532,0
2026-05-29 20:57:00+00:00,1.34532,1.3455,1.34512,1.34539,0
2026-05-29 20:58:00+00:00,1.34534,1.34553,1.3451,1.34542,0
2026-05-29 20:59:00+00:00,1.34538,1.34538,1.34451,1.34451,0
2026-05-29 21:00:00+00:00,1.34451,1.34451,1.34451,1.34451,0
2026-05-29 21:01:00+00:00,1.34451,1.34451,1.34451,1.34451,0
2026-05-29 21:02:00+00:00,1.34451,1.34451,1.34451,1.34451,0
2026-05-29 21:03:00+00:00,1.34451,1.34451,1.34451,1.34451,0
2026-05-29 21:04:00+00:00,1.34451,1.34451,1.34451,1.34451,0
2026-05-29 21:05:00+00:00,1.34451,1.34451,1.34451,1.34451,0
2026-05-29 21:06:00+00:00,1.34451,1.34451,1.34451,1.34451,0
2026-05-29 21:07:00+00:00,1.34451,1.34451,1.34451,1.34451,0
2026-05-29 21:08:00+00:00,1.34451,1.34451,1.34451,1.34451,0
2026-05-29 21:09:00+00:00,1.34451,1.34451,1.34451,1.34451,0
2026-05-29 21:10:00+00:00,1.34451,1.34451,1.34451,1.34451,0
2026-05-29 21:11:00+00:00,1.34451,1.34451,1.34451,1.34451,0
2026-05-29 21:12:00+00:00,1.34451,1.34451,1.34451,1.34451,0
2026-05-29 21:13:00+00:00,1.34451,1.34451,1.34451,1.34451,0
2026-05-29 21:14:00+00:00,1.34451,1.34451,1.34451,1.34451,0
2026-05-29 21:15:00+00:00,1.34451,1.34451,1.34451,1.34451,0
2026-05-29 21:16:00+00:00,1.34451,1.34451,1.34451,1.34451,0
2026-05-29 21:17:00+00:00,1.34451,1.34451,1.34451,1.34451,0
2026-05-29 21:18:00+00:00,1.34451,1.34451,1.34451,1.34451,0
2026-05-29 21:19:00+00:00,1.34451,1.34451,1.34451,1.34451,0
2026-05-29 21:20:00+00:00,1.34451,1.34451,1.34451,1.34451,0
2026-05-29 21:21:00+00:00,1.34451,1.34451,1.34451,1.34451,0
2026-05-29 21:22:00+00:00,1.34451,1.34451,1.34451,1.34451,0
2026-05-29 21:23:00+00:00,1.34451,1.34451,1.34451,1.34451,0
2026-05-29 21:24:00+00:00,1.34451,1.34451,1.34451,1.34451,0
2026-05-29 21:25:00+00:00,1.34451,1.34451,1.34451,1.34451,0
2026-05-29 21:26:00+00:00,1.34451,1.34451,1.34451,1.34451,0
2026-05-29 21:27:00+00:00,1.34451,1.34451,1.34451,1.34451,0
2026-05-29 21:28:00+00:00,1.34451,1.34451,1.34451,1.34451,0
2026-05-29 21:29:00+00:00,1.34451,1.34451,1.34451,1.34451,0
2026-05-29 21:30:00+00:00,1.34451,1.34451,1.34451,1.34451,0
2026-05-29 21:31:00+00:00,1.34451,1.34451,1.34451,1.34451,0
2026-05-29 21:32:00+00:00,1.34451,1.34451,1.34451,1.34451,0
2026-05-29 21:33:00+00:00,1.34451,1.34451,1.34451,1.34451,0
2026-05-29 21:34:00+00:00,1.34451,1.34451,1.34451,1.34451,0
2026-05-29 21:35:00+00:00,1.34451,1.34451,1.34451,1.34451,0
2026-05-29 21:36:00+00:00,1.34451,1.34451,1.34451,1.34451,0
2026-05-29 21:37:00+00:00,1.34451,1.34451,1.34451,1.34451,0
2026-05-29 21:38:00+00:00,1.34451,1.34451,1.34451,1.34451,0
2026-05-29 21:39:00+00:00,1.34451,1.34451,1.34451,1.34451,0
2026-05-29 21:40:00+00:00,1.34451,1.34451,1.34451,1.34451,0
2026-05-29 21:41:00+00:00,1.34451,1.34451,1.34451,1.34451,0
2026-05-29 21:42:00+00:00,1.34451,1.34451,1.34451,1.34451,0
2026-05-29 21:43:00+00:00,1.34451,1.34451,1.34451,1.34451,0
2026-05-29 21:44:00+00:00,1.34451,1.34451,1.34451,1.34451,0
2026-05-29 21:45:00+00:00,1.34451,1.34451,1.34451,1.34451,0
2026-05-29 21:46:00+00:00,1.34451,1.34451,1.34451,1.34451,0
2026-05-29 21:47:00+00:00,1.34451,1.34451,1.34451,1.34451,0
2026-05-29 21:48:00+00:00,1.34451,1.34451,1.34451,1.34451,0
2026-05-29 21:49:00+00:00,1.34451,1.34451,1.34451,1.34451,0
2026-05-29 21:50:00+00:00,1.34451,1.34451,1.34451,1.34451,0
2026-05-29 21:51:00+00:00,1.34451,1.34451,1.34451,1.34451,0
2026-05-29 21:52:00+00:00,1.34451,1.34451,1.34451,1.34451,0
2026-05-29 21:53:00+00:00,1.34451,1.34451,1.34451,1.34451,0
2026-05-29 21:54:00+00:00,1.34451,1.34451,1.34451,1.34451,0
2026-05-29 21:55:00+00:00,1.34451,1.34451,1.34451,1.34451,0
2026-05-29 21:56:00+00:00,1.34451,1.34451,1.34451,1.34451,0
2026-05-29 21:57:00+00:00,1.34451,1.34451,1.34451,1.34451,0
2026-05-29 21:58:00+00:00,1.34451,1.34451,1.34451,1.34451,0
2026-05-29 21:59:00+00:00,1.34451,1.34451,1.34451,1.34451,0
2026-05-29 22:00:00+00:00,1.34451,1.34451,1.34451,1.34451,0
2026-05-29 22:01:00+00:00,1.34451,1.34451,1.34451,1.34451,0
2026-05-29 22:02:00+00:00,1.34451,1.34451,1.34451,1.34451,0
2026-05-29 22:03:00+00:00,1.34451,1.34451,1.34451,1.34451,0
2026-05-29 22:04:00+00:00,1.34451,1.34451,1.34451,1.34451,0
2026-05-29 22:05:00+00:00,1.34451,1.34451,1.34451,1.34451,0
2026-05-29 22:06:00+00:00,1.34451,1.34451,1.34451,1.34451,0
2026-05-29 22:07:00+00:00,1.34451,1.34451,1.34451,1.34451,0
2026-05-29 22:08:00+00:00,1.34451,1.34451,1.34451,1.34451,0
2026-05-29 22:09:00+00:00,1.34451,1.34451,1.34451,1.34451,0
2026-05-29 22:10:00+00:00,1.34451,1.34451,1.34451,1.34451,0
2026-05-29 22:11:00+00:00,1.34451,1.34451,1.34451,1.34451,0
2026-05-29 22:12:00+00:00,1.34451,1.34451,1.34451,1.34451,0
2026-05-29 22:13:00+00:00,1.34451,1.34451,1.34451,1.34451,0
2026-05-29 22:14:00+00:00,1.34451,1.34451,1.34451,1.34451,0
2026-05-29 22:15:00+00:00,1.34451,1.34451,1.34451,1.34451,0
2026-05-29 22:16:00+00:00,1.34451,1.34451,1.34451,1.34451,0
2026-05-29 22:17:00+00:00,1.34451,1.34451,1.34451,1.34451,0
2026-05-29 22:18:00+00:00,1.34451,1.34451,1.34451,1.34451,0
2026-05-29 22:19:00+00:00,1.34451,1.34451,1.34451,1.34451,0
2026-05-29 22:20:00+00:00,1.34451,1.34451,1.34451,1.34451,0
2026-05-29 22:21:00+00:00,1.34451,1.34451,1.34451,1.34451,0
2026-05-29 22:22:00+00:00,1.34451,1.34451,1.34451,1.34451,0
2026-05-29 22:23:00+00:00,1.34451,1.34451,1.34451,1.34451,0
2026-05-29 22:24:00+00:00,1.34451,1.34451,1.34451,1.34451,0
2026-05-29 22:25:00+00:00,1.34451,1.34451,1.34451,1.34451,0
2026-05-29 22:26:00+00:00,1.34451,1.34451,1.34451,1.34451,0
2026-05-29 22:27:00+00:00,1.34451,1.34451,1.34451,1.34451,0
2026-05-29 22:28:00+00:00,1.34451,1.34451,1.34451,1.34451,0
2026-05-29 22:29:00+00:00,1.34451,1.34451,1.34451,1.34451,0
2026-05-29 22:30:00+00:00,1.34451,1.34451,1.34451,1.34451,0
2026-05-29 22:31:00+00:00,1.34451,1.34451,1.34451,1.34451,0
2026-05-29 22:32:00+00:00,1.34451,1.34451,1.34451,1.34451,0
2026-05-29 22:33:00+00:00,1.34451,1.34451,1.34451,1.34451,0
2026-05-29 22:34:00+00:00,1.34451,1.34451,1.34451,1.34451,0
2026-05-29 22:35:00+00:00,1.34451,1.34451,1.34451,1.34451,0
2026-05-29 22:36:00+00:00,1.34451,1.34451,1.34451,1.34451,0
2026-05-29 22:37:00+00:00,1.34451,1.34451,1.34451,1.34451,0
2026-05-29 22:38:00+00:00,1.34451,1.34451,1.34451,1.34451,0
2026-05-29 22:39:00+00:00,1.34451,1.34451,1.34451,1.34451,0
2026-05-29 22:40:00+00:00,1.34451,1.34451,1.34451,1.34451,0
2026-05-29 22:41:00+00:00,1.34451,1.34451,1.34451,1.34451,0
2026-05-29 22:42:00+00:00,1.34451,1.34451,1.34451,1.34451,0
2026-05-29 22:43:00+00:00,1.34451,1.34451,1.34451,1.34451,0
2026-05-29 22:44:00+00:00,1.34451,1.34451,1.34451,1.34451,0
2026-05-29 22:45:00+00:00,1.34451,1.34451,1.34451,1.34451,0
2026-05-29 22:46:00+00:00,1.34451,1.34451,1.34451,1.34451,0
2026-05-29 22:47:00+00:00,1.34451,1.34451,1.34451,1.34451,0
2026-05-29 22:48:00+00:00,1.34451,1.34451,1.34451,1.34451,0
2026-05-29 22:49:00+00:00,1.34451,1.34451,1.34451,1.34451,0
2026-05-29 22:50:00+00:00,1.34451,1.34451,1.34451,1.34451,0
2026-05-29 22:51:00+00:00,1.34451,1.34451,1.34451,1.34451,0
2026-05-29 22:52:00+00:00,1.34451,1.34451,1.34451,1.34451,0
2026-05-29 22:53:00+00:00,1.34451,1.34451,1.34451,1.34451,0
2026-05-29 22:54:00+00:00,1.34451,1.34451,1.34451,1.34451,0
2026-05-29 22:55:00+00:00,1.34451,1.34451,1.34451,1.34451,0
2026-05-29 22:56:00+00:00,1.34451,1.34451,1.34451,1.34451,0
2026-05-29 22:57:00+00:00,1.34451,1.34451,1.34451,1.34451,0
2026-05-29 22:58:00+00:00,1.34451,1.34451,1.34451,1.34451,0
2026-05-29 22:59:00+00:00,1.34451,1.34451,1.34451,1.34451,0
2026-05-29 23:00:00+00:00,1.34451,1.34451,1.34451,1.34451,0
2026-05-29 23:01:00+00:00,1.34451,1.34451,1.34451,1.34451,0
2026-05-29 23:02:00+00:00,1.34451,1.34451,1.34451,1.34451,0
2026-05-29 23:03:00+00:00,1.34451,1.34451,1.34451,1.34451,0
2026-05-29 23:04:00+00:00,1.34451,1.34451,1.34451,1.34451,0
2026-05-29 23:05:00+00:00,1.34451,1.34451,1.34451,1.34451,0
2026-05-29 23:06:00+00:00,1.34451,1.34451,1.34451,1.34451,0
2026-05-29 23:07:00+00:00,1.34451,1.34451,1.34451,1.34451,0
2026-05-29 23:08:00+00:00,1.34451,1.34451,1.34451,1.34451,0
2026-05-29 23:09:00+00:00,1.34451,1.34451,1.34451,1.34451,0
2026-05-29 23:10:00+00:00,1.34451,1.34451,1.34451,1.34451,0
2026-05-29 23:11:00+00:00,1.34451,1.34451,1.34451,1.34451,0
2026-05-29 23:12:00+00:00,1.34451,1.34451,1.34451,1.34451,0
2026-05-29 23:13:00+00:00,1.34451,1.34451,1.34451,1.34451,0
2026-05-29 23:14:00+00:00,1.34451,1.34451,1.34451,1.34451,0
2026-05-29 23:15:00+00:00,1.34451,1.34451,1.34451,1.34451,0
2026-05-29 23:16:00+00:00,1.34451,1.34451,1.34451,1.34451,0
2026-05-29 23:17:00+00:00,1.34451,1.34451,1.34451,1.34451,0
2026-05-29 23:18:00+00:00,1.34451,1.34451,1.34451,1.34451,0
2026-05-29 23:19:00+00:00,1.34451,1.34451,1.34451,1.34451,0
2026-05-29 23:20:00+00:00,1.34451,1.34451,1.34451,1.34451,0
2026-05-29 23:21:00+00:00,1.34451,1.34451,1.34451,1.34451,0
2026-05-29 23:22:00+00:00,1.34451,1.34451,1.34451,1.34451,0
2026-05-29 23:23:00+00:00,1.34451,1.34451,1.34451,1.34451,0
2026-05-29 23:24:00+00:00,1.34451,1.34451,1.34451,1.34451,0
2026-05-29 23:25:00+00:00,1.34451,1.34451,1.34451,1.34451,0
2026-05-29 23:26:00+00:00,1.34451,1.34451,1.34451,1.34451,0
2026-05-29 23:27:00+00:00,1.34451,1.34451,1.34451,1.34451,0
2026-05-29 23:28:00+00:00,1.34451,1.34451,1.34451,1.34451,0
2026-05-29 23:29:00+00:00,1.34451,1.34451,1.34451,1.34451,0
2026-05-29 23:30:00+00:00,1.34451,1.34451,1.34451,1.34451,0
2026-05-29 23:31:00+00:00,1.34451,1.34451,1.34451,1.34451,0
2026-05-29 23:32:00+00:00,1.34451,1.34451,1.34451,1.34451,0
2026-05-29 23:33:00+00:00,1.34451,1.34451,1.34451,1.34451,0
2026-05-29 23:34:00+00:00,1.34451,1.34451,1.34451,1.34451,0
2026-05-29 23:35:00+00:00,1.34451,1.34451,1.34451,1.34451,0
2026-05-29 23:36:00+00:00,1.34451,1.34451,1.34451,1.34451,0
2026-05-29 23:37:00+00:00,1.34451,1.34451,1.34451,1.34451,0
2026-05-29 23:38:00+00:00,1.34451,1.34451,1.34451,1.34451,0
2026-05-29 23:39:00+00:00,1.34451,1.34451,1.34451,1.34451,0
2026-05-29 23:40:00+00:00,1.34451,1.34451,1.34451,1.34451,0
2026-05-29 23:41:00+00:00,1.34451,1.34451,1.34451,1.34451,0
2026-05-29 23:42:00+00:00,1.34451,1.34451,1.34451,1.34451,0
2026-05-29 23:43:00+00:00,1.34451,1.34451,1.34451,1.34451,0
2026-05-29 23:44:00+00:00,1.34451,1.34451,1.34451,1.34451,0
2026-05-29 23:45:00+00:00,1.34451,1.34451,1.34451,1.34451,0
2026-05-29 23:46:00+00:00,1.34451,1.34451,1.34451,1.34451,0
2026-05-29 23:47:00+00:00,1.34451,1.34451,1.34451,1.34451,0
2026-05-29 23:48:00+00:00,1.34451,1.34451,1.34451,1.34451,0
2026-05-29 23:49:00+00:00,1.34451,1.34451,1.34451,1.34451,0
2026-05-29 23:50:00+00:00,1.34451,1.34451,1.34451,1.34451,0
2026-05-29 23:51:00+00:00,1.34451,1.34451,1.34451,1.34451,0
2026-05-29 23:52:00+00:00,1.34451,1.34451,1.34451,1.34451,0
2026-05-29 23:53:00+00:00,1.34451,1.34451,1.34451,1.34451,0
2026-05-29 23:54:00+00:00,1.34451,1.34451,1.34451,1.34451,0
2026-05-29 23:55:00+00:00,1.34451,1.34451,1.34451,1.34451,0
2026-05-29 23:56:00+00:00,1.34451,1.34451,1.34451,1.34451,0
2026-05-29 23:57:00+00:00,1.34451,1.34451,1.34451,1.34451,0
2026-05-29 23:58:00+00:00,1.34451,1.34451,1.34451,1.34451,0
2026-05-29 23:59:00+00:00,1.34451,1.34451,1.34451,1.34451,0
2026-05-30 00:00:00+00:00,1.34451,1.34451,1.34451,1.34451,0
2026-05-30 00:01:00+00:00,1.34451,1.34451,1.34451,1.34451,0
2026-05-30 00:02:00+00:00,1.34451,1.34451,1.34451,1.34451,0
2026-05-30 00:03:00+00:00,1.34451,1.34451,1.34451,1.34451,0
2026-05-30 00:04:00+00:00,1.34451,1.34451,1.34451,1.34451,0
2026-05-30 00:05:00+00:00,1.34451,1.34451,1.34451,1.34451,0
2026-05-30 00:06:00+00:00,1.34451,1.34451,1.34451,1.34451,0
2026-05-30 00:07:00+00:00,1.34451,1.34451,1.34451,1.34451,0
2026-05-30 00:08:00+00:00,1.34451,1.34451,1.34451,1.34451,0
2026-05-30 00:09:00+00:00,1.34451,1.34451,1.34451,1.34451,0
2026-05-30 00:10:00+00:00,1.34451,1.34451,1.34451,1.34451,0
2026-05-30 00:11:00+00:00,1.34451,1.34451,1.34451,1.34451,0
2026-05-30 00:12:00+00:00,1.34451,1.34451,1.34451,1.34451,0
2026-05-30 00:13:00+00:00,1.34451,1.34451,1.34451,1.34451,0
2026-05-30 00:14:00+00:00,1.34451,1.34451,1.34451,1.34451,0
2026-05-30 00:15:00+00:00,1.34451,1.34451,1.34451,1.34451,0
2026-05-30 00:16:00+00:00,1.34451,1.34451,1.34451,1.34451,0
2026-05-30 00:17:00+00:00,1.34451,1.34451,1.34451,1.34451,0
2026-05-30 00:18:00+00:00,1.34451,1.34451,1.34451,1.34451,0
2026-05-30 00:19:00+00:00,1.34451,1.34451,1.34451,1.34451,0
2026-05-30 00:20:00+00:00,1.34451,1.34451,1.34451,1.34451,0
2026-05-30 00:21:00+00:00,1.34451,1.34451,1.34451,1.34451,0
2026-05-30 00:22:00+00:00,1.34451,1.34451,1.34451,1.34451,0
2026-05-30 00:23:00+00:00,1.34451,1.34451,1.34451,1.34451,0
2026-05-30 00:24:00+00:00,1.34451,1.34451,1.34451,1.34451,0
2026-05-30 00:25:00+00:00,1.34451,1.34451,1.34451,1.34451,0
2026-05-30 00:26:00+00:00,1.34451,1.34451,1.34451,1.34451,0
2026-05-30 00:27:00+00:00,1.34451,1.34451,1.34451,1.34451,0
2026-05-30 00:28:00+00:00,1.34451,1.34451,1.34451,1.34451,0
2026-05-30 00:29:00+00:00,1.34451,1.34451,1.34451,1.34451,0
2026-05-30 00:30:00+00:00,1.34451,1.34451,1.34451,1.34451,0
2026-05-30 00:31:00+00:00,1.34451,1.34451,1.34451,1.34451,0
2026-05-30 00:32:00+00:00,1.34451,1.34451,1.34451,1.34451,0
2026-05-30 00:33:00+00:00,1.34451,1.34451,1.34451,1.34451,0
2026-05-30 00:34:00+00:00,1.34451,1.34451,1.34451,1.34451,0
2026-05-30 00:35:00+00:00,1.34451,1.34451,1.34451,1.34451,0
2026-05-30 00:36:00+00:00,1.34451,1.34451,1.34451,1.34451,0
2026-05-30 00:37:00+00:00,1.34451,1.34451,1.34451,1.34451,0
2026-05-30 00:38:00+00:00,1.34451,1.34451,1.34451,1.34451,0
2026-05-30 00:39:00+00:00,1.34451,1.34451,1.34451,1.34451,0
2026-05-30 00:40:00+00:00,1.34451,1.34451,1.34451,1.34451,0
2026-05-30 00:41:00+00:00,1.34451,1.34451,1.34451,1.34451,0
2026-05-30 00:42:00+00:00,1.34451,1.34451,1.34451,1.34451,0
2026-05-30 00:43:00+00:00,1.34451,1.34451,1.34451,1.34451,0
2026-05-30 00:44:00+00:00,1.34451,1.34451,1.34451,1.34451,0
2026-05-30 00:45:00+00:00,1.34451,1.34451,1.34451,1.34451,0
2026-05-30 00:46:00+00:00,1.34451,1.34451,1.34451,1.34451,0
2026-05-30 00:47:00+00:00,1.34451,1.34451,1.34451,1.34451,0
2026-05-30 00:48:00+00:00,1.34451,1.34451,1.34451,1.34451,0
2026-05-30 00:49:00+00:00,1.34451,1.34451,1.34451,1.34451,0
2026-05-30 00:50:00+00:00,1.34451,1.34451,1.34451,1.34451,0
2026-05-30 00:51:00+00:00,1.34451,1.34451,1.34451,1.34451,0
2026-05-30 00:52:00+00:00,1.34451,1.34451,1.34451,1.34451,0
2026-05-30 00:53:00+00:00,1.34451,1.34451,1.34451,1.34451,0
2026-05-30 00:54:00+00:00,1.34451,1.34451,1.34451,1.34451,0
2026-05-30 00:55:00+00:00,1.34451,1.34451,1.34451,1.34451,0
2026-05-30 00:56:00+00:00,1.34451,1.34451,1.34451,1.34451,0
2026-05-30 00:57:00+00:00,1.34451,1.34451,1.34451,1.34451,0
2026-05-30 00:58:00+00:00,1.34451,1.34451,1.34451,1.34451,0
2026-05-30 00:59:00+00:00,1.34451,1.34451,1.34451,1.34451,0
2026-05-30 01:00:00+00:00,1.34451,1.34451,1.34451,1.34451,0
2026-05-30 01:01:00+00:00,1.34451,1.34451,1.34451,1.34451,0
2026-05-30 01:02:00+00:00,1.34451,1.34451,1.34451,1.34451,0
2026-05-30 01:03:00+00:00,1.34451,1.34451,1.34451,1.34451,0
2026-05-30 01:04:00+00:00,1.34451,1.34451,1.34451,1.34451,0
2026-05-30 01:05:00+00:00,1.34451,1.34451,1.34451,1.34451,0
2026-05-30 01:06:00+00:00,1.34451,1.34451,1.34451,1.34451,0
2026-05-30 01:07:00+00:00,1.34451,1.34451,1.34451,1.34451,0
2026-05-30 01:08:00+00:00,1.34451,1.34451,1.34451,1.34451,0
2026-05-30 01:09:00+00:00,1.34451,1.34451,1.34451,1.34451,0
2026-05-30 01:10:00+00:00,1.34451,1.34451,1.34451,1.34451,0
2026-05-30 01:11:00+00:00,1.34451,1.34451,1.34451,1.34451,0
2026-05-30 01:12:00+00:00,1.34451,1.34451,1.34451,1.34451,0
2026-05-30 01:13:00+00:00,1.34451,1.34451,1.34451,1.34451,0
2026-05-30 01:14:00+00:00,1.34451,1.34451,1.34451,1.34451,0
2026-05-30 01:15:00+00:00,1.34451,1.34451,1.34451,1.34451,0
2026-05-30 01:16:00+00:00,1.34451,1.34451,1.34451,1.34451,0
2026-05-30 01:17:00+00:00,1.34451,1.34451,1.34451,1.34451,0
2026-05-30 01:18:00+00:00,1.34451,1.34451,1.34451,1.34451,0
2026-05-30 01:19:00+00:00,1.34451,1.34451,1.34451,1.34451,0
2026-05-30 01:20:00+00:00,1.34451,1.34451,1.34451,1.34451,0
2026-05-30 01:21:00+00:00,1.34451,1.34451,1.34451,1.34451,0
2026-05-30 01:22:00+00:00,1.34451,1.34451,1.34451,1.34451,0
2026-05-30 01:23:00+00:00,1.34451,1.34451,1.34451,1.34451,0
2026-05-30 01:24:00+00:00,1.34451,1.34451,1.34451,1.34451,0
2026-05-30 01:25:00+00:00,1.34451,1.34451,1.34451,1.34451,0
2026-05-30 01:26:00+00:00,1.34451,1.34451,1.34451,1.34451,0
2026-05-30 01:27:00+00:00,1.34451,1.34451,1.34451,1.34451,0
2026-05-30 01:28:00+00:00,1.34451,1.34451,1.34451,1.34451,0
2026-05-30 01:29:00+00:00,1.34451,1.34451,1.34451,1.34451,0
2026-05-30 01:30:00+00:00,1.34451,1.34451,1.34451,1.34451,0
2026-05-30 01:31:00+00:00,1.34451,1.34451,1.34451,1.34451,0
2026-05-30 01:32:00+00:00,1.34451,1.34451,1.34451,1.34451,0
2026-05-30 01:33:00+00:00,1.34451,1.34451,1.34451,1.34451,0
2026-05-30 01:34:00+00:00,1.34451,1.34451,1.34451,1.34451,0
2026-05-30 01:35:00+00:00,1.34451,1.34451,1.34451,1.34451,0
2026-05-30 01:36:00+00:00,1.34451,1.34451,1.34451,1.34451,0
2026-05-30 01:37:00+00:00,1.34451,1.34451,1.34451,1.34451,0
2026-05-30 01:38:00+00:00,1.34451,1.34451,1.34451,1.34451,0
2026-05-30 01:39:00+00:00,1.34451,1.34451,1.34451,1.34451,0
2026-05-30 01:40:00+00:00,1.34451,1.34451,1.34451,1.34451,0
2026-05-30 01:41:00+00:00,1.34451,1.34451,1.34451,1.34451,0
2026-05-30 01:42:00+00:00,1.34451,1.34451,1.34451,1.34451,0
2026-05-30 01:43:00+00:00,1.34451,1.34451,1.34451,1.34451,0
2026-05-30 01:44:00+00:00,1.34451,1.34451,1.34451,1.34451,0
2026-05-30 01:45:00+00:00,1.34451,1.34451,1.34451,1.34451,0
2026-05-30 01:46:00+00:00,1.34451,1.34451,1.34451,1.34451,0
2026-05-30 01:47:00+00:00,1.34451,1.34451,1.34451,1.34451,0
2026-05-30 01:48:00+00:00,1.34451,1.34451,1.34451,1.34451,0
2026-05-30 01:49:00+00:00,1.34451,1.34451,1.34451,1.34451,0
2026-05-30 01:50:00+00:00,1.34451,1.34451,1.34451,1.34451,0
2026-05-30 01:51:00+00:00,1.34451,1.34451,1.34451,1.34451,0
2026-05-30 01:52:00+00:00,1.34451,1.34451,1.34451,1.34451,0
2026-05-30 01:53:00+00:00,1.34451,1.34451,1.34451,1.34451,0
2026-05-30 01:54:00+00:00,1.34451,1.34451,1.34451,1.34451,0
2026-05-30 01:55:00+00:00,1.34451,1.34451,1.34451,1.34451,0
2026-05-30 01:56:00+00:00,1.34451,1.34451,1.34451,1.34451,0
2026-05-30 01:57:00+00:00,1.34451,1.34451,1.34451,1.34451,0
2026-05-30 01:58:00+00:00,1.34451,1.34451,1.34451,1.34451,0
2026-05-30 01:59:00+00:00,1.34451,1.34451,1.34451,1.34451,0
2026-05-30 02:00:00+00:00,1.34451,1.34451,1.34451,1.34451,0
2026-05-30 02:01:00+00:00,1.34451,1.34451,1.34451,1.34451,0
2026-05-30 02:02:00+00:00,1.34451,1.34451,1.34451,1.34451,0
2026-05-30 02:03:00+00:00,1.34451,1.34451,1.34451,1.34451,0
2026-05-30 02:04:00+00:00,1.34451,1.34451,1.34451,1.34451,0
2026-05-30 02:05:00+00:00,1.34451,1.34451,1.34451,1.34451,0
2026-05-30 02:06:00+00:00,1.34451,1.34451,1.34451,1.34451,0
2026-05-30 02:07:00+00:00,1.34451,1.34451,1.34451,1.34451,0
2026-05-30 02:08:00+00:00,1.34451,1.34451,1.34451,1.34451,0
2026-05-30 02:09:00+00:00,1.34451,1.34451,1.34451,1.34451,0
2026-05-30 02:10:00+00:00,1.34451,1.34451,1.34451,1.34451,0
2026-05-30 02:11:00+00:00,1.34451,1.34451,1.34451,1.34451,0
2026-05-30 02:12:00+00:00,1.34451,1.34451,1.34451,1.34451,0
2026-05-30 02:13:00+00:00,1.34451,1.34451,1.34451,1.34451,0
2026-05-30 02:14:00+00:00,1.34451,1.34451,1.34451,1.34451,0
2026-05-30 02:15:00+00:00,1.34451,1.34451,1.34451,1.34451,0
2026-05-30 02:16:00+00:00,1.34451,1.34451,1.34451,1.34451,0
2026-05-30 02:17:00+00:00,1.34451,1.34451,1.34451,1.34451,0
2026-05-30 02:18:00+00:00,1.34451,1.34451,1.34451,1.34451,0
2026-05-30 02:19:00+00:00,1.34451,1.34451,1.34451,1.34451,0
2026-05-30 02:20:00+00:00,1.34451,1.34451,1.34451,1.34451,0
2026-05-30 02:21:00+00:00,1.34451,1.34451,1.34451,1.34451,0
2026-05-30 02:22:00+00:00,1.34451,1.34451,1.34451,1.34451,0
2026-05-30 02:23:00+00:00,1.34451,1.34451,1.34451,1.34451,0
2026-05-30 02:24:00+00:00,1.34451,1.34451,1.34451,1.34451,0
2026-05-30 02:25:00+00:00,1.34451,1.34451,1.34451,1.34451,0
2026-05-30 02:26:00+00:00,1.34451,1.34451,1.34451,1.34451,0
2026-05-30 02:27:00+00:00,1.34451,1.34451,1.34451,1.34451,0
2026-05-30 02:28:00+00:00,1.34451,1.34451,1.34451,1.34451,0
2026-05-30 02:29:00+00:00,1.34451,1.34451,1.34451,1.34451,0
2026-05-30 02:30:00+00:00,1.34451,1.34451,1.34451,1.34451,0
2026-05-30 02:31:00+00:00,1.34451,1.34451,1.34451,1.34451,0
2026-05-30 02:32:00+00:00,1.34451,1.34451,1.34451,1.34451,0
2026-05-30 02:33:00+00:00,1.34451,1.34451,1.34451,1.34451,0
2026-05-30 02:34:00+00:00,1.34451,1.34451,1.34451,1.34451,0
2026-05-30 02:35:00+00:00,1.34451,1.34451,1.34451,1.34451,0
2026-05-30 02:36:00+00:00,1.34451,1.34451,1.34451,1.34451,0
2026-05-30 02:37:00+00:00,1.34451,1.34451,1.34451,1.34451,0
2026-05-30 02:38:00+00:00,1.34451,1.34451,1.34451,1.34451,0
2026-05-30 02:39:00+00:00,1.34451,1.34451,1.34451,1.34451,0
2026-05-30 02:40:00+00:00,1.34451,1.34451,1.34451,1.34451,0
2026-05-30 02:41:00+00:00,1.34451,1.34451,1.34451,1.34451,0
2026-05-30 02:42:00+00:00,1.34451,1.34451,1.34451,1.34451,0
2026-05-30 02:43:00+00:00,1.34451,1.34451,1.34451,1.34451,0
2026-05-30 02:44:00+00:00,1.34451,1.34451,1.34451,1.34451,0
2026-05-30 02:45:00+00:00,1.34451,1.34451,1.34451,1.34451,0
2026-05-30 02:46:00+00:00,1.34451,1.34451,1.34451,1.34451,0
2026-05-30 02:47:00+00:00,1.34451,1.34451,1.34451,1.34451,0
2026-05-30 02:48:00+00:00,1.34451,1.34451,1.34451,1.34451,0
2026-05-30 02:49:00+00:00,1.34451,1.34451,1.34451,1.34451,0
2026-05-30 02:50:00+00:00,1.34451,1.34451,1.34451,1.34451,0
2026-05-30 02:51:00+00:00,1.34451,1.34451,1.34451,1.34451,0
2026-05-30 02:52:00+00:00,1.34451,1.34451,1.34451,1.34451,0
2026-05-30 02:53:00+00:00,1.34451,1.34451,1.34451,1.34451,0
2026-05-30 02:54:00+00:00,1.34451,1.34451,1.34451,1.34451,0
2026-05-30 02:55:00+00:00,1.34451,1.34451,1.34451,1.34451,0
2026-05-30 02:56:00+00:00,1.34451,1.34451,1.34451,1.34451,0
2026-05-30 02:57:00+00:00,1.34451,1.34451,1.34451,1.34451,0
2026-05-30 02:58:00+00:00,1.34451,1.34451,1.34451,1.34451,0
2026-05-30 02:59:00+00:00,1.34451,1.34451,1.34451,1.34451,0
2026-05-30 03:00:00+00:00,1.34451,1.34451,1.34451,1.34451,0
2026-05-30 03:01:00+00:00,1.34451,1.34451,1.34451,1.34451,0
2026-05-30 03:02:00+00:00,1.34451,1.34451,1.34451,1.34451,0
2026-05-30 03:03:00+00:00,1.34451,1.34451,1.34451,1.34451,0
2026-05-30 03:04:00+00:00,1.34451,1.34451,1.34451,1.34451,0
2026-05-30 03:05:00+00:00,1.34451,1.34451,1.34451,1.34451,0
2026-05-30 03:06:00+00:00,1.34451,1.34451,1.34451,1.34451,0
2026-05-30 03:07:00+00:00,1.34451,1.34451,1.34451,1.34451,0
2026-05-30 03:08:00+00:00,1.34451,1.34451,1.34451,1.34451,0
2026-05-30 03:09:00+00:00,1.34451,1.34451,1.34451,1.34451,0
2026-05-30 03:10:00+00:00,1.34451,1.34451,1.34451,1.34451,0
2026-05-30 03:11:00+00:00,1.34451,1.34451,1.34451,1.34451,0
2026-05-30 03:12:00+00:00,1.34451,1.34451,1.34451,1.34451,0
2026-05-30 03:13:00+00:00,1.34451,1.34451,1.34451,1.34451,0
2026-05-30 03:14:00+00:00,1.34451,1.34451,1.34451,1.34451,0
2026-05-30 03:15:00+00:00,1.34451,1.34451,1.34451,1.34451,0
2026-05-30 03:16:00+00:00,1.34451,1.34451,1.34451,1.34451,0
2026-05-30 03:17:00+00:00,1.34451,1.34451,1.34451,1.34451,0
2026-05-30 03:18:00+00:00,1.34451,1.34451,1.34451,1.34451,0
2026-05-30 03:19:00+00:00,1.34451,1.34451,1.34451,1.34451,0
2026-05-30 03:20:00+00:00,1.34451,1.34451,1.34451,1.34451,0
2026-05-30 03:21:00+00:00,1.34451,1.34451,1.34451,1.34451,0
2026-05-30 03:22:00+00:00,1.34451,1.34451,1.34451,1.34451,0
2026-05-30 03:23:00+00:00,1.34451,1.34451,1.34451,1.34451,0
2026-05-30 03:24:00+00:00,1.34451,1.34451,1.34451,1.34451,0
2026-05-30 03:25:00+00:00,1.34451,1.34451,1.34451,1.34451,0
2026-05-30 03:26:00+00:00,1.34451,1.34451,1.34451,1.34451,0
2026-05-30 03:27:00+00:00,1.34451,1.34451,1.34451,1.34451,0
2026-05-30 03:28:00+00:00,1.34451,1.34451,1.34451,1.34451,0
2026-05-30 03:29:00+00:00,1.34451,1.34451,1.34451,1.34451,0
2026-05-30 03:30:00+00:00,1.34451,1.34451,1.34451,1.34451,0
2026-05-30 03:31:00+00:00,1.34451,1.34451,1.34451,1.34451,0
2026-05-30 03:32:00+00:00,1.34451,1.34451,1.34451,1.34451,0
2026-05-30 03:33:00+00:00,1.34451,1.34451,1.34451,1.34451,0
2026-05-30 03:34:00+00:00,1.34451,1.34451,1.34451,1.34451,0
2026-05-30 03:35:00+00:00,1.34451,1.34451,1.34451,1.34451,0
2026-05-30 03:36:00+00:00,1.34451,1.34451,1.34451,1.34451,0
2026-05-30 03:37:00+00:00,1.34451,1.34451,1.34451,1.34451,0
2026-05-30 03:38:00+00:00,1.34451,1.34451,1.34451,1.34451,0
2026-05-30 03:39:00+00:00,1.34451,1.34451,1.34451,1.34451,0
2026-05-30 03:40:00+00:00,1.34451,1.34451,1.34451,1.34451,0
2026-05-30 03:41:00+00:00,1.34451,1.34451,1.34451,1.34451,0
2026-05-30 03:42:00+00:00,1.34451,1.34451,1.34451,1.34451,0
2026-05-30 03:43:00+00:00,1.34451,1.34451,1.34451,1.34451,0
2026-05-30 03:44:00+00:00,1.34451,1.34451,1.34451,1.34451,0
2026-05-30 03:45:00+00:00,1.34451,1.34451,1.34451,1.34451,0
2026-05-30 03:46:00+00:00,1.34451,1.34451,1.34451,1.34451,0
2026-05-30 03:47:00+00:00,1.34451,1.34451,1.34451,1.34451,0
2026-05-30 03:48:00+00:00,1.34451,1.34451,1.34451,1.34451,0
2026-05-30 03:49:00+00:00,1.34451,1.34451,1.34451,1.34451,0
2026-05-30 03:50:00+00:00,1.34451,1.34451,1.34451,1.34451,0
2026-05-30 03:51:00+00:00,1.34451,1.34451,1.34451,1.34451,0
2026-05-30 03:52:00+00:00,1.34451,1.34451,1.34451,1.34451,0
2026-05-30 03:53:00+00:00,1.34451,1.34451,1.34451,1.34451,0
2026-05-30 03:54:00+00:00,1.34451,1.34451,1.34451,1.34451,0
2026-05-30 03:55:00+00:00,1.34451,1.34451,1.34451,1.34451,0
2026-05-30 03:56:00+00:00,1.34451,1.34451,1.34451,1.34451,0
2026-05-30 03:57:00+00:00,1.34451,1.34451,1.34451,1.34451,0
2026-05-30 03:58:00+00:00,1.34451,1.34451,1.34451,1.34451,0
2026-05-30 03:59:00+00:00,1.34451,1.34451,1.34451,1.34451,0
2026-05-30 04:00:00+00:00,1.34451,1.34451,1.34451,1.34451,0
2026-05-30 04:01:00+00:00,1.34451,1.34451,1.34451,1.34451,0
2026-05-30 04:02:00+00:00,1.34451,1.34451,1.34451,1.34451,0
2026-05-30 04:03:00+00:00,1.34451,1.34451,1.34451,1.34451,0
2026-05-30 04:04:00+00:00,1.34451,1.34451,1.34451,1.34451,0
2026-05-30 04:05:00+00:00,1.34451,1.34451,1.34451,1.34451,0
2026-05-30 04:06:00+00:00,1.34451,1.34451,1.34451,1.34451,0
2026-05-30 04:07:00+00:00,1.34451,1.34451,1.34451,1.34451,0
2026-05-30 04:08:00+00:00,1.34451,1.34451,1.34451,1.34451,0
2026-05-30 04:09:00+00:00,1.34451,1.34451,1.34451,1.34451,0
2026-05-30 04:10:00+00:00,1.34451,1.34451,1.34451,1.34451,0
2026-05-30 04:11:00+00:00,1.34451,1.34451,1.34451,1.34451,0
2026-05-30 04:12:00+00:00,1.34451,1.34451,1.34451,1.34451,0
2026-05-30 04:13:00+00:00,1.34451,1.34451,1.34451,1.34451,0
2026-05-30 04:14:00+00:00,1.34451,1.34451,1.34451,1.34451,0
2026-05-30 04:15:00+00:00,1.34451,1.34451,1.34451,1.34451,0
2026-05-30 04:16:00+00:00,1.34451,1.34451,1.34451,1.34451,0
2026-05-30 04:17:00+00:00,1.34451,1.34451,1.34451,1.34451,0
2026-05-30 04:18:00+00:00,1.34451,1.34451,1.34451,1.34451,0
2026-05-30 04:19:00+00:00,1.34451,1.34451,1.34451,1.34451,0
2026-05-30 04:20:00+00:00,1.34451,1.34451,1.34451,1.34451,0
2026-05-30 04:21:00+00:00,1.34451,1.34451,1.34451,1.34451,0
2026-05-30 04:22:00+00:00,1.34451,1.34451,1.34451,1.34451,0
2026-05-30 04:23:00+00:00,1.34451,1.34451,1.34451,1.34451,0
2026-05-30 04:24:00+00:00,1.34451,1.34451,1.34451,1.34451,0
2026-05-30 04:25:00+00:00,1.34451,1.34451,1.34451,1.34451,0
2026-05-30 04:26:00+00:00,1.34451,1.34451,1.34451,1.34451,0
2026-05-30 04:27:00+00:00,1.34451,1.34451,1.34451,1.34451,0
2026-05-30 04:28:00+00:00,1.34451,1.34451,1.34451,1.34451,0
2026-05-30 04:29:00+00:00,1.34451,1.34451,1.34451,1.34451,0
2026-05-30 04:30:00+00:00,1.34451,1.34451,1.34451,1.34451,0
2026-05-30 04:31:00+00:00,1.34451,1.34451,1.34451,1.34451,0
2026-05-30 04:32:00+00:00,1.34451,1.34451,1.34451,1.34451,0
2026-05-30 04:33:00+00:00,1.34451,1.34451,1.34451,1.34451,0
2026-05-30 04:34:00+00:00,1.34451,1.34451,1.34451,1.34451,0
2026-05-30 04:35:00+00:00,1.34451,1.34451,1.34451,1.34451,0
2026-05-30 04:36:00+00:00,1.34451,1.34451,1.34451,1.34451,0
2026-05-30 04:37:00+00:00,1.34451,1.34451,1.34451,1.34451,0
2026-05-30 04:38:00+00:00,1.34451,1.34451,1.34451,1.34451,0
2026-05-30 04:39:00+00:00,1.34451,1.34451,1.34451,1.34451,0
2026-05-30 04:40:00+00:00,1.34451,1.34451,1.34451,1.34451,0
2026-05-30 04:41:00+00:00,1.34451,1.34451,1.34451,1.34451,0
2026-05-30 04:42:00+00:00,1.34451,1.34451,1.34451,1.34451,0
2026-05-30 04:43:00+00:00,1.34451,1.34451,1.34451,1.34451,0
2026-05-30 04:44:00+00:00,1.34451,1.34451,1.34451,1.34451,0
2026-05-30 04:45:00+00:00,1.34451,1.34451,1.34451,1.34451,0
2026-05-30 04:46:00+00:00,1.34451,1.34451,1.34451,1.34451,0
2026-05-30 04:47:00+00:00,1.34451,1.34451,1.34451,1.34451,0
2026-05-30 04:48:00+00:00,1.34451,1.34451,1.34451,1.34451,0
2026-05-30 04:49:00+00:00,1.34451,1.34451,1.34451,1.34451,0
2026-05-30 04:50:00+00:00,1.34451,1.34451,1.34451,1.34451,0
2026-05-30 04:51:00+00:00,1.34451,1.34451,1.34451,1.34451,0
2026-05-30 04:52:00+00:00,1.34451,1.34451,1.34451,1.34451,0
2026-05-30 04:53:00+00:00,1.34451,1.34451,1.34451,1.34451,0
2026-05-30 04:54:00+00:00,1.34451,1.34451,1.34451,1.34451,0
2026-05-30 04:55:00+00:00,1.34451,1.34451,1.34451,1.34451,0
2026-05-30 04:56:00+00:00,1.34451,1.34451,1.34451,1.34451,0
2026-05-30 04:57:00+00:00,1.34451,1.34451,1.34451,1.34451,0
2026-05-30 04:58:00+00:00,1.34451,1.34451,1.34451,1.34451,0
2026-05-30 04:59:00+00:00,1.34451,1.34451,1.34451,1.34451,0
2026-05-30 05:00:00+00:00,1.34451,1.34451,1.34451,1.34451,0
2026-05-30 05:01:00+00:00,1.34451,1.34451,1.34451,1.34451,0
2026-05-30 05:02:00+00:00,1.34451,1.34451,1.34451,1.34451,0
2026-05-30 05:03:00+00:00,1.34451,1.34451,1.34451,1.34451,0
2026-05-30 05:04:00+00:00,1.34451,1.34451,1.34451,1.34451,0
2026-05-30 05:05:00+00:00,1.34451,1.34451,1.34451,1.34451,0
2026-05-30 05:06:00+00:00,1.34451,1.34451,1.34451,1.34451,0
2026-05-30 05:07:00+00:00,1.34451,1.34451,1.34451,1.34451,0
2026-05-30 05:08:00+00:00,1.34451,1.34451,1.34451,1.34451,0
2026-05-30 05:09:00+00:00,1.34451,1.34451,1.34451,1.34451,0
2026-05-30 05:10:00+00:00,1.34451,1.34451,1.34451,1.34451,0
2026-05-30 05:11:00+00:00,1.34451,1.34451,1.34451,1.34451,0
2026-05-30 05:12:00+00:00,1.34451,1.34451,1.34451,1.34451,0
2026-05-30 05:13:00+00:00,1.34451,1.34451,1.34451,1.34451,0
2026-05-30 05:14:00+00:00,1.34451,1.34451,1.34451,1.34451,0
2026-05-30 05:15:00+00:00,1.34451,1.34451,1.34451,1.34451,0
2026-05-30 05:16:00+00:00,1.34451,1.34451,1.34451,1.34451,0
2026-05-30 05:17:00+00:00,1.34451,1.34451,1.34451,1.34451,0
2026-05-30 05:18:00+00:00,1.34451,1.34451,1.34451,1.34451,0
2026-05-30 05:19:00+00:00,1.34451,1.34451,1.34451,1.34451,0
2026-05-30 05:20:00+00:00,1.34451,1.34451,1.34451,1.34451,0
2026-05-30 05:21:00+00:00,1.34451,1.34451,1.34451,1.34451,0
2026-05-30 05:22:00+00:00,1.34451,1.34451,1.34451,1.34451,0
2026-05-30 05:23:00+00:00,1.34451,1.34451,1.34451,1.34451,0
2026-05-30 05:24:00+00:00,1.34451,1.34451,1.34451,1.34451,0
2026-05-30 05:25:00+00:00,1.34451,1.34451,1.34451,1.34451,0
2026-05-30 05:26:00+00:00,1.34451,1.34451,1.34451,1.34451,0
2026-05-30 05:27:00+00:00,1.34451,1.34451,1.34451,1.34451,0
2026-05-30 05:28:00+00:00,1.34451,1.34451,1.34451,1.34451,0
2026-05-30 05:29:00+00:00,1.34451,1.34451,1.34451,1.34451,0
2026-05-30 05:30:00+00:00,1.34451,1.34451,1.34451,1.34451,0
2026-05-30 05:31:00+00:00,1.34451,1.34451,1.34451,1.34451,0
2026-05-30 05:32:00+00:00,1.34451,1.34451,1.34451,1.34451,0
2026-05-30 05:33:00+00:00,1.34451,1.34451,1.34451,1.34451,0
2026-05-30 05:34:00+00:00,1.34451,1.34451,1.34451,1.34451,0
2026-05-30 05:35:00+00:00,1.34451,1.34451,1.34451,1.34451,0
2026-05-30 05:36:00+00:00,1.34451,1.34451,1.34451,1.34451,0
2026-05-30 05:37:00+00:00,1.34451,1.34451,1.34451,1.34451,0
2026-05-30 05:38:00+00:00,1.34451,1.34451,1.34451,1.34451,0
2026-05-30 05:39:00+00:00,1.34451,1.34451,1.34451,1.34451,0
2026-05-30 05:40:00+00:00,1.34451,1.34451,1.34451,1.34451,0
2026-05-30 05:41:00+00:00,1.34451,1.34451,1.34451,1.34451,0
2026-05-30 05:42:00+00:00,1.34451,1.34451,1.34451,1.34451,0
2026-05-30 05:43:00+00:00,1.34451,1.34451,1.34451,1.34451,0
2026-05-30 05:44:00+00:00,1.34451,1.34451,1.34451,1.34451,0
2026-05-30 05:45:00+00:00,1.34451,1.34451,1.34451,1.34451,0
2026-05-30 05:46:00+00:00,1.34451,1.34451,1.34451,1.34451,0
2026-05-30 05:47:00+00:00,1.34451,1.34451,1.34451,1.34451,0
2026-05-30 05:48:00+00:00,1.34451,1.34451,1.34451,1.34451,0
2026-05-30 05:49:00+00:00,1.34451,1.34451,1.34451,1.34451,0
2026-05-30 05:50:00+00:00,1.34451,1.34451,1.34451,1.34451,0
2026-05-30 05:51:00+00:00,1.34451,1.34451,1.34451,1.34451,0
2026-05-30 05:52:00+00:00,1.34451,1.34451,1.34451,1.34451,0
2026-05-30 05:53:00+00:00,1.34451,1.34451,1.34451,1.34451,0
2026-05-30 05:54:00+00:00,1.34451,1.34451,1.34451,1.34451,0
2026-05-30 05:55:00+00:00,1.34451,1.34451,1.34451,1.34451,0
2026-05-30 05:56:00+00:00,1.34451,1.34451,1.34451,1.34451,0
2026-05-30 05:57:00+00:00,1.34451,1.34451,1.34451,1.34451,0
2026-05-30 05:58:00+00:00,1.34451,1.34451,1.34451,1.34451,0
2026-05-30 05:59:00+00:00,1.34451,1.34451,1.34451,1.34451,0
2026-05-30 06:00:00+00:00,1.34451,1.34451,1.34451,1.34451,0
2026-05-30 06:01:00+00:00,1.34451,1.34451,1.34451,1.34451,0
2026-05-30 06:02:00+00:00,1.34451,1.34451,1.34451,1.34451,0
2026-05-30 06:03:00+00:00,1.34451,1.34451,1.34451,1.34451,0
2026-05-30 06:04:00+00:00,1.34451,1.34451,1.34451,1.34451,0
2026-05-30 06:05:00+00:00,1.34451,1.34451,1.34451,1.34451,0
2026-05-30 06:06:00+00:00,1.34451,1.34451,1.34451,1.34451,0
2026-05-30 06:07:00+00:00,1.34451,1.34451,1.34451,1.34451,0
2026-05-30 06:08:00+00:00,1.34451,1.34451,1.34451,1.34451,0
2026-05-30 06:09:00+00:00,1.34451,1.34451,1.34451,1.34451,0
2026-05-30 06:10:00+00:00,1.34451,1.34451,1.34451,1.34451,0
2026-05-30 06:11:00+00:00,1.34451,1.34451,1.34451,1.34451,0
2026-05-30 06:12:00+00:00,1.34451,1.34451,1.34451,1.34451,0
2026-05-30 06:13:00+00:00,1.34451,1.34451,1.34451,1.34451,0
2026-05-30 06:14:00+00:00,1.34451,1.34451,1.34451,1.34451,0
2026-05-30 06:15:00+00:00,1.34451,1.34451,1.34451,1.34451,0
2026-05-30 06:16:00+00:00,1.34451,1.34451,1.34451,1.34451,0
2026-05-30 06:17:00+00:00,1.34451,1.34451,1.34451,1.34451,0
2026-05-30 06:18:00+00:00,1.34451,1.34451,1.34451,1.34451,0
2026-05-30 06:19:00+00:00,1.34451,1.34451,1.34451,1.34451,0
2026-05-30 06:20:00+00:00,1.34451,1.34451,1.34451,1.34451,0
2026-05-30 06:21:00+00:00,1.34451,1.34451,1.34451,1.34451,0
2026-05-30 06:22:00+00:00,1.34451,1.34451,1.34451,1.34451,0
2026-05-30 06:23:00+00:00,1.34451,1.34451,1.34451,1.34451,0
2026-05-30 06:24:00+00:00,1.34451,1.34451,1.34451,1.34451,0
2026-05-30 06:25:00+00:00,1.34451,1.34451,1.34451,1.34451,0
2026-05-30 06:26:00+00:00,1.34451,1.34451,1.34451,1.34451,0
2026-05-30 06:27:00+00:00,1.34451,1.34451,1.34451,1.34451,0
2026-05-30 06:28:00+00:00,1.34451,1.34451,1.34451,1.34451,0
2026-05-30 06:29:00+00:00,1.34451,1.34451,1.34451,1.34451,0
2026-05-30 06:30:00+00:00,1.34451,1.34451,1.34451,1.34451,0
2026-05-30 06:31:00+00:00,1.34451,1.34451,1.34451,1.34451,0
2026-05-30 06:32:00+00:00,1.34451,1.34451,1.34451,1.34451,0
2026-05-30 06:33:00+00:00,1.34451,1.34451,1.34451,1.34451,0
2026-05-30 06:34:00+00:00,1.34451,1.34451,1.34451,1.34451,0
2026-05-30 06:35:00+00:00,1.34451,1.34451,1.34451,1.34451,0
2026-05-30 06:36:00+00:00,1.34451,1.34451,1.34451,1.34451,0
2026-05-30 06:37:00+00:00,1.34451,1.34451,1.34451,1.34451,0
2026-05-30 06:38:00+00:00,1.34451,1.34451,1.34451,1.34451,0
2026-05-30 06:39:00+00:00,1.34451,1.34451,1.34451,1.34451,0
2026-05-30 06:40:00+00:00,1.34451,1.34451,1.34451,1.34451,0
2026-05-30 06:41:00+00:00,1.34451,1.34451,1.34451,1.34451,0
2026-05-30 06:42:00+00:00,1.34451,1.34451,1.34451,1.34451,0
2026-05-30 06:43:00+00:00,1.34451,1.34451,1.34451,1.34451,0
2026-05-30 06:44:00+00:00,1.34451,1.34451,1.34451,1.34451,0
2026-05-30 06:45:00+00:00,1.34451,1.34451,1.34451,1.34451,0
2026-05-30 06:46:00+00:00,1.34451,1.34451,1.34451,1.34451,0
2026-05-30 06:47:00+00:00,1.34451,1.34451,1.34451,1.34451,0
2026-05-30 06:48:00+00:00,1.34451,1.34451,1.34451,1.34451,0
2026-05-30 06:49:00+00:00,1.34451,1.34451,1.34451,1.34451,0
2026-05-30 06:50:00+00:00,1.34451,1.34451,1.34451,1.34451,0
2026-05-30 06:51:00+00:00,1.34451,1.34451,1.34451,1.34451,0
2026-05-30 06:52:00+00:00,1.34451,1.34451,1.34451,1.34451,0
2026-05-30 06:53:00+00:00,1.34451,1.34451,1.34451,1.34451,0
2026-05-30 06:54:00+00:00,1.34451,1.34451,1.34451,1.34451,0
2026-05-30 06:55:00+00:00,1.34451,1.34451,1.34451,1.34451,0
2026-05-30 06:56:00+00:00,1.34451,1.34451,1.34451,1.34451,0
2026-05-30 06:57:00+00:00,1.34451,1.34451,1.34451,1.34451,0
2026-05-30 06:58:00+00:00,1.34451,1.34451,1.34451,1.34451,0
2026-05-30 06:59:00+00:00,1.34451,1.34451,1.34451,1.34451,0
2026-05-30 07:00:00+00:00,1.34451,1.34451,1.34451,1.34451,0
2026-05-30 07:01:00+00:00,1.34451,1.34451,1.34451,1.34451,0
2026-05-30 07:02:00+00:00,1.34451,1.34451,1.34451,1.34451,0
2026-05-30 07:03:00+00:00,1.34451,1.34451,1.34451,1.34451,0
2026-05-30 07:04:00+00:00,1.34451,1.34451,1.34451,1.34451,0
2026-05-30 07:05:00+00:00,1.34451,1.34451,1.34451,1.34451,0
2026-05-30 07:06:00+00:00,1.34451,1.34451,1.34451,1.34451,0
2026-05-30 07:07:00+00:00,1.34451,1.34451,1.34451,1.34451,0
2026-05-30 07:08:00+00:00,1.34451,1.34451,1.34451,1.34451,0
2026-05-30 07:09:00+00:00,1.34451,1.34451,1.34451,1.34451,0
2026-05-30 07:10:00+00:00,1.34451,1.34451,1.34451,1.34451,0
2026-05-30 07:11:00+00:00,1.34451,1.34451,1.34451,1.34451,0
2026-05-30 07:12:00+00:00,1.34451,1.34451,1.34451,1.34451,0
2026-05-30 07:13:00+00:00,1.34451,1.34451,1.34451,1.34451,0
2026-05-30 07:14:00+00:00,1.34451,1.34451,1.34451,1.34451,0
2026-05-30 07:15:00+00:00,1.34451,1.34451,1.34451,1.34451,0
2026-05-30 07:16:00+00:00,1.34451,1.34451,1.34451,1.34451,0
2026-05-30 07:17:00+00:00,1.34451,1.34451,1.34451,1.34451,0
2026-05-30 07:18:00+00:00,1.34451,1.34451,1.34451,1.34451,0
2026-05-30 07:19:00+00:00,1.34451,1.34451,1.34451,1.34451,0
2026-05-30 07:20:00+00:00,1.34451,1.34451,1.34451,1.34451,0
2026-05-30 07:21:00+00:00,1.34451,1.34451,1.34451,1.34451,0
2026-05-30 07:22:00+00:00,1.34451,1.34451,1.34451,1.34451,0
2026-05-30 07:23:00+00:00,1.34451,1.34451,1.34451,1.34451,0
2026-05-30 07:24:00+00:00,1.34451,1.34451,1.34451,1.34451,0
2026-05-30 07:25:00+00:00,1.34451,1.34451,1.34451,1.34451,0
2026-05-30 07:26:00+00:00,1.34451,1.34451,1.34451,1.34451,0
2026-05-30 07:27:00+00:00,1.34451,1.34451,1.34451,1.34451,0
2026-05-30 07:28:00+00:00,1.34451,1.34451,1.34451,1.34451,0
2026-05-30 07:29:00+00:00,1.34451,1.34451,1.34451,1.34451,0
2026-05-30 07:30:00+00:00,1.34451,1.34451,1.34451,1.34451,0
2026-05-30 07:31:00+00:00,1.34451,1.34451,1.34451,1.34451,0
2026-05-30 07:32:00+00:00,1.34451,1.34451,1.34451,1.34451,0
2026-05-30 07:33:00+00:00,1.34451,1.34451,1.34451,1.34451,0
2026-05-30 07:34:00+00:00,1.34451,1.34451,1.34451,1.34451,0
2026-05-30 07:35:00+00:00,1.34451,1.34451,1.34451,1.34451,0
2026-05-30 07:36:00+00:00,1.34451,1.34451,1.34451,1.34451,0
2026-05-30 07:37:00+00:00,1.34451,1.34451,1.34451,1.34451,0
2026-05-30 07:38:00+00:00,1.34451,1.34451,1.34451,1.34451,0
2026-05-30 07:39:00+00:00,1.34451,1.34451,1.34451,1.34451,0
2026-05-30 07:40:00+00:00,1.34451,1.34451,1.34451,1.34451,0
2026-05-30 07:41:00+00:00,1.34451,1.34451,1.34451,1.34451,0
2026-05-30 07:42:00+00:00,1.34451,1.34451,1.34451,1.34451,0
2026-05-30 07:43:00+00:00,1.34451,1.34451,1.34451,1.34451,0
2026-05-30 07:44:00+00:00,1.34451,1.34451,1.34451,1.34451,0
2026-05-30 07:45:00+00:00,1.34451,1.34451,1.34451,1.34451,0
2026-05-30 07:46:00+00:00,1.34451,1.34451,1.34451,1.34451,0
2026-05-30 07:47:00+00:00,1.34451,1.34451,1.34451,1.34451,0
2026-05-30 07:48:00+00:00,1.34451,1.34451,1.34451,1.34451,0
2026-05-30 07:49:00+00:00,1.34451,1.34451,1.34451,1.34451,0
2026-05-30 07:50:00+00:00,1.34451,1.34451,1.34451,1.34451,0
2026-05-30 07:51:00+00:00,1.34451,1.34451,1.34451,1.34451,0
2026-05-30 07:52:00+00:00,1.34451,1.34451,1.34451,1.34451,0
2026-05-30 07:53:00+00:00,1.34451,1.34451,1.34451,1.34451,0
2026-05-30 07:54:00+00:00,1.34451,1.34451,1.34451,1.34451,0
2026-05-30 07:55:00+00:00,1.34451,1.34451,1.34451,1.34451,0
2026-05-30 07:56:00+00:00,1.34451,1.34451,1.34451,1.34451,0
2026-05-30 07:57:00+00:00,1.34451,1.34451,1.34451,1.34451,0
2026-05-30 07:58:00+00:00,1.34451,1.34451,1.34451,1.34451,0
2026-05-30 07:59:00+00:00,1.34451,1.34451,1.34451,1.34451,0
2026-05-30 08:00:00+00:00,1.34451,1.34451,1.34451,1.34451,0
2026-05-30 08:01:00+00:00,1.34451,1.34451,1.34451,1.34451,0
2026-05-30 08:02:00+00:00,1.34451,1.34451,1.34451,1.34451,0
2026-05-30 08:03:00+00:00,1.34451,1.34451,1.34451,1.34451,0
2026-05-30 08:04:00+00:00,1.34451,1.34451,1.34451,1.34451,0
2026-05-30 08:05:00+00:00,1.34451,1.34451,1.34451,1.34451,0
2026-05-30 08:06:00+00:00,1.34451,1.34451,1.34451,1.34451,0
2026-05-30 08:07:00+00:00,1.34451,1.34451,1.34451,1.34451,0
2026-05-30 08:08:00+00:00,1.34451,1.34451,1.34451,1.34451,0
2026-05-30 08:09:00+00:00,1.34451,1.34451,1.34451,1.34451,0
2026-05-30 08:10:00+00:00,1.34451,1.34451,1.34451,1.34451,0
2026-05-30 08:11:00+00:00,1.34451,1.34451,1.34451,1.34451,0
2026-05-30 08:12:00+00:00,1.34451,1.34451,1.34451,1.34451,0
2026-05-30 08:13:00+00:00,1.34451,1.34451,1.34451,1.34451,0
2026-05-30 08:14:00+00:00,1.34451,1.34451,1.34451,1.34451,0
2026-05-30 08:15:00+00:00,1.34451,1.34451,1.34451,1.34451,0
2026-05-30 08:16:00+00:00,1.34451,1.34451,1.34451,1.34451,0
2026-05-30 08:17:00+00:00,1.34451,1.34451,1.34451,1.34451,0
2026-05-30 08:18:00+00:00,1.34451,1.34451,1.34451,1.34451,0
2026-05-30 08:19:00+00:00,1.34451,1.34451,1.34451,1.34451,0
2026-05-30 08:20:00+00:00,1.34451,1.34451,1.34451,1.34451,0
2026-05-30 08:21:00+00:00,1.34451,1.34451,1.34451,1.34451,0
2026-05-30 08:22:00+00:00,1.34451,1.34451,1.34451,1.34451,0
2026-05-30 08:23:00+00:00,1.34451,1.34451,1.34451,1.34451,0
2026-05-30 08:24:00+00:00,1.34451,1.34451,1.34451,1.34451,0
2026-05-30 08:25:00+00:00,1.34451,1.34451,1.34451,1.34451,0
2026-05-30 08:26:00+00:00,1.34451,1.34451,1.34451,1.34451,0
2026-05-30 08:27:00+00:00,1.34451,1.34451,1.34451,1.34451,0
2026-05-30 08:28:00+00:00,1.34451,1.34451,1.34451,1.34451,0
2026-05-30 08:29:00+00:00,1.34451,1.34451,1.34451,1.34451,0
2026-05-30 08:30:00+00:00,1.34451,1.34451,1.34451,1.34451,0
2026-05-30 08:31:00+00:00,1.34451,1.34451,1.34451,1.34451,0
2026-05-30 08:32:00+00:00,1.34451,1.34451,1.34451,1.34451,0
2026-05-30 08:33:00+00:00,1.34451,1.34451,1.34451,1.34451,0
2026-05-30 08:34:00+00:00,1.34451,1.34451,1.34451,1.34451,0
2026-05-30 08:35:00+00:00,1.34451,1.34451,1.34451,1.34451,0
2026-05-30 08:36:00+00:00,1.34451,1.34451,1.34451,1.34451,0
2026-05-30 08:37:00+00:00,1.34451,1.34451,1.34451,1.34451,0
2026-05-30 08:38:00+00:00,1.34451,1.34451,1.34451,1.34451,0
2026-05-30 08:39:00+00:00,1.34451,1.34451,1.34451,1.34451,0
2026-05-30 08:40:00+00:00,1.34451,1.34451,1.34451,1.34451,0
2026-05-30 08:41:00+00:00,1.34451,1.34451,1.34451,1.34451,0
2026-05-30 08:42:00+00:00,1.34451,1.34451,1.34451,1.34451,0
2026-05-30 08:43:00+00:00,1.34451,1.34451,1.34451,1.34451,0
2026-05-30 08:44:00+00:00,1.34451,1.34451,1.34451,1.34451,0
2026-05-30 08:45:00+00:00,1.34451,1.34451,1.34451,1.34451,0
2026-05-30 08:46:00+00:00,1.34451,1.34451,1.34451,1.34451,0
2026-05-30 08:47:00+00:00,1.34451,1.34451,1.34451,1.34451,0
2026-05-30 08:48:00+00:00,1.34451,1.34451,1.34451,1.34451,0
2026-05-30 08:49:00+00:00,1.34451,1.34451,1.34451,1.34451,0
2026-05-30 08:50:00+00:00,1.34451,1.34451,1.34451,1.34451,0
2026-05-30 08:51:00+00:00,1.34451,1.34451,1.34451,1.34451,0
2026-05-30 08:52:00+00:00,1.34451,1.34451,1.34451,1.34451,0
2026-05-30 08:53:00+00:00,1.34451,1.34451,1.34451,1.34451,0
2026-05-30 08:54:00+00:00,1.34451,1.34451,1.34451,1.34451,0
2026-05-30 08:55:00+00:00,1.34451,1.34451,1.34451,1.34451,0
2026-05-30 08:56:00+00:00,1.34451,1.34451,1.34451,1.34451,0
2026-05-30 08:57:00+00:00,1.34451,1.34451,1.34451,1.34451,0
2026-05-30 08:58:00+00:00,1.34451,1.34451,1.34451,1.34451,0
2026-05-30 08:59:00+00:00,1.34451,1.34451,1.34451,1.34451,0
2026-05-30 09:00:00+00:00,1.34451,1.34451,1.34451,1.34451,0
2026-05-30 09:01:00+00:00,1.34451,1.34451,1.34451,1.34451,0
2026-05-30 09:02:00+00:00,1.34451,1.34451,1.34451,1.34451,0
2026-05-30 09:03:00+00:00,1.34451,1.34451,1.34451,1.34451,0
2026-05-30 09:04:00+00:00,1.34451,1.34451,1.34451,1.34451,0
2026-05-30 09:05:00+00:00,1.34451,1.34451,1.34451,1.34451,0
2026-05-30 09:06:00+00:00,1.34451,1.34451,1.34451,1.34451,0
2026-05-30 09:07:00+00:00,1.34451,1.34451,1.34451,1.34451,0
2026-05-30 09:08:00+00:00,1.34451,1.34451,1.34451,1.34451,0
2026-05-30 09:09:00+00:00,1.34451,1.34451,1.34451,1.34451,0
2026-05-30 09:10:00+00:00,1.34451,1.34451,1.34451,1.34451,0
2026-05-30 09:11:00+00:00,1.34451,1.34451,1.34451,1.34451,0
2026-05-30 09:12:00+00:00,1.34451,1.34451,1.34451,1.34451,0
2026-05-30 09:13:00+00:00,1.34451,1.34451,1.34451,1.34451,0
2026-05-30 09:14:00+00:00,1.34451,1.34451,1.34451,1.34451,0
2026-05-30 09:15:00+00:00,1.34451,1.34451,1.34451,1.34451,0
2026-05-30 09:16:00+00:00,1.34451,1.34451,1.34451,1.34451,0
2026-05-30 09:17:00+00:00,1.34451,1.34451,1.34451,1.34451,0
2026-05-30 09:18:00+00:00,1.34451,1.34451,1.34451,1.34451,0
2026-05-30 09:19:00+00:00,1.34451,1.34451,1.34451,1.34451,0
2026-05-30 09:20:00+00:00,1.34451,1.34451,1.34451,1.34451,0
2026-05-30 09:21:00+00:00,1.34451,1.34451,1.34451,1.34451,0
2026-05-30 09:22:00+00:00,1.34451,1.34451,1.34451,1.34451,0
2026-05-30 09:23:00+00:00,1.34451,1.34451,1.34451,1.34451,0
2026-05-30 09:24:00+00:00,1.34451,1.34451,1.34451,1.34451,0
2026-05-30 09:25:00+00:00,1.34451,1.34451,1.34451,1.34451,0
2026-05-30 09:26:00+00:00,1.34451,1.34451,1.34451,1.34451,0
2026-05-30 09:27:00+00:00,1.34451,1.34451,1.34451,1.34451,0
2026-05-30 09:28:00+00:00,1.34451,1.34451,1.34451,1.34451,0
2026-05-30 09:29:00+00:00,1.34451,1.34451,1.34451,1.34451,0
2026-05-30 09:30:00+00:00,1.34451,1.34451,1.34451,1.34451,0
2026-05-30 09:31:00+00:00,1.34451,1.34451,1.34451,1.34451,0
2026-05-30 09:32:00+00:00,1.34451,1.34451,1.34451,1.34451,0
2026-05-30 09:33:00+00:00,1.34451,1.34451,1.34451,1.34451,0
2026-05-30 09:34:00+00:00,1.34451,1.34451,1.34451,1.34451,0
2026-05-30 09:35:00+00:00,1.34451,1.34451,1.34451,1.34451,0
2026-05-30 09:36:00+00:00,1.34451,1.34451,1.34451,1.34451,0
2026-05-30 09:37:00+00:00,1.34451,1.34451,1.34451,1.34451,0
2026-05-30 09:38:00+00:00,1.34451,1.34451,1.34451,1.34451,0
2026-05-30 09:39:00+00:00,1.34451,1.34451,1.34451,1.34451,0
2026-05-30 09:40:00+00:00,1.34451,1.34451,1.34451,1.34451,0
2026-05-30 09:41:00+00:00,1.34451,1.34451,1.34451,1.34451,0
2026-05-30 09:42:00+00:00,1.34451,1.34451,1.34451,1.34451,0
2026-05-30 09:43:00+00:00,1.34451,1.34451,1.34451,1.34451,0
2026-05-30 09:44:00+00:00,1.34451,1.34451,1.34451,1.34451,0
2026-05-30 09:45:00+00:00,1.34451,1.34451,1.34451,1.34451,0
2026-05-30 09:46:00+00:00,1.34451,1.34451,1.34451,1.34451,0
2026-05-30 09:47:00+00:00,1.34451,1.34451,1.34451,1.34451,0
2026-05-30 09:48:00+00:00,1.34451,1.34451,1.34451,1.34451,0
2026-05-30 09:49:00+00:00,1.34451,1.34451,1.34451,1.34451,0
2026-05-30 09:50:00+00:00,1.34451,1.34451,1.34451,1.34451,0
2026-05-30 09:51:00+00:00,1.34451,1.34451,1.34451,1.34451,0
2026-05-30 09:52:00+00:00,1.34451,1.34451,1.34451,1.34451,0
2026-05-30 09:53:00+00:00,1.34451,1.34451,1.34451,1.34451,0
2026-05-30 09:54:00+00:00,1.34451,1.34451,1.34451,1.34451,0
2026-05-30 09:55:00+00:00,1.34451,1.34451,1.34451,1.34451,0
2026-05-30 09:56:00+00:00,1.34451,1.34451,1.34451,1.34451,0
2026-05-30 09:57:00+00:00,1.34451,1.34451,1.34451,1.34451,0
2026-05-30 09:58:00+00:00,1.34451,1.34451,1.34451,1.34451,0
2026-05-30 09:59:00+00:00,1.34451,1.34451,1.34451,1.34451,0
2026-05-30 10:00:00+00:00,1.34451,1.34451,1.34451,1.34451,0
2026-05-30 10:01:00+00:00,1.34451,1.34451,1.34451,1.34451,0
2026-05-30 10:02:00+00:00,1.34451,1.34451,1.34451,1.34451,0
2026-05-30 10:03:00+00:00,1.34451,1.34451,1.34451,1.34451,0
2026-05-30 10:04:00+00:00,1.34451,1.34451,1.34451,1.34451,0
2026-05-30 10:05:00+00:00,1.34451,1.34451,1.34451,1.34451,0
2026-05-30 10:06:00+00:00,1.34451,1.34451,1.34451,1.34451,0
2026-05-30 10:07:00+00:00,1.34451,1.34451,1.34451,1.34451,0
2026-05-30 10:08:00+00:00,1.34451,1.34451,1.34451,1.34451,0
2026-05-30 10:09:00+00:00,1.34451,1.34451,1.34451,1.34451,0
2026-05-30 10:10:00+00:00,1.34451,1.34451,1.34451,1.34451,0
2026-05-30 10:11:00+00:00,1.34451,1.34451,1.34451,1.34451,0
2026-05-30 10:12:00+00:00,1.34451,1.34451,1.34451,1.34451,0
2026-05-30 10:13:00+00:00,1.34451,1.34451,1.34451,1.34451,0
2026-05-30 10:14:00+00:00,1.34451,1.34451,1.34451,1.34451,0
2026-05-30 10:15:00+00:00,1.34451,1.34451,1.34451,1.34451,0
2026-05-30 10:16:00+00:00,1.34451,1.34451,1.34451,1.34451,0
2026-05-30 10:17:00+00:00,1.34451,1.34451,1.34451,1.34451,0
2026-05-30 10:18:00+00:00,1.34451,1.34451,1.34451,1.34451,0
2026-05-30 10:19:00+00:00,1.34451,1.34451,1.34451,1.34451,0
2026-05-30 10:20:00+00:00,1.34451,1.34451,1.34451,1.34451,0
2026-05-30 10:21:00+00:00,1.34451,1.34451,1.34451,1.34451,0
2026-05-30 10:22:00+00:00,1.34451,1.34451,1.34451,1.34451,0
2026-05-30 10:23:00+00:00,1.34451,1.34451,1.34451,1.34451,0
2026-05-30 10:24:00+00:00,1.34451,1.34451,1.34451,1.34451,0
2026-05-30 10:25:00+00:00,1.34451,1.34451,1.34451,1.34451,0
2026-05-30 10:26:00+00:00,1.34451,1.34451,1.34451,1.34451,0
2026-05-30 10:27:00+00:00,1.34451,1.34451,1.34451,1.34451,0
2026-05-30 10:28:00+00:00,1.34451,1.34451,1.34451,1.34451,0
2026-05-30 10:29:00+00:00,1.34451,1.34451,1.34451,1.34451,0
2026-05-30 10:30:00+00:00,1.34451,1.34451,1.34451,1.34451,0
2026-05-30 10:31:00+00:00,1.34451,1.34451,1.34451,1.34451,0
2026-05-30 10:32:00+00:00,1.34451,1.34451,1.34451,1.34451,0
2026-05-30 10:33:00+00:00,1.34451,1.34451,1.34451,1.34451,0
2026-05-30 10:34:00+00:00,1.34451,1.34451,1.34451,1.34451,0
2026-05-30 10:35:00+00:00,1.34451,1.34451,1.34451,1.34451,0
2026-05-30 10:36:00+00:00,1.34451,1.34451,1.34451,1.34451,0
2026-05-30 10:37:00+00:00,1.34451,1.34451,1.34451,1.34451,0
2026-05-30 10:38:00+00:00,1.34451,1.34451,1.34451,1.34451,0
2026-05-30 10:39:00+00:00,1.34451,1.34451,1.34451,1.34451,0
2026-05-30 10:40:00+00:00,1.34451,1.34451,1.34451,1.34451,0
2026-05-30 10:41:00+00:00,1.34451,1.34451,1.34451,1.34451,0
2026-05-30 10:42:00+00:00,1.34451,1.34451,1.34451,1.34451,0
2026-05-30 10:43:00+00:00,1.34451,1.34451,1.34451,1.34451,0
2026-05-30 10:44:00+00:00,1.34451,1.34451,1.34451,1.34451,0
2026-05-30 10:45:00+00:00,1.34451,1.34451,1.34451,1.34451,0
2026-05-30 10:46:00+00:00,1.34451,1.34451,1.34451,1.34451,0
2026-05-30 10:47:00+00:00,1.34451,1.34451,1.34451,1.34451,0
2026-05-30 10:48:00+00:00,1.34451,1.34451,1.34451,1.34451,0
2026-05-30 10:49:00+00:00,1.34451,1.34451,1.34451,1.34451,0
2026-05-30 10:50:00+00:00,1.34451,1.34451,1.34451,1.34451,0
2026-05-30 10:51:00+00:00,1.34451,1.34451,1.34451,1.34451,0
2026-05-30 10:52:00+00:00,1.34451,1.34451,1.34451,1.34451,0
2026-05-30 10:53:00+00:00,1.34451,1.34451,1.34451,1.34451,0
2026-05-30 10:54:00+00:00,1.34451,1.34451,1.34451,1.34451,0
2026-05-30 10:55:00+00:00,1.34451,1.34451,1.34451,1.34451,0
2026-05-30 10:56:00+00:00,1.34451,1.34451,1.34451,1.34451,0
2026-05-30 10:57:00+00:00,1.34451,1.34451,1.34451,1.34451,0
2026-05-30 10:58:00+00:00,1.34451,1.34451,1.34451,1.34451,0
2026-05-30 10:59:00+00:00,1.34451,1.34451,1.34451,1.34451,0
2026-05-30 11:00:00+00:00,1.34451,1.34451,1.34451,1.34451,0
2026-05-30 11:01:00+00:00,1.34451,1.34451,1.34451,1.34451,0
2026-05-30 11:02:00+00:00,1.34451,1.34451,1.34451,1.34451,0
2026-05-30 11:03:00+00:00,1.34451,1.34451,1.34451,1.34451,0
2026-05-30 11:04:00+00:00,1.34451,1.34451,1.34451,1.34451,0
2026-05-30 11:05:00+00:00,1.34451,1.34451,1.34451,1.34451,0
2026-05-30 11:06:00+00:00,1.34451,1.34451,1.34451,1.34451,0
2026-05-30 11:07:00+00:00,1.34451,1.34451,1.34451,1.34451,0
2026-05-30 11:08:00+00:00,1.34451,1.34451,1.34451,1.34451,0
2026-05-30 11:09:00+00:00,1.34451,1.34451,1.34451,1.34451,0
2026-05-30 11:10:00+00:00,1.34451,1.34451,1.34451,1.34451,0
2026-05-30 11:11:00+00:00,1.34451,1.34451,1.34451,1.34451,0
2026-05-30 11:12:00+00:00,1.34451,1.34451,1.34451,1.34451,0
2026-05-30 11:13:00+00:00,1.34451,1.34451,1.34451,1.34451,0
2026-05-30 11:14:00+00:00,1.34451,1.34451,1.34451,1.34451,0
2026-05-30 11:15:00+00:00,1.34451,1.34451,1.34451,1.34451,0
2026-05-30 11:16:00+00:00,1.34451,1.34451,1.34451,1.34451,0
2026-05-30 11:17:00+00:00,1.34451,1.34451,1.34451,1.34451,0
2026-05-30 11:18:00+00:00,1.34451,1.34451,1.34451,1.34451,0
2026-05-30 11:19:00+00:00,1.34451,1.34451,1.34451,1.34451,0
2026-05-30 11:20:00+00:00,1.34451,1.34451,1.34451,1.34451,0
2026-05-30 11:21:00+00:00,1.34451,1.34451,1.34451,1.34451,0
2026-05-30 11:22:00+00:00,1.34451,1.34451,1.34451,1.34451,0
2026-05-30 11:23:00+00:00,1.34451,1.34451,1.34451,1.34451,0
2026-05-30 11:24:00+00:00,1.34451,1.34451,1.34451,1.34451,0
2026-05-30 11:25:00+00:00,1.34451,1.34451,1.34451,1.34451,0
2026-05-30 11:26:00+00:00,1.34451,1.34451,1.34451,1.34451,0
2026-05-30 11:27:00+00:00,1.34451,1.34451,1.34451,1.34451,0
2026-05-30 11:28:00+00:00,1.34451,1.34451,1.34451,1.34451,0
2026-05-30 11:29:00+00:00,1.34451,1.34451,1.34451,1.34451,0
2026-05-30 11:30:00+00:00,1.34451,1.34451,1.34451,1.34451,0
2026-05-30 11:31:00+00:00,1.34451,1.34451,1.34451,1.34451,0
2026-05-30 11:32:00+00:00,1.34451,1.34451,1.34451,1.34451,0
2026-05-30 11:33:00+00:00,1.34451,1.34451,1.34451,1.34451,0
2026-05-30 11:34:00+00:00,1.34451,1.34451,1.34451,1.34451,0
2026-05-30 11:35:00+00:00,1.34451,1.34451,1.34451,1.34451,0
2026-05-30 11:36:00+00:00,1.34451,1.34451,1.34451,1.34451,0
2026-05-30 11:37:00+00:00,1.34451,1.34451,1.34451,1.34451,0
2026-05-30 11:38:00+00:00,1.34451,1.34451,1.34451,1.34451,0
2026-05-30 11:39:00+00:00,1.34451,1.34451,1.34451,1.34451,0
2026-05-30 11:40:00+00:00,1.34451,1.34451,1.34451,1.34451,0
2026-05-30 11:41:00+00:00,1.34451,1.34451,1.34451,1.34451,0
2026-05-30 11:42:00+00:00,1.34451,1.34451,1.34451,1.34451,0
2026-05-30 11:43:00+00:00,1.34451,1.34451,1.34451,1.34451,0
2026-05-30 11:44:00+00:00,1.34451,1.34451,1.34451,1.34451,0
2026-05-30 11:45:00+00:00,1.34451,1.34451,1.34451,1.34451,0
2026-05-30 11:46:00+00:00,1.34451,1.34451,1.34451,1.34451,0
2026-05-30 11:47:00+00:00,1.34451,1.34451,1.34451,1.34451,0
2026-05-30 11:48:00+00:00,1.34451,1.34451,1.34451,1.34451,0
2026-05-30 11:49:00+00:00,1.34451,1.34451,1.34451,1.34451,0
2026-05-30 11:50:00+00:00,1.34451,1.34451,1.34451,1.34451,0
2026-05-30 11:51:00+00:00,1.34451,1.34451,1.34451,1.34451,0
2026-05-30 11:52:00+00:00,1.34451,1.34451,1.34451,1.34451,0
2026-05-30 11:53:00+00:00,1.34451,1.34451,1.34451,1.34451,0
2026-05-30 11:54:00+00:00,1.34451,1.34451,1.34451,1.34451,0
2026-05-30 11:55:00+00:00,1.34451,1.34451,1.34451,1.34451,0
2026-05-30 11:56:00+00:00,1.34451,1.34451,1.34451,1.34451,0
2026-05-30 11:57:00+00:00,1.34451,1.34451,1.34451,1.34451,0
2026-05-30 11:58:00+00:00,1.34451,1.34451,1.34451,1.34451,0
2026-05-30 11:59:00+00:00,1.34451,1.34451,1.34451,1.34451,0
2026-05-30 12:00:00+00:00,1.34451,1.34451,1.34451,1.34451,0
2026-05-30 12:01:00+00:00,1.34451,1.34451,1.34451,1.34451,0
2026-05-30 12:02:00+00:00,1.34451,1.34451,1.34451,1.34451,0
2026-05-30 12:03:00+00:00,1.34451,1.34451,1.34451,1.34451,0
2026-05-30 12:04:00+00:00,1.34451,1.34451,1.34451,1.34451,0
2026-05-30 12:05:00+00:00,1.34451,1.34451,1.34451,1.34451,0
2026-05-30 12:06:00+00:00,1.34451,1.34451,1.34451,1.34451,0
2026-05-30 12:07:00+00:00,1.34451,1.34451,1.34451,1.34451,0
2026-05-30 12:08:00+00:00,1.34451,1.34451,1.34451,1.34451,0
2026-05-30 12:09:00+00:00,1.34451,1.34451,1.34451,1.34451,0
2026-05-30 12:10:00+00:00,1.34451,1.34451,1.34451,1.34451,0
2026-05-30 12:11:00+00:00,1.34451,1.34451,1.34451,1.34451,0
2026-05-30 12:12:00+00:00,1.34451,1.34451,1.34451,1.34451,0
2026-05-30 12:13:00+00:00,1.34451,1.34451,1.34451,1.34451,0
2026-05-30 12:14:00+00:00,1.34451,1.34451,1.34451,1.34451,0
2026-05-30 12:15:00+00:00,1.34451,1.34451,1.34451,1.34451,0
2026-05-30 12:16:00+00:00,1.34451,1.34451,1.34451,1.34451,0
2026-05-30 12:17:00+00:00,1.34451,1.34451,1.34451,1.34451,0
2026-05-30 12:18:00+00:00,1.34451,1.34451,1.34451,1.34451,0
2026-05-30 12:19:00+00:00,1.34451,1.34451,1.34451,1.34451,0
2026-05-30 12:20:00+00:00,1.34451,1.34451,1.34451,1.34451,0
2026-05-30 12:21:00+00:00,1.34451,1.34451,1.34451,1.34451,0
2026-05-30 12:22:00+00:00,1.34451,1.34451,1.34451,1.34451,0
2026-05-30 12:23:00+00:00,1.34451,1.34451,1.34451,1.34451,0
2026-05-30 12:24:00+00:00,1.34451,1.34451,1.34451,1.34451,0
2026-05-30 12:25:00+00:00,1.34451,1.34451,1.34451,1.34451,0
2026-05-30 12:26:00+00:00,1.34451,1.34451,1.34451,1.34451,0
2026-05-30 12:27:00+00:00,1.34451,1.34451,1.34451,1.34451,0
2026-05-30 12:28:00+00:00,1.34451,1.34451,1.34451,1.34451,0
2026-05-30 12:29:00+00:00,1.34451,1.34451,1.34451,1.34451,0
2026-05-30 12:30:00+00:00,1.34451,1.34451,1.34451,1.34451,0
2026-05-30 12:31:00+00:00,1.34451,1.34451,1.34451,1.34451,0
2026-05-30 12:32:00+00:00,1.34451,1.34451,1.34451,1.34451,0
2026-05-30 12:33:00+00:00,1.34451,1.34451,1.34451,1.34451,0
2026-05-30 12:34:00+00:00,1.34451,1.34451,1.34451,1.34451,0
2026-05-30 12:35:00+00:00,1.34451,1.34451,1.34451,1.34451,0
2026-05-30 12:36:00+00:00,1.34451,1.34451,1.34451,1.34451,0
2026-05-30 12:37:00+00:00,1.34451,1.34451,1.34451,1.34451,0
2026-05-30 12:38:00+00:00,1.34451,1.34451,1.34451,1.34451,0
2026-05-30 12:39:00+00:00,1.34451,1.34451,1.34451,1.34451,0
2026-05-30 12:40:00+00:00,1.34451,1.34451,1.34451,1.34451,0
2026-05-30 12:41:00+00:00,1.34451,1.34451,1.34451,1.34451,0
2026-05-30 12:42:00+00:00,1.34451,1.34451,1.34451,1.34451,0
2026-05-30 12:43:00+00:00,1.34451,1.34451,1.34451,1.34451,0
2026-05-30 12:44:00+00:00,1.34451,1.34451,1.34451,1.34451,0
2026-05-30 12:45:00+00:00,1.34451,1.34451,1.34451,1.34451,0
2026-05-30 12:46:00+00:00,1.34451,1.34451,1.34451,1.34451,0
2026-05-30 12:47:00+00:00,1.34451,1.34451,1.34451,1.34451,0
2026-05-30 12:48:00+00:00,1.34451,1.34451,1.34451,1.34451,0
2026-05-30 12:49:00+00:00,1.34451,1.34451,1.34451,1.34451,0
2026-05-30 12:50:00+00:00,1.34451,1.34451,1.34451,1.34451,0
2026-05-30 12:51:00+00:00,1.34451,1.34451,1.34451,1.34451,0
2026-05-30 12:52:00+00:00,1.34451,1.34451,1.34451,1.34451,0
2026-05-30 12:53:00+00:00,1.34451,1.34451,1.34451,1.34451,0
2026-05-30 12:54:00+00:00,1.34451,1.34451,1.34451,1.34451,0
2026-05-30 12:55:00+00:00,1.34451,1.34451,1.34451,1.34451,0
2026-05-30 12:56:00+00:00,1.34451,1.34451,1.34451,1.34451,0
2026-05-30 12:57:00+00:00,1.34451,1.34451,1.34451,1.34451,0
2026-05-30 12:58:00+00:00,1.34451,1.34451,1.34451,1.34451,0
2026-05-30 12:59:00+00:00,1.34451,1.34451,1.34451,1.34451,0
2026-05-30 13:00:00+00:00,1.34451,1.34451,1.34451,1.34451,0
2026-05-30 13:01:00+00:00,1.34451,1.34451,1.34451,1.34451,0
2026-05-30 13:02:00+00:00,1.34451,1.34451,1.34451,1.34451,0
2026-05-30 13:03:00+00:00,1.34451,1.34451,1.34451,1.34451,0
2026-05-30 13:04:00+00:00,1.34451,1.34451,1.34451,1.34451,0
2026-05-30 13:05:00+00:00,1.34451,1.34451,1.34451,1.34451,0
2026-05-30 13:06:00+00:00,1.34451,1.34451,1.34451,1.34451,0
2026-05-30 13:07:00+00:00,1.34451,1.34451,1.34451,1.34451,0
2026-05-30 13:08:00+00:00,1.34451,1.34451,1.34451,1.34451,0
2026-05-30 13:09:00+00:00,1.34451,1.34451,1.34451,1.34451,0
2026-05-30 13:10:00+00:00,1.34451,1.34451,1.34451,1.34451,0
2026-05-30 13:11:00+00:00,1.34451,1.34451,1.34451,1.34451,0
2026-05-30 13:12:00+00:00,1.34451,1.34451,1.34451,1.34451,0
2026-05-30 13:13:00+00:00,1.34451,1.34451,1.34451,1.34451,0
2026-05-30 13:14:00+00:00,1.34451,1.34451,1.34451,1.34451,0
2026-05-30 13:15:00+00:00,1.34451,1.34451,1.34451,1.34451,0
2026-05-30 13:16:00+00:00,1.34451,1.34451,1.34451,1.34451,0
2026-05-30 13:17:00+00:00,1.34451,1.34451,1.34451,1.34451,0
2026-05-30 13:18:00+00:00,1.34451,1.34451,1.34451,1.34451,0
2026-05-30 13:19:00+00:00,1.34451,1.34451,1.34451,1.34451,0
2026-05-30 13:20:00+00:00,1.34451,1.34451,1.34451,1.34451,0
2026-05-30 13:21:00+00:00,1.34451,1.34451,1.34451,1.34451,0
2026-05-30 13:22:00+00:00,1.34451,1.34451,1.34451,1.34451,0
2026-05-30 13:23:00+00:00,1.34451,1.34451,1.34451,1.34451,0
2026-05-30 13:24:00+00:00,1.34451,1.34451,1.34451,1.34451,0
2026-05-30 13:25:00+00:00,1.34451,1.34451,1.34451,1.34451,0
2026-05-30 13:26:00+00:00,1.34451,1.34451,1.34451,1.34451,0
2026-05-30 13:27:00+00:00,1.34451,1.34451,1.34451,1.34451,0
2026-05-30 13:28:00+00:00,1.34451,1.34451,1.34451,1.34451,0
2026-05-30 13:29:00+00:00,1.34451,1.34451,1.34451,1.34451,0
2026-05-30 13:30:00+00:00,1.34451,1.34451,1.34451,1.34451,0
2026-05-30 13:31:00+00:00,1.34451,1.34451,1.34451,1.34451,0
2026-05-30 13:32:00+00:00,1.34451,1.34451,1.34451,1.34451,0
2026-05-30 13:33:00+00:00,1.34451,1.34451,1.34451,1.34451,0
2026-05-30 13:34:00+00:00,1.34451,1.34451,1.34451,1.34451,0
2026-05-30 13:35:00+00:00,1.34451,1.34451,1.34451,1.34451,0
2026-05-30 13:36:00+00:00,1.34451,1.34451,1.34451,1.34451,0
2026-05-30 13:37:00+00:00,1.34451,1.34451,1.34451,1.34451,0
2026-05-30 13:38:00+00:00,1.34451,1.34451,1.34451,1.34451,0
2026-05-30 13:39:00+00:00,1.34451,1.34451,1.34451,1.34451,0
2026-05-30 13:40:00+00:00,1.34451,1.34451,1.34451,1.34451,0
2026-05-30 13:41:00+00:00,1.34451,1.34451,1.34451,1.34451,0
2026-05-30 13:42:00+00:00,1.34451,1.34451,1.34451,1.34451,0
2026-05-30 13:43:00+00:00,1.34451,1.34451,1.34451,1.34451,0
2026-05-30 13:44:00+00:00,1.34451,1.34451,1.34451,1.34451,0
2026-05-30 13:45:00+00:00,1.34451,1.34451,1.34451,1.34451,0
2026-05-30 13:46:00+00:00,1.34451,1.34451,1.34451,1.34451,0
2026-05-30 13:47:00+00:00,1.34451,1.34451,1.34451,1.34451,0
2026-05-30 13:48:00+00:00,1.34451,1.34451,1.34451,1.34451,0
2026-05-30 13:49:00+00:00,1.34451,1.34451,1.34451,1.34451,0
2026-05-30 13:50:00+00:00,1.34451,1.34451,1.34451,1.34451,0
2026-05-30 13:51:00+00:00,1.34451,1.34451,1.34451,1.34451,0
2026-05-30 13:52:00+00:00,1.34451,1.34451,1.34451,1.34451,0
2026-05-30 13:53:00+00:00,1.34451,1.34451,1.34451,1.34451,0
2026-05-30 13:54:00+00:00,1.34451,1.34451,1.34451,1.34451,0
2026-05-30 13:55:00+00:00,1.34451,1.34451,1.34451,1.34451,0
2026-05-30 13:56:00+00:00,1.34451,1.34451,1.34451,1.34451,0
2026-05-30 13:57:00+00:00,1.34451,1.34451,1.34451,1.34451,0
2026-05-30 13:58:00+00:00,1.34451,1.34451,1.34451,1.34451,0
2026-05-30 13:59:00+00:00,1.34451,1.34451,1.34451,1.34451,0
2026-05-30 14:00:00+00:00,1.34451,1.34451,1.34451,1.34451,0
2026-05-30 14:01:00+00:00,1.34451,1.34451,1.34451,1.34451,0
2026-05-30 14:02:00+00:00,1.34451,1.34451,1.34451,1.34451,0
2026-05-30 14:03:00+00:00,1.34451,1.34451,1.34451,1.34451,0
2026-05-30 14:04:00+00:00,1.34451,1.34451,1.34451,1.34451,0
2026-05-30 14:05:00+00:00,1.34451,1.34451,1.34451,1.34451,0
2026-05-30 14:06:00+00:00,1.34451,1.34451,1.34451,1.34451,0
2026-05-30 14:07:00+00:00,1.34451,1.34451,1.34451,1.34451,0
2026-05-30 14:08:00+00:00,1.34451,1.34451,1.34451,1.34451,0
2026-05-30 14:09:00+00:00,1.34451,1.34451,1.34451,1.34451,0
2026-05-30 14:10:00+00:00,1.34451,1.34451,1.34451,1.34451,0
2026-05-30 14:11:00+00:00,1.34451,1.34451,1.34451,1.34451,0
2026-05-30 14:12:00+00:00,1.34451,1.34451,1.34451,1.34451,0
2026-05-30 14:13:00+00:00,1.34451,1.34451,1.34451,1.34451,0
2026-05-30 14:14:00+00:00,1.34451,1.34451,1.34451,1.34451,0
2026-05-30 14:15:00+00:00,1.34451,1.34451,1.34451,1.34451,0
2026-05-30 14:16:00+00:00,1.34451,1.34451,1.34451,1.34451,0
2026-05-30 14:17:00+00:00,1.34451,1.34451,1.34451,1.34451,0
2026-05-30 14:18:00+00:00,1.34451,1.34451,1.34451,1.34451,0
2026-05-30 14:19:00+00:00,1.34451,1.34451,1.34451,1.34451,0
2026-05-30 14:20:00+00:00,1.34451,1.34451,1.34451,1.34451,0
2026-05-30 14:21:00+00:00,1.34451,1.34451,1.34451,1.34451,0
2026-05-30 14:22:00+00:00,1.34451,1.34451,1.34451,1.34451,0
2026-05-30 14:23:00+00:00,1.34451,1.34451,1.34451,1.34451,0
2026-05-30 14:24:00+00:00,1.34451,1.34451,1.34451,1.34451,0
2026-05-30 14:25:00+00:00,1.34451,1.34451,1.34451,1.34451,0
2026-05-30 14:26:00+00:00,1.34451,1.34451,1.34451,1.34451,0
2026-05-30 14:27:00+00:00,1.34451,1.34451,1.34451,1.34451,0
2026-05-30 14:28:00+00:00,1.34451,1.34451,1.34451,1.34451,0
2026-05-30 14:29:00+00:00,1.34451,1.34451,1.34451,1.34451,0
2026-05-30 14:30:00+00:00,1.34451,1.34451,1.34451,1.34451,0
2026-05-30 14:31:00+00:00,1.34451,1.34451,1.34451,1.34451,0
2026-05-30 14:32:00+00:00,1.34451,1.34451,1.34451,1.34451,0
2026-05-30 14:33:00+00:00,1.34451,1.34451,1.34451,1.34451,0
2026-05-30 14:34:00+00:00,1.34451,1.34451,1.34451,1.34451,0
2026-05-30 14:35:00+00:00,1.34451,1.34451,1.34451,1.34451,0
2026-05-30 14:36:00+00:00,1.34451,1.34451,1.34451,1.34451,0
2026-05-30 14:37:00+00:00,1.34451,1.34451,1.34451,1.34451,0
2026-05-30 14:38:00+00:00,1.34451,1.34451,1.34451,1.34451,0
2026-05-30 14:39:00+00:00,1.34451,1.34451,1.34451,1.34451,0
2026-05-30 14:40:00+00:00,1.34451,1.34451,1.34451,1.34451,0
2026-05-30 14:41:00+00:00,1.34451,1.34451,1.34451,1.34451,0
2026-05-30 14:42:00+00:00,1.34451,1.34451,1.34451,1.34451,0
2026-05-30 14:43:00+00:00,1.34451,1.34451,1.34451,1.34451,0
2026-05-30 14:44:00+00:00,1.34451,1.34451,1.34451,1.34451,0
2026-05-30 14:45:00+00:00,1.34451,1.34451,1.34451,1.34451,0
2026-05-30 14:46:00+00:00,1.34451,1.34451,1.34451,1.34451,0
2026-05-30 14:47:00+00:00,1.34451,1.34451,1.34451,1.34451,0
2026-05-30 14:48:00+00:00,1.34451,1.34451,1.34451,1.34451,0
2026-05-30 14:49:00+00:00,1.34451,1.34451,1.34451,1.34451,0
2026-05-30 14:50:00+00:00,1.34451,1.34451,1.34451,1.34451,0
2026-05-30 14:51:00+00:00,1.34451,1.34451,1.34451,1.34451,0
2026-05-30 14:52:00+00:00,1.34451,1.34451,1.34451,1.34451,0
2026-05-30 14:53:00+00:00,1.34451,1.34451,1.34451,1.34451,0
2026-05-30 14:54:00+00:00,1.34451,1.34451,1.34451,1.34451,0
2026-05-30 14:55:00+00:00,1.34451,1.34451,1.34451,1.34451,0
2026-05-30 14:56:00+00:00,1.34451,1.34451,1.34451,1.34451,0
2026-05-30 14:57:00+00:00,1.34451,1.34451,1.34451,1.34451,0
2026-05-30 14:58:00+00:00,1.34451,1.34451,1.34451,1.34451,0
2026-05-30 14:59:00+00:00,1.34451,1.34451,1.34451,1.34451,0
2026-05-30 15:00:00+00:00,1.34451,1.34451,1.34451,1.34451,0
2026-05-30 15:01:00+00:00,1.34451,1.34451,1.34451,1.34451,0
2026-05-30 15:02:00+00:00,1.34451,1.34451,1.34451,1.34451,0
2026-05-30 15:03:00+00:00,1.34451,1.34451,1.34451,1.34451,0
2026-05-30 15:04:00+00:00,1.34451,1.34451,1.34451,1.34451,0
2026-05-30 15:05:00+00:00,1.34451,1.34451,1.34451,1.34451,0
2026-05-30 15:06:00+00:00,1.34451,1.34451,1.34451,1.34451,0
2026-05-30 15:07:00+00:00,1.34451,1.34451,1.34451,1.34451,0
2026-05-30 15:08:00+00:00,1.34451,1.34451,1.34451,1.34451,0
2026-05-30 15:09:00+00:00,1.34451,1.34451,1.34451,1.34451,0
2026-05-30 15:10:00+00:00,1.34451,1.34451,1.34451,1.34451,0
2026-05-30 15:11:00+00:00,1.34451,1.34451,1.34451,1.34451,0
2026-05-30 15:12:00+00:00,1.34451,1.34451,1.34451,1.34451,0
2026-05-30 15:13:00+00:00,1.34451,1.34451,1.34451,1.34451,0
2026-05-30 15:14:00+00:00,1.34451,1.34451,1.34451,1.34451,0
2026-05-30 15:15:00+00:00,1.34451,1.34451,1.34451,1.34451,0
2026-05-30 15:16:00+00:00,1.34451,1.34451,1.34451,1.34451,0
2026-05-30 15:17:00+00:00,1.34451,1.34451,1.34451,1.34451,0
2026-05-30 15:18:00+00:00,1.34451,1.34451,1.34451,1.34451,0
2026-05-30 15:19:00+00:00,1.34451,1.34451,1.34451,1.34451,0
2026-05-30 15:20:00+00:00,1.34451,1.34451,1.34451,1.34451,0
2026-05-30 15:21:00+00:00,1.34451,1.34451,1.34451,1.34451,0
2026-05-30 15:22:00+00:00,1.34451,1.34451,1.34451,1.34451,0
2026-05-30 15:23:00+00:00,1.34451,1.34451,1.34451,1.34451,0
2026-05-30 15:24:00+00:00,1.34451,1.34451,1.34451,1.34451,0
2026-05-30 15:25:00+00:00,1.34451,1.34451,1.34451,1.34451,0
2026-05-30 15:26:00+00:00,1.34451,1.34451,1.34451,1.34451,0
2026-05-30 15:27:00+00:00,1.34451,1.34451,1.34451,1.34451,0
2026-05-30 15:28:00+00:00,1.34451,1.34451,1.34451,1.34451,0
2026-05-30 15:29:00+00:00,1.34451,1.34451,1.34451,1.34451,0
2026-05-30 15:30:00+00:00,1.34451,1.34451,1.34451,1.34451,0
2026-05-30 15:31:00+00:00,1.34451,1.34451,1.34451,1.34451,0
2026-05-30 15:32:00+00:00,1.34451,1.34451,1.34451,1.34451,0
2026-05-30 15:33:00+00:00,1.34451,1.34451,1.34451,1.34451,0
2026-05-30 15:34:00+00:00,1.34451,1.34451,1.34451,1.34451,0
2026-05-30 15:35:00+00:00,1.34451,1.34451,1.34451,1.34451,0
2026-05-30 15:36:00+00:00,1.34451,1.34451,1.34451,1.34451,0
2026-05-30 15:37:00+00:00,1.34451,1.34451,1.34451,1.34451,0
2026-05-30 15:38:00+00:00,1.34451,1.34451,1.34451,1.34451,0
2026-05-30 15:39:00+00:00,1.34451,1.34451,1.34451,1.34451,0
2026-05-30 15:40:00+00:00,1.34451,1.34451,1.34451,1.34451,0
2026-05-30 15:41:00+00:00,1.34451,1.34451,1.34451,1.34451,0
2026-05-30 15:42:00+00:00,1.34451,1.34451,1.34451,1.34451,0
2026-05-30 15:43:00+00:00,1.34451,1.34451,1.34451,1.34451,0
2026-05-30 15:44:00+00:00,1.34451,1.34451,1.34451,1.34451,0
2026-05-30 15:45:00+00:00,1.34451,1.34451,1.34451,1.34451,0
2026-05-30 15:46:00+00:00,1.34451,1.34451,1.34451,1.34451,0
2026-05-30 15:47:00+00:00,1.34451,1.34451,1.34451,1.34451,0
2026-05-30 15:48:00+00:00,1.34451,1.34451,1.34451,1.34451,0
2026-05-30 15:49:00+00:00,1.34451,1.34451,1.34451,1.34451,0
2026-05-30 15:50:00+00:00,1.34451,1.34451,1.34451,1.34451,0
2026-05-30 15:51:00+00:00,1.34451,1.34451,1.34451,1.34451,0
2026-05-30 15:52:00+00:00,1.34451,1.34451,1.34451,1.34451,0
2026-05-30 15:53:00+00:00,1.34451,1.34451,1.34451,1.34451,0
2026-05-30 15:54:00+00:00,1.34451,1.34451,1.34451,1.34451,0
2026-05-30 15:55:00+00:00,1.34451,1.34451,1.34451,1.34451,0
2026-05-30 15:56:00+00:00,1.34451,1.34451,1.34451,1.34451,0
2026-05-30 15:57:00+00:00,1.34451,1.34451,1.34451,1.34451,0
2026-05-30 15:58:00+00:00,1.34451,1.34451,1.34451,1.34451,0
2026-05-30 15:59:00+00:00,1.34451,1.34451,1.34451,1.34451,0
2026-05-30 16:00:00+00:00,1.34451,1.34451,1.34451,1.34451,0
2026-05-30 16:01:00+00:00,1.34451,1.34451,1.34451,1.34451,0
2026-05-30 16:02:00+00:00,1.34451,1.34451,1.34451,1.34451,0
2026-05-30 16:03:00+00:00,1.34451,1.34451,1.34451,1.34451,0
2026-05-30 16:04:00+00:00,1.34451,1.34451,1.34451,1.34451,0
2026-05-30 16:05:00+00:00,1.34451,1.34451,1.34451,1.34451,0
2026-05-30 16:06:00+00:00,1.34451,1.34451,1.34451,1.34451,0
2026-05-30 16:07:00+00:00,1.34451,1.34451,1.34451,1.34451,0
2026-05-30 16:08:00+00:00,1.34451,1.34451,1.34451,1.34451,0
2026-05-30 16:09:00+00:00,1.34451,1.34451,1.34451,1.34451,0
2026-05-30 16:10:00+00:00,1.34451,1.34451,1.34451,1.34451,0
2026-05-30 16:11:00+00:00,1.34451,1.34451,1.34451,1.34451,0
2026-05-30 16:12:00+00:00,1.34451,1.34451,1.34451,1.34451,0
2026-05-30 16:13:00+00:00,1.34451,1.34451,1.34451,1.34451,0
2026-05-30 16:14:00+00:00,1.34451,1.34451,1.34451,1.34451,0
2026-05-30 16:15:00+00:00,1.34451,1.34451,1.34451,1.34451,0
2026-05-30 16:16:00+00:00,1.34451,1.34451,1.34451,1.34451,0
2026-05-30 16:17:00+00:00,1.34451,1.34451,1.34451,1.34451,0
2026-05-30 16:18:00+00:00,1.34451,1.34451,1.34451,1.34451,0
2026-05-30 16:19:00+00:00,1.34451,1.34451,1.34451,1.34451,0
2026-05-30 16:20:00+00:00,1.34451,1.34451,1.34451,1.34451,0
2026-05-30 16:21:00+00:00,1.34451,1.34451,1.34451,1.34451,0
2026-05-30 16:22:00+00:00,1.34451,1.34451,1.34451,1.34451,0
2026-05-30 16:23:00+00:00,1.34451,1.34451,1.34451,1.34451,0
2026-05-30 16:24:00+00:00,1.34451,1.34451,1.34451,1.34451,0
2026-05-30 16:25:00+00:00,1.34451,1.34451,1.34451,1.34451,0
2026-05-30 16:26:00+00:00,1.34451,1.34451,1.34451,1.34451,0
2026-05-30 16:27:00+00:00,1.34451,1.34451,1.34451,1.34451,0
2026-05-30 16:28:00+00:00,1.34451,1.34451,1.34451,1.34451,0
2026-05-30 16:29:00+00:00,1.34451,1.34451,1.34451,1.34451,0
2026-05-30 16:30:00+00:00,1.34451,1.34451,1.34451,1.34451,0
2026-05-30 16:31:00+00:00,1.34451,1.34451,1.34451,1.34451,0
2026-05-30 16:32:00+00:00,1.34451,1.34451,1.34451,1.34451,0
2026-05-30 16:33:00+00:00,1.34451,1.34451,1.34451,1.34451,0
2026-05-30 16:34:00+00:00,1.34451,1.34451,1.34451,1.34451,0
2026-05-30 16:35:00+00:00,1.34451,1.34451,1.34451,1.34451,0
2026-05-30 16:36:00+00:00,1.34451,1.34451,1.34451,1.34451,0
2026-05-30 16:37:00+00:00,1.34451,1.34451,1.34451,1.34451,0
2026-05-30 16:38:00+00:00,1.34451,1.34451,1.34451,1.34451,0
2026-05-30 16:39:00+00:00,1.34451,1.34451,1.34451,1.34451,0
2026-05-30 16:40:00+00:00,1.34451,1.34451,1.34451,1.34451,0
2026-05-30 16:41:00+00:00,1.34451,1.34451,1.34451,1.34451,0
2026-05-30 16:42:00+00:00,1.34451,1.34451,1.34451,1.34451,0
2026-05-30 16:43:00+00:00,1.34451,1.34451,1.34451,1.34451,0
2026-05-30 16:44:00+00:00,1.34451,1.34451,1.34451,1.34451,0
2026-05-30 16:45:00+00:00,1.34451,1.34451,1.34451,1.34451,0
2026-05-30 16:46:00+00:00,1.34451,1.34451,1.34451,1.34451,0
2026-05-30 16:47:00+00:00,1.34451,1.34451,1.34451,1.34451,0
2026-05-30 16:48:00+00:00,1.34451,1.34451,1.34451,1.34451,0
2026-05-30 16:49:00+00:00,1.34451,1.34451,1.34451,1.34451,0
2026-05-30 16:50:00+00:00,1.34451,1.34451,1.34451,1.34451,0
2026-05-30 16:51:00+00:00,1.34451,1.34451,1.34451,1.34451,0
2026-05-30 16:52:00+00:00,1.34451,1.34451,1.34451,1.34451,0
2026-05-30 16:53:00+00:00,1.34451,1.34451,1.34451,1.34451,0
2026-05-30 16:54:00+00:00,1.34451,1.34451,1.34451,1.34451,0
2026-05-30 16:55:00+00:00,1.34451,1.34451,1.34451,1.34451,0
2026-05-30 16:56:00+00:00,1.34451,1.34451,1.34451,1.34451,0
2026-05-30 16:57:00+00:00,1.34451,1.34451,1.34451,1.34451,0
2026-05-30 16:58:00+00:00,1.34451,1.34451,1.34451,1.34451,0
2026-05-30 16:59:00+00:00,1.34451,1.34451,1.34451,1.34451,0
2026-05-30 17:00:00+00:00,1.34451,1.34451,1.34451,1.34451,0
2026-05-30 17:01:00+00:00,1.34451,1.34451,1.34451,1.34451,0
2026-05-30 17:02:00+00:00,1.34451,1.34451,1.34451,1.34451,0
2026-05-30 17:03:00+00:00,1.34451,1.34451,1.34451,1.34451,0
2026-05-30 17:04:00+00:00,1.34451,1.34451,1.34451,1.34451,0
2026-05-30 17:05:00+00:00,1.34451,1.34451,1.34451,1.34451,0
2026-05-30 17:06:00+00:00,1.34451,1.34451,1.34451,1.34451,0
2026-05-30 17:07:00+00:00,1.34451,1.34451,1.34451,1.34451,0
2026-05-30 17:08:00+00:00,1.34451,1.34451,1.34451,1.34451,0
2026-05-30 17:09:00+00:00,1.34451,1.34451,1.34451,1.34451,0
2026-05-30 17:10:00+00:00,1.34451,1.34451,1.34451,1.34451,0
2026-05-30 17:11:00+00:00,1.34451,1.34451,1.34451,1.34451,0
2026-05-30 17:12:00+00:00,1.34451,1.34451,1.34451,1.34451,0
2026-05-30 17:13:00+00:00,1.34451,1.34451,1.34451,1.34451,0
2026-05-30 17:14:00+00:00,1.34451,1.34451,1.34451,1.34451,0
2026-05-30 17:15:00+00:00,1.34451,1.34451,1.34451,1.34451,0
2026-05-30 17:16:00+00:00,1.34451,1.34451,1.34451,1.34451,0
2026-05-30 17:17:00+00:00,1.34451,1.34451,1.34451,1.34451,0
2026-05-30 17:18:00+00:00,1.34451,1.34451,1.34451,1.34451,0
2026-05-30 17:19:00+00:00,1.34451,1.34451,1.34451,1.34451,0
2026-05-30 17:20:00+00:00,1.34451,1.34451,1.34451,1.34451,0
2026-05-30 17:21:00+00:00,1.34451,1.34451,1.34451,1.34451,0
2026-05-30 17:22:00+00:00,1.34451,1.34451,1.34451,1.34451,0
2026-05-30 17:23:00+00:00,1.34451,1.34451,1.34451,1.34451,0
2026-05-30 17:24:00+00:00,1.34451,1.34451,1.34451,1.34451,0
2026-05-30 17:25:00+00:00,1.34451,1.34451,1.34451,1.34451,0
2026-05-30 17:26:00+00:00,1.34451,1.34451,1.34451,1.34451,0
2026-05-30 17:27:00+00:00,1.34451,1.34451,1.34451,1.34451,0
2026-05-30 17:28:00+00:00,1.34451,1.34451,1.34451,1.34451,0
2026-05-30 17:29:00+00:00,1.34451,1.34451,1.34451,1.34451,0
2026-05-30 17:30:00+00:00,1.34451,1.34451,1.34451,1.34451,0
2026-05-30 17:31:00+00:00,1.34451,1.34451,1.34451,1.34451,0
2026-05-30 17:32:00+00:00,1.34451,1.34451,1.34451,1.34451,0
2026-05-30 17:33:00+00:00,1.34451,1.34451,1.34451,1.34451,0
2026-05-30 17:34:00+00:00,1.34451,1.34451,1.34451,1.34451,0
2026-05-30 17:35:00+00:00,1.34451,1.34451,1.34451,1.34451,0
2026-05-30 17:36:00+00:00,1.34451,1.34451,1.34451,1.34451,0
2026-05-30 17:37:00+00:00,1.34451,1.34451,1.34451,1.34451,0
2026-05-30 17:38:00+00:00,1.34451,1.34451,1.34451,1.34451,0
2026-05-30 17:39:00+00:00,1.34451,1.34451,1.34451,1.34451,0
2026-05-30 17:40:00+00:00,1.34451,1.34451,1.34451,1.34451,0
2026-05-30 17:41:00+00:00,1.34451,1.34451,1.34451,1.34451,0
2026-05-30 17:42:00+00:00,1.34451,1.34451,1.34451,1.34451,0
2026-05-30 17:43:00+00:00,1.34451,1.34451,1.34451,1.34451,0
2026-05-30 17:44:00+00:00,1.34451,1.34451,1.34451,1.34451,0
2026-05-30 17:45:00+00:00,1.34451,1.34451,1.34451,1.34451,0
2026-05-30 17:46:00+00:00,1.34451,1.34451,1.34451,1.34451,0
2026-05-30 17:47:00+00:00,1.34451,1.34451,1.34451,1.34451,0
2026-05-30 17:48:00+00:00,1.34451,1.34451,1.34451,1.34451,0
2026-05-30 17:49:00+00:00,1.34451,1.34451,1.34451,1.34451,0
2026-05-30 17:50:00+00:00,1.34451,1.34451,1.34451,1.34451,0
2026-05-30 17:51:00+00:00,1.34451,1.34451,1.34451,1.34451,0
2026-05-30 17:52:00+00:00,1.34451,1.34451,1.34451,1.34451,0
2026-05-30 17:53:00+00:00,1.34451,1.34451,1.34451,1.34451,0
2026-05-30 17:54:00+00:00,1.34451,1.34451,1.34451,1.34451,0
2026-05-30 17:55:00+00:00,1.34451,1.34451,1.34451,1.34451,0
2026-05-30 17:56:00+00:00,1.34451,1.34451,1.34451,1.34451,0
2026-05-30 17:57:00+00:00,1.34451,1.34451,1.34451,1.34451,0
2026-05-30 17:58:00+00:00,1.34451,1.34451,1.34451,1.34451,0
2026-05-30 17:59:00+00:00,1.34451,1.34451,1.34451,1.34451,0
2026-05-30 18:00:00+00:00,1.34451,1.34451,1.34451,1.34451,0
2026-05-30 18:01:00+00:00,1.34451,1.34451,1.34451,1.34451,0
2026-05-30 18:02:00+00:00,1.34451,1.34451,1.34451,1.34451,0
2026-05-30 18:03:00+00:00,1.34451,1.34451,1.34451,1.34451,0
2026-05-30 18:04:00+00:00,1.34451,1.34451,1.34451,1.34451,0
2026-05-30 18:05:00+00:00,1.34451,1.34451,1.34451,1.34451,0
2026-05-30 18:06:00+00:00,1.34451,1.34451,1.34451,1.34451,0
2026-05-30 18:07:00+00:00,1.34451,1.34451,1.34451,1.34451,0
2026-05-30 18:08:00+00:00,1.34451,1.34451,1.34451,1.34451,0
2026-05-30 18:09:00+00:00,1.34451,1.34451,1.34451,1.34451,0
2026-05-30 18:10:00+00:00,1.34451,1.34451,1.34451,1.34451,0
2026-05-30 18:11:00+00:00,1.34451,1.34451,1.34451,1.34451,0
2026-05-30 18:12:00+00:00,1.34451,1.34451,1.34451,1.34451,0
2026-05-30 18:13:00+00:00,1.34451,1.34451,1.34451,1.34451,0
2026-05-30 18:14:00+00:00,1.34451,1.34451,1.34451,1.34451,0
2026-05-30 18:15:00+00:00,1.34451,1.34451,1.34451,1.34451,0
2026-05-30 18:16:00+00:00,1.34451,1.34451,1.34451,1.34451,0
2026-05-30 18:17:00+00:00,1.34451,1.34451,1.34451,1.34451,0
2026-05-30 18:18:00+00:00,1.34451,1.34451,1.34451,1.34451,0
2026-05-30 18:19:00+00:00,1.34451,1.34451,1.34451,1.34451,0
2026-05-30 18:20:00+00:00,1.34451,1.34451,1.34451,1.34451,0
2026-05-30 18:21:00+00:00,1.34451,1.34451,1.34451,1.34451,0
2026-05-30 18:22:00+00:00,1.34451,1.34451,1.34451,1.34451,0
2026-05-30 18:23:00+00:00,1.34451,1.34451,1.34451,1.34451,0
2026-05-30 18:24:00+00:00,1.34451,1.34451,1.34451,1.34451,0
2026-05-30 18:25:00+00:00,1.34451,1.34451,1.34451,1.34451,0
2026-05-30 18:26:00+00:00,1.34451,1.34451,1.34451,1.34451,0
2026-05-30 18:27:00+00:00,1.34451,1.34451,1.34451,1.34451,0
2026-05-30 18:28:00+00:00,1.34451,1.34451,1.34451,1.34451,0
2026-05-30 18:29:00+00:00,1.34451,1.34451,1.34451,1.34451,0
2026-05-30 18:30:00+00:00,1.34451,1.34451,1.34451,1.34451,0
2026-05-30 18:31:00+00:00,1.34451,1.34451,1.34451,1.34451,0
2026-05-30 18:32:00+00:00,1.34451,1.34451,1.34451,1.34451,0
2026-05-30 18:33:00+00:00,1.34451,1.34451,1.34451,1.34451,0
2026-05-30 18:34:00+00:00,1.34451,1.34451,1.34451,1.34451,0
2026-05-30 18:35:00+00:00,1.34451,1.34451,1.34451,1.34451,0
2026-05-30 18:36:00+00:00,1.34451,1.34451,1.34451,1.34451,0
2026-05-30 18:37:00+00:00,1.34451,1.34451,1.34451,1.34451,0
2026-05-30 18:38:00+00:00,1.34451,1.34451,1.34451,1.34451,0
2026-05-30 18:39:00+00:00,1.34451,1.34451,1.34451,1.34451,0
2026-05-30 18:40:00+00:00,1.34451,1.34451,1.34451,1.34451,0
2026-05-30 18:41:00+00:00,1.34451,1.34451,1.34451,1.34451,0
2026-05-30 18:42:00+00:00,1.34451,1.34451,1.34451,1.34451,0
2026-05-30 18:43:00+00:00,1.34451,1.34451,1.34451,1.34451,0
2026-05-30 18:44:00+00:00,1.34451,1.34451,1.34451,1.34451,0
2026-05-30 18:45:00+00:00,1.34451,1.34451,1.34451,1.34451,0
2026-05-30 18:46:00+00:00,1.34451,1.34451,1.34451,1.34451,0
2026-05-30 18:47:00+00:00,1.34451,1.34451,1.34451,1.34451,0
2026-05-30 18:48:00+00:00,1.34451,1.34451,1.34451,1.34451,0
2026-05-30 18:49:00+00:00,1.34451,1.34451,1.34451,1.34451,0
2026-05-30 18:50:00+00:00,1.34451,1.34451,1.34451,1.34451,0
2026-05-30 18:51:00+00:00,1.34451,1.34451,1.34451,1.34451,0
2026-05-30 18:52:00+00:00,1.34451,1.34451,1.34451,1.34451,0
2026-05-30 18:53:00+00:00,1.34451,1.34451,1.34451,1.34451,0
2026-05-30 18:54:00+00:00,1.34451,1.34451,1.34451,1.34451,0
2026-05-30 18:55:00+00:00,1.34451,1.34451,1.34451,1.34451,0
2026-05-30 18:56:00+00:00,1.34451,1.34451,1.34451,1.34451,0
2026-05-30 18:57:00+00:00,1.34451,1.34451,1.34451,1.34451,0
2026-05-30 18:58:00+00:00,1.34451,1.34451,1.34451,1.34451,0
2026-05-30 18:59:00+00:00,1.34451,1.34451,1.34451,1.34451,0
2026-05-30 19:00:00+00:00,1.34451,1.34451,1.34451,1.34451,0
2026-05-30 19:01:00+00:00,1.34451,1.34451,1.34451,1.34451,0
2026-05-30 19:02:00+00:00,1.34451,1.34451,1.34451,1.34451,0
2026-05-30 19:03:00+00:00,1.34451,1.34451,1.34451,1.34451,0
2026-05-30 19:04:00+00:00,1.34451,1.34451,1.34451,1.34451,0
2026-05-30 19:05:00+00:00,1.34451,1.34451,1.34451,1.34451,0
2026-05-30 19:06:00+00:00,1.34451,1.34451,1.34451,1.34451,0
2026-05-30 19:07:00+00:00,1.34451,1.34451,1.34451,1.34451,0
2026-05-30 19:08:00+00:00,1.34451,1.34451,1.34451,1.34451,0
2026-05-30 19:09:00+00:00,1.34451,1.34451,1.34451,1.34451,0
2026-05-30 19:10:00+00:00,1.34451,1.34451,1.34451,1.34451,0
2026-05-30 19:11:00+00:00,1.34451,1.34451,1.34451,1.34451,0
2026-05-30 19:12:00+00:00,1.34451,1.34451,1.34451,1.34451,0
2026-05-30 19:13:00+00:00,1.34451,1.34451,1.34451,1.34451,0
2026-05-30 19:14:00+00:00,1.34451,1.34451,1.34451,1.34451,0
2026-05-30 19:15:00+00:00,1.34451,1.34451,1.34451,1.34451,0
2026-05-30 19:16:00+00:00,1.34451,1.34451,1.34451,1.34451,0
2026-05-30 19:17:00+00:00,1.34451,1.34451,1.34451,1.34451,0
2026-05-30 19:18:00+00:00,1.34451,1.34451,1.34451,1.34451,0
2026-05-30 19:19:00+00:00,1.34451,1.34451,1.34451,1.34451,0
2026-05-30 19:20:00+00:00,1.34451,1.34451,1.34451,1.34451,0
2026-05-30 19:21:00+00:00,1.34451,1.34451,1.34451,1.34451,0
2026-05-30 19:22:00+00:00,1.34451,1.34451,1.34451,1.34451,0
2026-05-30 19:23:00+00:00,1.34451,1.34451,1.34451,1.34451,0
2026-05-30 19:24:00+00:00,1.34451,1.34451,1.34451,1.34451,0
2026-05-30 19:25:00+00:00,1.34451,1.34451,1.34451,1.34451,0
2026-05-30 19:26:00+00:00,1.34451,1.34451,1.34451,1.34451,0
2026-05-30 19:27:00+00:00,1.34451,1.34451,1.34451,1.34451,0
2026-05-30 19:28:00+00:00,1.34451,1.34451,1.34451,1.34451,0
2026-05-30 19:29:00+00:00,1.34451,1.34451,1.34451,1.34451,0
2026-05-30 19:30:00+00:00,1.34451,1.34451,1.34451,1.34451,0
2026-05-30 19:31:00+00:00,1.34451,1.34451,1.34451,1.34451,0
2026-05-30 19:32:00+00:00,1.34451,1.34451,1.34451,1.34451,0
2026-05-30 19:33:00+00:00,1.34451,1.34451,1.34451,1.34451,0
2026-05-30 19:34:00+00:00,1.34451,1.34451,1.34451,1.34451,0
2026-05-30 19:35:00+00:00,1.34451,1.34451,1.34451,1.34451,0
2026-05-30 19:36:00+00:00,1.34451,1.34451,1.34451,1.34451,0
2026-05-30 19:37:00+00:00,1.34451,1.34451,1.34451,1.34451,0
2026-05-30 19:38:00+00:00,1.34451,1.34451,1.34451,1.34451,0
2026-05-30 19:39:00+00:00,1.34451,1.34451,1.34451,1.34451,0
2026-05-30 19:40:00+00:00,1.34451,1.34451,1.34451,1.34451,0
2026-05-30 19:41:00+00:00,1.34451,1.34451,1.34451,1.34451,0
2026-05-30 19:42:00+00:00,1.34451,1.34451,1.34451,1.34451,0
2026-05-30 19:43:00+00:00,1.34451,1.34451,1.34451,1.34451,0
2026-05-30 19:44:00+00:00,1.34451,1.34451,1.34451,1.34451,0
2026-05-30 19:45:00+00:00,1.34451,1.34451,1.34451,1.34451,0
2026-05-30 19:46:00+00:00,1.34451,1.34451,1.34451,1.34451,0
2026-05-30 19:47:00+00:00,1.34451,1.34451,1.34451,1.34451,0
2026-05-30 19:48:00+00:00,1.34451,1.34451,1.34451,1.34451,0
2026-05-30 19:49:00+00:00,1.34451,1.34451,1.34451,1.34451,0
2026-05-30 19:50:00+00:00,1.34451,1.34451,1.34451,1.34451,0
2026-05-30 19:51:00+00:00,1.34451,1.34451,1.34451,1.34451,0
2026-05-30 19:52:00+00:00,1.34451,1.34451,1.34451,1.34451,0
2026-05-30 19:53:00+00:00,1.34451,1.34451,1.34451,1.34451,0
2026-05-30 19:54:00+00:00,1.34451,1.34451,1.34451,1.34451,0
2026-05-30 19:55:00+00:00,1.34451,1.34451,1.34451,1.34451,0
2026-05-30 19:56:00+00:00,1.34451,1.34451,1.34451,1.34451,0
2026-05-30 19:57:00+00:00,1.34451,1.34451,1.34451,1.34451,0
2026-05-30 19:58:00+00:00,1.34451,1.34451,1.34451,1.34451,0
2026-05-30 19:59:00+00:00,1.34451,1.34451,1.34451,1.34451,0
2026-05-30 20:00:00+00:00,1.34451,1.34451,1.34451,1.34451,0
2026-05-30 20:01:00+00:00,1.34451,1.34451,1.34451,1.34451,0
2026-05-30 20:02:00+00:00,1.34451,1.34451,1.34451,1.34451,0
2026-05-30 20:03:00+00:00,1.34451,1.34451,1.34451,1.34451,0
2026-05-30 20:04:00+00:00,1.34451,1.34451,1.34451,1.34451,0
2026-05-30 20:05:00+00:00,1.34451,1.34451,1.34451,1.34451,0
2026-05-30 20:06:00+00:00,1.34451,1.34451,1.34451,1.34451,0
2026-05-30 20:07:00+00:00,1.34451,1.34451,1.34451,1.34451,0
2026-05-30 20:08:00+00:00,1.34451,1.34451,1.34451,1.34451,0
2026-05-30 20:09:00+00:00,1.34451,1.34451,1.34451,1.34451,0
2026-05-30 20:10:00+00:00,1.34451,1.34451,1.34451,1.34451,0
2026-05-30 20:11:00+00:00,1.34451,1.34451,1.34451,1.34451,0
2026-05-30 20:12:00+00:00,1.34451,1.34451,1.34451,1.34451,0
2026-05-30 20:13:00+00:00,1.34451,1.34451,1.34451,1.34451,0
2026-05-30 20:14:00+00:00,1.34451,1.34451,1.34451,1.34451,0
2026-05-30 20:15:00+00:00,1.34451,1.34451,1.34451,1.34451,0
2026-05-30 20:16:00+00:00,1.34451,1.34451,1.34451,1.34451,0
2026-05-30 20:17:00+00:00,1.34451,1.34451,1.34451,1.34451,0
2026-05-30 20:18:00+00:00,1.34451,1.34451,1.34451,1.34451,0
2026-05-30 20:19:00+00:00,1.34451,1.34451,1.34451,1.34451,0
2026-05-30 20:20:00+00:00,1.34451,1.34451,1.34451,1.34451,0
2026-05-30 20:21:00+00:00,1.34451,1.34451,1.34451,1.34451,0
2026-05-30 20:22:00+00:00,1.34451,1.34451,1.34451,1.34451,0
2026-05-30 20:23:00+00:00,1.34451,1.34451,1.34451,1.34451,0
2026-05-30 20:24:00+00:00,1.34451,1.34451,1.34451,1.34451,0
2026-05-30 20:25:00+00:00,1.34451,1.34451,1.34451,1.34451,0
2026-05-30 20:26:00+00:00,1.34451,1.34451,1.34451,1.34451,0
2026-05-30 20:27:00+00:00,1.34451,1.34451,1.34451,1.34451,0
2026-05-30 20:28:00+00:00,1.34451,1.34451,1.34451,1.34451,0
2026-05-30 20:29:00+00:00,1.34451,1.34451,1.34451,1.34451,0
2026-05-30 20:30:00+00:00,1.34451,1.34451,1.34451,1.34451,0
2026-05-30 20:31:00+00:00,1.34451,1.34451,1.34451,1.34451,0
2026-05-30 20:32:00+00:00,1.34451,1.34451,1.34451,1.34451,0
2026-05-30 20:33:00+00:00,1.34451,1.34451,1.34451,1.34451,0
2026-05-30 20:34:00+00:00,1.34451,1.34451,1.34451,1.34451,0
2026-05-30 20:35:00+00:00,1.34451,1.34451,1.34451,1.34451,0
2026-05-30 20:36:00+00:00,1.34451,1.34451,1.34451,1.34451,0
2026-05-30 20:37:00+00:00,1.34451,1.34451,1.34451,1.34451,0
2026-05-30 20:38:00+00:00,1.34451,1.34451,1.34451,1.34451,0
2026-05-30 20:39:00+00:00,1.34451,1.34451,1.34451,1.34451,0
2026-05-30 20:40:00+00:00,1.34451,1.34451,1.34451,1.34451,0
2026-05-30 20:41:00+00:00,1.34451,1.34451,1.34451,1.34451,0
2026-05-30 20:42:00+00:00,1.34451,1.34451,1.34451,1.34451,0
2026-05-30 20:43:00+00:00,1.34451,1.34451,1.34451,1.34451,0
2026-05-30 20:44:00+00:00,1.34451,1.34451,1.34451,1.34451,0
2026-05-30 20:45:00+00:00,1.34451,1.34451,1.34451,1.34451,0
2026-05-30 20:46:00+00:00,1.34451,1.34451,1.34451,1.34451,0
2026-05-30 20:47:00+00:00,1.34451,1.34451,1.34451,1.34451,0
2026-05-30 20:48:00+00:00,1.34451,1.34451,1.34451,1.34451,0
2026-05-30 20:49:00+00:00,1.34451,1.34451,1.34451,1.34451,0
2026-05-30 20:50:00+00:00,1.34451,1.34451,1.34451,1.34451,0
2026-05-30 20:51:00+00:00,1.34451,1.34451,1.34451,1.34451,0
2026-05-30 20:52:00+00:00,1.34451,1.34451,1.34451,1.34451,0
2026-05-30 20:53:00+00:00,1.34451,1.34451,1.34451,1.34451,0
2026-05-30 20:54:00+00:00,1.34451,1.34451,1.34451,1.34451,0
2026-05-30 20:55:00+00:00,1.34451,1.34451,1.34451,1.34451,0
2026-05-30 20:56:00+00:00,1.34451,1.34451,1.34451,1.34451,0
2026-05-30 20:57:00+00:00,1.34451,1.34451,1.34451,1.34451,0
2026-05-30 20:58:00+00:00,1.34451,1.34451,1.34451,1.34451,0
2026-05-30 20:59:00+00:00,1.34451,1.34451,1.34451,1.34451,0
2026-05-30 21:00:00+00:00,1.34451,1.34451,1.34451,1.34451,0
2026-05-30 21:01:00+00:00,1.34451,1.34451,1.34451,1.34451,0
2026-05-30 21:02:00+00:00,1.34451,1.34451,1.34451,1.34451,0
2026-05-30 21:03:00+00:00,1.34451,1.34451,1.34451,1.34451,0
2026-05-30 21:04:00+00:00,1.34451,1.34451,1.34451,1.34451,0
2026-05-30 21:05:00+00:00,1.34451,1.34451,1.34451,1.34451,0
2026-05-30 21:06:00+00:00,1.34451,1.34451,1.34451,1.34451,0
2026-05-30 21:07:00+00:00,1.34451,1.34451,1.34451,1.34451,0
2026-05-30 21:08:00+00:00,1.34451,1.34451,1.34451,1.34451,0
2026-05-30 21:09:00+00:00,1.34451,1.34451,1.34451,1.34451,0
2026-05-30 21:10:00+00:00,1.34451,1.34451,1.34451,1.34451,0
2026-05-30 21:11:00+00:00,1.34451,1.34451,1.34451,1.34451,0
2026-05-30 21:12:00+00:00,1.34451,1.34451,1.34451,1.34451,0
2026-05-30 21:13:00+00:00,1.34451,1.34451,1.34451,1.34451,0
2026-05-30 21:14:00+00:00,1.34451,1.34451,1.34451,1.34451,0
2026-05-30 21:15:00+00:00,1.34451,1.34451,1.34451,1.34451,0
2026-05-30 21:16:00+00:00,1.34451,1.34451,1.34451,1.34451,0
2026-05-30 21:17:00+00:00,1.34451,1.34451,1.34451,1.34451,0
2026-05-30 21:18:00+00:00,1.34451,1.34451,1.34451,1.34451,0
2026-05-30 21:19:00+00:00,1.34451,1.34451,1.34451,1.34451,0
2026-05-30 21:20:00+00:00,1.34451,1.34451,1.34451,1.34451,0
2026-05-30 21:21:00+00:00,1.34451,1.34451,1.34451,1.34451,0
2026-05-30 21:22:00+00:00,1.34451,1.34451,1.34451,1.34451,0
2026-05-30 21:23:00+00:00,1.34451,1.34451,1.34451,1.34451,0
2026-05-30 21:24:00+00:00,1.34451,1.34451,1.34451,1.34451,0
2026-05-30 21:25:00+00:00,1.34451,1.34451,1.34451,1.34451,0
2026-05-30 21:26:00+00:00,1.34451,1.34451,1.34451,1.34451,0
2026-05-30 21:27:00+00:00,1.34451,1.34451,1.34451,1.34451,0
2026-05-30 21:28:00+00:00,1.34451,1.34451,1.34451,1.34451,0
2026-05-30 21:29:00+00:00,1.34451,1.34451,1.34451,1.34451,0
2026-05-30 21:30:00+00:00,1.34451,1.34451,1.34451,1.34451,0
2026-05-30 21:31:00+00:00,1.34451,1.34451,1.34451,1.34451,0
2026-05-30 21:32:00+00:00,1.34451,1.34451,1.34451,1.34451,0
2026-05-30 21:33:00+00:00,1.34451,1.34451,1.34451,1.34451,0
2026-05-30 21:34:00+00:00,1.34451,1.34451,1.34451,1.34451,0
2026-05-30 21:35:00+00:00,1.34451,1.34451,1.34451,1.34451,0
2026-05-30 21:36:00+00:00,1.34451,1.34451,1.34451,1.34451,0
2026-05-30 21:37:00+00:00,1.34451,1.34451,1.34451,1.34451,0
2026-05-30 21:38:00+00:00,1.34451,1.34451,1.34451,1.34451,0
2026-05-30 21:39:00+00:00,1.34451,1.34451,1.34451,1.34451,0
2026-05-30 21:40:00+00:00,1.34451,1.34451,1.34451,1.34451,0
2026-05-30 21:41:00+00:00,1.34451,1.34451,1.34451,1.34451,0
2026-05-30 21:42:00+00:00,1.34451,1.34451,1.34451,1.34451,0
2026-05-30 21:43:00+00:00,1.34451,1.34451,1.34451,1.34451,0
2026-05-30 21:44:00+00:00,1.34451,1.34451,1.34451,1.34451,0
2026-05-30 21:45:00+00:00,1.34451,1.34451,1.34451,1.34451,0
2026-05-30 21:46:00+00:00,1.34451,1.34451,1.34451,1.34451,0
2026-05-30 21:47:00+00:00,1.34451,1.34451,1.34451,1.34451,0
2026-05-30 21:48:00+00:00,1.34451,1.34451,1.34451,1.34451,0
2026-05-30 21:49:00+00:00,1.34451,1.34451,1.34451,1.34451,0
2026-05-30 21:50:00+00:00,1.34451,1.34451,1.34451,1.34451,0
2026-05-30 21:51:00+00:00,1.34451,1.34451,1.34451,1.34451,0
2026-05-30 21:52:00+00:00,1.34451,1.34451,1.34451,1.34451,0
2026-05-30 21:53:00+00:00,1.34451,1.34451,1.34451,1.34451,0
2026-05-30 21:54:00+00:00,1.34451,1.34451,1.34451,1.34451,0
2026-05-30 21:55:00+00:00,1.34451,1.34451,1.34451,1.34451,0
2026-05-30 21:56:00+00:00,1.34451,1.34451,1.34451,1.34451,0
2026-05-30 21:57:00+00:00,1.34451,1.34451,1.34451,1.34451,0
2026-05-30 21:58:00+00:00,1.34451,1.34451,1.34451,1.34451,0
2026-05-30 21:59:00+00:00,1.34451,1.34451,1.34451,1.34451,0
2026-05-30 22:00:00+00:00,1.34451,1.34451,1.34451,1.34451,0
2026-05-30 22:01:00+00:00,1.34451,1.34451,1.34451,1.34451,0
2026-05-30 22:02:00+00:00,1.34451,1.34451,1.34451,1.34451,0
2026-05-30 22:03:00+00:00,1.34451,1.34451,1.34451,1.34451,0
2026-05-30 22:04:00+00:00,1.34451,1.34451,1.34451,1.34451,0
2026-05-30 22:05:00+00:00,1.34451,1.34451,1.34451,1.34451,0
2026-05-30 22:06:00+00:00,1.34451,1.34451,1.34451,1.34451,0
2026-05-30 22:07:00+00:00,1.34451,1.34451,1.34451,1.34451,0
2026-05-30 22:08:00+00:00,1.34451,1.34451,1.34451,1.34451,0
2026-05-30 22:09:00+00:00,1.34451,1.34451,1.34451,1.34451,0
2026-05-30 22:10:00+00:00,1.34451,1.34451,1.34451,1.34451,0
2026-05-30 22:11:00+00:00,1.34451,1.34451,1.34451,1.34451,0
2026-05-30 22:12:00+00:00,1.34451,1.34451,1.34451,1.34451,0
2026-05-30 22:13:00+00:00,1.34451,1.34451,1.34451,1.34451,0
2026-05-30 22:14:00+00:00,1.34451,1.34451,1.34451,1.34451,0
2026-05-30 22:15:00+00:00,1.34451,1.34451,1.34451,1.34451,0
2026-05-30 22:16:00+00:00,1.34451,1.34451,1.34451,1.34451,0
2026-05-30 22:17:00+00:00,1.34451,1.34451,1.34451,1.34451,0
2026-05-30 22:18:00+00:00,1.34451,1.34451,1.34451,1.34451,0
2026-05-30 22:19:00+00:00,1.34451,1.34451,1.34451,1.34451,0
2026-05-30 22:20:00+00:00,1.34451,1.34451,1.34451,1.34451,0
2026-05-30 22:21:00+00:00,1.34451,1.34451,1.34451,1.34451,0
2026-05-30 22:22:00+00:00,1.34451,1.34451,1.34451,1.34451,0
2026-05-30 22:23:00+00:00,1.34451,1.34451,1.34451,1.34451,0
2026-05-30 22:24:00+00:00,1.34451,1.34451,1.34451,1.34451,0
2026-05-30 22:25:00+00:00,1.34451,1.34451,1.34451,1.34451,0
2026-05-30 22:26:00+00:00,1.34451,1.34451,1.34451,1.34451,0
2026-05-30 22:27:00+00:00,1.34451,1.34451,1.34451,1.34451,0
2026-05-30 22:28:00+00:00,1.34451,1.34451,1.34451,1.34451,0
2026-05-30 22:29:00+00:00,1.34451,1.34451,1.34451,1.34451,0
2026-05-30 22:30:00+00:00,1.34451,1.34451,1.34451,1.34451,0
2026-05-30 22:31:00+00:00,1.34451,1.34451,1.34451,1.34451,0
2026-05-30 22:32:00+00:00,1.34451,1.34451,1.34451,1.34451,0
2026-05-30 22:33:00+00:00,1.34451,1.34451,1.34451,1.34451,0
2026-05-30 22:34:00+00:00,1.34451,1.34451,1.34451,1.34451,0
2026-05-30 22:35:00+00:00,1.34451,1.34451,1.34451,1.34451,0
2026-05-30 22:36:00+00:00,1.34451,1.34451,1.34451,1.34451,0
2026-05-30 22:37:00+00:00,1.34451,1.34451,1.34451,1.34451,0
2026-05-30 22:38:00+00:00,1.34451,1.34451,1.34451,1.34451,0
2026-05-30 22:39:00+00:00,1.34451,1.34451,1.34451,1.34451,0
2026-05-30 22:40:00+00:00,1.34451,1.34451,1.34451,1.34451,0
2026-05-30 22:41:00+00:00,1.34451,1.34451,1.34451,1.34451,0
2026-05-30 22:42:00+00:00,1.34451,1.34451,1.34451,1.34451,0
2026-05-30 22:43:00+00:00,1.34451,1.34451,1.34451,1.34451,0
2026-05-30 22:44:00+00:00,1.34451,1.34451,1.34451,1.34451,0
2026-05-30 22:45:00+00:00,1.34451,1.34451,1.34451,1.34451,0
2026-05-30 22:46:00+00:00,1.34451,1.34451,1.34451,1.34451,0
2026-05-30 22:47:00+00:00,1.34451,1.34451,1.34451,1.34451,0
2026-05-30 22:48:00+00:00,1.34451,1.34451,1.34451,1.34451,0
2026-05-30 22:49:00+00:00,1.34451,1.34451,1.34451,1.34451,0
2026-05-30 22:50:00+00:00,1.34451,1.34451,1.34451,1.34451,0
2026-05-30 22:51:00+00:00,1.34451,1.34451,1.34451,1.34451,0
2026-05-30 22:52:00+00:00,1.34451,1.34451,1.34451,1.34451,0
2026-05-30 22:53:00+00:00,1.34451,1.34451,1.34451,1.34451,0
2026-05-30 22:54:00+00:00,1.34451,1.34451,1.34451,1.34451,0
2026-05-30 22:55:00+00:00,1.34451,1.34451,1.34451,1.34451,0
2026-05-30 22:56:00+00:00,1.34451,1.34451,1.34451,1.34451,0
2026-05-30 22:57:00+00:00,1.34451,1.34451,1.34451,1.34451,0
2026-05-30 22:58:00+00:00,1.34451,1.34451,1.34451,1.34451,0
2026-05-30 22:59:00+00:00,1.34451,1.34451,1.34451,1.34451,0
2026-05-30 23:00:00+00:00,1.34451,1.34451,1.34451,1.34451,0
2026-05-30 23:01:00+00:00,1.34451,1.34451,1.34451,1.34451,0
2026-05-30 23:02:00+00:00,1.34451,1.34451,1.34451,1.34451,0
2026-05-30 23:03:00+00:00,1.34451,1.34451,1.34451,1.34451,0
2026-05-30 23:04:00+00:00,1.34451,1.34451,1.34451,1.34451,0
2026-05-30 23:05:00+00:00,1.34451,1.34451,1.34451,1.34451,0
2026-05-30 23:06:00+00:00,1.34451,1.34451,1.34451,1.34451,0
2026-05-30 23:07:00+00:00,1.34451,1.34451,1.34451,1.34451,0
2026-05-30 23:08:00+00:00,1.34451,1.34451,1.34451,1.34451,0
2026-05-30 23:09:00+00:00,1.34451,1.34451,1.34451,1.34451,0
2026-05-30 23:10:00+00:00,1.34451,1.34451,1.34451,1.34451,0
2026-05-30 23:11:00+00:00,1.34451,1.34451,1.34451,1.34451,0
2026-05-30 23:12:00+00:00,1.34451,1.34451,1.34451,1.34451,0
2026-05-30 23:13:00+00:00,1.34451,1.34451,1.34451,1.34451,0
2026-05-30 23:14:00+00:00,1.34451,1.34451,1.34451,1.34451,0
2026-05-30 23:15:00+00:00,1.34451,1.34451,1.34451,1.34451,0
2026-05-30 23:16:00+00:00,1.34451,1.34451,1.34451,1.34451,0
2026-05-30 23:17:00+00:00,1.34451,1.34451,1.34451,1.34451,0
2026-05-30 23:18:00+00:00,1.34451,1.34451,1.34451,1.34451,0
2026-05-30 23:19:00+00:00,1.34451,1.34451,1.34451,1.34451,0
2026-05-30 23:20:00+00:00,1.34451,1.34451,1.34451,1.34451,0
2026-05-30 23:21:00+00:00,1.34451,1.34451,1.34451,1.34451,0
2026-05-30 23:22:00+00:00,1.34451,1.34451,1.34451,1.34451,0
2026-05-30 23:23:00+00:00,1.34451,1.34451,1.34451,1.34451,0
2026-05-30 23:24:00+00:00,1.34451,1.34451,1.34451,1.34451,0
2026-05-30 23:25:00+00:00,1.34451,1.34451,1.34451,1.34451,0
2026-05-30 23:26:00+00:00,1.34451,1.34451,1.34451,1.34451,0
2026-05-30 23:27:00+00:00,1.34451,1.34451,1.34451,1.34451,0
2026-05-30 23:28:00+00:00,1.34451,1.34451,1.34451,1.34451,0
2026-05-30 23:29:00+00:00,1.34451,1.34451,1.34451,1.34451,0
2026-05-30 23:30:00+00:00,1.34451,1.34451,1.34451,1.34451,0
2026-05-30 23:31:00+00:00,1.34451,1.34451,1.34451,1.34451,0
2026-05-30 23:32:00+00:00,1.34451,1.34451,1.34451,1.34451,0
2026-05-30 23:33:00+00:00,1.34451,1.34451,1.34451,1.34451,0
2026-05-30 23:34:00+00:00,1.34451,1.34451,1.34451,1.34451,0
2026-05-30 23:35:00+00:00,1.34451,1.34451,1.34451,1.34451,0
2026-05-30 23:36:00+00:00,1.34451,1.34451,1.34451,1.34451,0
2026-05-30 23:37:00+00:00,1.34451,1.34451,1.34451,1.34451,0
2026-05-30 23:38:00+00:00,1.34451,1.34451,1.34451,1.34451,0
2026-05-30 23:39:00+00:00,1.34451,1.34451,1.34451,1.34451,0
2026-05-30 23:40:00+00:00,1.34451,1.34451,1.34451,1.34451,0
2026-05-30 23:41:00+00:00,1.34451,1.34451,1.34451,1.34451,0
2026-05-30 23:42:00+00:00,1.34451,1.34451,1.34451,1.34451,0
2026-05-30 23:43:00+00:00,1.34451,1.34451,1.34451,1.34451,0
2026-05-30 23:44:00+00:00,1.34451,1.34451,1.34451,1.34451,0
2026-05-30 23:45:00+00:00,1.34451,1.34451,1.34451,1.34451,0
2026-05-30 23:46:00+00:00,1.34451,1.34451,1.34451,1.34451,0
2026-05-30 23:47:00+00:00,1.34451,1.34451,1.34451,1.34451,0
2026-05-30 23:48:00+00:00,1.34451,1.34451,1.34451,1.34451,0
2026-05-30 23:49:00+00:00,1.34451,1.34451,1.34451,1.34451,0
2026-05-30 23:50:00+00:00,1.34451,1.34451,1.34451,1.34451,0
2026-05-30 23:51:00+00:00,1.34451,1.34451,1.34451,1.34451,0
2026-05-30 23:52:00+00:00,1.34451,1.34451,1.34451,1.34451,0
2026-05-30 23:53:00+00:00,1.34451,1.34451,1.34451,1.34451,0
2026-05-30 23:54:00+00:00,1.34451,1.34451,1.34451,1.34451,0
2026-05-30 23:55:00+00:00,1.34451,1.34451,1.34451,1.34451,0
2026-05-30 23:56:00+00:00,1.34451,1.34451,1.34451,1.34451,0
2026-05-30 23:57:00+00:00,1.34451,1.34451,1.34451,1.34451,0
2026-05-30 23:58:00+00:00,1.34451,1.34451,1.34451,1.34451,0
2026-05-30 23:59:00+00:00,1.34451,1.34451,1.34451,1.34451,0
2026-05-31 00:00:00+00:00,1.34451,1.34451,1.34451,1.34451,0
2026-05-31 00:01:00+00:00,1.34451,1.34451,1.34451,1.34451,0
2026-05-31 00:02:00+00:00,1.34451,1.34451,1.34451,1.34451,0
2026-05-31 00:03:00+00:00,1.34451,1.34451,1.34451,1.34451,0
2026-05-31 00:04:00+00:00,1.34451,1.34451,1.34451,1.34451,0
2026-05-31 00:05:00+00:00,1.34451,1.34451,1.34451,1.34451,0
2026-05-31 00:06:00+00:00,1.34451,1.34451,1.34451,1.34451,0
2026-05-31 00:07:00+00:00,1.34451,1.34451,1.34451,1.34451,0
2026-05-31 00:08:00+00:00,1.34451,1.34451,1.34451,1.34451,0
2026-05-31 00:09:00+00:00,1.34451,1.34451,1.34451,1.34451,0
2026-05-31 00:10:00+00:00,1.34451,1.34451,1.34451,1.34451,0
2026-05-31 00:11:00+00:00,1.34451,1.34451,1.34451,1.34451,0
2026-05-31 00:12:00+00:00,1.34451,1.34451,1.34451,1.34451,0
2026-05-31 00:13:00+00:00,1.34451,1.34451,1.34451,1.34451,0
2026-05-31 00:14:00+00:00,1.34451,1.34451,1.34451,1.34451,0
2026-05-31 00:15:00+00:00,1.34451,1.34451,1.34451,1.34451,0
2026-05-31 00:16:00+00:00,1.34451,1.34451,1.34451,1.34451,0
2026-05-31 00:17:00+00:00,1.34451,1.34451,1.34451,1.34451,0
2026-05-31 00:18:00+00:00,1.34451,1.34451,1.34451,1.34451,0
2026-05-31 00:19:00+00:00,1.34451,1.34451,1.34451,1.34451,0
2026-05-31 00:20:00+00:00,1.34451,1.34451,1.34451,1.34451,0
2026-05-31 00:21:00+00:00,1.34451,1.34451,1.34451,1.34451,0
2026-05-31 00:22:00+00:00,1.34451,1.34451,1.34451,1.34451,0
2026-05-31 00:23:00+00:00,1.34451,1.34451,1.34451,1.34451,0
2026-05-31 00:24:00+00:00,1.34451,1.34451,1.34451,1.34451,0
2026-05-31 00:25:00+00:00,1.34451,1.34451,1.34451,1.34451,0
2026-05-31 00:26:00+00:00,1.34451,1.34451,1.34451,1.34451,0
2026-05-31 00:27:00+00:00,1.34451,1.34451,1.34451,1.34451,0
2026-05-31 00:28:00+00:00,1.34451,1.34451,1.34451,1.34451,0
2026-05-31 00:29:00+00:00,1.34451,1.34451,1.34451,1.34451,0
2026-05-31 00:30:00+00:00,1.34451,1.34451,1.34451,1.34451,0
2026-05-31 00:31:00+00:00,1.34451,1.34451,1.34451,1.34451,0
2026-05-31 00:32:00+00:00,1.34451,1.34451,1.34451,1.34451,0
2026-05-31 00:33:00+00:00,1.34451,1.34451,1.34451,1.34451,0
2026-05-31 00:34:00+00:00,1.34451,1.34451,1.34451,1.34451,0
2026-05-31 00:35:00+00:00,1.34451,1.34451,1.34451,1.34451,0
2026-05-31 00:36:00+00:00,1.34451,1.34451,1.34451,1.34451,0
2026-05-31 00:37:00+00:00,1.34451,1.34451,1.34451,1.34451,0
2026-05-31 00:38:00+00:00,1.34451,1.34451,1.34451,1.34451,0
2026-05-31 00:39:00+00:00,1.34451,1.34451,1.34451,1.34451,0
2026-05-31 00:40:00+00:00,1.34451,1.34451,1.34451,1.34451,0
2026-05-31 00:41:00+00:00,1.34451,1.34451,1.34451,1.34451,0
2026-05-31 00:42:00+00:00,1.34451,1.34451,1.34451,1.34451,0
2026-05-31 00:43:00+00:00,1.34451,1.34451,1.34451,1.34451,0
2026-05-31 00:44:00+00:00,1.34451,1.34451,1.34451,1.34451,0
2026-05-31 00:45:00+00:00,1.34451,1.34451,1.34451,1.34451,0
2026-05-31 00:46:00+00:00,1.34451,1.34451,1.34451,1.34451,0
2026-05-31 00:47:00+00:00,1.34451,1.34451,1.34451,1.34451,0
2026-05-31 00:48:00+00:00,1.34451,1.34451,1.34451,1.34451,0
2026-05-31 00:49:00+00:00,1.34451,1.34451,1.34451,1.34451,0
2026-05-31 00:50:00+00:00,1.34451,1.34451,1.34451,1.34451,0
2026-05-31 00:51:00+00:00,1.34451,1.34451,1.34451,1.34451,0
2026-05-31 00:52:00+00:00,1.34451,1.34451,1.34451,1.34451,0
2026-05-31 00:53:00+00:00,1.34451,1.34451,1.34451,1.34451,0
2026-05-31 00:54:00+00:00,1.34451,1.34451,1.34451,1.34451,0
2026-05-31 00:55:00+00:00,1.34451,1.34451,1.34451,1.34451,0
2026-05-31 00:56:00+00:00,1.34451,1.34451,1.34451,1.34451,0
2026-05-31 00:57:00+00:00,1.34451,1.34451,1.34451,1.34451,0
2026-05-31 00:58:00+00:00,1.34451,1.34451,1.34451,1.34451,0
2026-05-31 00:59:00+00:00,1.34451,1.34451,1.34451,1.34451,0
2026-05-31 01:00:00+00:00,1.34451,1.34451,1.34451,1.34451,0
2026-05-31 01:01:00+00:00,1.34451,1.34451,1.34451,1.34451,0
2026-05-31 01:02:00+00:00,1.34451,1.34451,1.34451,1.34451,0
2026-05-31 01:03:00+00:00,1.34451,1.34451,1.34451,1.34451,0
2026-05-31 01:04:00+00:00,1.34451,1.34451,1.34451,1.34451,0
2026-05-31 01:05:00+00:00,1.34451,1.34451,1.34451,1.34451,0
2026-05-31 01:06:00+00:00,1.34451,1.34451,1.34451,1.34451,0
2026-05-31 01:07:00+00:00,1.34451,1.34451,1.34451,1.34451,0
2026-05-31 01:08:00+00:00,1.34451,1.34451,1.34451,1.34451,0
2026-05-31 01:09:00+00:00,1.34451,1.34451,1.34451,1.34451,0
2026-05-31 01:10:00+00:00,1.34451,1.34451,1.34451,1.34451,0
2026-05-31 01:11:00+00:00,1.34451,1.34451,1.34451,1.34451,0
2026-05-31 01:12:00+00:00,1.34451,1.34451,1.34451,1.34451,0
2026-05-31 01:13:00+00:00,1.34451,1.34451,1.34451,1.34451,0
2026-05-31 01:14:00+00:00,1.34451,1.34451,1.34451,1.34451,0
2026-05-31 01:15:00+00:00,1.34451,1.34451,1.34451,1.34451,0
2026-05-31 01:16:00+00:00,1.34451,1.34451,1.34451,1.34451,0
2026-05-31 01:17:00+00:00,1.34451,1.34451,1.34451,1.34451,0
2026-05-31 01:18:00+00:00,1.34451,1.34451,1.34451,1.34451,0
2026-05-31 01:19:00+00:00,1.34451,1.34451,1.34451,1.34451,0
2026-05-31 01:20:00+00:00,1.34451,1.34451,1.34451,1.34451,0
2026-05-31 01:21:00+00:00,1.34451,1.34451,1.34451,1.34451,0
2026-05-31 01:22:00+00:00,1.34451,1.34451,1.34451,1.34451,0
2026-05-31 01:23:00+00:00,1.34451,1.34451,1.34451,1.34451,0
2026-05-31 01:24:00+00:00,1.34451,1.34451,1.34451,1.34451,0
2026-05-31 01:25:00+00:00,1.34451,1.34451,1.34451,1.34451,0
2026-05-31 01:26:00+00:00,1.34451,1.34451,1.34451,1.34451,0
2026-05-31 01:27:00+00:00,1.34451,1.34451,1.34451,1.34451,0
2026-05-31 01:28:00+00:00,1.34451,1.34451,1.34451,1.34451,0
2026-05-31 01:29:00+00:00,1.34451,1.34451,1.34451,1.34451,0
2026-05-31 01:30:00+00:00,1.34451,1.34451,1.34451,1.34451,0
2026-05-31 01:31:00+00:00,1.34451,1.34451,1.34451,1.34451,0
2026-05-31 01:32:00+00:00,1.34451,1.34451,1.34451,1.34451,0
2026-05-31 01:33:00+00:00,1.34451,1.34451,1.34451,1.34451,0
2026-05-31 01:34:00+00:00,1.34451,1.34451,1.34451,1.34451,0
2026-05-31 01:35:00+00:00,1.34451,1.34451,1.34451,1.34451,0
2026-05-31 01:36:00+00:00,1.34451,1.34451,1.34451,1.34451,0
2026-05-31 01:37:00+00:00,1.34451,1.34451,1.34451,1.34451,0
2026-05-31 01:38:00+00:00,1.34451,1.34451,1.34451,1.34451,0
2026-05-31 01:39:00+00:00,1.34451,1.34451,1.34451,1.34451,0
2026-05-31 01:40:00+00:00,1.34451,1.34451,1.34451,1.34451,0
2026-05-31 01:41:00+00:00,1.34451,1.34451,1.34451,1.34451,0
2026-05-31 01:42:00+00:00,1.34451,1.34451,1.34451,1.34451,0
2026-05-31 01:43:00+00:00,1.34451,1.34451,1.34451,1.34451,0
2026-05-31 01:44:00+00:00,1.34451,1.34451,1.34451,1.34451,0
2026-05-31 01:45:00+00:00,1.34451,1.34451,1.34451,1.34451,0
2026-05-31 01:46:00+00:00,1.34451,1.34451,1.34451,1.34451,0
2026-05-31 01:47:00+00:00,1.34451,1.34451,1.34451,1.34451,0
2026-05-31 01:48:00+00:00,1.34451,1.34451,1.34451,1.34451,0
2026-05-31 01:49:00+00:00,1.34451,1.34451,1.34451,1.34451,0
2026-05-31 01:50:00+00:00,1.34451,1.34451,1.34451,1.34451,0
2026-05-31 01:51:00+00:00,1.34451,1.34451,1.34451,1.34451,0
2026-05-31 01:52:00+00:00,1.34451,1.34451,1.34451,1.34451,0
2026-05-31 01:53:00+00:00,1.34451,1.34451,1.34451,1.34451,0
2026-05-31 01:54:00+00:00,1.34451,1.34451,1.34451,1.34451,0
2026-05-31 01:55:00+00:00,1.34451,1.34451,1.34451,1.34451,0
2026-05-31 01:56:00+00:00,1.34451,1.34451,1.34451,1.34451,0
2026-05-31 01:57:00+00:00,1.34451,1.34451,1.34451,1.34451,0
2026-05-31 01:58:00+00:00,1.34451,1.34451,1.34451,1.34451,0
2026-05-31 01:59:00+00:00,1.34451,1.34451,1.34451,1.34451,0
2026-05-31 02:00:00+00:00,1.34451,1.34451,1.34451,1.34451,0
2026-05-31 02:01:00+00:00,1.34451,1.34451,1.34451,1.34451,0
2026-05-31 02:02:00+00:00,1.34451,1.34451,1.34451,1.34451,0
2026-05-31 02:03:00+00:00,1.34451,1.34451,1.34451,1.34451,0
2026-05-31 02:04:00+00:00,1.34451,1.34451,1.34451,1.34451,0
2026-05-31 02:05:00+00:00,1.34451,1.34451,1.34451,1.34451,0
2026-05-31 02:06:00+00:00,1.34451,1.34451,1.34451,1.34451,0
2026-05-31 02:07:00+00:00,1.34451,1.34451,1.34451,1.34451,0
2026-05-31 02:08:00+00:00,1.34451,1.34451,1.34451,1.34451,0
2026-05-31 02:09:00+00:00,1.34451,1.34451,1.34451,1.34451,0
2026-05-31 02:10:00+00:00,1.34451,1.34451,1.34451,1.34451,0
2026-05-31 02:11:00+00:00,1.34451,1.34451,1.34451,1.34451,0
2026-05-31 02:12:00+00:00,1.34451,1.34451,1.34451,1.34451,0
2026-05-31 02:13:00+00:00,1.34451,1.34451,1.34451,1.34451,0
2026-05-31 02:14:00+00:00,1.34451,1.34451,1.34451,1.34451,0
2026-05-31 02:15:00+00:00,1.34451,1.34451,1.34451,1.34451,0
2026-05-31 02:16:00+00:00,1.34451,1.34451,1.34451,1.34451,0
2026-05-31 02:17:00+00:00,1.34451,1.34451,1.34451,1.34451,0
2026-05-31 02:18:00+00:00,1.34451,1.34451,1.34451,1.34451,0
2026-05-31 02:19:00+00:00,1.34451,1.34451,1.34451,1.34451,0
2026-05-31 02:20:00+00:00,1.34451,1.34451,1.34451,1.34451,0
2026-05-31 02:21:00+00:00,1.34451,1.34451,1.34451,1.34451,0
2026-05-31 02:22:00+00:00,1.34451,1.34451,1.34451,1.34451,0
2026-05-31 02:23:00+00:00,1.34451,1.34451,1.34451,1.34451,0
2026-05-31 02:24:00+00:00,1.34451,1.34451,1.34451,1.34451,0
2026-05-31 02:25:00+00:00,1.34451,1.34451,1.34451,1.34451,0
2026-05-31 02:26:00+00:00,1.34451,1.34451,1.34451,1.34451,0
2026-05-31 02:27:00+00:00,1.34451,1.34451,1.34451,1.34451,0
2026-05-31 02:28:00+00:00,1.34451,1.34451,1.34451,1.34451,0
2026-05-31 02:29:00+00:00,1.34451,1.34451,1.34451,1.34451,0
2026-05-31 02:30:00+00:00,1.34451,1.34451,1.34451,1.34451,0
2026-05-31 02:31:00+00:00,1.34451,1.34451,1.34451,1.34451,0
2026-05-31 02:32:00+00:00,1.34451,1.34451,1.34451,1.34451,0
2026-05-31 02:33:00+00:00,1.34451,1.34451,1.34451,1.34451,0
2026-05-31 02:34:00+00:00,1.34451,1.34451,1.34451,1.34451,0
2026-05-31 02:35:00+00:00,1.34451,1.34451,1.34451,1.34451,0
2026-05-31 02:36:00+00:00,1.34451,1.34451,1.34451,1.34451,0
2026-05-31 02:37:00+00:00,1.34451,1.34451,1.34451,1.34451,0
2026-05-31 02:38:00+00:00,1.34451,1.34451,1.34451,1.34451,0
2026-05-31 02:39:00+00:00,1.34451,1.34451,1.34451,1.34451,0
2026-05-31 02:40:00+00:00,1.34451,1.34451,1.34451,1.34451,0
2026-05-31 02:41:00+00:00,1.34451,1.34451,1.34451,1.34451,0
2026-05-31 02:42:00+00:00,1.34451,1.34451,1.34451,1.34451,0
2026-05-31 02:43:00+00:00,1.34451,1.34451,1.34451,1.34451,0
2026-05-31 02:44:00+00:00,1.34451,1.34451,1.34451,1.34451,0
2026-05-31 02:45:00+00:00,1.34451,1.34451,1.34451,1.34451,0
2026-05-31 02:46:00+00:00,1.34451,1.34451,1.34451,1.34451,0
2026-05-31 02:47:00+00:00,1.34451,1.34451,1.34451,1.34451,0
2026-05-31 02:48:00+00:00,1.34451,1.34451,1.34451,1.34451,0
2026-05-31 02:49:00+00:00,1.34451,1.34451,1.34451,1.34451,0
2026-05-31 02:50:00+00:00,1.34451,1.34451,1.34451,1.34451,0
2026-05-31 02:51:00+00:00,1.34451,1.34451,1.34451,1.34451,0
2026-05-31 02:52:00+00:00,1.34451,1.34451,1.34451,1.34451,0
2026-05-31 02:53:00+00:00,1.34451,1.34451,1.34451,1.34451,0
2026-05-31 02:54:00+00:00,1.34451,1.34451,1.34451,1.34451,0
2026-05-31 02:55:00+00:00,1.34451,1.34451,1.34451,1.34451,0
2026-05-31 02:56:00+00:00,1.34451,1.34451,1.34451,1.34451,0
2026-05-31 02:57:00+00:00,1.34451,1.34451,1.34451,1.34451,0
2026-05-31 02:58:00+00:00,1.34451,1.34451,1.34451,1.34451,0
2026-05-31 02:59:00+00:00,1.34451,1.34451,1.34451,1.34451,0
2026-05-31 03:00:00+00:00,1.34451,1.34451,1.34451,1.34451,0
2026-05-31 03:01:00+00:00,1.34451,1.34451,1.34451,1.34451,0
2026-05-31 03:02:00+00:00,1.34451,1.34451,1.34451,1.34451,0
2026-05-31 03:03:00+00:00,1.34451,1.34451,1.34451,1.34451,0
2026-05-31 03:04:00+00:00,1.34451,1.34451,1.34451,1.34451,0
2026-05-31 03:05:00+00:00,1.34451,1.34451,1.34451,1.34451,0
2026-05-31 03:06:00+00:00,1.34451,1.34451,1.34451,1.34451,0
2026-05-31 03:07:00+00:00,1.34451,1.34451,1.34451,1.34451,0
2026-05-31 03:08:00+00:00,1.34451,1.34451,1.34451,1.34451,0
2026-05-31 03:09:00+00:00,1.34451,1.34451,1.34451,1.34451,0
2026-05-31 03:10:00+00:00,1.34451,1.34451,1.34451,1.34451,0
2026-05-31 03:11:00+00:00,1.34451,1.34451,1.34451,1.34451,0
2026-05-31 03:12:00+00:00,1.34451,1.34451,1.34451,1.34451,0
2026-05-31 03:13:00+00:00,1.34451,1.34451,1.34451,1.34451,0
2026-05-31 03:14:00+00:00,1.34451,1.34451,1.34451,1.34451,0
2026-05-31 03:15:00+00:00,1.34451,1.34451,1.34451,1.34451,0
2026-05-31 03:16:00+00:00,1.34451,1.34451,1.34451,1.34451,0
2026-05-31 03:17:00+00:00,1.34451,1.34451,1.34451,1.34451,0
2026-05-31 03:18:00+00:00,1.34451,1.34451,1.34451,1.34451,0
2026-05-31 03:19:00+00:00,1.34451,1.34451,1.34451,1.34451,0
2026-05-31 03:20:00+00:00,1.34451,1.34451,1.34451,1.34451,0
2026-05-31 03:21:00+00:00,1.34451,1.34451,1.34451,1.34451,0
2026-05-31 03:22:00+00:00,1.34451,1.34451,1.34451,1.34451,0
2026-05-31 03:23:00+00:00,1.34451,1.34451,1.34451,1.34451,0
2026-05-31 03:24:00+00:00,1.34451,1.34451,1.34451,1.34451,0
2026-05-31 03:25:00+00:00,1.34451,1.34451,1.34451,1.34451,0
2026-05-31 03:26:00+00:00,1.34451,1.34451,1.34451,1.34451,0
2026-05-31 03:27:00+00:00,1.34451,1.34451,1.34451,1.34451,0
2026-05-31 03:28:00+00:00,1.34451,1.34451,1.34451,1.34451,0
2026-05-31 03:29:00+00:00,1.34451,1.34451,1.34451,1.34451,0
2026-05-31 03:30:00+00:00,1.34451,1.34451,1.34451,1.34451,0
2026-05-31 03:31:00+00:00,1.34451,1.34451,1.34451,1.34451,0
2026-05-31 03:32:00+00:00,1.34451,1.34451,1.34451,1.34451,0
2026-05-31 03:33:00+00:00,1.34451,1.34451,1.34451,1.34451,0
2026-05-31 03:34:00+00:00,1.34451,1.34451,1.34451,1.34451,0
2026-05-31 03:35:00+00:00,1.34451,1.34451,1.34451,1.34451,0
2026-05-31 03:36:00+00:00,1.34451,1.34451,1.34451,1.34451,0
2026-05-31 03:37:00+00:00,1.34451,1.34451,1.34451,1.34451,0
2026-05-31 03:38:00+00:00,1.34451,1.34451,1.34451,1.34451,0
2026-05-31 03:39:00+00:00,1.34451,1.34451,1.34451,1.34451,0
2026-05-31 03:40:00+00:00,1.34451,1.34451,1.34451,1.34451,0
2026-05-31 03:41:00+00:00,1.34451,1.34451,1.34451,1.34451,0
2026-05-31 03:42:00+00:00,1.34451,1.34451,1.34451,1.34451,0
2026-05-31 03:43:00+00:00,1.34451,1.34451,1.34451,1.34451,0
2026-05-31 03:44:00+00:00,1.34451,1.34451,1.34451,1.34451,0
2026-05-31 03:45:00+00:00,1.34451,1.34451,1.34451,1.34451,0
2026-05-31 03:46:00+00:00,1.34451,1.34451,1.34451,1.34451,0
2026-05-31 03:47:00+00:00,1.34451,1.34451,1.34451,1.34451,0
2026-05-31 03:48:00+00:00,1.34451,1.34451,1.34451,1.34451,0
2026-05-31 03:49:00+00:00,1.34451,1.34451,1.34451,1.34451,0
2026-05-31 03:50:00+00:00,1.34451,1.34451,1.34451,1.34451,0
2026-05-31 03:51:00+00:00,1.34451,1.34451,1.34451,1.34451,0
2026-05-31 03:52:00+00:00,1.34451,1.34451,1.34451,1.34451,0
2026-05-31 03:53:00+00:00,1.34451,1.34451,1.34451,1.34451,0
2026-05-31 03:54:00+00:00,1.34451,1.34451,1.34451,1.34451,0
2026-05-31 03:55:00+00:00,1.34451,1.34451,1.34451,1.34451,0
2026-05-31 03:56:00+00:00,1.34451,1.34451,1.34451,1.34451,0
2026-05-31 03:57:00+00:00,1.34451,1.34451,1.34451,1.34451,0
2026-05-31 03:58:00+00:00,1.34451,1.34451,1.34451,1.34451,0
2026-05-31 03:59:00+00:00,1.34451,1.34451,1.34451,1.34451,0
2026-05-31 04:00:00+00:00,1.34451,1.34451,1.34451,1.34451,0
2026-05-31 04:01:00+00:00,1.34451,1.34451,1.34451,1.34451,0
2026-05-31 04:02:00+00:00,1.34451,1.34451,1.34451,1.34451,0
2026-05-31 04:03:00+00:00,1.34451,1.34451,1.34451,1.34451,0
2026-05-31 04:04:00+00:00,1.34451,1.34451,1.34451,1.34451,0
2026-05-31 04:05:00+00:00,1.34451,1.34451,1.34451,1.34451,0
2026-05-31 04:06:00+00:00,1.34451,1.34451,1.34451,1.34451,0
2026-05-31 04:07:00+00:00,1.34451,1.34451,1.34451,1.34451,0
2026-05-31 04:08:00+00:00,1.34451,1.34451,1.34451,1.34451,0
2026-05-31 04:09:00+00:00,1.34451,1.34451,1.34451,1.34451,0
2026-05-31 04:10:00+00:00,1.34451,1.34451,1.34451,1.34451,0
2026-05-31 04:11:00+00:00,1.34451,1.34451,1.34451,1.34451,0
2026-05-31 04:12:00+00:00,1.34451,1.34451,1.34451,1.34451,0
2026-05-31 04:13:00+00:00,1.34451,1.34451,1.34451,1.34451,0
2026-05-31 04:14:00+00:00,1.34451,1.34451,1.34451,1.34451,0
2026-05-31 04:15:00+00:00,1.34451,1.34451,1.34451,1.34451,0
2026-05-31 04:16:00+00:00,1.34451,1.34451,1.34451,1.34451,0
2026-05-31 04:17:00+00:00,1.34451,1.34451,1.34451,1.34451,0
2026-05-31 04:18:00+00:00,1.34451,1.34451,1.34451,1.34451,0
2026-05-31 04:19:00+00:00,1.34451,1.34451,1.34451,1.34451,0
2026-05-31 04:20:00+00:00,1.34451,1.34451,1.34451,1.34451,0
2026-05-31 04:21:00+00:00,1.34451,1.34451,1.34451,1.34451,0
2026-05-31 04:22:00+00:00,1.34451,1.34451,1.34451,1.34451,0
2026-05-31 04:23:00+00:00,1.34451,1.34451,1.34451,1.34451,0
2026-05-31 04:24:00+00:00,1.34451,1.34451,1.34451,1.34451,0
2026-05-31 04:25:00+00:00,1.34451,1.34451,1.34451,1.34451,0
2026-05-31 04:26:00+00:00,1.34451,1.34451,1.34451,1.34451,0
2026-05-31 04:27:00+00:00,1.34451,1.34451,1.34451,1.34451,0
2026-05-31 04:28:00+00:00,1.34451,1.34451,1.34451,1.34451,0
2026-05-31 04:29:00+00:00,1.34451,1.34451,1.34451,1.34451,0
2026-05-31 04:30:00+00:00,1.34451,1.34451,1.34451,1.34451,0
2026-05-31 04:31:00+00:00,1.34451,1.34451,1.34451,1.34451,0
2026-05-31 04:32:00+00:00,1.34451,1.34451,1.34451,1.34451,0
2026-05-31 04:33:00+00:00,1.34451,1.34451,1.34451,1.34451,0
2026-05-31 04:34:00+00:00,1.34451,1.34451,1.34451,1.34451,0
2026-05-31 04:35:00+00:00,1.34451,1.34451,1.34451,1.34451,0
2026-05-31 04:36:00+00:00,1.34451,1.34451,1.34451,1.34451,0
2026-05-31 04:37:00+00:00,1.34451,1.34451,1.34451,1.34451,0
2026-05-31 04:38:00+00:00,1.34451,1.34451,1.34451,1.34451,0
2026-05-31 04:39:00+00:00,1.34451,1.34451,1.34451,1.34451,0
2026-05-31 04:40:00+00:00,1.34451,1.34451,1.34451,1.34451,0
2026-05-31 04:41:00+00:00,1.34451,1.34451,1.34451,1.34451,0
2026-05-31 04:42:00+00:00,1.34451,1.34451,1.34451,1.34451,0
2026-05-31 04:43:00+00:00,1.34451,1.34451,1.34451,1.34451,0
2026-05-31 04:44:00+00:00,1.34451,1.34451,1.34451,1.34451,0
2026-05-31 04:45:00+00:00,1.34451,1.34451,1.34451,1.34451,0
2026-05-31 04:46:00+00:00,1.34451,1.34451,1.34451,1.34451,0
2026-05-31 04:47:00+00:00,1.34451,1.34451,1.34451,1.34451,0
2026-05-31 04:48:00+00:00,1.34451,1.34451,1.34451,1.34451,0
2026-05-31 04:49:00+00:00,1.34451,1.34451,1.34451,1.34451,0
2026-05-31 04:50:00+00:00,1.34451,1.34451,1.34451,1.34451,0
2026-05-31 04:51:00+00:00,1.34451,1.34451,1.34451,1.34451,0
2026-05-31 04:52:00+00:00,1.34451,1.34451,1.34451,1.34451,0
2026-05-31 04:53:00+00:00,1.34451,1.34451,1.34451,1.34451,0
2026-05-31 04:54:00+00:00,1.34451,1.34451,1.34451,1.34451,0
2026-05-31 04:55:00+00:00,1.34451,1.34451,1.34451,1.34451,0
2026-05-31 04:56:00+00:00,1.34451,1.34451,1.34451,1.34451,0
2026-05-31 04:57:00+00:00,1.34451,1.34451,1.34451,1.34451,0
2026-05-31 04:58:00+00:00,1.34451,1.34451,1.34451,1.34451,0
2026-05-31 04:59:00+00:00,1.34451,1.34451,1.34451,1.34451,0
2026-05-31 05:00:00+00:00,1.34451,1.34451,1.34451,1.34451,0
2026-05-31 05:01:00+00:00,1.34451,1.34451,1.34451,1.34451,0
2026-05-31 05:02:00+00:00,1.34451,1.34451,1.34451,1.34451,0
2026-05-31 05:03:00+00:00,1.34451,1.34451,1.34451,1.34451,0
2026-05-31 05:04:00+00:00,1.34451,1.34451,1.34451,1.34451,0
2026-05-31 05:05:00+00:00,1.34451,1.34451,1.34451,1.34451,0
2026-05-31 05:06:00+00:00,1.34451,1.34451,1.34451,1.34451,0
2026-05-31 05:07:00+00:00,1.34451,1.34451,1.34451,1.34451,0
2026-05-31 05:08:00+00:00,1.34451,1.34451,1.34451,1.34451,0
2026-05-31 05:09:00+00:00,1.34451,1.34451,1.34451,1.34451,0
2026-05-31 05:10:00+00:00,1.34451,1.34451,1.34451,1.34451,0
2026-05-31 05:11:00+00:00,1.34451,1.34451,1.34451,1.34451,0
2026-05-31 05:12:00+00:00,1.34451,1.34451,1.34451,1.34451,0
2026-05-31 05:13:00+00:00,1.34451,1.34451,1.34451,1.34451,0
2026-05-31 05:14:00+00:00,1.34451,1.34451,1.34451,1.34451,0
2026-05-31 05:15:00+00:00,1.34451,1.34451,1.34451,1.34451,0
2026-05-31 05:16:00+00:00,1.34451,1.34451,1.34451,1.34451,0
2026-05-31 05:17:00+00:00,1.34451,1.34451,1.34451,1.34451,0
2026-05-31 05:18:00+00:00,1.34451,1.34451,1.34451,1.34451,0
2026-05-31 05:19:00+00:00,1.34451,1.34451,1.34451,1.34451,0
2026-05-31 05:20:00+00:00,1.34451,1.34451,1.34451,1.34451,0
2026-05-31 05:21:00+00:00,1.34451,1.34451,1.34451,1.34451,0
2026-05-31 05:22:00+00:00,1.34451,1.34451,1.34451,1.34451,0
2026-05-31 05:23:00+00:00,1.34451,1.34451,1.34451,1.34451,0
2026-05-31 05:24:00+00:00,1.34451,1.34451,1.34451,1.34451,0
2026-05-31 05:25:00+00:00,1.34451,1.34451,1.34451,1.34451,0
2026-05-31 05:26:00+00:00,1.34451,1.34451,1.34451,1.34451,0
2026-05-31 05:27:00+00:00,1.34451,1.34451,1.34451,1.34451,0
2026-05-31 05:28:00+00:00,1.34451,1.34451,1.34451,1.34451,0
2026-05-31 05:29:00+00:00,1.34451,1.34451,1.34451,1.34451,0
2026-05-31 05:30:00+00:00,1.34451,1.34451,1.34451,1.34451,0
2026-05-31 05:31:00+00:00,1.34451,1.34451,1.34451,1.34451,0
2026-05-31 05:32:00+00:00,1.34451,1.34451,1.34451,1.34451,0
2026-05-31 05:33:00+00:00,1.34451,1.34451,1.34451,1.34451,0
2026-05-31 05:34:00+00:00,1.34451,1.34451,1.34451,1.34451,0
2026-05-31 05:35:00+00:00,1.34451,1.34451,1.34451,1.34451,0
2026-05-31 05:36:00+00:00,1.34451,1.34451,1.34451,1.34451,0
2026-05-31 05:37:00+00:00,1.34451,1.34451,1.34451,1.34451,0
2026-05-31 05:38:00+00:00,1.34451,1.34451,1.34451,1.34451,0
2026-05-31 05:39:00+00:00,1.34451,1.34451,1.34451,1.34451,0
2026-05-31 05:40:00+00:00,1.34451,1.34451,1.34451,1.34451,0
2026-05-31 05:41:00+00:00,1.34451,1.34451,1.34451,1.34451,0
2026-05-31 05:42:00+00:00,1.34451,1.34451,1.34451,1.34451,0
2026-05-31 05:43:00+00:00,1.34451,1.34451,1.34451,1.34451,0
2026-05-31 05:44:00+00:00,1.34451,1.34451,1.34451,1.34451,0
2026-05-31 05:45:00+00:00,1.34451,1.34451,1.34451,1.34451,0
2026-05-31 05:46:00+00:00,1.34451,1.34451,1.34451,1.34451,0
2026-05-31 05:47:00+00:00,1.34451,1.34451,1.34451,1.34451,0
2026-05-31 05:48:00+00:00,1.34451,1.34451,1.34451,1.34451,0
2026-05-31 05:49:00+00:00,1.34451,1.34451,1.34451,1.34451,0
2026-05-31 05:50:00+00:00,1.34451,1.34451,1.34451,1.34451,0
2026-05-31 05:51:00+00:00,1.34451,1.34451,1.34451,1.34451,0
2026-05-31 05:52:00+00:00,1.34451,1.34451,1.34451,1.34451,0
2026-05-31 05:53:00+00:00,1.34451,1.34451,1.34451,1.34451,0
2026-05-31 05:54:00+00:00,1.34451,1.34451,1.34451,1.34451,0
2026-05-31 05:55:00+00:00,1.34451,1.34451,1.34451,1.34451,0
2026-05-31 05:56:00+00:00,1.34451,1.34451,1.34451,1.34451,0
2026-05-31 05:57:00+00:00,1.34451,1.34451,1.34451,1.34451,0
2026-05-31 05:58:00+00:00,1.34451,1.34451,1.34451,1.34451,0
2026-05-31 05:59:00+00:00,1.34451,1.34451,1.34451,1.34451,0
2026-05-31 06:00:00+00:00,1.34451,1.34451,1.34451,1.34451,0
2026-05-31 06:01:00+00:00,1.34451,1.34451,1.34451,1.34451,0
2026-05-31 06:02:00+00:00,1.34451,1.34451,1.34451,1.34451,0
2026-05-31 06:03:00+00:00,1.34451,1.34451,1.34451,1.34451,0
2026-05-31 06:04:00+00:00,1.34451,1.34451,1.34451,1.34451,0
2026-05-31 06:05:00+00:00,1.34451,1.34451,1.34451,1.34451,0
2026-05-31 06:06:00+00:00,1.34451,1.34451,1.34451,1.34451,0
2026-05-31 06:07:00+00:00,1.34451,1.34451,1.34451,1.34451,0
2026-05-31 06:08:00+00:00,1.34451,1.34451,1.34451,1.34451,0
2026-05-31 06:09:00+00:00,1.34451,1.34451,1.34451,1.34451,0
2026-05-31 06:10:00+00:00,1.34451,1.34451,1.34451,1.34451,0
2026-05-31 06:11:00+00:00,1.34451,1.34451,1.34451,1.34451,0
2026-05-31 06:12:00+00:00,1.34451,1.34451,1.34451,1.34451,0
2026-05-31 06:13:00+00:00,1.34451,1.34451,1.34451,1.34451,0
2026-05-31 06:14:00+00:00,1.34451,1.34451,1.34451,1.34451,0
2026-05-31 06:15:00+00:00,1.34451,1.34451,1.34451,1.34451,0
2026-05-31 06:16:00+00:00,1.34451,1.34451,1.34451,1.34451,0
2026-05-31 06:17:00+00:00,1.34451,1.34451,1.34451,1.34451,0
2026-05-31 06:18:00+00:00,1.34451,1.34451,1.34451,1.34451,0
2026-05-31 06:19:00+00:00,1.34451,1.34451,1.34451,1.34451,0
2026-05-31 06:20:00+00:00,1.34451,1.34451,1.34451,1.34451,0
2026-05-31 06:21:00+00:00,1.34451,1.34451,1.34451,1.34451,0
2026-05-31 06:22:00+00:00,1.34451,1.34451,1.34451,1.34451,0
2026-05-31 06:23:00+00:00,1.34451,1.34451,1.34451,1.34451,0
2026-05-31 06:24:00+00:00,1.34451,1.34451,1.34451,1.34451,0
2026-05-31 06:25:00+00:00,1.34451,1.34451,1.34451,1.34451,0
2026-05-31 06:26:00+00:00,1.34451,1.34451,1.34451,1.34451,0
2026-05-31 06:27:00+00:00,1.34451,1.34451,1.34451,1.34451,0
2026-05-31 06:28:00+00:00,1.34451,1.34451,1.34451,1.34451,0
2026-05-31 06:29:00+00:00,1.34451,1.34451,1.34451,1.34451,0
2026-05-31 06:30:00+00:00,1.34451,1.34451,1.34451,1.34451,0
2026-05-31 06:31:00+00:00,1.34451,1.34451,1.34451,1.34451,0
2026-05-31 06:32:00+00:00,1.34451,1.34451,1.34451,1.34451,0
2026-05-31 06:33:00+00:00,1.34451,1.34451,1.34451,1.34451,0
2026-05-31 06:34:00+00:00,1.34451,1.34451,1.34451,1.34451,0
2026-05-31 06:35:00+00:00,1.34451,1.34451,1.34451,1.34451,0
2026-05-31 06:36:00+00:00,1.34451,1.34451,1.34451,1.34451,0
2026-05-31 06:37:00+00:00,1.34451,1.34451,1.34451,1.34451,0
2026-05-31 06:38:00+00:00,1.34451,1.34451,1.34451,1.34451,0
2026-05-31 06:39:00+00:00,1.34451,1.34451,1.34451,1.34451,0
2026-05-31 06:40:00+00:00,1.34451,1.34451,1.34451,1.34451,0
2026-05-31 06:41:00+00:00,1.34451,1.34451,1.34451,1.34451,0
2026-05-31 06:42:00+00:00,1.34451,1.34451,1.34451,1.34451,0
2026-05-31 06:43:00+00:00,1.34451,1.34451,1.34451,1.34451,0
2026-05-31 06:44:00+00:00,1.34451,1.34451,1.34451,1.34451,0
2026-05-31 06:45:00+00:00,1.34451,1.34451,1.34451,1.34451,0
2026-05-31 06:46:00+00:00,1.34451,1.34451,1.34451,1.34451,0
2026-05-31 06:47:00+00:00,1.34451,1.34451,1.34451,1.34451,0
2026-05-31 06:48:00+00:00,1.34451,1.34451,1.34451,1.34451,0
2026-05-31 06:49:00+00:00,1.34451,1.34451,1.34451,1.34451,0
2026-05-31 06:50:00+00:00,1.34451,1.34451,1.34451,1.34451,0
2026-05-31 06:51:00+00:00,1.34451,1.34451,1.34451,1.34451,0
2026-05-31 06:52:00+00:00,1.34451,1.34451,1.34451,1.34451,0
2026-05-31 06:53:00+00:00,1.34451,1.34451,1.34451,1.34451,0
2026-05-31 06:54:00+00:00,1.34451,1.34451,1.34451,1.34451,0
2026-05-31 06:55:00+00:00,1.34451,1.34451,1.34451,1.34451,0
2026-05-31 06:56:00+00:00,1.34451,1.34451,1.34451,1.34451,0
2026-05-31 06:57:00+00:00,1.34451,1.34451,1.34451,1.34451,0
2026-05-31 06:58:00+00:00,1.34451,1.34451,1.34451,1.34451,0
2026-05-31 06:59:00+00:00,1.34451,1.34451,1.34451,1.34451,0
2026-05-31 07:00:00+00:00,1.34451,1.34451,1.34451,1.34451,0
2026-05-31 07:01:00+00:00,1.34451,1.34451,1.34451,1.34451,0
2026-05-31 07:02:00+00:00,1.34451,1.34451,1.34451,1.34451,0
2026-05-31 07:03:00+00:00,1.34451,1.34451,1.34451,1.34451,0
2026-05-31 07:04:00+00:00,1.34451,1.34451,1.34451,1.34451,0
2026-05-31 07:05:00+00:00,1.34451,1.34451,1.34451,1.34451,0
2026-05-31 07:06:00+00:00,1.34451,1.34451,1.34451,1.34451,0
2026-05-31 07:07:00+00:00,1.34451,1.34451,1.34451,1.34451,0
2026-05-31 07:08:00+00:00,1.34451,1.34451,1.34451,1.34451,0
2026-05-31 07:09:00+00:00,1.34451,1.34451,1.34451,1.34451,0
2026-05-31 07:10:00+00:00,1.34451,1.34451,1.34451,1.34451,0
2026-05-31 07:11:00+00:00,1.34451,1.34451,1.34451,1.34451,0
2026-05-31 07:12:00+00:00,1.34451,1.34451,1.34451,1.34451,0
2026-05-31 07:13:00+00:00,1.34451,1.34451,1.34451,1.34451,0
2026-05-31 07:14:00+00:00,1.34451,1.34451,1.34451,1.34451,0
2026-05-31 07:15:00+00:00,1.34451,1.34451,1.34451,1.34451,0
2026-05-31 07:16:00+00:00,1.34451,1.34451,1.34451,1.34451,0
2026-05-31 07:17:00+00:00,1.34451,1.34451,1.34451,1.34451,0
2026-05-31 07:18:00+00:00,1.34451,1.34451,1.34451,1.34451,0
2026-05-31 07:19:00+00:00,1.34451,1.34451,1.34451,1.34451,0
2026-05-31 07:20:00+00:00,1.34451,1.34451,1.34451,1.34451,0
2026-05-31 07:21:00+00:00,1.34451,1.34451,1.34451,1.34451,0
2026-05-31 07:22:00+00:00,1.34451,1.34451,1.34451,1.34451,0
2026-05-31 07:23:00+00:00,1.34451,1.34451,1.34451,1.34451,0
2026-05-31 07:24:00+00:00,1.34451,1.34451,1.34451,1.34451,0
2026-05-31 07:25:00+00:00,1.34451,1.34451,1.34451,1.34451,0
2026-05-31 07:26:00+00:00,1.34451,1.34451,1.34451,1.34451,0
2026-05-31 07:27:00+00:00,1.34451,1.34451,1.34451,1.34451,0
2026-05-31 07:28:00+00:00,1.34451,1.34451,1.34451,1.34451,0
2026-05-31 07:29:00+00:00,1.34451,1.34451,1.34451,1.34451,0
2026-05-31 07:30:00+00:00,1.34451,1.34451,1.34451,1.34451,0
2026-05-31 07:31:00+00:00,1.34451,1.34451,1.34451,1.34451,0
2026-05-31 07:32:00+00:00,1.34451,1.34451,1.34451,1.34451,0
2026-05-31 07:33:00+00:00,1.34451,1.34451,1.34451,1.34451,0
2026-05-31 07:34:00+00:00,1.34451,1.34451,1.34451,1.34451,0
2026-05-31 07:35:00+00:00,1.34451,1.34451,1.34451,1.34451,0
2026-05-31 07:36:00+00:00,1.34451,1.34451,1.34451,1.34451,0
2026-05-31 07:37:00+00:00,1.34451,1.34451,1.34451,1.34451,0
2026-05-31 07:38:00+00:00,1.34451,1.34451,1.34451,1.34451,0
2026-05-31 07:39:00+00:00,1.34451,1.34451,1.34451,1.34451,0
2026-05-31 07:40:00+00:00,1.34451,1.34451,1.34451,1.34451,0
2026-05-31 07:41:00+00:00,1.34451,1.34451,1.34451,1.34451,0
2026-05-31 07:42:00+00:00,1.34451,1.34451,1.34451,1.34451,0
2026-05-31 07:43:00+00:00,1.34451,1.34451,1.34451,1.34451,0
2026-05-31 07:44:00+00:00,1.34451,1.34451,1.34451,1.34451,0
2026-05-31 07:45:00+00:00,1.34451,1.34451,1.34451,1.34451,0
2026-05-31 07:46:00+00:00,1.34451,1.34451,1.34451,1.34451,0
2026-05-31 07:47:00+00:00,1.34451,1.34451,1.34451,1.34451,0
2026-05-31 07:48:00+00:00,1.34451,1.34451,1.34451,1.34451,0
2026-05-31 07:49:00+00:00,1.34451,1.34451,1.34451,1.34451,0
2026-05-31 07:50:00+00:00,1.34451,1.34451,1.34451,1.34451,0
2026-05-31 07:51:00+00:00,1.34451,1.34451,1.34451,1.34451,0
2026-05-31 07:52:00+00:00,1.34451,1.34451,1.34451,1.34451,0
2026-05-31 07:53:00+00:00,1.34451,1.34451,1.34451,1.34451,0
2026-05-31 07:54:00+00:00,1.34451,1.34451,1.34451,1.34451,0
2026-05-31 07:55:00+00:00,1.34451,1.34451,1.34451,1.34451,0
2026-05-31 07:56:00+00:00,1.34451,1.34451,1.34451,1.34451,0
2026-05-31 07:57:00+00:00,1.34451,1.34451,1.34451,1.34451,0
2026-05-31 07:58:00+00:00,1.34451,1.34451,1.34451,1.34451,0
2026-05-31 07:59:00+00:00,1.34451,1.34451,1.34451,1.34451,0
2026-05-31 08:00:00+00:00,1.34451,1.34451,1.34451,1.34451,0
2026-05-31 08:01:00+00:00,1.34451,1.34451,1.34451,1.34451,0
2026-05-31 08:02:00+00:00,1.34451,1.34451,1.34451,1.34451,0
2026-05-31 08:03:00+00:00,1.34451,1.34451,1.34451,1.34451,0
2026-05-31 08:04:00+00:00,1.34451,1.34451,1.34451,1.34451,0
2026-05-31 08:05:00+00:00,1.34451,1.34451,1.34451,1.34451,0
2026-05-31 08:06:00+00:00,1.34451,1.34451,1.34451,1.34451,0
2026-05-31 08:07:00+00:00,1.34451,1.34451,1.34451,1.34451,0
2026-05-31 08:08:00+00:00,1.34451,1.34451,1.34451,1.34451,0
2026-05-31 08:09:00+00:00,1.34451,1.34451,1.34451,1.34451,0
2026-05-31 08:10:00+00:00,1.34451,1.34451,1.34451,1.34451,0
2026-05-31 08:11:00+00:00,1.34451,1.34451,1.34451,1.34451,0
2026-05-31 08:12:00+00:00,1.34451,1.34451,1.34451,1.34451,0
2026-05-31 08:13:00+00:00,1.34451,1.34451,1.34451,1.34451,0
2026-05-31 08:14:00+00:00,1.34451,1.34451,1.34451,1.34451,0
2026-05-31 08:15:00+00:00,1.34451,1.34451,1.34451,1.34451,0
2026-05-31 08:16:00+00:00,1.34451,1.34451,1.34451,1.34451,0
2026-05-31 08:17:00+00:00,1.34451,1.34451,1.34451,1.34451,0
2026-05-31 08:18:00+00:00,1.34451,1.34451,1.34451,1.34451,0
2026-05-31 08:19:00+00:00,1.34451,1.34451,1.34451,1.34451,0
2026-05-31 08:20:00+00:00,1.34451,1.34451,1.34451,1.34451,0
2026-05-31 08:21:00+00:00,1.34451,1.34451,1.34451,1.34451,0
2026-05-31 08:22:00+00:00,1.34451,1.34451,1.34451,1.34451,0
2026-05-31 08:23:00+00:00,1.34451,1.34451,1.34451,1.34451,0
2026-05-31 08:24:00+00:00,1.34451,1.34451,1.34451,1.34451,0
2026-05-31 08:25:00+00:00,1.34451,1.34451,1.34451,1.34451,0
2026-05-31 08:26:00+00:00,1.34451,1.34451,1.34451,1.34451,0
2026-05-31 08:27:00+00:00,1.34451,1.34451,1.34451,1.34451,0
2026-05-31 08:28:00+00:00,1.34451,1.34451,1.34451,1.34451,0
2026-05-31 08:29:00+00:00,1.34451,1.34451,1.34451,1.34451,0
2026-05-31 08:30:00+00:00,1.34451,1.34451,1.34451,1.34451,0
2026-05-31 08:31:00+00:00,1.34451,1.34451,1.34451,1.34451,0
2026-05-31 08:32:00+00:00,1.34451,1.34451,1.34451,1.34451,0
2026-05-31 08:33:00+00:00,1.34451,1.34451,1.34451,1.34451,0
2026-05-31 08:34:00+00:00,1.34451,1.34451,1.34451,1.34451,0
2026-05-31 08:35:00+00:00,1.34451,1.34451,1.34451,1.34451,0
2026-05-31 08:36:00+00:00,1.34451,1.34451,1.34451,1.34451,0
2026-05-31 08:37:00+00:00,1.34451,1.34451,1.34451,1.34451,0
2026-05-31 08:38:00+00:00,1.34451,1.34451,1.34451,1.34451,0
2026-05-31 08:39:00+00:00,1.34451,1.34451,1.34451,1.34451,0
2026-05-31 08:40:00+00:00,1.34451,1.34451,1.34451,1.34451,0
2026-05-31 08:41:00+00:00,1.34451,1.34451,1.34451,1.34451,0
2026-05-31 08:42:00+00:00,1.34451,1.34451,1.34451,1.34451,0
2026-05-31 08:43:00+00:00,1.34451,1.34451,1.34451,1.34451,0
2026-05-31 08:44:00+00:00,1.34451,1.34451,1.34451,1.34451,0
2026-05-31 08:45:00+00:00,1.34451,1.34451,1.34451,1.34451,0
2026-05-31 08:46:00+00:00,1.34451,1.34451,1.34451,1.34451,0
2026-05-31 08:47:00+00:00,1.34451,1.34451,1.34451,1.34451,0
2026-05-31 08:48:00+00:00,1.34451,1.34451,1.34451,1.34451,0
2026-05-31 08:49:00+00:00,1.34451,1.34451,1.34451,1.34451,0
2026-05-31 08:50:00+00:00,1.34451,1.34451,1.34451,1.34451,0
2026-05-31 08:51:00+00:00,1.34451,1.34451,1.34451,1.34451,0
2026-05-31 08:52:00+00:00,1.34451,1.34451,1.34451,1.34451,0
2026-05-31 08:53:00+00:00,1.34451,1.34451,1.34451,1.34451,0
2026-05-31 08:54:00+00:00,1.34451,1.34451,1.34451,1.34451,0
2026-05-31 08:55:00+00:00,1.34451,1.34451,1.34451,1.34451,0
2026-05-31 08:56:00+00:00,1.34451,1.34451,1.34451,1.34451,0
2026-05-31 08:57:00+00:00,1.34451,1.34451,1.34451,1.34451,0
2026-05-31 08:58:00+00:00,1.34451,1.34451,1.34451,1.34451,0
2026-05-31 08:59:00+00:00,1.34451,1.34451,1.34451,1.34451,0
2026-05-31 09:00:00+00:00,1.34451,1.34451,1.34451,1.34451,0
2026-05-31 09:01:00+00:00,1.34451,1.34451,1.34451,1.34451,0
2026-05-31 09:02:00+00:00,1.34451,1.34451,1.34451,1.34451,0
2026-05-31 09:03:00+00:00,1.34451,1.34451,1.34451,1.34451,0
2026-05-31 09:04:00+00:00,1.34451,1.34451,1.34451,1.34451,0
2026-05-31 09:05:00+00:00,1.34451,1.34451,1.34451,1.34451,0
2026-05-31 09:06:00+00:00,1.34451,1.34451,1.34451,1.34451,0
2026-05-31 09:07:00+00:00,1.34451,1.34451,1.34451,1.34451,0
2026-05-31 09:08:00+00:00,1.34451,1.34451,1.34451,1.34451,0
2026-05-31 09:09:00+00:00,1.34451,1.34451,1.34451,1.34451,0
2026-05-31 09:10:00+00:00,1.34451,1.34451,1.34451,1.34451,0
2026-05-31 09:11:00+00:00,1.34451,1.34451,1.34451,1.34451,0
2026-05-31 09:12:00+00:00,1.34451,1.34451,1.34451,1.34451,0
2026-05-31 09:13:00+00:00,1.34451,1.34451,1.34451,1.34451,0
2026-05-31 09:14:00+00:00,1.34451,1.34451,1.34451,1.34451,0
2026-05-31 09:15:00+00:00,1.34451,1.34451,1.34451,1.34451,0
2026-05-31 09:16:00+00:00,1.34451,1.34451,1.34451,1.34451,0
2026-05-31 09:17:00+00:00,1.34451,1.34451,1.34451,1.34451,0
2026-05-31 09:18:00+00:00,1.34451,1.34451,1.34451,1.34451,0
2026-05-31 09:19:00+00:00,1.34451,1.34451,1.34451,1.34451,0
2026-05-31 09:20:00+00:00,1.34451,1.34451,1.34451,1.34451,0
2026-05-31 09:21:00+00:00,1.34451,1.34451,1.34451,1.34451,0
2026-05-31 09:22:00+00:00,1.34451,1.34451,1.34451,1.34451,0
2026-05-31 09:23:00+00:00,1.34451,1.34451,1.34451,1.34451,0
2026-05-31 09:24:00+00:00,1.34451,1.34451,1.34451,1.34451,0
2026-05-31 09:25:00+00:00,1.34451,1.34451,1.34451,1.34451,0
2026-05-31 09:26:00+00:00,1.34451,1.34451,1.34451,1.34451,0
2026-05-31 09:27:00+00:00,1.34451,1.34451,1.34451,1.34451,0
2026-05-31 09:28:00+00:00,1.34451,1.34451,1.34451,1.34451,0
2026-05-31 09:29:00+00:00,1.34451,1.34451,1.34451,1.34451,0
2026-05-31 09:30:00+00:00,1.34451,1.34451,1.34451,1.34451,0
2026-05-31 09:31:00+00:00,1.34451,1.34451,1.34451,1.34451,0
2026-05-31 09:32:00+00:00,1.34451,1.34451,1.34451,1.34451,0
2026-05-31 09:33:00+00:00,1.34451,1.34451,1.34451,1.34451,0
2026-05-31 09:34:00+00:00,1.34451,1.34451,1.34451,1.34451,0
2026-05-31 09:35:00+00:00,1.34451,1.34451,1.34451,1.34451,0
2026-05-31 09:36:00+00:00,1.34451,1.34451,1.34451,1.34451,0
2026-05-31 09:37:00+00:00,1.34451,1.34451,1.34451,1.34451,0
2026-05-31 09:38:00+00:00,1.34451,1.34451,1.34451,1.34451,0
2026-05-31 09:39:00+00:00,1.34451,1.34451,1.34451,1.34451,0
2026-05-31 09:40:00+00:00,1.34451,1.34451,1.34451,1.34451,0
2026-05-31 09:41:00+00:00,1.34451,1.34451,1.34451,1.34451,0
2026-05-31 09:42:00+00:00,1.34451,1.34451,1.34451,1.34451,0
2026-05-31 09:43:00+00:00,1.34451,1.34451,1.34451,1.34451,0
2026-05-31 09:44:00+00:00,1.34451,1.34451,1.34451,1.34451,0
2026-05-31 09:45:00+00:00,1.34451,1.34451,1.34451,1.34451,0
2026-05-31 09:46:00+00:00,1.34451,1.34451,1.34451,1.34451,0
2026-05-31 09:47:00+00:00,1.34451,1.34451,1.34451,1.34451,0
2026-05-31 09:48:00+00:00,1.34451,1.34451,1.34451,1.34451,0
2026-05-31 09:49:00+00:00,1.34451,1.34451,1.34451,1.34451,0
2026-05-31 09:50:00+00:00,1.34451,1.34451,1.34451,1.34451,0
2026-05-31 09:51:00+00:00,1.34451,1.34451,1.34451,1.34451,0
2026-05-31 09:52:00+00:00,1.34451,1.34451,1.34451,1.34451,0
2026-05-31 09:53:00+00:00,1.34451,1.34451,1.34451,1.34451,0
2026-05-31 09:54:00+00:00,1.34451,1.34451,1.34451,1.34451,0
2026-05-31 09:55:00+00:00,1.34451,1.34451,1.34451,1.34451,0
2026-05-31 09:56:00+00:00,1.34451,1.34451,1.34451,1.34451,0
2026-05-31 09:57:00+00:00,1.34451,1.34451,1.34451,1.34451,0
2026-05-31 09:58:00+00:00,1.34451,1.34451,1.34451,1.34451,0
2026-05-31 09:59:00+00:00,1.34451,1.34451,1.34451,1.34451,0
2026-05-31 10:00:00+00:00,1.34451,1.34451,1.34451,1.34451,0
2026-05-31 10:01:00+00:00,1.34451,1.34451,1.34451,1.34451,0
2026-05-31 10:02:00+00:00,1.34451,1.34451,1.34451,1.34451,0
2026-05-31 10:03:00+00:00,1.34451,1.34451,1.34451,1.34451,0
2026-05-31 10:04:00+00:00,1.34451,1.34451,1.34451,1.34451,0
2026-05-31 10:05:00+00:00,1.34451,1.34451,1.34451,1.34451,0
2026-05-31 10:06:00+00:00,1.34451,1.34451,1.34451,1.34451,0
2026-05-31 10:07:00+00:00,1.34451,1.34451,1.34451,1.34451,0
2026-05-31 10:08:00+00:00,1.34451,1.34451,1.34451,1.34451,0
2026-05-31 10:09:00+00:00,1.34451,1.34451,1.34451,1.34451,0
2026-05-31 10:10:00+00:00,1.34451,1.34451,1.34451,1.34451,0
2026-05-31 10:11:00+00:00,1.34451,1.34451,1.34451,1.34451,0
2026-05-31 10:12:00+00:00,1.34451,1.34451,1.34451,1.34451,0
2026-05-31 10:13:00+00:00,1.34451,1.34451,1.34451,1.34451,0
2026-05-31 10:14:00+00:00,1.34451,1.34451,1.34451,1.34451,0
2026-05-31 10:15:00+00:00,1.34451,1.34451,1.34451,1.34451,0
2026-05-31 10:16:00+00:00,1.34451,1.34451,1.34451,1.34451,0
2026-05-31 10:17:00+00:00,1.34451,1.34451,1.34451,1.34451,0
2026-05-31 10:18:00+00:00,1.34451,1.34451,1.34451,1.34451,0
2026-05-31 10:19:00+00:00,1.34451,1.34451,1.34451,1.34451,0
2026-05-31 10:20:00+00:00,1.34451,1.34451,1.34451,1.34451,0
2026-05-31 10:21:00+00:00,1.34451,1.34451,1.34451,1.34451,0
2026-05-31 10:22:00+00:00,1.34451,1.34451,1.34451,1.34451,0
2026-05-31 10:23:00+00:00,1.34451,1.34451,1.34451,1.34451,0
2026-05-31 10:24:00+00:00,1.34451,1.34451,1.34451,1.34451,0
2026-05-31 10:25:00+00:00,1.34451,1.34451,1.34451,1.34451,0
2026-05-31 10:26:00+00:00,1.34451,1.34451,1.34451,1.34451,0
2026-05-31 10:27:00+00:00,1.34451,1.34451,1.34451,1.34451,0
2026-05-31 10:28:00+00:00,1.34451,1.34451,1.34451,1.34451,0
2026-05-31 10:29:00+00:00,1.34451,1.34451,1.34451,1.34451,0
2026-05-31 10:30:00+00:00,1.34451,1.34451,1.34451,1.34451,0
2026-05-31 10:31:00+00:00,1.34451,1.34451,1.34451,1.34451,0
2026-05-31 10:32:00+00:00,1.34451,1.34451,1.34451,1.34451,0
2026-05-31 10:33:00+00:00,1.34451,1.34451,1.34451,1.34451,0
2026-05-31 10:34:00+00:00,1.34451,1.34451,1.34451,1.34451,0
2026-05-31 10:35:00+00:00,1.34451,1.34451,1.34451,1.34451,0
2026-05-31 10:36:00+00:00,1.34451,1.34451,1.34451,1.34451,0
2026-05-31 10:37:00+00:00,1.34451,1.34451,1.34451,1.34451,0
2026-05-31 10:38:00+00:00,1.34451,1.34451,1.34451,1.34451,0
2026-05-31 10:39:00+00:00,1.34451,1.34451,1.34451,1.34451,0
2026-05-31 10:40:00+00:00,1.34451,1.34451,1.34451,1.34451,0
2026-05-31 10:41:00+00:00,1.34451,1.34451,1.34451,1.34451,0
2026-05-31 10:42:00+00:00,1.34451,1.34451,1.34451,1.34451,0
2026-05-31 10:43:00+00:00,1.34451,1.34451,1.34451,1.34451,0
2026-05-31 10:44:00+00:00,1.34451,1.34451,1.34451,1.34451,0
2026-05-31 10:45:00+00:00,1.34451,1.34451,1.34451,1.34451,0
2026-05-31 10:46:00+00:00,1.34451,1.34451,1.34451,1.34451,0
2026-05-31 10:47:00+00:00,1.34451,1.34451,1.34451,1.34451,0
2026-05-31 10:48:00+00:00,1.34451,1.34451,1.34451,1.34451,0
2026-05-31 10:49:00+00:00,1.34451,1.34451,1.34451,1.34451,0
2026-05-31 10:50:00+00:00,1.34451,1.34451,1.34451,1.34451,0
2026-05-31 10:51:00+00:00,1.34451,1.34451,1.34451,1.34451,0
2026-05-31 10:52:00+00:00,1.34451,1.34451,1.34451,1.34451,0
2026-05-31 10:53:00+00:00,1.34451,1.34451,1.34451,1.34451,0
2026-05-31 10:54:00+00:00,1.34451,1.34451,1.34451,1.34451,0
2026-05-31 10:55:00+00:00,1.34451,1.34451,1.34451,1.34451,0
2026-05-31 10:56:00+00:00,1.34451,1.34451,1.34451,1.34451,0
2026-05-31 10:57:00+00:00,1.34451,1.34451,1.34451,1.34451,0
2026-05-31 10:58:00+00:00,1.34451,1.34451,1.34451,1.34451,0
2026-05-31 10:59:00+00:00,1.34451,1.34451,1.34451,1.34451,0
2026-05-31 11:00:00+00:00,1.34451,1.34451,1.34451,1.34451,0
2026-05-31 11:01:00+00:00,1.34451,1.34451,1.34451,1.34451,0
2026-05-31 11:02:00+00:00,1.34451,1.34451,1.34451,1.34451,0
2026-05-31 11:03:00+00:00,1.34451,1.34451,1.34451,1.34451,0
2026-05-31 11:04:00+00:00,1.34451,1.34451,1.34451,1.34451,0
2026-05-31 11:05:00+00:00,1.34451,1.34451,1.34451,1.34451,0
2026-05-31 11:06:00+00:00,1.34451,1.34451,1.34451,1.34451,0
2026-05-31 11:07:00+00:00,1.34451,1.34451,1.34451,1.34451,0
2026-05-31 11:08:00+00:00,1.34451,1.34451,1.34451,1.34451,0
2026-05-31 11:09:00+00:00,1.34451,1.34451,1.34451,1.34451,0
2026-05-31 11:10:00+00:00,1.34451,1.34451,1.34451,1.34451,0
2026-05-31 11:11:00+00:00,1.34451,1.34451,1.34451,1.34451,0
2026-05-31 11:12:00+00:00,1.34451,1.34451,1.34451,1.34451,0
2026-05-31 11:13:00+00:00,1.34451,1.34451,1.34451,1.34451,0
2026-05-31 11:14:00+00:00,1.34451,1.34451,1.34451,1.34451,0
2026-05-31 11:15:00+00:00,1.34451,1.34451,1.34451,1.34451,0
2026-05-31 11:16:00+00:00,1.34451,1.34451,1.34451,1.34451,0
2026-05-31 11:17:00+00:00,1.34451,1.34451,1.34451,1.34451,0
2026-05-31 11:18:00+00:00,1.34451,1.34451,1.34451,1.34451,0
2026-05-31 11:19:00+00:00,1.34451,1.34451,1.34451,1.34451,0
2026-05-31 11:20:00+00:00,1.34451,1.34451,1.34451,1.34451,0
2026-05-31 11:21:00+00:00,1.34451,1.34451,1.34451,1.34451,0
2026-05-31 11:22:00+00:00,1.34451,1.34451,1.34451,1.34451,0
2026-05-31 11:23:00+00:00,1.34451,1.34451,1.34451,1.34451,0
2026-05-31 11:24:00+00:00,1.34451,1.34451,1.34451,1.34451,0
2026-05-31 11:25:00+00:00,1.34451,1.34451,1.34451,1.34451,0
2026-05-31 11:26:00+00:00,1.34451,1.34451,1.34451,1.34451,0
2026-05-31 11:27:00+00:00,1.34451,1.34451,1.34451,1.34451,0
2026-05-31 11:28:00+00:00,1.34451,1.34451,1.34451,1.34451,0
2026-05-31 11:29:00+00:00,1.34451,1.34451,1.34451,1.34451,0
2026-05-31 11:30:00+00:00,1.34451,1.34451,1.34451,1.34451,0
2026-05-31 11:31:00+00:00,1.34451,1.34451,1.34451,1.34451,0
2026-05-31 11:32:00+00:00,1.34451,1.34451,1.34451,1.34451,0
2026-05-31 11:33:00+00:00,1.34451,1.34451,1.34451,1.34451,0
2026-05-31 11:34:00+00:00,1.34451,1.34451,1.34451,1.34451,0
2026-05-31 11:35:00+00:00,1.34451,1.34451,1.34451,1.34451,0
2026-05-31 11:36:00+00:00,1.34451,1.34451,1.34451,1.34451,0
2026-05-31 11:37:00+00:00,1.34451,1.34451,1.34451,1.34451,0
2026-05-31 11:38:00+00:00,1.34451,1.34451,1.34451,1.34451,0
2026-05-31 11:39:00+00:00,1.34451,1.34451,1.34451,1.34451,0
2026-05-31 11:40:00+00:00,1.34451,1.34451,1.34451,1.34451,0
2026-05-31 11:41:00+00:00,1.34451,1.34451,1.34451,1.34451,0
2026-05-31 11:42:00+00:00,1.34451,1.34451,1.34451,1.34451,0
2026-05-31 11:43:00+00:00,1.34451,1.34451,1.34451,1.34451,0
2026-05-31 11:44:00+00:00,1.34451,1.34451,1.34451,1.34451,0
2026-05-31 11:45:00+00:00,1.34451,1.34451,1.34451,1.34451,0
2026-05-31 11:46:00+00:00,1.34451,1.34451,1.34451,1.34451,0
2026-05-31 11:47:00+00:00,1.34451,1.34451,1.34451,1.34451,0
2026-05-31 11:48:00+00:00,1.34451,1.34451,1.34451,1.34451,0
2026-05-31 11:49:00+00:00,1.34451,1.34451,1.34451,1.34451,0
2026-05-31 11:50:00+00:00,1.34451,1.34451,1.34451,1.34451,0
2026-05-31 11:51:00+00:00,1.34451,1.34451,1.34451,1.34451,0
2026-05-31 11:52:00+00:00,1.34451,1.34451,1.34451,1.34451,0
2026-05-31 11:53:00+00:00,1.34451,1.34451,1.34451,1.34451,0
2026-05-31 11:54:00+00:00,1.34451,1.34451,1.34451,1.34451,0
2026-05-31 11:55:00+00:00,1.34451,1.34451,1.34451,1.34451,0
2026-05-31 11:56:00+00:00,1.34451,1.34451,1.34451,1.34451,0
2026-05-31 11:57:00+00:00,1.34451,1.34451,1.34451,1.34451,0
2026-05-31 11:58:00+00:00,1.34451,1.34451,1.34451,1.34451,0
2026-05-31 11:59:00+00:00,1.34451,1.34451,1.34451,1.34451,0
2026-05-31 12:00:00+00:00,1.34451,1.34451,1.34451,1.34451,0
2026-05-31 12:01:00+00:00,1.34451,1.34451,1.34451,1.34451,0
2026-05-31 12:02:00+00:00,1.34451,1.34451,1.34451,1.34451,0
2026-05-31 12:03:00+00:00,1.34451,1.34451,1.34451,1.34451,0
2026-05-31 12:04:00+00:00,1.34451,1.34451,1.34451,1.34451,0
2026-05-31 12:05:00+00:00,1.34451,1.34451,1.34451,1.34451,0
2026-05-31 12:06:00+00:00,1.34451,1.34451,1.34451,1.34451,0
2026-05-31 12:07:00+00:00,1.34451,1.34451,1.34451,1.34451,0
2026-05-31 12:08:00+00:00,1.34451,1.34451,1.34451,1.34451,0
2026-05-31 12:09:00+00:00,1.34451,1.34451,1.34451,1.34451,0
2026-05-31 12:10:00+00:00,1.34451,1.34451,1.34451,1.34451,0
2026-05-31 12:11:00+00:00,1.34451,1.34451,1.34451,1.34451,0
2026-05-31 12:12:00+00:00,1.34451,1.34451,1.34451,1.34451,0
2026-05-31 12:13:00+00:00,1.34451,1.34451,1.34451,1.34451,0
2026-05-31 12:14:00+00:00,1.34451,1.34451,1.34451,1.34451,0
2026-05-31 12:15:00+00:00,1.34451,1.34451,1.34451,1.34451,0
2026-05-31 12:16:00+00:00,1.34451,1.34451,1.34451,1.34451,0
2026-05-31 12:17:00+00:00,1.34451,1.34451,1.34451,1.34451,0
2026-05-31 12:18:00+00:00,1.34451,1.34451,1.34451,1.34451,0
2026-05-31 12:19:00+00:00,1.34451,1.34451,1.34451,1.34451,0
2026-05-31 12:20:00+00:00,1.34451,1.34451,1.34451,1.34451,0
2026-05-31 12:21:00+00:00,1.34451,1.34451,1.34451,1.34451,0
2026-05-31 12:22:00+00:00,1.34451,1.34451,1.34451,1.34451,0
2026-05-31 12:23:00+00:00,1.34451,1.34451,1.34451,1.34451,0
2026-05-31 12:24:00+00:00,1.34451,1.34451,1.34451,1.34451,0
2026-05-31 12:25:00+00:00,1.34451,1.34451,1.34451,1.34451,0
2026-05-31 12:26:00+00:00,1.34451,1.34451,1.34451,1.34451,0
2026-05-31 12:27:00+00:00,1.34451,1.34451,1.34451,1.34451,0
2026-05-31 12:28:00+00:00,1.34451,1.34451,1.34451,1.34451,0
2026-05-31 12:29:00+00:00,1.34451,1.34451,1.34451,1.34451,0
2026-05-31 12:30:00+00:00,1.34451,1.34451,1.34451,1.34451,0
2026-05-31 12:31:00+00:00,1.34451,1.34451,1.34451,1.34451,0
2026-05-31 12:32:00+00:00,1.34451,1.34451,1.34451,1.34451,0
2026-05-31 12:33:00+00:00,1.34451,1.34451,1.34451,1.34451,0
2026-05-31 12:34:00+00:00,1.34451,1.34451,1.34451,1.34451,0
2026-05-31 12:35:00+00:00,1.34451,1.34451,1.34451,1.34451,0
2026-05-31 12:36:00+00:00,1.34451,1.34451,1.34451,1.34451,0
2026-05-31 12:37:00+00:00,1.34451,1.34451,1.34451,1.34451,0
2026-05-31 12:38:00+00:00,1.34451,1.34451,1.34451,1.34451,0
2026-05-31 12:39:00+00:00,1.34451,1.34451,1.34451,1.34451,0
2026-05-31 12:40:00+00:00,1.34451,1.34451,1.34451,1.34451,0
2026-05-31 12:41:00+00:00,1.34451,1.34451,1.34451,1.34451,0
2026-05-31 12:42:00+00:00,1.34451,1.34451,1.34451,1.34451,0
2026-05-31 12:43:00+00:00,1.34451,1.34451,1.34451,1.34451,0
2026-05-31 12:44:00+00:00,1.34451,1.34451,1.34451,1.34451,0
2026-05-31 12:45:00+00:00,1.34451,1.34451,1.34451,1.34451,0
2026-05-31 12:46:00+00:00,1.34451,1.34451,1.34451,1.34451,0
2026-05-31 12:47:00+00:00,1.34451,1.34451,1.34451,1.34451,0
2026-05-31 12:48:00+00:00,1.34451,1.34451,1.34451,1.34451,0
2026-05-31 12:49:00+00:00,1.34451,1.34451,1.34451,1.34451,0
2026-05-31 12:50:00+00:00,1.34451,1.34451,1.34451,1.34451,0
2026-05-31 12:51:00+00:00,1.34451,1.34451,1.34451,1.34451,0
2026-05-31 12:52:00+00:00,1.34451,1.34451,1.34451,1.34451,0
2026-05-31 12:53:00+00:00,1.34451,1.34451,1.34451,1.34451,0
2026-05-31 12:54:00+00:00,1.34451,1.34451,1.34451,1.34451,0
2026-05-31 12:55:00+00:00,1.34451,1.34451,1.34451,1.34451,0
2026-05-31 12:56:00+00:00,1.34451,1.34451,1.34451,1.34451,0
2026-05-31 12:57:00+00:00,1.34451,1.34451,1.34451,1.34451,0
2026-05-31 12:58:00+00:00,1.34451,1.34451,1.34451,1.34451,0
2026-05-31 12:59:00+00:00,1.34451,1.34451,1.34451,1.34451,0
2026-05-31 13:00:00+00:00,1.34451,1.34451,1.34451,1.34451,0
2026-05-31 13:01:00+00:00,1.34451,1.34451,1.34451,1.34451,0
2026-05-31 13:02:00+00:00,1.34451,1.34451,1.34451,1.34451,0
2026-05-31 13:03:00+00:00,1.34451,1.34451,1.34451,1.34451,0
2026-05-31 13:04:00+00:00,1.34451,1.34451,1.34451,1.34451,0
2026-05-31 13:05:00+00:00,1.34451,1.34451,1.34451,1.34451,0
2026-05-31 13:06:00+00:00,1.34451,1.34451,1.34451,1.34451,0
2026-05-31 13:07:00+00:00,1.34451,1.34451,1.34451,1.34451,0
2026-05-31 13:08:00+00:00,1.34451,1.34451,1.34451,1.34451,0
2026-05-31 13:09:00+00:00,1.34451,1.34451,1.34451,1.34451,0
2026-05-31 13:10:00+00:00,1.34451,1.34451,1.34451,1.34451,0
2026-05-31 13:11:00+00:00,1.34451,1.34451,1.34451,1.34451,0
2026-05-31 13:12:00+00:00,1.34451,1.34451,1.34451,1.34451,0
2026-05-31 13:13:00+00:00,1.34451,1.34451,1.34451,1.34451,0
2026-05-31 13:14:00+00:00,1.34451,1.34451,1.34451,1.34451,0
2026-05-31 13:15:00+00:00,1.34451,1.34451,1.34451,1.34451,0
2026-05-31 13:16:00+00:00,1.34451,1.34451,1.34451,1.34451,0
2026-05-31 13:17:00+00:00,1.34451,1.34451,1.34451,1.34451,0
2026-05-31 13:18:00+00:00,1.34451,1.34451,1.34451,1.34451,0
2026-05-31 13:19:00+00:00,1.34451,1.34451,1.34451,1.34451,0
2026-05-31 13:20:00+00:00,1.34451,1.34451,1.34451,1.34451,0
2026-05-31 13:21:00+00:00,1.34451,1.34451,1.34451,1.34451,0
2026-05-31 13:22:00+00:00,1.34451,1.34451,1.34451,1.34451,0
2026-05-31 13:23:00+00:00,1.34451,1.34451,1.34451,1.34451,0
2026-05-31 13:24:00+00:00,1.34451,1.34451,1.34451,1.34451,0
2026-05-31 13:25:00+00:00,1.34451,1.34451,1.34451,1.34451,0
2026-05-31 13:26:00+00:00,1.34451,1.34451,1.34451,1.34451,0
2026-05-31 13:27:00+00:00,1.34451,1.34451,1.34451,1.34451,0
2026-05-31 13:28:00+00:00,1.34451,1.34451,1.34451,1.34451,0
2026-05-31 13:29:00+00:00,1.34451,1.34451,1.34451,1.34451,0
2026-05-31 13:30:00+00:00,1.34451,1.34451,1.34451,1.34451,0
2026-05-31 13:31:00+00:00,1.34451,1.34451,1.34451,1.34451,0
2026-05-31 13:32:00+00:00,1.34451,1.34451,1.34451,1.34451,0
2026-05-31 13:33:00+00:00,1.34451,1.34451,1.34451,1.34451,0
2026-05-31 13:34:00+00:00,1.34451,1.34451,1.34451,1.34451,0
2026-05-31 13:35:00+00:00,1.34451,1.34451,1.34451,1.34451,0
2026-05-31 13:36:00+00:00,1.34451,1.34451,1.34451,1.34451,0
2026-05-31 13:37:00+00:00,1.34451,1.34451,1.34451,1.34451,0
2026-05-31 13:38:00+00:00,1.34451,1.34451,1.34451,1.34451,0
2026-05-31 13:39:00+00:00,1.34451,1.34451,1.34451,1.34451,0
2026-05-31 13:40:00+00:00,1.34451,1.34451,1.34451,1.34451,0
2026-05-31 13:41:00+00:00,1.34451,1.34451,1.34451,1.34451,0
2026-05-31 13:42:00+00:00,1.34451,1.34451,1.34451,1.34451,0
2026-05-31 13:43:00+00:00,1.34451,1.34451,1.34451,1.34451,0
2026-05-31 13:44:00+00:00,1.34451,1.34451,1.34451,1.34451,0
2026-05-31 13:45:00+00:00,1.34451,1.34451,1.34451,1.34451,0
2026-05-31 13:46:00+00:00,1.34451,1.34451,1.34451,1.34451,0
2026-05-31 13:47:00+00:00,1.34451,1.34451,1.34451,1.34451,0
2026-05-31 13:48:00+00:00,1.34451,1.34451,1.34451,1.34451,0
2026-05-31 13:49:00+00:00,1.34451,1.34451,1.34451,1.34451,0
2026-05-31 13:50:00+00:00,1.34451,1.34451,1.34451,1.34451,0
2026-05-31 13:51:00+00:00,1.34451,1.34451,1.34451,1.34451,0
2026-05-31 13:52:00+00:00,1.34451,1.34451,1.34451,1.34451,0
2026-05-31 13:53:00+00:00,1.34451,1.34451,1.34451,1.34451,0
2026-05-31 13:54:00+00:00,1.34451,1.34451,1.34451,1.34451,0
2026-05-31 13:55:00+00:00,1.34451,1.34451,1.34451,1.34451,0
2026-05-31 13:56:00+00:00,1.34451,1.34451,1.34451,1.34451,0
2026-05-31 13:57:00+00:00,1.34451,1.34451,1.34451,1.34451,0
2026-05-31 13:58:00+00:00,1.34451,1.34451,1.34451,1.34451,0
2026-05-31 13:59:00+00:00,1.34451,1.34451,1.34451,1.34451,0
2026-05-31 14:00:00+00:00,1.34451,1.34451,1.34451,1.34451,0
2026-05-31 14:01:00+00:00,1.34451,1.34451,1.34451,1.34451,0
2026-05-31 14:02:00+00:00,1.34451,1.34451,1.34451,1.34451,0
2026-05-31 14:03:00+00:00,1.34451,1.34451,1.34451,1.34451,0
2026-05-31 14:04:00+00:00,1.34451,1.34451,1.34451,1.34451,0
2026-05-31 14:05:00+00:00,1.34451,1.34451,1.34451,1.34451,0
2026-05-31 14:06:00+00:00,1.34451,1.34451,1.34451,1.34451,0
2026-05-31 14:07:00+00:00,1.34451,1.34451,1.34451,1.34451,0
2026-05-31 14:08:00+00:00,1.34451,1.34451,1.34451,1.34451,0
2026-05-31 14:09:00+00:00,1.34451,1.34451,1.34451,1.34451,0
2026-05-31 14:10:00+00:00,1.34451,1.34451,1.34451,1.34451,0
2026-05-31 14:11:00+00:00,1.34451,1.34451,1.34451,1.34451,0
2026-05-31 14:12:00+00:00,1.34451,1.34451,1.34451,1.34451,0
2026-05-31 14:13:00+00:00,1.34451,1.34451,1.34451,1.34451,0
2026-05-31 14:14:00+00:00,1.34451,1.34451,1.34451,1.34451,0
2026-05-31 14:15:00+00:00,1.34451,1.34451,1.34451,1.34451,0
2026-05-31 14:16:00+00:00,1.34451,1.34451,1.34451,1.34451,0
2026-05-31 14:17:00+00:00,1.34451,1.34451,1.34451,1.34451,0
2026-05-31 14:18:00+00:00,1.34451,1.34451,1.34451,1.34451,0
2026-05-31 14:19:00+00:00,1.34451,1.34451,1.34451,1.34451,0
2026-05-31 14:20:00+00:00,1.34451,1.34451,1.34451,1.34451,0
2026-05-31 14:21:00+00:00,1.34451,1.34451,1.34451,1.34451,0
2026-05-31 14:22:00+00:00,1.34451,1.34451,1.34451,1.34451,0
2026-05-31 14:23:00+00:00,1.34451,1.34451,1.34451,1.34451,0
2026-05-31 14:24:00+00:00,1.34451,1.34451,1.34451,1.34451,0
2026-05-31 14:25:00+00:00,1.34451,1.34451,1.34451,1.34451,0
2026-05-31 14:26:00+00:00,1.34451,1.34451,1.34451,1.34451,0
2026-05-31 14:27:00+00:00,1.34451,1.34451,1.34451,1.34451,0
2026-05-31 14:28:00+00:00,1.34451,1.34451,1.34451,1.34451,0
2026-05-31 14:29:00+00:00,1.34451,1.34451,1.34451,1.34451,0
2026-05-31 14:30:00+00:00,1.34451,1.34451,1.34451,1.34451,0
2026-05-31 14:31:00+00:00,1.34451,1.34451,1.34451,1.34451,0
2026-05-31 14:32:00+00:00,1.34451,1.34451,1.34451,1.34451,0
2026-05-31 14:33:00+00:00,1.34451,1.34451,1.34451,1.34451,0
2026-05-31 14:34:00+00:00,1.34451,1.34451,1.34451,1.34451,0
2026-05-31 14:35:00+00:00,1.34451,1.34451,1.34451,1.34451,0
2026-05-31 14:36:00+00:00,1.34451,1.34451,1.34451,1.34451,0
2026-05-31 14:37:00+00:00,1.34451,1.34451,1.34451,1.34451,0
2026-05-31 14:38:00+00:00,1.34451,1.34451,1.34451,1.34451,0
2026-05-31 14:39:00+00:00,1.34451,1.34451,1.34451,1.34451,0
2026-05-31 14:40:00+00:00,1.34451,1.34451,1.34451,1.34451,0
2026-05-31 14:41:00+00:00,1.34451,1.34451,1.34451,1.34451,0
2026-05-31 14:42:00+00:00,1.34451,1.34451,1.34451,1.34451,0
2026-05-31 14:43:00+00:00,1.34451,1.34451,1.34451,1.34451,0
2026-05-31 14:44:00+00:00,1.34451,1.34451,1.34451,1.34451,0
2026-05-31 14:45:00+00:00,1.34451,1.34451,1.34451,1.34451,0
2026-05-31 14:46:00+00:00,1.34451,1.34451,1.34451,1.34451,0
2026-05-31 14:47:00+00:00,1.34451,1.34451,1.34451,1.34451,0
2026-05-31 14:48:00+00:00,1.34451,1.34451,1.34451,1.34451,0
2026-05-31 14:49:00+00:00,1.34451,1.34451,1.34451,1.34451,0
2026-05-31 14:50:00+00:00,1.34451,1.34451,1.34451,1.34451,0
2026-05-31 14:51:00+00:00,1.34451,1.34451,1.34451,1.34451,0
2026-05-31 14:52:00+00:00,1.34451,1.34451,1.34451,1.34451,0
2026-05-31 14:53:00+00:00,1.34451,1.34451,1.34451,1.34451,0
2026-05-31 14:54:00+00:00,1.34451,1.34451,1.34451,1.34451,0
2026-05-31 14:55:00+00:00,1.34451,1.34451,1.34451,1.34451,0
2026-05-31 14:56:00+00:00,1.34451,1.34451,1.34451,1.34451,0
2026-05-31 14:57:00+00:00,1.34451,1.34451,1.34451,1.34451,0
2026-05-31 14:58:00+00:00,1.34451,1.34451,1.34451,1.34451,0
2026-05-31 14:59:00+00:00,1.34451,1.34451,1.34451,1.34451,0
2026-05-31 15:00:00+00:00,1.34451,1.34451,1.34451,1.34451,0
2026-05-31 15:01:00+00:00,1.34451,1.34451,1.34451,1.34451,0
2026-05-31 15:02:00+00:00,1.34451,1.34451,1.34451,1.34451,0
2026-05-31 15:03:00+00:00,1.34451,1.34451,1.34451,1.34451,0
2026-05-31 15:04:00+00:00,1.34451,1.34451,1.34451,1.34451,0
2026-05-31 15:05:00+00:00,1.34451,1.34451,1.34451,1.34451,0
2026-05-31 15:06:00+00:00,1.34451,1.34451,1.34451,1.34451,0
2026-05-31 15:07:00+00:00,1.34451,1.34451,1.34451,1.34451,0
2026-05-31 15:08:00+00:00,1.34451,1.34451,1.34451,1.34451,0
2026-05-31 15:09:00+00:00,1.34451,1.34451,1.34451,1.34451,0
2026-05-31 15:10:00+00:00,1.34451,1.34451,1.34451,1.34451,0
2026-05-31 15:11:00+00:00,1.34451,1.34451,1.34451,1.34451,0
2026-05-31 15:12:00+00:00,1.34451,1.34451,1.34451,1.34451,0
2026-05-31 15:13:00+00:00,1.34451,1.34451,1.34451,1.34451,0
2026-05-31 15:14:00+00:00,1.34451,1.34451,1.34451,1.34451,0
2026-05-31 15:15:00+00:00,1.34451,1.34451,1.34451,1.34451,0
2026-05-31 15:16:00+00:00,1.34451,1.34451,1.34451,1.34451,0
2026-05-31 15:17:00+00:00,1.34451,1.34451,1.34451,1.34451,0
2026-05-31 15:18:00+00:00,1.34451,1.34451,1.34451,1.34451,0
2026-05-31 15:19:00+00:00,1.34451,1.34451,1.34451,1.34451,0
2026-05-31 15:20:00+00:00,1.34451,1.34451,1.34451,1.34451,0
2026-05-31 15:21:00+00:00,1.34451,1.34451,1.34451,1.34451,0
2026-05-31 15:22:00+00:00,1.34451,1.34451,1.34451,1.34451,0
2026-05-31 15:23:00+00:00,1.34451,1.34451,1.34451,1.34451,0
2026-05-31 15:24:00+00:00,1.34451,1.34451,1.34451,1.34451,0
2026-05-31 15:25:00+00:00,1.34451,1.34451,1.34451,1.34451,0
2026-05-31 15:26:00+00:00,1.34451,1.34451,1.34451,1.34451,0
2026-05-31 15:27:00+00:00,1.34451,1.34451,1.34451,1.34451,0
2026-05-31 15:28:00+00:00,1.34451,1.34451,1.34451,1.34451,0
2026-05-31 15:29:00+00:00,1.34451,1.34451,1.34451,1.34451,0
2026-05-31 15:30:00+00:00,1.34451,1.34451,1.34451,1.34451,0
2026-05-31 15:31:00+00:00,1.34451,1.34451,1.34451,1.34451,0
2026-05-31 15:32:00+00:00,1.34451,1.34451,1.34451,1.34451,0
2026-05-31 15:33:00+00:00,1.34451,1.34451,1.34451,1.34451,0
2026-05-31 15:34:00+00:00,1.34451,1.34451,1.34451,1.34451,0
2026-05-31 15:35:00+00:00,1.34451,1.34451,1.34451,1.34451,0
2026-05-31 15:36:00+00:00,1.34451,1.34451,1.34451,1.34451,0
2026-05-31 15:37:00+00:00,1.34451,1.34451,1.34451,1.34451,0
2026-05-31 15:38:00+00:00,1.34451,1.34451,1.34451,1.34451,0
2026-05-31 15:39:00+00:00,1.34451,1.34451,1.34451,1.34451,0
2026-05-31 15:40:00+00:00,1.34451,1.34451,1.34451,1.34451,0
2026-05-31 15:41:00+00:00,1.34451,1.34451,1.34451,1.34451,0
2026-05-31 15:42:00+00:00,1.34451,1.34451,1.34451,1.34451,0
2026-05-31 15:43:00+00:00,1.34451,1.34451,1.34451,1.34451,0
2026-05-31 15:44:00+00:00,1.34451,1.34451,1.34451,1.34451,0
2026-05-31 15:45:00+00:00,1.34451,1.34451,1.34451,1.34451,0
2026-05-31 15:46:00+00:00,1.34451,1.34451,1.34451,1.34451,0
2026-05-31 15:47:00+00:00,1.34451,1.34451,1.34451,1.34451,0
2026-05-31 15:48:00+00:00,1.34451,1.34451,1.34451,1.34451,0
2026-05-31 15:49:00+00:00,1.34451,1.34451,1.34451,1.34451,0
2026-05-31 15:50:00+00:00,1.34451,1.34451,1.34451,1.34451,0
2026-05-31 15:51:00+00:00,1.34451,1.34451,1.34451,1.34451,0
2026-05-31 15:52:00+00:00,1.34451,1.34451,1.34451,1.34451,0
2026-05-31 15:53:00+00:00,1.34451,1.34451,1.34451,1.34451,0
2026-05-31 15:54:00+00:00,1.34451,1.34451,1.34451,1.34451,0
2026-05-31 15:55:00+00:00,1.34451,1.34451,1.34451,1.34451,0
2026-05-31 15:56:00+00:00,1.34451,1.34451,1.34451,1.34451,0
2026-05-31 15:57:00+00:00,1.34451,1.34451,1.34451,1.34451,0
2026-05-31 15:58:00+00:00,1.34451,1.34451,1.34451,1.34451,0
2026-05-31 15:59:00+00:00,1.34451,1.34451,1.34451,1.34451,0
2026-05-31 16:00:00+00:00,1.34451,1.34451,1.34451,1.34451,0
2026-05-31 16:01:00+00:00,1.34451,1.34451,1.34451,1.34451,0
2026-05-31 16:02:00+00:00,1.34451,1.34451,1.34451,1.34451,0
2026-05-31 16:03:00+00:00,1.34451,1.34451,1.34451,1.34451,0
2026-05-31 16:04:00+00:00,1.34451,1.34451,1.34451,1.34451,0
2026-05-31 16:05:00+00:00,1.34451,1.34451,1.34451,1.34451,0
2026-05-31 16:06:00+00:00,1.34451,1.34451,1.34451,1.34451,0
2026-05-31 16:07:00+00:00,1.34451,1.34451,1.34451,1.34451,0
2026-05-31 16:08:00+00:00,1.34451,1.34451,1.34451,1.34451,0
2026-05-31 16:09:00+00:00,1.34451,1.34451,1.34451,1.34451,0
2026-05-31 16:10:00+00:00,1.34451,1.34451,1.34451,1.34451,0
2026-05-31 16:11:00+00:00,1.34451,1.34451,1.34451,1.34451,0
2026-05-31 16:12:00+00:00,1.34451,1.34451,1.34451,1.34451,0
2026-05-31 16:13:00+00:00,1.34451,1.34451,1.34451,1.34451,0
2026-05-31 16:14:00+00:00,1.34451,1.34451,1.34451,1.34451,0
2026-05-31 16:15:00+00:00,1.34451,1.34451,1.34451,1.34451,0
2026-05-31 16:16:00+00:00,1.34451,1.34451,1.34451,1.34451,0
2026-05-31 16:17:00+00:00,1.34451,1.34451,1.34451,1.34451,0
2026-05-31 16:18:00+00:00,1.34451,1.34451,1.34451,1.34451,0
2026-05-31 16:19:00+00:00,1.34451,1.34451,1.34451,1.34451,0
2026-05-31 16:20:00+00:00,1.34451,1.34451,1.34451,1.34451,0
2026-05-31 16:21:00+00:00,1.34451,1.34451,1.34451,1.34451,0
2026-05-31 16:22:00+00:00,1.34451,1.34451,1.34451,1.34451,0
2026-05-31 16:23:00+00:00,1.34451,1.34451,1.34451,1.34451,0
2026-05-31 16:24:00+00:00,1.34451,1.34451,1.34451,1.34451,0
2026-05-31 16:25:00+00:00,1.34451,1.34451,1.34451,1.34451,0
2026-05-31 16:26:00+00:00,1.34451,1.34451,1.34451,1.34451,0
2026-05-31 16:27:00+00:00,1.34451,1.34451,1.34451,1.34451,0
2026-05-31 16:28:00+00:00,1.34451,1.34451,1.34451,1.34451,0
2026-05-31 16:29:00+00:00,1.34451,1.34451,1.34451,1.34451,0
2026-05-31 16:30:00+00:00,1.34451,1.34451,1.34451,1.34451,0
2026-05-31 16:31:00+00:00,1.34451,1.34451,1.34451,1.34451,0
2026-05-31 16:32:00+00:00,1.34451,1.34451,1.34451,1.34451,0
2026-05-31 16:33:00+00:00,1.34451,1.34451,1.34451,1.34451,0
2026-05-31 16:34:00+00:00,1.34451,1.34451,1.34451,1.34451,0
2026-05-31 16:35:00+00:00,1.34451,1.34451,1.34451,1.34451,0
2026-05-31 16:36:00+00:00,1.34451,1.34451,1.34451,1.34451,0
2026-05-31 16:37:00+00:00,1.34451,1.34451,1.34451,1.34451,0
2026-05-31 16:38:00+00:00,1.34451,1.34451,1.34451,1.34451,0
2026-05-31 16:39:00+00:00,1.34451,1.34451,1.34451,1.34451,0
2026-05-31 16:40:00+00:00,1.34451,1.34451,1.34451,1.34451,0
2026-05-31 16:41:00+00:00,1.34451,1.34451,1.34451,1.34451,0
2026-05-31 16:42:00+00:00,1.34451,1.34451,1.34451,1.34451,0
2026-05-31 16:43:00+00:00,1.34451,1.34451,1.34451,1.34451,0
2026-05-31 16:44:00+00:00,1.34451,1.34451,1.34451,1.34451,0
2026-05-31 16:45:00+00:00,1.34451,1.34451,1.34451,1.34451,0
2026-05-31 16:46:00+00:00,1.34451,1.34451,1.34451,1.34451,0
2026-05-31 16:47:00+00:00,1.34451,1.34451,1.34451,1.34451,0
2026-05-31 16:48:00+00:00,1.34451,1.34451,1.34451,1.34451,0
2026-05-31 16:49:00+00:00,1.34451,1.34451,1.34451,1.34451,0
2026-05-31 16:50:00+00:00,1.34451,1.34451,1.34451,1.34451,0
2026-05-31 16:51:00+00:00,1.34451,1.34451,1.34451,1.34451,0
2026-05-31 16:52:00+00:00,1.34451,1.34451,1.34451,1.34451,0
2026-05-31 16:53:00+00:00,1.34451,1.34451,1.34451,1.34451,0
2026-05-31 16:54:00+00:00,1.34451,1.34451,1.34451,1.34451,0
2026-05-31 16:55:00+00:00,1.34451,1.34451,1.34451,1.34451,0
2026-05-31 16:56:00+00:00,1.34451,1.34451,1.34451,1.34451,0
2026-05-31 16:57:00+00:00,1.34451,1.34451,1.34451,1.34451,0
2026-05-31 16:58:00+00:00,1.34451,1.34451,1.34451,1.34451,0
2026-05-31 16:59:00+00:00,1.34451,1.34451,1.34451,1.34451,0
2026-05-31 17:00:00+00:00,1.34451,1.34451,1.34451,1.34451,0
2026-05-31 17:01:00+00:00,1.34451,1.34451,1.34451,1.34451,0
2026-05-31 17:02:00+00:00,1.34451,1.34451,1.34451,1.34451,0
2026-05-31 17:03:00+00:00,1.34451,1.34451,1.34451,1.34451,0
2026-05-31 17:04:00+00:00,1.34451,1.34451,1.34451,1.34451,0
2026-05-31 17:05:00+00:00,1.34451,1.34451,1.34451,1.34451,0
2026-05-31 17:06:00+00:00,1.34451,1.34451,1.34451,1.34451,0
2026-05-31 17:07:00+00:00,1.34451,1.34451,1.34451,1.34451,0
2026-05-31 17:08:00+00:00,1.34451,1.34451,1.34451,1.34451,0
2026-05-31 17:09:00+00:00,1.34451,1.34451,1.34451,1.34451,0
2026-05-31 17:10:00+00:00,1.34451,1.34451,1.34451,1.34451,0
2026-05-31 17:11:00+00:00,1.34451,1.34451,1.34451,1.34451,0
2026-05-31 17:12:00+00:00,1.34451,1.34451,1.34451,1.34451,0
2026-05-31 17:13:00+00:00,1.34451,1.34451,1.34451,1.34451,0
2026-05-31 17:14:00+00:00,1.34451,1.34451,1.34451,1.34451,0
2026-05-31 17:15:00+00:00,1.34451,1.34451,1.34451,1.34451,0
2026-05-31 17:16:00+00:00,1.34451,1.34451,1.34451,1.34451,0
2026-05-31 17:17:00+00:00,1.34451,1.34451,1.34451,1.34451,0
2026-05-31 17:18:00+00:00,1.34451,1.34451,1.34451,1.34451,0
2026-05-31 17:19:00+00:00,1.34451,1.34451,1.34451,1.34451,0
2026-05-31 17:20:00+00:00,1.34451,1.34451,1.34451,1.34451,0
2026-05-31 17:21:00+00:00,1.34451,1.34451,1.34451,1.34451,0
2026-05-31 17:22:00+00:00,1.34451,1.34451,1.34451,1.34451,0
2026-05-31 17:23:00+00:00,1.34451,1.34451,1.34451,1.34451,0
2026-05-31 17:24:00+00:00,1.34451,1.34451,1.34451,1.34451,0
2026-05-31 17:25:00+00:00,1.34451,1.34451,1.34451,1.34451,0
2026-05-31 17:26:00+00:00,1.34451,1.34451,1.34451,1.34451,0
2026-05-31 17:27:00+00:00,1.34451,1.34451,1.34451,1.34451,0
2026-05-31 17:28:00+00:00,1.34451,1.34451,1.34451,1.34451,0
2026-05-31 17:29:00+00:00,1.34451,1.34451,1.34451,1.34451,0
2026-05-31 17:30:00+00:00,1.34451,1.34451,1.34451,1.34451,0
2026-05-31 17:31:00+00:00,1.34451,1.34451,1.34451,1.34451,0
2026-05-31 17:32:00+00:00,1.34451,1.34451,1.34451,1.34451,0
2026-05-31 17:33:00+00:00,1.34451,1.34451,1.34451,1.34451,0
2026-05-31 17:34:00+00:00,1.34451,1.34451,1.34451,1.34451,0
2026-05-31 17:35:00+00:00,1.34451,1.34451,1.34451,1.34451,0
2026-05-31 17:36:00+00:00,1.34451,1.34451,1.34451,1.34451,0
2026-05-31 17:37:00+00:00,1.34451,1.34451,1.34451,1.34451,0
2026-05-31 17:38:00+00:00,1.34451,1.34451,1.34451,1.34451,0
2026-05-31 17:39:00+00:00,1.34451,1.34451,1.34451,1.34451,0
2026-05-31 17:40:00+00:00,1.34451,1.34451,1.34451,1.34451,0
2026-05-31 17:41:00+00:00,1.34451,1.34451,1.34451,1.34451,0
2026-05-31 17:42:00+00:00,1.34451,1.34451,1.34451,1.34451,0
2026-05-31 17:43:00+00:00,1.34451,1.34451,1.34451,1.34451,0
2026-05-31 17:44:00+00:00,1.34451,1.34451,1.34451,1.34451,0
2026-05-31 17:45:00+00:00,1.34451,1.34451,1.34451,1.34451,0
2026-05-31 17:46:00+00:00,1.34451,1.34451,1.34451,1.34451,0
2026-05-31 17:47:00+00:00,1.34451,1.34451,1.34451,1.34451,0
2026-05-31 17:48:00+00:00,1.34451,1.34451,1.34451,1.34451,0
2026-05-31 17:49:00+00:00,1.34451,1.34451,1.34451,1.34451,0
2026-05-31 17:50:00+00:00,1.34451,1.34451,1.34451,1.34451,0
2026-05-31 17:51:00+00:00,1.34451,1.34451,1.34451,1.34451,0
2026-05-31 17:52:00+00:00,1.34451,1.34451,1.34451,1.34451,0
2026-05-31 17:53:00+00:00,1.34451,1.34451,1.34451,1.34451,0
2026-05-31 17:54:00+00:00,1.34451,1.34451,1.34451,1.34451,0
2026-05-31 17:55:00+00:00,1.34451,1.34451,1.34451,1.34451,0
2026-05-31 17:56:00+00:00,1.34451,1.34451,1.34451,1.34451,0
2026-05-31 17:57:00+00:00,1.34451,1.34451,1.34451,1.34451,0
2026-05-31 17:58:00+00:00,1.34451,1.34451,1.34451,1.34451,0
2026-05-31 17:59:00+00:00,1.34451,1.34451,1.34451,1.34451,0
2026-05-31 18:00:00+00:00,1.34451,1.34451,1.34451,1.34451,0
2026-05-31 18:01:00+00:00,1.34451,1.34451,1.34451,1.34451,0
2026-05-31 18:02:00+00:00,1.34451,1.34451,1.34451,1.34451,0
2026-05-31 18:03:00+00:00,1.34451,1.34451,1.34451,1.34451,0
2026-05-31 18:04:00+00:00,1.34451,1.34451,1.34451,1.34451,0
2026-05-31 18:05:00+00:00,1.34451,1.34451,1.34451,1.34451,0
2026-05-31 18:06:00+00:00,1.34451,1.34451,1.34451,1.34451,0
2026-05-31 18:07:00+00:00,1.34451,1.34451,1.34451,1.34451,0
2026-05-31 18:08:00+00:00,1.34451,1.34451,1.34451,1.34451,0
2026-05-31 18:09:00+00:00,1.34451,1.34451,1.34451,1.34451,0
2026-05-31 18:10:00+00:00,1.34451,1.34451,1.34451,1.34451,0
2026-05-31 18:11:00+00:00,1.34451,1.34451,1.34451,1.34451,0
2026-05-31 18:12:00+00:00,1.34451,1.34451,1.34451,1.34451,0
2026-05-31 18:13:00+00:00,1.34451,1.34451,1.34451,1.34451,0
2026-05-31 18:14:00+00:00,1.34451,1.34451,1.34451,1.34451,0
2026-05-31 18:15:00+00:00,1.34451,1.34451,1.34451,1.34451,0
2026-05-31 18:16:00+00:00,1.34451,1.34451,1.34451,1.34451,0
2026-05-31 18:17:00+00:00,1.34451,1.34451,1.34451,1.34451,0
2026-05-31 18:18:00+00:00,1.34451,1.34451,1.34451,1.34451,0
2026-05-31 18:19:00+00:00,1.34451,1.34451,1.34451,1.34451,0
2026-05-31 18:20:00+00:00,1.34451,1.34451,1.34451,1.34451,0
2026-05-31 18:21:00+00:00,1.34451,1.34451,1.34451,1.34451,0
2026-05-31 18:22:00+00:00,1.34451,1.34451,1.34451,1.34451,0
2026-05-31 18:23:00+00:00,1.34451,1.34451,1.34451,1.34451,0
2026-05-31 18:24:00+00:00,1.34451,1.34451,1.34451,1.34451,0
2026-05-31 18:25:00+00:00,1.34451,1.34451,1.34451,1.34451,0
2026-05-31 18:26:00+00:00,1.34451,1.34451,1.34451,1.34451,0
2026-05-31 18:27:00+00:00,1.34451,1.34451,1.34451,1.34451,0
2026-05-31 18:28:00+00:00,1.34451,1.34451,1.34451,1.34451,0
2026-05-31 18:29:00+00:00,1.34451,1.34451,1.34451,1.34451,0
2026-05-31 18:30:00+00:00,1.34451,1.34451,1.34451,1.34451,0
2026-05-31 18:31:00+00:00,1.34451,1.34451,1.34451,1.34451,0
2026-05-31 18:32:00+00:00,1.34451,1.34451,1.34451,1.34451,0
2026-05-31 18:33:00+00:00,1.34451,1.34451,1.34451,1.34451,0
2026-05-31 18:34:00+00:00,1.34451,1.34451,1.34451,1.34451,0
2026-05-31 18:35:00+00:00,1.34451,1.34451,1.34451,1.34451,0
2026-05-31 18:36:00+00:00,1.34451,1.34451,1.34451,1.34451,0
2026-05-31 18:37:00+00:00,1.34451,1.34451,1.34451,1.34451,0
2026-05-31 18:38:00+00:00,1.34451,1.34451,1.34451,1.34451,0
2026-05-31 18:39:00+00:00,1.34451,1.34451,1.34451,1.34451,0
2026-05-31 18:40:00+00:00,1.34451,1.34451,1.34451,1.34451,0
2026-05-31 18:41:00+00:00,1.34451,1.34451,1.34451,1.34451,0
2026-05-31 18:42:00+00:00,1.34451,1.34451,1.34451,1.34451,0
2026-05-31 18:43:00+00:00,1.34451,1.34451,1.34451,1.34451,0
2026-05-31 18:44:00+00:00,1.34451,1.34451,1.34451,1.34451,0
2026-05-31 18:45:00+00:00,1.34451,1.34451,1.34451,1.34451,0
2026-05-31 18:46:00+00:00,1.34451,1.34451,1.34451,1.34451,0
2026-05-31 18:47:00+00:00,1.34451,1.34451,1.34451,1.34451,0
2026-05-31 18:48:00+00:00,1.34451,1.34451,1.34451,1.34451,0
2026-05-31 18:49:00+00:00,1.34451,1.34451,1.34451,1.34451,0
2026-05-31 18:50:00+00:00,1.34451,1.34451,1.34451,1.34451,0
2026-05-31 18:51:00+00:00,1.34451,1.34451,1.34451,1.34451,0
2026-05-31 18:52:00+00:00,1.34451,1.34451,1.34451,1.34451,0
2026-05-31 18:53:00+00:00,1.34451,1.34451,1.34451,1.34451,0
2026-05-31 18:54:00+00:00,1.34451,1.34451,1.34451,1.34451,0
2026-05-31 18:55:00+00:00,1.34451,1.34451,1.34451,1.34451,0
2026-05-31 18:56:00+00:00,1.34451,1.34451,1.34451,1.34451,0
2026-05-31 18:57:00+00:00,1.34451,1.34451,1.34451,1.34451,0
2026-05-31 18:58:00+00:00,1.34451,1.34451,1.34451,1.34451,0
2026-05-31 18:59:00+00:00,1.34451,1.34451,1.34451,1.34451,0
2026-05-31 19:00:00+00:00,1.34451,1.34451,1.34451,1.34451,0
2026-05-31 19:01:00+00:00,1.34451,1.34451,1.34451,1.34451,0
2026-05-31 19:02:00+00:00,1.34451,1.34451,1.34451,1.34451,0
2026-05-31 19:03:00+00:00,1.34451,1.34451,1.34451,1.34451,0
2026-05-31 19:04:00+00:00,1.34451,1.34451,1.34451,1.34451,0
2026-05-31 19:05:00+00:00,1.34451,1.34451,1.34451,1.34451,0
2026-05-31 19:06:00+00:00,1.34451,1.34451,1.34451,1.34451,0
2026-05-31 19:07:00+00:00,1.34451,1.34451,1.34451,1.34451,0
2026-05-31 19:08:00+00:00,1.34451,1.34451,1.34451,1.34451,0
2026-05-31 19:09:00+00:00,1.34451,1.34451,1.34451,1.34451,0
2026-05-31 19:10:00+00:00,1.34451,1.34451,1.34451,1.34451,0
2026-05-31 19:11:00+00:00,1.34451,1.34451,1.34451,1.34451,0
2026-05-31 19:12:00+00:00,1.34451,1.34451,1.34451,1.34451,0
2026-05-31 19:13:00+00:00,1.34451,1.34451,1.34451,1.34451,0
2026-05-31 19:14:00+00:00,1.34451,1.34451,1.34451,1.34451,0
2026-05-31 19:15:00+00:00,1.34451,1.34451,1.34451,1.34451,0
2026-05-31 19:16:00+00:00,1.34451,1.34451,1.34451,1.34451,0
2026-05-31 19:17:00+00:00,1.34451,1.34451,1.34451,1.34451,0
2026-05-31 19:18:00+00:00,1.34451,1.34451,1.34451,1.34451,0
2026-05-31 19:19:00+00:00,1.34451,1.34451,1.34451,1.34451,0
2026-05-31 19:20:00+00:00,1.34451,1.34451,1.34451,1.34451,0
2026-05-31 19:21:00+00:00,1.34451,1.34451,1.34451,1.34451,0
2026-05-31 19:22:00+00:00,1.34451,1.34451,1.34451,1.34451,0
2026-05-31 19:23:00+00:00,1.34451,1.34451,1.34451,1.34451,0
2026-05-31 19:24:00+00:00,1.34451,1.34451,1.34451,1.34451,0
2026-05-31 19:25:00+00:00,1.34451,1.34451,1.34451,1.34451,0
2026-05-31 19:26:00+00:00,1.34451,1.34451,1.34451,1.34451,0
2026-05-31 19:27:00+00:00,1.34451,1.34451,1.34451,1.34451,0
2026-05-31 19:28:00+00:00,1.34451,1.34451,1.34451,1.34451,0
2026-05-31 19:29:00+00:00,1.34451,1.34451,1.34451,1.34451,0
2026-05-31 19:30:00+00:00,1.34451,1.34451,1.34451,1.34451,0
2026-05-31 19:31:00+00:00,1.34451,1.34451,1.34451,1.34451,0
2026-05-31 19:32:00+00:00,1.34451,1.34451,1.34451,1.34451,0
2026-05-31 19:33:00+00:00,1.34451,1.34451,1.34451,1.34451,0
2026-05-31 19:34:00+00:00,1.34451,1.34451,1.34451,1.34451,0
2026-05-31 19:35:00+00:00,1.34451,1.34451,1.34451,1.34451,0
2026-05-31 19:36:00+00:00,1.34451,1.34451,1.34451,1.34451,0
2026-05-31 19:37:00+00:00,1.34451,1.34451,1.34451,1.34451,0
2026-05-31 19:38:00+00:00,1.34451,1.34451,1.34451,1.34451,0
2026-05-31 19:39:00+00:00,1.34451,1.34451,1.34451,1.34451,0
2026-05-31 19:40:00+00:00,1.34451,1.34451,1.34451,1.34451,0
2026-05-31 19:41:00+00:00,1.34451,1.34451,1.34451,1.34451,0
2026-05-31 19:42:00+00:00,1.34451,1.34451,1.34451,1.34451,0
2026-05-31 19:43:00+00:00,1.34451,1.34451,1.34451,1.34451,0
2026-05-31 19:44:00+00:00,1.34451,1.34451,1.34451,1.34451,0
2026-05-31 19:45:00+00:00,1.34451,1.34451,1.34451,1.34451,0
2026-05-31 19:46:00+00:00,1.34451,1.34451,1.34451,1.34451,0
2026-05-31 19:47:00+00:00,1.34451,1.34451,1.34451,1.34451,0
2026-05-31 19:48:00+00:00,1.34451,1.34451,1.34451,1.34451,0
2026-05-31 19:49:00+00:00,1.34451,1.34451,1.34451,1.34451,0
2026-05-31 19:50:00+00:00,1.34451,1.34451,1.34451,1.34451,0
2026-05-31 19:51:00+00:00,1.34451,1.34451,1.34451,1.34451,0
2026-05-31 19:52:00+00:00,1.34451,1.34451,1.34451,1.34451,0
2026-05-31 19:53:00+00:00,1.34451,1.34451,1.34451,1.34451,0
2026-05-31 19:54:00+00:00,1.34451,1.34451,1.34451,1.34451,0
2026-05-31 19:55:00+00:00,1.34451,1.34451,1.34451,1.34451,0
2026-05-31 19:56:00+00:00,1.34451,1.34451,1.34451,1.34451,0
2026-05-31 19:57:00+00:00,1.34451,1.34451,1.34451,1.34451,0
2026-05-31 19:58:00+00:00,1.34451,1.34451,1.34451,1.34451,0
2026-05-31 19:59:00+00:00,1.34451,1.34451,1.34451,1.34451,0
2026-05-31 20:00:00+00:00,1.34451,1.34451,1.34451,1.34451,0
2026-05-31 20:01:00+00:00,1.34451,1.34451,1.34451,1.34451,0
2026-05-31 20:02:00+00:00,1.34451,1.34451,1.34451,1.34451,0
2026-05-31 20:03:00+00:00,1.34451,1.34451,1.34451,1.34451,0
2026-05-31 20:04:00+00:00,1.34451,1.34451,1.34451,1.34451,0
2026-05-31 20:05:00+00:00,1.34451,1.34451,1.34451,1.34451,0
2026-05-31 20:06:00+00:00,1.34451,1.34451,1.34451,1.34451,0
2026-05-31 20:07:00+00:00,1.34451,1.34451,1.34451,1.34451,0
2026-05-31 20:08:00+00:00,1.34451,1.34451,1.34451,1.34451,0
2026-05-31 20:09:00+00:00,1.34451,1.34451,1.34451,1.34451,0
2026-05-31 20:10:00+00:00,1.34451,1.34451,1.34451,1.34451,0
2026-05-31 20:11:00+00:00,1.34451,1.34451,1.34451,1.34451,0
2026-05-31 20:12:00+00:00,1.34451,1.34451,1.34451,1.34451,0
2026-05-31 20:13:00+00:00,1.34451,1.34451,1.34451,1.34451,0
2026-05-31 20:14:00+00:00,1.34451,1.34451,1.34451,1.34451,0
2026-05-31 20:15:00+00:00,1.34451,1.34451,1.34451,1.34451,0
2026-05-31 20:16:00+00:00,1.34451,1.34451,1.34451,1.34451,0
2026-05-31 20:17:00+00:00,1.34451,1.34451,1.34451,1.34451,0
2026-05-31 20:18:00+00:00,1.34451,1.34451,1.34451,1.34451,0
2026-05-31 20:19:00+00:00,1.34451,1.34451,1.34451,1.34451,0
2026-05-31 20:20:00+00:00,1.34451,1.34451,1.34451,1.34451,0
2026-05-31 20:21:00+00:00,1.34451,1.34451,1.34451,1.34451,0
2026-05-31 20:22:00+00:00,1.34451,1.34451,1.34451,1.34451,0
2026-05-31 20:23:00+00:00,1.34451,1.34451,1.34451,1.34451,0
2026-05-31 20:24:00+00:00,1.34451,1.34451,1.34451,1.34451,0
2026-05-31 20:25:00+00:00,1.34451,1.34451,1.34451,1.34451,0
2026-05-31 20:26:00+00:00,1.34451,1.34451,1.34451,1.34451,0
2026-05-31 20:27:00+00:00,1.34451,1.34451,1.34451,1.34451,0
2026-05-31 20:28:00+00:00,1.34451,1.34451,1.34451,1.34451,0
2026-05-31 20:29:00+00:00,1.34451,1.34451,1.34451,1.34451,0
2026-05-31 20:30:00+00:00,1.34451,1.34451,1.34451,1.34451,0
2026-05-31 20:31:00+00:00,1.34451,1.34451,1.34451,1.34451,0
2026-05-31 20:32:00+00:00,1.34451,1.34451,1.34451,1.34451,0
2026-05-31 20:33:00+00:00,1.34451,1.34451,1.34451,1.34451,0
2026-05-31 20:34:00+00:00,1.34451,1.34451,1.34451,1.34451,0
2026-05-31 20:35:00+00:00,1.34451,1.34451,1.34451,1.34451,0
2026-05-31 20:36:00+00:00,1.34451,1.34451,1.34451,1.34451,0
2026-05-31 20:37:00+00:00,1.34451,1.34451,1.34451,1.34451,0
2026-05-31 20:38:00+00:00,1.34451,1.34451,1.34451,1.34451,0
2026-05-31 20:39:00+00:00,1.34451,1.34451,1.34451,1.34451,0
2026-05-31 20:40:00+00:00,1.34451,1.34451,1.34451,1.34451,0
2026-05-31 20:41:00+00:00,1.34451,1.34451,1.34451,1.34451,0
2026-05-31 20:42:00+00:00,1.34451,1.34451,1.34451,1.34451,0
2026-05-31 20:43:00+00:00,1.34451,1.34451,1.34451,1.34451,0
2026-05-31 20:44:00+00:00,1.34451,1.34451,1.34451,1.34451,0
2026-05-31 20:45:00+00:00,1.34451,1.34451,1.34451,1.34451,0
2026-05-31 20:46:00+00:00,1.34451,1.34451,1.34451,1.34451,0
2026-05-31 20:47:00+00:00,1.34451,1.34451,1.34451,1.34451,0
2026-05-31 20:48:00+00:00,1.34451,1.34451,1.34451,1.34451,0
2026-05-31 20:49:00+00:00,1.34451,1.34451,1.34451,1.34451,0
2026-05-31 20:50:00+00:00,1.34451,1.34451,1.34451,1.34451,0
2026-05-31 20:51:00+00:00,1.34451,1.34451,1.34451,1.34451,0
2026-05-31 20:52:00+00:00,1.34451,1.34451,1.34451,1.34451,0
2026-05-31 20:53:00+00:00,1.34451,1.34451,1.34451,1.34451,0
2026-05-31 20:54:00+00:00,1.34451,1.34451,1.34451,1.34451,0
2026-05-31 20:55:00+00:00,1.34451,1.34451,1.34451,1.34451,0
2026-05-31 20:56:00+00:00,1.34451,1.34451,1.34451,1.34451,0
2026-05-31 20:57:00+00:00,1.34451,1.34451,1.34451,1.34451,0
2026-05-31 20:58:00+00:00,1.34451,1.34451,1.34451,1.34451,0
2026-05-31 20:59:00+00:00,1.34451,1.34451,1.34451,1.34451,0
2026-05-31 21:00:00+00:00,1.34451,1.34451,1.34451,1.34451,0
2026-05-31 21:01:00+00:00,1.34451,1.34451,1.34451,1.34451,0
2026-05-31 21:02:00+00:00,1.34451,1.34451,1.34451,1.34451,0
2026-05-31 21:03:00+00:00,1.34451,1.34451,1.34451,1.34451,0
2026-05-31 21:04:00+00:00,1.34503,1.34504,1.34503,1.34504,0
2026-05-31 21:05:00+00:00,1.34493,1.3451,1.34493,1.34498,0
2026-05-31 21:06:00+00:00,1.34498,1.34498,1.34498,1.34498,0
2026-05-31 21:07:00+00:00,1.34498,1.34498,1.34498,1.34498,0
2026-05-31 21:08:00+00:00,1.34498,1.34498,1.34498,1.34498,0
2026-05-31 21:09:00+00:00,1.34498,1.34498,1.34498,1.34498,0
2026-05-31 21:10:00+00:00,1.34498,1.34498,1.34498,1.34498,0
2026-05-31 21:11:00+00:00,1.34512,1.34513,1.34498,1.34512,0
2026-05-31 21:12:00+00:00,1.34529,1.34529,1.34498,1.34498,0
2026-05-31 21:13:00+00:00,1.34512,1.34522,1.345,1.34511,0
2026-05-31 21:14:00+00:00,1.34512,1.34521,1.34502,1.34508,0
2026-05-31 21:15:00+00:00,1.34502,1.34502,1.34502,1.34502,0
2026-05-31 21:16:00+00:00,1.34502,1.34502,1.34502,1.34502,0
2026-05-31 21:17:00+00:00,1.34496,1.34498,1.34496,1.34496,0
2026-05-31 21:18:00+00:00,1.34496,1.34504,1.34496,1.34498,0
2026-05-31 21:19:00+00:00,1.345,1.34538,1.34492,1.34538,0
2026-05-31 21:20:00+00:00,1.34533,1.34556,1.34521,1.34521,0
2026-05-31 21:21:00+00:00,1.34517,1.34528,1.34509,1.34509,0
2026-05-31 21:22:00+00:00,1.34535,1.34548,1.3451,1.34517,0
2026-05-31 21:23:00+00:00,1.34525,1.34551,1.34511,1.34526,0
2026-05-31 21:24:00+00:00,1.34531,1.34549,1.3451,1.34528,0
2026-05-31 21:25:00+00:00,1.34524,1.34568,1.34495,1.34568,0
2026-05-31 21:26:00+00:00,1.34548,1.34568,1.34548,1.34568,0
2026-05-31 21:27:00+00:00,1.34547,1.34568,1.3454,1.34546,0
2026-05-31 21:28:00+00:00,1.34546,1.34546,1.34546,1.34546,0
2026-05-31 21:29:00+00:00,1.34521,1.34561,1.34521,1.34561,0
2026-05-31 21:30:00+00:00,1.34561,1.34561,1.34541,1.3455,0
2026-05-31 21:31:00+00:00,1.34556,1.34558,1.34556,1.34557,0
2026-05-31 21:32:00+00:00,1.34552,1.34552,1.34552,1.34552,0
2026-05-31 21:33:00+00:00,1.34558,1.34558,1.34552,1.34552,0
2026-05-31 21:34:00+00:00,1.34551,1.34552,1.34544,1.34547,0
2026-05-31 21:35:00+00:00,1.34555,1.34566,1.34547,1.34554,0
2026-05-31 21:36:00+00:00,1.34559,1.3456,1.34556,1.34556,0
2026-05-31 21:37:00+00:00,1.34561,1.34583,1.34561,1.34563,0
2026-05-31 21:38:00+00:00,1.34558,1.34575,1.34558,1.34562,0
2026-05-31 21:39:00+00:00,1.34559,1.3461,1.34559,1.34579,0
2026-05-31 21:40:00+00:00,1.34578,1.34578,1.34578,1.34578,0
2026-05-31 21:41:00+00:00,1.3456,1.3456,1.3456,1.3456,0
2026-05-31 21:42:00+00:00,1.34582,1.34585,1.34571,1.34583,0
2026-05-31 21:43:00+00:00,1.34582,1.34588,1.34569,1.34588,0
2026-05-31 21:44:00+00:00,1.34592,1.34595,1.34584,1.34594,0
2026-05-31 21:45:00+00:00,1.34597,1.34607,1.34583,1.34592,0
2026-05-31 21:46:00+00:00,1.34591,1.34597,1.34588,1.34592,0
2026-05-31 21:47:00+00:00,1.34591,1.34597,1.3459,1.34593,0
2026-05-31 21:48:00+00:00,1.34589,1.34596,1.34554,1.34577,0
2026-05-31 21:49:00+00:00,1.34558,1.34558,1.345,1.34507,0
2026-05-31 21:50:00+00:00,1.34507,1.34509,1.34494,1.34502,0
2026-05-31 21:51:00+00:00,1.345,1.34512,1.345,1.34504,0
2026-05-31 21:52:00+00:00,1.34503,1.34511,1.34503,1.34505,0
2026-05-31 21:53:00+00:00,1.34498,1.34498,1.34498,1.34498,0
2026-05-31 21:54:00+00:00,1.34498,1.34499,1.34497,1.34497,0
2026-05-31 21:55:00+00:00,1.34497,1.34505,1.34497,1.34502,0
2026-05-31 21:56:00+00:00,1.34502,1.34502,1.34499,1.34501,0
2026-05-31 21:57:00+00:00,1.34499,1.34502,1.34499,1.34502,0
2026-05-31 21:58:00+00:00,1.34501,1.34501,1.34501,1.34501,0
2026-05-31 21:59:00+00:00,1.34502,1.34508,1.34498,1.34507,0
2026-05-31 22:00:00+00:00,1.34519,1.3454,1.3449,1.3449,0
2026-05-31 22:01:00+00:00,1.3449,1.34491,1.3448,1.34481,0
2026-05-31 22:02:00+00:00,1.3448,1.34481,1.34477,1.34481,0
2026-05-31 22:03:00+00:00,1.34482,1.34482,1.34474,1.34477,0
2026-05-31 22:04:00+00:00,1.34479,1.34487,1.34468,1.34468,0
2026-05-31 22:05:00+00:00,1.34465,1.34468,1.34453,1.34456,0
2026-05-31 22:06:00+00:00,1.34457,1.34459,1.34456,1.34456,0
2026-05-31 22:07:00+00:00,1.34456,1.34465,1.34455,1.34462,0
2026-05-31 22:08:00+00:00,1.34463,1.34491,1.34462,1.34482,0
2026-05-31 22:09:00+00:00,1.3448,1.34484,1.34477,1.34477,0
2026-05-31 22:10:00+00:00,1.34477,1.34483,1.34473,1.34479,0
2026-05-31 22:11:00+00:00,1.3448,1.34484,1.34471,1.34476,0
2026-05-31 22:12:00+00:00,1.34479,1.34482,1.34473,1.34477,0
2026-05-31 22:13:00+00:00,1.34478,1.34479,1.34468,1.34468,0
2026-05-31 22:14:00+00:00,1.34469,1.34479,1.34468,1.34477,0
2026-05-31 22:15:00+00:00,1.34475,1.34479,1.34475,1.34479,0
2026-05-31 22:16:00+00:00,1.34478,1.3448,1.34474,1.34475,0
2026-05-31 22:17:00+00:00,1.3448,1.34482,1.34474,1.34477,0
2026-05-31 22:18:00+00:00,1.34475,1.34488,1.34475,1.34483,0
2026-05-31 22:19:00+00:00,1.34483,1.34485,1.34479,1.34483,0
2026-05-31 22:20:00+00:00,1.34483,1.34485,1.34481,1.34483,0
2026-05-31 22:21:00+00:00,1.34486,1.34491,1.34486,1.34489,0
2026-05-31 22:22:00+00:00,1.34494,1.34503,1.34491,1.34494,0
2026-05-31 22:23:00+00:00,1.34494,1.34499,1.3449,1.34495,0
2026-05-31 22:24:00+00:00,1.34499,1.34499,1.34485,1.34485,0
2026-05-31 22:25:00+00:00,1.34485,1.34487,1.3447,1.3448,0
2026-05-31 22:26:00+00:00,1.34483,1.34488,1.3448,1.34484,0
2026-05-31 22:27:00+00:00,1.34484,1.34484,1.34482,1.34483,0
2026-05-31 22:28:00+00:00,1.34485,1.34486,1.34482,1.34483,0
2026-05-31 22:29:00+00:00,1.34483,1.34483,1.34473,1.34481,0
2026-05-31 22:30:00+00:00,1.3448,1.34484,1.34473,1.34473,0
2026-05-31 22:31:00+00:00,1.34466,1.34485,1.34466,1.34476,0
2026-05-31 22:32:00+00:00,1.34475,1.34482,1.34466,1.34474,0
2026-05-31 22:33:00+00:00,1.3447,1.34479,1.34456,1.3446,0
2026-05-31 22:34:00+00:00,1.34467,1.34473,1.3446,1.34466,0
2026-05-31 22:35:00+00:00,1.34464,1.34475,1.34461,1.34461,0
2026-05-31 22:36:00+00:00,1.34462,1.34475,1.34458,1.34469,0
2026-05-31 22:37:00+00:00,1.3447,1.3447,1.34464,1.34466,0
2026-05-31 22:38:00+00:00,1.34466,1.34468,1.34462,1.34468,0
2026-05-31 22:39:00+00:00,1.34467,1.34472,1.34467,1.34469,0
2026-05-31 22:40:00+00:00,1.34468,1.34471,1.34466,1.34469,0
2026-05-31 22:41:00+00:00,1.3447,1.34471,1.34467,1.34471,0
2026-05-31 22:42:00+00:00,1.34469,1.34476,1.34468,1.34469,0
2026-05-31 22:43:00+00:00,1.3447,1.3448,1.34466,1.34472,0
2026-05-31 22:44:00+00:00,1.34474,1.34482,1.34467,1.34472,0
2026-05-31 22:45:00+00:00,1.34476,1.34485,1.34471,1.34476,0
2026-05-31 22:46:00+00:00,1.34471,1.34491,1.34471,1.34482,0
2026-05-31 22:47:00+00:00,1.34482,1.3449,1.34471,1.3448,0
2026-05-31 22:48:00+00:00,1.3448,1.34485,1.34472,1.3448,0
2026-05-31 22:49:00+00:00,1.34487,1.34487,1.3447,1.34474,0
2026-05-31 22:50:00+00:00,1.34476,1.34481,1.34474,1.34475,0
2026-05-31 22:51:00+00:00,1.34479,1.3449,1.34477,1.34483,0
2026-05-31 22:52:00+00:00,1.34483,1.3449,1.34479,1.34481,0
2026-05-31 22:53:00+00:00,1.34481,1.34488,1.34479,1.34484,0
2026-05-31 22:54:00+00:00,1.34484,1.3449,1.34476,1.34481,0
2026-05-31 22:55:00+00:00,1.3448,1.34486,1.34478,1.34483,0
2026-05-31 22:56:00+00:00,1.34481,1.34483,1.3448,1.34482,0
2026-05-31 22:57:00+00:00,1.34483,1.34486,1.34478,1.34478,0
2026-05-31 22:58:00+00:00,1.34479,1.34494,1.34477,1.34487,0
2026-05-31 22:59:00+00:00,1.34485,1.34492,1.34481,1.34484,0
2026-05-31 23:00:00+00:00,1.34483,1.34491,1.3447,1.34485,0
2026-05-31 23:01:00+00:00,1.34485,1.34489,1.34482,1.34484,0
2026-05-31 23:02:00+00:00,1.34488,1.34491,1.34483,1.34486,0
2026-05-31 23:03:00+00:00,1.34489,1.345,1.34487,1.34492,0
2026-05-31 23:04:00+00:00,1.34494,1.34505,1.34494,1.34497,0
2026-05-31 23:05:00+00:00,1.34495,1.34502,1.34487,1.34491,0
2026-05-31 23:06:00+00:00,1.3449,1.34497,1.34486,1.34486,0
2026-05-31 23:07:00+00:00,1.34491,1.34497,1.34489,1.34493,0
2026-05-31 23:08:00+00:00,1.34496,1.34502,1.34491,1.34499,0
2026-05-31 23:09:00+00:00,1.34498,1.345,1.34495,1.34495,0
2026-05-31 23:10:00+00:00,1.34496,1.34496,1.34492,1.34494,0
2026-05-31 23:11:00+00:00,1.34495,1.34498,1.34494,1.34494,0
2026-05-31 23:12:00+00:00,1.34495,1.34497,1.34493,1.34494,0
2026-05-31 23:13:00+00:00,1.34494,1.34497,1.34487,1.34492,0
2026-05-31 23:14:00+00:00,1.34497,1.34497,1.34491,1.34492,0
2026-05-31 23:15:00+00:00,1.34491,1.34499,1.34489,1.34493,0
2026-05-31 23:16:00+00:00,1.34493,1.34497,1.34489,1.3449,0
2026-05-31 23:17:00+00:00,1.3449,1.34494,1.34488,1.34488,0
2026-05-31 23:18:00+00:00,1.34488,1.34491,1.34486,1.34487,0
2026-05-31 23:19:00+00:00,1.34491,1.34492,1.34485,1.34485,0
2026-05-31 23:20:00+00:00,1.34487,1.34487,1.34486,1.34486,0
2026-05-31 23:21:00+00:00,1.34492,1.34493,1.34485,1.34486,0
2026-05-31 23:22:00+00:00,1.34486,1.34486,1.34486,1.34486,0
2026-05-31 23:23:00+00:00,1.34488,1.34488,1.34487,1.34487,0
2026-05-31 23:24:00+00:00,1.34489,1.34493,1.34488,1.34488,0
2026-05-31 23:25:00+00:00,1.34488,1.34488,1.34488,1.34488,0
2026-05-31 23:26:00+00:00,1.34495,1.34499,1.34493,1.34495,0
2026-05-31 23:27:00+00:00,1.34493,1.34503,1.34492,1.345,0
2026-05-31 23:28:00+00:00,1.34501,1.34509,1.34499,1.34505,0
2026-05-31 23:29:00+00:00,1.34504,1.3451,1.34504,1.34507,0
2026-05-31 23:30:00+00:00,1.34514,1.34515,1.34502,1.34508,0
2026-05-31 23:31:00+00:00,1.34506,1.34508,1.34504,1.34508,0
2026-05-31 23:32:00+00:00,1.34507,1.34508,1.34504,1.34506,0
2026-05-31 23:33:00+00:00,1.34508,1.34509,1.34504,1.34506,0
2026-05-31 23:34:00+00:00,1.34508,1.34508,1.34491,1.34497,0
2026-05-31 23:35:00+00:00,1.34496,1.34499,1.34496,1.34497,0
2026-05-31 23:36:00+00:00,1.34496,1.34507,1.34492,1.34497,0
2026-05-31 23:37:00+00:00,1.34495,1.3451,1.34494,1.345,0
2026-05-31 23:38:00+00:00,1.34504,1.34509,1.34496,1.34505,0
2026-05-31 23:39:00+00:00,1.34509,1.34509,1.34495,1.34498,0
2026-05-31 23:40:00+00:00,1.34497,1.34506,1.34497,1.34502,0
2026-05-31 23:41:00+00:00,1.34501,1.34511,1.34501,1.34507,0
2026-05-31 23:42:00+00:00,1.34507,1.34511,1.34504,1.34507,0
2026-05-31 23:43:00+00:00,1.34508,1.34512,1.34505,1.34508,0
2026-05-31 23:44:00+00:00,1.34508,1.34542,1.34505,1.34539,0
2026-05-31 23:45:00+00:00,1.34538,1.34579,1.34534,1.34536,0
2026-05-31 23:46:00+00:00,1.34532,1.34545,1.34524,1.34536,0
2026-05-31 23:47:00+00:00,1.34539,1.34547,1.34522,1.34531,0
2026-05-31 23:48:00+00:00,1.34531,1.34547,1.34527,1.34535,0
2026-05-31 23:49:00+00:00,1.34536,1.34548,1.34526,1.34541,0
2026-05-31 23:50:00+00:00,1.3454,1.34547,1.34529,1.34541,0
2026-05-31 23:51:00+00:00,1.3454,1.34545,1.34528,1.34532,0
2026-05-31 23:52:00+00:00,1.34536,1.34539,1.34523,1.3453,0
2026-05-31 23:53:00+00:00,1.3453,1.34537,1.34516,1.34516,0
2026-05-31 23:54:00+00:00,1.34521,1.3453,1.34516,1.3452,0
2026-05-31 23:55:00+00:00,1.3452,1.34531,1.34511,1.34521,0
2026-05-31 23:56:00+00:00,1.34527,1.34533,1.34515,1.34521,0
2026-05-31 23:57:00+00:00,1.34524,1.34537,1.34515,1.34528,0
2026-05-31 23:58:00+00:00,1.34526,1.34529,1.34506,1.34518,0
2026-05-31 23:59:00+00:00,1.34518,1.34518,1.345,1.34506,0
